id,ts,grams,quality,sigma,cylinder_state
2195890,"03 Jul 2026  16:07:19",-2.8,GOOD,2.54,UNINSTALLED
2195891,"03 Jul 2026  16:07:49",-4.6,GOOD,2.54,UNINSTALLED
2195892,"03 Jul 2026  16:08:20",20195.0,GOOD,2.54,UNINSTALLED
2195893,"03 Jul 2026  16:08:50",20195.4,GOOD,2.54,UNINSTALLED
2195894,"03 Jul 2026  16:09:20",20190.8,GOOD,2.54,UNINSTALLED
2195895,"03 Jul 2026  16:09:50",20194.6,GOOD,2.54,UNINSTALLED
2195896,"03 Jul 2026  16:10:20",20191.9,GOOD,2.54,BOOTSTRAP_ANCHOR
2195897,"03 Jul 2026  16:10:50",20195.2,GOOD,2.54,BOOTSTRAP_ANCHOR
2195898,"03 Jul 2026  16:11:20",20198.5,GOOD,2.54,BOOTSTRAP_ANCHOR
2195899,"03 Jul 2026  16:11:50",20200.7,GOOD,2.54,BOOTSTRAP_ANCHOR
2195900,"03 Jul 2026  16:12:20",20198.9,GOOD,2.54,TRACKING
2195901,"03 Jul 2026  16:12:50",20206.3,GOOD,2.54,TRACKING
2195902,"03 Jul 2026  16:13:20",20209.2,GOOD,2.54,TRACKING
2195903,"03 Jul 2026  16:13:50",20208.9,GOOD,2.54,TRACKING
2195904,"03 Jul 2026  16:14:20",20211.4,GOOD,2.54,TRACKING
2195905,"03 Jul 2026  16:14:50",20211.3,GOOD,2.54,TRACKING
2195906,"03 Jul 2026  16:15:20",20212.6,GOOD,2.54,TRACKING
2195907,"03 Jul 2026  16:15:50",20212.6,GOOD,2.54,TRACKING
2195908,"03 Jul 2026  16:16:21",20205.2,GOOD,2.54,TRACKING
2195909,"03 Jul 2026  16:16:51",20203.8,GOOD,2.54,TRACKING
2195910,"03 Jul 2026  16:17:21",20206.2,GOOD,2.54,TRACKING
2195911,"03 Jul 2026  16:17:51",20200.8,GOOD,2.54,TRACKING
2195912,"03 Jul 2026  16:18:21",20203.8,GOOD,2.54,TRACKING
2195913,"03 Jul 2026  16:18:51",20141.1,GOOD,2.54,TRACKING
2195914,"03 Jul 2026  16:19:21",20143.0,GOOD,2.54,TRACKING
2195915,"03 Jul 2026  16:19:51",20149.3,GOOD,2.54,TRACKING
2195916,"03 Jul 2026  16:20:21",20146.6,GOOD,2.54,TRACKING
2195917,"03 Jul 2026  16:20:51",20149.3,GOOD,2.54,TRACKING
2195918,"03 Jul 2026  16:21:21",20144.0,GOOD,2.54,TRACKING
2195919,"03 Jul 2026  16:21:51",20142.0,GOOD,2.54,TRACKING
2195920,"03 Jul 2026  16:22:21",20143.7,GOOD,2.54,TRACKING
2195921,"03 Jul 2026  16:22:51",20148.8,GOOD,2.54,TRACKING
2195922,"03 Jul 2026  16:23:21",20157.1,GOOD,2.54,TRACKING
2195923,"03 Jul 2026  16:23:52",20162.3,GOOD,2.54,TRACKING
2195924,"03 Jul 2026  16:24:22",20183.6,GOOD,2.54,TRACKING
2195925,"03 Jul 2026  16:24:52",20200.9,GOOD,2.54,TRACKING
2195926,"03 Jul 2026  16:25:22",20200.8,GOOD,2.54,TRACKING
2195927,"03 Jul 2026  16:25:52",20212.5,GOOD,2.54,TRACKING
2195928,"03 Jul 2026  16:26:22",20228.3,GOOD,2.54,TRACKING
2195929,"03 Jul 2026  16:26:52",20227.9,GOOD,2.54,TRACKING
2195930,"03 Jul 2026  16:27:22",20223.8,GOOD,2.54,TRACKING
2195931,"03 Jul 2026  16:27:52",20207.3,GOOD,2.54,TRACKING
2195932,"03 Jul 2026  16:28:22",20197.5,GOOD,2.54,TRACKING
2195933,"03 Jul 2026  16:28:52",20191.8,GOOD,2.54,TRACKING
2195934,"03 Jul 2026  16:29:22",20190.7,GOOD,2.54,TRACKING
2195935,"03 Jul 2026  16:29:52",20186.1,GOOD,2.54,TRACKING
2195936,"03 Jul 2026  16:30:22",20186.1,GOOD,2.54,TRACKING
2195937,"03 Jul 2026  16:30:52",20182.1,GOOD,2.54,TRACKING
2195938,"03 Jul 2026  16:31:22",20179.5,GOOD,2.54,TRACKING
2195939,"03 Jul 2026  16:31:52",20177.7,GOOD,2.54,TRACKING
2195940,"03 Jul 2026  16:32:23",20176.4,GOOD,2.54,TRACKING
2195941,"03 Jul 2026  16:32:53",20175.3,GOOD,2.54,TRACKING
2195942,"03 Jul 2026  16:33:23",20172.6,GOOD,2.54,TRACKING
2195943,"03 Jul 2026  16:33:53",20172.4,GOOD,2.54,TRACKING
2195944,"03 Jul 2026  16:34:23",20171.5,GOOD,2.54,TRACKING
2195945,"03 Jul 2026  16:34:53",20170.9,GOOD,2.54,TRACKING
2195946,"03 Jul 2026  16:35:23",20168.7,GOOD,2.54,TRACKING
2195947,"03 Jul 2026  16:35:53",20166.8,GOOD,2.54,TRACKING
2195948,"03 Jul 2026  16:36:23",20167.4,GOOD,2.54,TRACKING
2195949,"03 Jul 2026  16:36:53",20167.7,GOOD,2.54,TRACKING
2195950,"03 Jul 2026  16:37:23",20167.8,GOOD,2.54,TRACKING
2195951,"03 Jul 2026  16:37:53",20168.8,GOOD,2.54,TRACKING
2195952,"03 Jul 2026  16:38:23",20168.7,GOOD,2.54,TRACKING
2195953,"03 Jul 2026  16:38:53",20166.9,GOOD,2.54,TRACKING
2195954,"03 Jul 2026  16:39:23",20168.9,GOOD,2.54,TRACKING
2195955,"03 Jul 2026  16:39:54",20168.9,GOOD,2.54,TRACKING
2195956,"03 Jul 2026  16:40:24",20168.0,GOOD,2.54,TRACKING
2195957,"03 Jul 2026  16:40:54",20168.9,GOOD,2.54,TRACKING
2195958,"03 Jul 2026  16:41:24",20167.0,GOOD,2.54,TRACKING
2195959,"03 Jul 2026  16:41:54",20165.7,GOOD,2.54,TRACKING
2195960,"03 Jul 2026  16:42:24",20165.2,GOOD,2.54,TRACKING
2195961,"03 Jul 2026  16:42:54",20166.0,GOOD,2.54,TRACKING
2195962,"03 Jul 2026  16:43:24",20167.9,GOOD,2.54,TRACKING
2195963,"03 Jul 2026  16:43:54",20168.3,GOOD,2.54,TRACKING
2195964,"03 Jul 2026  16:44:24",20168.8,GOOD,2.54,TRACKING
2195965,"03 Jul 2026  16:44:54",20168.8,GOOD,2.54,TRACKING
2195966,"03 Jul 2026  16:45:24",20167.8,GOOD,2.54,TRACKING
2195967,"03 Jul 2026  16:45:54",20168.1,GOOD,2.54,TRACKING
2195968,"03 Jul 2026  16:46:24",20168.3,GOOD,2.54,TRACKING
2195969,"03 Jul 2026  16:46:54",20168.4,GOOD,2.54,TRACKING
2195970,"03 Jul 2026  16:47:25",20168.5,GOOD,2.54,TRACKING
2195971,"03 Jul 2026  16:47:55",20167.5,GOOD,2.54,TRACKING
2195972,"03 Jul 2026  16:48:25",20165.7,GOOD,2.54,TRACKING
2195973,"03 Jul 2026  16:48:55",20165.8,GOOD,2.54,TRACKING
2195974,"03 Jul 2026  16:49:25",20166.8,GOOD,2.54,TRACKING
2195975,"03 Jul 2026  16:49:55",20166.6,GOOD,2.54,TRACKING
2195976,"03 Jul 2026  16:50:25",20167.3,GOOD,2.54,TRACKING
2195977,"03 Jul 2026  16:50:55",20166.4,GOOD,2.54,TRACKING
2195978,"03 Jul 2026  16:51:25",20165.6,GOOD,2.54,TRACKING
2195979,"03 Jul 2026  16:51:55",20166.2,GOOD,2.54,TRACKING
2195980,"03 Jul 2026  16:52:25",20164.7,GOOD,2.54,TRACKING
2195981,"03 Jul 2026  16:52:55",20163.9,GOOD,2.54,TRACKING
2195982,"03 Jul 2026  16:53:25",20165.3,GOOD,2.54,TRACKING
2195983,"03 Jul 2026  16:53:56",20165.7,GOOD,2.54,TRACKING
2195984,"03 Jul 2026  16:54:26",20164.8,GOOD,2.54,TRACKING
2195985,"03 Jul 2026  16:54:56",20165.5,GOOD,2.54,TRACKING
2195986,"03 Jul 2026  16:55:26",20165.1,GOOD,2.54,TRACKING
2195987,"03 Jul 2026  16:55:56",20165.3,GOOD,2.54,TRACKING
2195988,"03 Jul 2026  16:56:26",20164.5,GOOD,2.54,TRACKING
2195989,"03 Jul 2026  16:56:56",20165.5,GOOD,2.54,TRACKING
2195990,"03 Jul 2026  16:57:26",20164.7,GOOD,2.54,TRACKING
2195991,"03 Jul 2026  16:57:56",20165.1,GOOD,2.54,TRACKING
2195992,"03 Jul 2026  16:58:26",20165.0,GOOD,2.54,TRACKING
2195993,"03 Jul 2026  16:58:56",20164.8,GOOD,2.54,TRACKING
2195994,"03 Jul 2026  16:59:26",20164.9,GOOD,2.54,TRACKING
2195995,"03 Jul 2026  16:59:56",20164.3,GOOD,2.54,TRACKING
2195996,"03 Jul 2026  17:00:26",20164.3,GOOD,2.54,TRACKING
2195997,"03 Jul 2026  17:00:57",20164.1,GOOD,2.54,TRACKING
2195998,"03 Jul 2026  17:01:27",20163.6,GOOD,2.54,TRACKING
2195999,"03 Jul 2026  17:01:57",20163.3,GOOD,2.54,TRACKING
2196000,"03 Jul 2026  17:02:27",20162.1,GOOD,2.54,TRACKING
2196001,"03 Jul 2026  17:02:57",20162.6,GOOD,2.54,TRACKING
2196002,"03 Jul 2026  17:03:27",20162.6,GOOD,2.54,TRACKING
2196003,"03 Jul 2026  17:03:57",20163.5,GOOD,2.54,TRACKING
2196004,"03 Jul 2026  17:04:27",20162.9,GOOD,2.54,TRACKING
2196005,"03 Jul 2026  17:04:57",20162.3,GOOD,2.54,TRACKING
2196006,"03 Jul 2026  17:05:27",20163.1,GOOD,2.54,TRACKING
2196007,"03 Jul 2026  17:05:57",20163.4,GOOD,2.54,TRACKING
2196008,"03 Jul 2026  17:06:27",20162.5,GOOD,2.54,TRACKING
2196009,"03 Jul 2026  17:06:57",20161.3,GOOD,2.54,TRACKING
2196010,"03 Jul 2026  17:07:27",20162.2,GOOD,2.54,TRACKING
2196011,"03 Jul 2026  17:07:57",20161.7,GOOD,2.54,TRACKING
2196012,"03 Jul 2026  17:08:28",20161.7,GOOD,2.54,TRACKING
2196013,"03 Jul 2026  17:08:58",20162.6,GOOD,2.54,TRACKING
2196014,"03 Jul 2026  17:09:28",20161.7,GOOD,2.54,TRACKING
2196015,"03 Jul 2026  17:09:58",20161.9,GOOD,2.54,TRACKING
2196016,"03 Jul 2026  17:10:28",20161.9,GOOD,2.54,TRACKING
2196017,"03 Jul 2026  17:10:58",20161.6,GOOD,2.54,TRACKING
2196018,"03 Jul 2026  17:11:28",20161.5,GOOD,2.54,TRACKING
2196019,"03 Jul 2026  17:11:58",20161.5,GOOD,2.54,TRACKING
2196020,"03 Jul 2026  17:12:28",20161.5,GOOD,2.54,TRACKING
2196021,"03 Jul 2026  17:12:58",20161.6,GOOD,2.54,TRACKING
2196022,"03 Jul 2026  17:13:28",20161.5,GOOD,2.54,TRACKING
2196023,"03 Jul 2026  17:13:58",20160.3,GOOD,2.54,TRACKING
2196024,"03 Jul 2026  17:14:28",20159.5,GOOD,2.54,TRACKING
2196025,"03 Jul 2026  17:14:59",20160.6,GOOD,2.54,TRACKING
2196026,"03 Jul 2026  17:15:29",20160.8,GOOD,2.54,TRACKING
2196027,"03 Jul 2026  17:15:59",20160.4,GOOD,2.54,TRACKING
2196028,"03 Jul 2026  17:16:29",20159.8,GOOD,2.54,TRACKING
2196029,"03 Jul 2026  17:16:59",20158.6,GOOD,2.54,TRACKING
2196030,"03 Jul 2026  17:17:29",20157.7,GOOD,2.54,TRACKING
2196031,"03 Jul 2026  17:17:59",20157.1,GOOD,2.54,TRACKING
2196032,"03 Jul 2026  17:18:29",20156.2,GOOD,2.54,TRACKING
2196033,"03 Jul 2026  17:18:59",20156.1,GOOD,2.54,TRACKING
2196034,"03 Jul 2026  17:19:29",20156.5,GOOD,2.54,TRACKING
2196035,"03 Jul 2026  17:19:59",20156.6,GOOD,2.54,TRACKING
2196036,"03 Jul 2026  17:20:29",20156.3,GOOD,2.54,TRACKING
2196037,"03 Jul 2026  17:20:59",20158.3,GOOD,2.54,TRACKING
2196038,"03 Jul 2026  17:21:29",20159.5,GOOD,2.54,TRACKING
2196039,"03 Jul 2026  17:22:00",20157.9,GOOD,2.54,TRACKING
2196040,"03 Jul 2026  17:22:30",20158.1,GOOD,2.54,TRACKING
2196041,"03 Jul 2026  17:23:00",20159.0,GOOD,2.54,TRACKING
2196042,"03 Jul 2026  17:23:30",20159.0,GOOD,2.54,TRACKING
2196043,"03 Jul 2026  17:24:00",20159.1,GOOD,2.54,TRACKING
2196044,"03 Jul 2026  17:24:30",20158.3,GOOD,2.54,TRACKING
2196045,"03 Jul 2026  17:25:00",20157.3,GOOD,2.54,TRACKING
2196046,"03 Jul 2026  17:25:30",20156.7,GOOD,2.54,TRACKING
2196047,"03 Jul 2026  17:26:00",20156.8,GOOD,2.54,TRACKING
2196048,"03 Jul 2026  17:26:30",20156.4,GOOD,2.54,TRACKING
2196049,"03 Jul 2026  17:27:00",20156.7,GOOD,2.54,TRACKING
2196050,"03 Jul 2026  17:27:30",20157.1,GOOD,2.54,TRACKING
2196051,"03 Jul 2026  17:28:00",20158.2,GOOD,2.54,TRACKING
2196052,"03 Jul 2026  17:28:30",20157.5,GOOD,2.54,TRACKING
2196053,"03 Jul 2026  17:29:00",20157.9,GOOD,2.54,TRACKING
2196054,"03 Jul 2026  17:29:31",20158.0,GOOD,2.54,TRACKING
2196055,"03 Jul 2026  17:30:01",20157.4,GOOD,2.54,TRACKING
2196056,"03 Jul 2026  17:30:31",20157.2,GOOD,2.54,TRACKING
2196057,"03 Jul 2026  17:31:01",20157.7,GOOD,2.54,TRACKING
2196058,"03 Jul 2026  17:31:31",20157.0,GOOD,2.54,TRACKING
2196059,"03 Jul 2026  17:32:01",20157.7,GOOD,2.54,TRACKING
2196060,"03 Jul 2026  17:32:31",20157.6,GOOD,2.54,TRACKING
2196061,"03 Jul 2026  17:33:01",20156.8,GOOD,2.54,TRACKING
2196062,"03 Jul 2026  17:33:31",20157.0,GOOD,2.54,TRACKING
2196063,"03 Jul 2026  17:34:01",20156.7,GOOD,2.54,TRACKING
2196064,"03 Jul 2026  17:34:31",20156.1,GOOD,2.54,TRACKING
2196065,"03 Jul 2026  17:35:01",20155.6,GOOD,2.54,TRACKING
2196066,"03 Jul 2026  17:35:31",20156.0,GOOD,2.54,TRACKING
2196067,"03 Jul 2026  17:36:01",20156.3,GOOD,2.54,TRACKING
2196068,"03 Jul 2026  17:36:32",20156.7,GOOD,2.54,TRACKING
2196069,"03 Jul 2026  17:37:02",20156.0,GOOD,2.54,TRACKING
2196070,"03 Jul 2026  17:37:32",20156.0,GOOD,2.54,TRACKING
2196071,"03 Jul 2026  17:38:02",20155.3,GOOD,2.54,TRACKING
2196072,"03 Jul 2026  17:38:32",20155.5,GOOD,2.54,TRACKING
2196073,"03 Jul 2026  17:39:02",20155.0,GOOD,2.54,TRACKING
2196074,"03 Jul 2026  17:39:32",20154.4,GOOD,2.54,TRACKING
2196075,"03 Jul 2026  17:40:02",20154.1,GOOD,2.54,TRACKING
2196076,"03 Jul 2026  17:40:32",20153.9,GOOD,2.54,TRACKING
2196077,"03 Jul 2026  17:41:02",20153.5,GOOD,2.54,TRACKING
2196078,"03 Jul 2026  17:41:32",20153.6,GOOD,2.54,TRACKING
2196079,"03 Jul 2026  17:42:02",20154.3,GOOD,2.54,TRACKING
2196080,"03 Jul 2026  17:42:32",20154.7,GOOD,2.54,TRACKING
2196081,"03 Jul 2026  17:43:02",20155.5,GOOD,2.54,TRACKING
2196082,"03 Jul 2026  17:43:33",20154.7,GOOD,2.54,TRACKING
2196083,"03 Jul 2026  17:44:03",20155.4,GOOD,2.54,TRACKING
2196084,"03 Jul 2026  17:44:33",20155.3,GOOD,2.54,TRACKING
2196085,"03 Jul 2026  17:45:03",20155.1,GOOD,2.54,TRACKING
2196086,"03 Jul 2026  17:45:33",20154.4,GOOD,2.54,TRACKING
2196087,"03 Jul 2026  17:46:03",20153.9,GOOD,2.54,TRACKING
2196088,"03 Jul 2026  17:46:33",20154.9,GOOD,2.54,TRACKING
2196089,"03 Jul 2026  17:47:03",20154.6,GOOD,2.54,TRACKING
2196090,"03 Jul 2026  17:47:33",20154.7,GOOD,2.54,TRACKING
2196091,"03 Jul 2026  17:48:03",20153.9,GOOD,2.54,TRACKING
2196092,"03 Jul 2026  17:48:33",20153.1,GOOD,2.54,TRACKING
2196093,"03 Jul 2026  17:49:03",20153.7,GOOD,2.54,TRACKING
2196094,"03 Jul 2026  17:49:33",20154.2,GOOD,2.54,TRACKING
2196095,"03 Jul 2026  17:50:03",20154.4,GOOD,2.54,TRACKING
2196096,"03 Jul 2026  17:50:34",20154.0,GOOD,2.54,TRACKING
2196097,"03 Jul 2026  17:51:04",20153.5,GOOD,2.54,TRACKING
2196098,"03 Jul 2026  17:51:34",20153.4,GOOD,2.54,TRACKING
2196099,"03 Jul 2026  17:52:04",20153.3,GOOD,2.54,TRACKING
2196100,"03 Jul 2026  17:52:34",20154.9,GOOD,2.54,TRACKING
2196101,"03 Jul 2026  17:53:04",20155.6,GOOD,2.54,TRACKING
2196102,"03 Jul 2026  17:53:34",20155.6,GOOD,2.54,TRACKING
2196103,"03 Jul 2026  17:54:04",20154.2,GOOD,2.54,TRACKING
2196104,"03 Jul 2026  17:54:34",20153.6,GOOD,2.54,TRACKING
2196105,"03 Jul 2026  17:55:04",20153.4,GOOD,2.54,TRACKING
2196106,"03 Jul 2026  17:55:34",20153.1,GOOD,2.54,TRACKING
2196107,"03 Jul 2026  17:56:04",20153.5,GOOD,2.54,TRACKING
2196108,"03 Jul 2026  17:56:34",20153.8,GOOD,2.54,TRACKING
2196109,"03 Jul 2026  17:57:05",20154.3,GOOD,2.54,TRACKING
2196110,"03 Jul 2026  17:57:35",20154.3,GOOD,2.54,TRACKING
2196111,"03 Jul 2026  17:58:05",20154.5,GOOD,2.54,TRACKING
2196112,"03 Jul 2026  17:58:35",20153.9,GOOD,2.54,TRACKING
2196113,"03 Jul 2026  17:59:05",20154.2,GOOD,2.54,TRACKING
2196114,"03 Jul 2026  17:59:35",20153.5,GOOD,2.54,TRACKING
2196115,"03 Jul 2026  18:00:05",20153.3,GOOD,2.54,TRACKING
2196116,"03 Jul 2026  18:00:35",20153.3,GOOD,2.54,TRACKING
2196117,"03 Jul 2026  18:01:05",20154.0,GOOD,2.54,TRACKING
2196118,"03 Jul 2026  18:01:35",20153.6,GOOD,2.54,TRACKING
2196119,"03 Jul 2026  18:02:05",20154.5,GOOD,2.54,TRACKING
2196120,"03 Jul 2026  18:02:35",20154.0,GOOD,2.54,TRACKING
2196121,"03 Jul 2026  18:03:05",20154.0,GOOD,2.54,TRACKING
2196122,"03 Jul 2026  18:03:35",20154.4,GOOD,2.54,TRACKING
2196123,"03 Jul 2026  18:04:05",20154.2,GOOD,2.54,TRACKING
2196124,"03 Jul 2026  18:04:36",20154.6,GOOD,2.54,TRACKING
2196125,"03 Jul 2026  18:05:06",20154.5,GOOD,2.54,TRACKING
2196126,"03 Jul 2026  18:05:36",20154.2,GOOD,2.54,TRACKING
2196127,"03 Jul 2026  18:06:06",20153.8,GOOD,2.54,TRACKING
2196128,"03 Jul 2026  18:06:36",20154.3,GOOD,2.54,TRACKING
2196129,"03 Jul 2026  18:07:06",20155.1,GOOD,2.54,TRACKING
2196130,"03 Jul 2026  18:07:36",20154.8,GOOD,2.54,TRACKING
2196131,"03 Jul 2026  18:08:06",20154.9,GOOD,2.54,TRACKING
2196132,"03 Jul 2026  18:08:36",20154.7,GOOD,2.54,TRACKING
2196133,"03 Jul 2026  18:09:06",20154.9,GOOD,2.54,TRACKING
2196134,"03 Jul 2026  18:09:36",20154.5,GOOD,2.54,TRACKING
2196135,"03 Jul 2026  18:10:06",20154.7,GOOD,2.54,TRACKING
2196136,"03 Jul 2026  18:10:36",20154.7,GOOD,2.54,TRACKING
2196137,"03 Jul 2026  18:11:06",20154.9,GOOD,2.54,TRACKING
2196138,"03 Jul 2026  18:11:37",20155.2,GOOD,2.54,TRACKING
2196139,"03 Jul 2026  18:12:07",20154.3,GOOD,2.54,TRACKING
2196140,"03 Jul 2026  18:12:37",20153.9,GOOD,2.54,TRACKING
2196141,"03 Jul 2026  18:13:07",20154.0,GOOD,2.54,TRACKING
2196142,"03 Jul 2026  18:13:37",20154.2,GOOD,2.54,TRACKING
2196143,"03 Jul 2026  18:14:07",20153.7,GOOD,2.54,TRACKING
2196144,"03 Jul 2026  18:14:37",20153.9,GOOD,2.54,TRACKING
2196145,"03 Jul 2026  18:15:07",20153.9,GOOD,2.54,TRACKING
2196146,"03 Jul 2026  18:15:37",20153.8,GOOD,2.54,TRACKING
2196147,"03 Jul 2026  18:16:07",20154.0,GOOD,2.54,TRACKING
2196148,"03 Jul 2026  18:16:37",20154.5,GOOD,2.54,TRACKING
2196149,"03 Jul 2026  18:17:07",20155.6,GOOD,2.54,TRACKING
2196150,"03 Jul 2026  18:17:37",20154.7,GOOD,2.54,TRACKING
2196151,"03 Jul 2026  18:18:07",20154.0,GOOD,2.54,TRACKING
2196152,"03 Jul 2026  18:18:37",20153.8,GOOD,2.54,TRACKING
2196153,"03 Jul 2026  18:19:08",20153.7,GOOD,2.54,TRACKING
2196154,"03 Jul 2026  18:19:38",20154.0,GOOD,2.54,TRACKING
2196155,"03 Jul 2026  18:20:08",20154.3,GOOD,2.54,TRACKING
2196156,"03 Jul 2026  18:20:38",20153.9,GOOD,2.54,TRACKING
2196157,"03 Jul 2026  18:21:08",20154.6,GOOD,2.54,TRACKING
2196158,"03 Jul 2026  18:21:38",20154.1,GOOD,2.54,TRACKING
2196159,"03 Jul 2026  18:22:08",20153.5,GOOD,2.54,TRACKING
2196160,"03 Jul 2026  18:22:38",20153.8,GOOD,2.54,TRACKING
2196161,"03 Jul 2026  18:23:08",20154.3,GOOD,2.54,TRACKING
2196162,"03 Jul 2026  18:23:38",20154.5,GOOD,2.54,TRACKING
2196163,"03 Jul 2026  18:24:08",20154.8,GOOD,2.54,TRACKING
2196164,"03 Jul 2026  18:24:38",20154.8,GOOD,2.54,TRACKING
2196165,"03 Jul 2026  18:25:08",20154.9,GOOD,2.54,TRACKING
2196166,"03 Jul 2026  18:25:38",20154.6,GOOD,2.54,TRACKING
2196167,"03 Jul 2026  18:26:08",20153.9,GOOD,2.54,TRACKING
2196168,"03 Jul 2026  18:26:39",20153.7,GOOD,2.54,TRACKING
2196169,"03 Jul 2026  18:27:09",20154.0,GOOD,2.54,TRACKING
2196170,"03 Jul 2026  18:27:39",20154.1,GOOD,2.54,TRACKING
2196171,"03 Jul 2026  18:28:09",20153.9,GOOD,2.54,TRACKING
2196172,"03 Jul 2026  18:28:39",20154.2,GOOD,2.54,TRACKING
2196173,"03 Jul 2026  18:29:09",20154.1,GOOD,2.54,TRACKING
2196174,"03 Jul 2026  18:29:39",20154.2,GOOD,2.54,TRACKING
2196175,"03 Jul 2026  18:30:09",20154.3,GOOD,2.54,TRACKING
2196176,"03 Jul 2026  18:30:39",20154.2,GOOD,2.54,TRACKING
2196177,"03 Jul 2026  18:31:09",20154.5,GOOD,2.54,TRACKING
2196178,"03 Jul 2026  18:31:39",20154.5,GOOD,2.54,TRACKING
2196179,"03 Jul 2026  18:32:09",20154.2,GOOD,2.54,TRACKING
2196180,"03 Jul 2026  18:32:39",20155.3,GOOD,2.54,TRACKING
2196181,"03 Jul 2026  18:33:09",20155.3,GOOD,2.54,TRACKING
2196182,"03 Jul 2026  18:33:39",20154.6,GOOD,2.54,TRACKING
2196183,"03 Jul 2026  18:34:10",20155.0,GOOD,2.54,TRACKING
2196184,"03 Jul 2026  18:34:40",20154.7,GOOD,2.54,TRACKING
2196185,"03 Jul 2026  18:35:10",20154.0,GOOD,2.54,TRACKING
2196186,"03 Jul 2026  18:35:40",20154.1,GOOD,2.54,TRACKING
2196187,"03 Jul 2026  18:36:10",20154.5,GOOD,2.54,TRACKING
2196188,"03 Jul 2026  18:36:40",20153.9,GOOD,2.54,TRACKING
2196189,"03 Jul 2026  18:37:10",20154.2,GOOD,2.54,TRACKING
2196190,"03 Jul 2026  18:37:40",20153.5,GOOD,2.54,TRACKING
2196191,"03 Jul 2026  18:38:10",20154.4,GOOD,2.54,TRACKING
2196192,"03 Jul 2026  18:38:40",20154.5,GOOD,2.54,TRACKING
2196193,"03 Jul 2026  18:39:10",20155.0,GOOD,2.54,TRACKING
2196194,"03 Jul 2026  18:39:40",20154.8,GOOD,2.54,TRACKING
2196195,"03 Jul 2026  18:40:10",20154.5,GOOD,2.54,TRACKING
2196196,"03 Jul 2026  18:40:40",20154.4,GOOD,2.54,TRACKING
2196197,"03 Jul 2026  18:41:10",20154.2,GOOD,2.54,TRACKING
2196198,"03 Jul 2026  18:41:41",20154.6,GOOD,2.54,TRACKING
2196199,"03 Jul 2026  18:42:11",20154.8,GOOD,2.54,TRACKING
2196200,"03 Jul 2026  18:42:41",20154.8,GOOD,2.54,TRACKING
2196201,"03 Jul 2026  18:43:11",20154.4,GOOD,2.54,TRACKING
2196202,"03 Jul 2026  18:43:41",20153.9,GOOD,2.54,TRACKING
2196203,"03 Jul 2026  18:44:11",20153.7,GOOD,2.54,TRACKING
2196204,"03 Jul 2026  18:44:41",20154.1,GOOD,2.54,TRACKING
2196205,"03 Jul 2026  18:45:11",20154.3,GOOD,2.54,TRACKING
2196206,"03 Jul 2026  18:45:41",20154.1,GOOD,2.54,TRACKING
2196207,"03 Jul 2026  18:46:11",20155.4,GOOD,2.54,TRACKING
2196208,"03 Jul 2026  18:46:41",20155.0,GOOD,2.54,TRACKING
2196209,"03 Jul 2026  18:47:11",20154.5,GOOD,2.54,TRACKING
2196210,"03 Jul 2026  18:47:41",20154.4,GOOD,2.54,TRACKING
2196211,"03 Jul 2026  18:48:11",20154.8,GOOD,2.54,TRACKING
2196212,"03 Jul 2026  18:48:42",20155.6,GOOD,2.54,TRACKING
2196213,"03 Jul 2026  18:49:12",20155.4,GOOD,2.54,TRACKING
2196214,"03 Jul 2026  18:49:42",20155.2,GOOD,2.54,TRACKING
2196215,"03 Jul 2026  18:50:12",20155.0,GOOD,2.54,TRACKING
2196216,"03 Jul 2026  18:50:42",20155.2,GOOD,2.54,TRACKING
2196217,"03 Jul 2026  18:51:12",20155.3,GOOD,2.54,TRACKING
2196218,"03 Jul 2026  18:51:42",20155.0,GOOD,2.54,TRACKING
2196219,"03 Jul 2026  18:52:12",20154.4,GOOD,2.54,TRACKING
2196220,"03 Jul 2026  18:52:42",20154.6,GOOD,2.54,TRACKING
2196221,"03 Jul 2026  18:53:12",20154.7,GOOD,2.54,TRACKING
2196222,"03 Jul 2026  18:53:42",20155.6,GOOD,2.54,TRACKING
2196223,"03 Jul 2026  18:54:12",20155.0,GOOD,2.54,TRACKING
2196224,"03 Jul 2026  18:54:42",20155.7,GOOD,2.54,TRACKING
2196225,"03 Jul 2026  18:55:12",20154.9,GOOD,2.54,TRACKING
2196226,"03 Jul 2026  18:55:42",20155.3,GOOD,2.54,TRACKING
2196227,"03 Jul 2026  18:56:13",20155.4,GOOD,2.54,TRACKING
2196228,"03 Jul 2026  18:56:43",20155.4,GOOD,2.54,TRACKING
2196229,"03 Jul 2026  18:57:13",20155.3,GOOD,2.54,TRACKING
2196230,"03 Jul 2026  18:57:43",20155.1,GOOD,2.54,TRACKING
2196231,"03 Jul 2026  18:58:13",20154.9,GOOD,2.54,TRACKING
2196232,"03 Jul 2026  18:58:43",20155.3,GOOD,2.54,TRACKING
2196233,"03 Jul 2026  18:59:13",20156.1,GOOD,2.54,TRACKING
2196234,"03 Jul 2026  18:59:43",20155.2,GOOD,2.54,TRACKING
2196235,"03 Jul 2026  19:00:13",20154.8,GOOD,2.54,TRACKING
2196236,"03 Jul 2026  19:00:43",20154.8,GOOD,2.54,TRACKING
2196237,"03 Jul 2026  19:01:13",20155.0,GOOD,2.54,TRACKING
2196238,"03 Jul 2026  19:01:43",20155.1,GOOD,2.54,TRACKING
2196239,"03 Jul 2026  19:02:13",20155.0,GOOD,2.54,TRACKING
2196240,"03 Jul 2026  19:02:43",20154.9,GOOD,2.54,TRACKING
2196241,"03 Jul 2026  19:03:13",20155.0,GOOD,2.54,TRACKING
2196242,"03 Jul 2026  19:03:44",20155.3,GOOD,2.54,TRACKING
2196243,"03 Jul 2026  19:04:14",20155.1,GOOD,2.54,TRACKING
2196244,"03 Jul 2026  19:04:44",20155.2,GOOD,2.54,TRACKING
2196245,"03 Jul 2026  19:05:14",20155.0,GOOD,2.54,TRACKING
2196246,"03 Jul 2026  19:05:44",20155.6,GOOD,2.54,TRACKING
2196247,"03 Jul 2026  19:06:14",20155.5,GOOD,2.54,TRACKING
2196248,"03 Jul 2026  19:06:44",20155.2,GOOD,2.54,TRACKING
2196249,"03 Jul 2026  19:07:14",20155.7,GOOD,2.54,TRACKING
2196250,"03 Jul 2026  19:07:44",20155.4,GOOD,2.54,TRACKING
2196251,"03 Jul 2026  19:08:14",20154.8,GOOD,2.54,TRACKING
2196252,"03 Jul 2026  19:08:44",20155.6,GOOD,2.54,TRACKING
2196253,"03 Jul 2026  19:09:14",20155.6,GOOD,2.54,TRACKING
2196254,"03 Jul 2026  19:09:44",20155.3,GOOD,2.54,TRACKING
2196255,"03 Jul 2026  19:10:14",20155.4,GOOD,2.54,TRACKING
2196256,"03 Jul 2026  19:10:45",20155.1,GOOD,2.54,TRACKING
2196257,"03 Jul 2026  19:11:15",20154.6,GOOD,2.54,TRACKING
2196258,"03 Jul 2026  19:11:45",20156.0,GOOD,2.54,TRACKING
2196259,"03 Jul 2026  19:12:15",20155.3,GOOD,2.54,TRACKING
2196260,"03 Jul 2026  19:12:45",20156.0,GOOD,2.54,TRACKING
2196261,"03 Jul 2026  19:13:15",20156.0,GOOD,2.54,TRACKING
2196262,"03 Jul 2026  19:13:45",20156.0,GOOD,2.54,TRACKING
2196263,"03 Jul 2026  19:14:15",20156.0,GOOD,2.54,TRACKING
2196264,"03 Jul 2026  19:14:45",20156.0,GOOD,2.54,TRACKING
2196265,"03 Jul 2026  19:15:15",20156.2,GOOD,2.54,TRACKING
2196266,"03 Jul 2026  19:15:45",20156.4,GOOD,2.54,TRACKING
2196267,"03 Jul 2026  19:16:15",20155.8,GOOD,2.54,TRACKING
2196268,"03 Jul 2026  19:16:45",20156.1,GOOD,2.54,TRACKING
2196269,"03 Jul 2026  19:17:15",20156.3,GOOD,2.54,TRACKING
2196270,"03 Jul 2026  19:17:46",20156.4,GOOD,2.54,TRACKING
2196271,"03 Jul 2026  19:18:16",20156.3,GOOD,2.54,TRACKING
2196272,"03 Jul 2026  19:18:46",20156.2,GOOD,2.54,TRACKING
2196273,"03 Jul 2026  19:19:16",20155.6,GOOD,2.54,TRACKING
2196274,"03 Jul 2026  19:19:46",20155.9,GOOD,2.54,TRACKING
2196275,"03 Jul 2026  19:20:16",20155.5,GOOD,2.54,TRACKING
2196276,"03 Jul 2026  19:20:46",20156.0,GOOD,2.54,TRACKING
2196277,"03 Jul 2026  19:21:16",20155.9,GOOD,2.54,TRACKING
2196278,"03 Jul 2026  19:21:46",20155.8,GOOD,2.54,TRACKING
2196279,"03 Jul 2026  19:22:16",20155.9,GOOD,2.54,TRACKING
2196280,"03 Jul 2026  19:22:46",20155.6,GOOD,2.54,TRACKING
2196281,"03 Jul 2026  19:23:16",20155.7,GOOD,2.54,TRACKING
2196282,"03 Jul 2026  19:23:46",20156.4,GOOD,2.54,TRACKING
2196283,"03 Jul 2026  19:24:16",20156.3,GOOD,2.54,TRACKING
2196284,"03 Jul 2026  19:24:47",20156.1,GOOD,2.54,TRACKING
2196285,"03 Jul 2026  19:25:17",20156.5,GOOD,2.54,TRACKING
2196286,"03 Jul 2026  19:25:47",20156.1,GOOD,2.54,TRACKING
2196287,"03 Jul 2026  19:26:17",20156.6,GOOD,2.54,TRACKING
2196288,"03 Jul 2026  19:26:47",20157.1,GOOD,2.54,TRACKING
2196289,"03 Jul 2026  19:27:17",20157.2,GOOD,2.54,TRACKING
2196290,"03 Jul 2026  19:27:47",20156.7,GOOD,2.54,TRACKING
2196291,"03 Jul 2026  19:28:17",20155.8,GOOD,2.54,TRACKING
2196292,"03 Jul 2026  19:28:47",20155.9,GOOD,2.54,TRACKING
2196293,"03 Jul 2026  19:29:17",20156.1,GOOD,2.54,TRACKING
2196294,"03 Jul 2026  19:29:47",20156.6,GOOD,2.54,TRACKING
2196295,"03 Jul 2026  19:30:17",20157.0,GOOD,2.54,TRACKING
2196296,"03 Jul 2026  19:30:47",20156.9,GOOD,2.54,TRACKING
2196297,"03 Jul 2026  19:31:17",20157.0,GOOD,2.54,TRACKING
2196298,"03 Jul 2026  19:31:48",20156.5,GOOD,2.54,TRACKING
2196299,"03 Jul 2026  19:32:18",20156.3,GOOD,2.54,TRACKING
2196300,"03 Jul 2026  19:32:48",20156.5,GOOD,2.54,TRACKING
2196301,"03 Jul 2026  19:33:18",20156.7,GOOD,2.54,TRACKING
2196302,"03 Jul 2026  19:33:48",20157.0,GOOD,2.54,TRACKING
2196303,"03 Jul 2026  19:34:18",20157.4,GOOD,2.54,TRACKING
2196304,"03 Jul 2026  19:34:48",20157.6,GOOD,2.54,TRACKING
2196305,"03 Jul 2026  19:35:18",20157.3,GOOD,2.54,TRACKING
2196306,"03 Jul 2026  19:35:48",20156.7,GOOD,2.54,TRACKING
2196307,"03 Jul 2026  19:36:18",20156.2,GOOD,2.54,TRACKING
2196308,"03 Jul 2026  19:36:48",20156.8,GOOD,2.54,TRACKING
2196309,"03 Jul 2026  19:37:18",20157.2,GOOD,2.54,TRACKING
2196310,"03 Jul 2026  19:37:48",20157.2,GOOD,2.54,TRACKING
2196311,"03 Jul 2026  19:38:18",20156.3,GOOD,2.54,TRACKING
2196312,"03 Jul 2026  19:38:48",20156.2,GOOD,2.54,TRACKING
2196313,"03 Jul 2026  19:39:19",20156.8,GOOD,2.54,TRACKING
2196314,"03 Jul 2026  19:39:49",20157.0,GOOD,2.54,TRACKING
2196315,"03 Jul 2026  19:40:19",20157.0,GOOD,2.54,TRACKING
2196316,"03 Jul 2026  19:40:49",20156.8,GOOD,2.54,TRACKING
2196317,"03 Jul 2026  19:41:19",20157.1,GOOD,2.54,TRACKING
2196318,"03 Jul 2026  19:41:49",20157.2,GOOD,2.54,TRACKING
2196319,"03 Jul 2026  19:42:19",20156.9,GOOD,2.54,TRACKING
2196320,"03 Jul 2026  19:42:49",20157.2,GOOD,2.54,TRACKING
2196321,"03 Jul 2026  19:43:19",20156.8,GOOD,2.54,TRACKING
2196322,"03 Jul 2026  19:43:49",20157.2,GOOD,2.54,TRACKING
2196323,"03 Jul 2026  19:44:19",20156.9,GOOD,2.54,TRACKING
2196324,"03 Jul 2026  19:44:49",20157.2,GOOD,2.54,TRACKING
2196325,"03 Jul 2026  19:45:19",20157.3,GOOD,2.54,TRACKING
2196326,"03 Jul 2026  19:45:50",20156.8,GOOD,2.54,TRACKING
2196327,"03 Jul 2026  19:46:20",20157.0,GOOD,2.54,TRACKING
2196328,"03 Jul 2026  19:46:50",20156.9,GOOD,2.54,TRACKING
2196329,"03 Jul 2026  19:47:20",20157.3,GOOD,2.54,TRACKING
2196330,"03 Jul 2026  19:47:50",20157.2,GOOD,2.54,TRACKING
2196331,"03 Jul 2026  19:48:20",20157.3,GOOD,2.54,TRACKING
2196332,"03 Jul 2026  19:48:50",20157.6,GOOD,2.54,TRACKING
2196333,"03 Jul 2026  19:49:20",20156.7,GOOD,2.54,TRACKING
2196334,"03 Jul 2026  19:49:50",20157.7,GOOD,2.54,TRACKING
2196335,"03 Jul 2026  19:50:20",20157.7,GOOD,2.54,TRACKING
2196336,"03 Jul 2026  19:50:50",20158.1,GOOD,2.54,TRACKING
2196337,"03 Jul 2026  19:51:20",20158.2,GOOD,2.54,TRACKING
2196338,"03 Jul 2026  19:51:51",20157.8,GOOD,2.54,TRACKING
2196339,"03 Jul 2026  19:52:21",20157.7,GOOD,2.54,TRACKING
2196340,"03 Jul 2026  19:52:51",20157.4,GOOD,2.54,TRACKING
2196341,"03 Jul 2026  19:53:21",20158.0,GOOD,2.54,TRACKING
2196342,"03 Jul 2026  19:53:51",20157.2,GOOD,2.54,TRACKING
2196343,"03 Jul 2026  19:54:21",20157.3,GOOD,2.54,TRACKING
2196344,"03 Jul 2026  19:54:51",20157.6,GOOD,2.54,TRACKING
2196345,"03 Jul 2026  19:55:21",20157.6,GOOD,2.54,TRACKING
2196346,"03 Jul 2026  19:55:51",20157.3,GOOD,2.54,TRACKING
2196347,"03 Jul 2026  19:56:21",20157.2,GOOD,2.54,TRACKING
2196348,"03 Jul 2026  19:56:51",20157.3,GOOD,2.54,TRACKING
2196349,"03 Jul 2026  19:57:22",20157.1,GOOD,2.54,TRACKING
2196350,"03 Jul 2026  19:57:52",20157.4,GOOD,2.54,TRACKING
2196351,"03 Jul 2026  19:58:22",20157.5,GOOD,2.54,TRACKING
2196352,"03 Jul 2026  19:58:52",20157.3,GOOD,2.54,TRACKING
2196353,"03 Jul 2026  19:59:22",20157.3,GOOD,2.54,TRACKING
2196354,"03 Jul 2026  19:59:52",20157.7,GOOD,2.54,TRACKING
2196355,"03 Jul 2026  20:00:22",20157.2,GOOD,2.54,TRACKING
2196356,"03 Jul 2026  20:00:52",20156.9,GOOD,2.54,TRACKING
2196357,"03 Jul 2026  20:01:22",20157.5,GOOD,2.54,TRACKING
2196358,"03 Jul 2026  20:01:52",20158.2,GOOD,2.54,TRACKING
2196359,"03 Jul 2026  20:02:22",20157.7,GOOD,2.54,TRACKING
2196360,"03 Jul 2026  20:02:52",20157.9,GOOD,2.54,TRACKING
2196361,"03 Jul 2026  20:03:23",20157.0,GOOD,2.54,TRACKING
2196362,"03 Jul 2026  20:03:53",20157.1,GOOD,2.54,TRACKING
2196363,"03 Jul 2026  20:04:23",20157.0,GOOD,2.54,TRACKING
2196364,"03 Jul 2026  20:04:53",20157.1,GOOD,2.54,TRACKING
2196365,"03 Jul 2026  20:05:23",20158.5,GOOD,2.54,TRACKING
2196366,"03 Jul 2026  20:05:53",20157.5,GOOD,2.54,TRACKING
2196367,"03 Jul 2026  20:06:23",20158.2,GOOD,2.54,TRACKING
2196368,"03 Jul 2026  20:06:53",20158.3,GOOD,2.54,TRACKING
2196369,"03 Jul 2026  20:07:23",20158.2,GOOD,2.54,TRACKING
2196370,"03 Jul 2026  20:07:53",20158.7,GOOD,2.54,TRACKING
2196371,"03 Jul 2026  20:08:23",20158.9,GOOD,2.54,TRACKING
2196372,"03 Jul 2026  20:08:53",20158.6,GOOD,2.54,TRACKING
2196373,"03 Jul 2026  20:09:24",20157.8,GOOD,2.54,TRACKING
2196374,"03 Jul 2026  20:09:54",20158.6,GOOD,2.54,TRACKING
2196375,"03 Jul 2026  20:10:24",20158.8,GOOD,2.54,TRACKING
2196376,"03 Jul 2026  20:10:54",20158.7,GOOD,2.54,TRACKING
2196377,"03 Jul 2026  20:11:24",20158.5,GOOD,2.54,TRACKING
2196378,"03 Jul 2026  20:11:54",20158.0,GOOD,2.54,TRACKING
2196379,"03 Jul 2026  20:12:24",20157.9,GOOD,2.54,TRACKING
2196380,"03 Jul 2026  20:12:54",20158.1,GOOD,2.54,TRACKING
2196381,"03 Jul 2026  20:13:24",20158.3,GOOD,2.54,TRACKING
2196382,"03 Jul 2026  20:13:54",20158.3,GOOD,2.54,TRACKING
2196383,"03 Jul 2026  20:14:24",20158.0,GOOD,2.54,TRACKING
2196384,"03 Jul 2026  20:14:55",20157.3,GOOD,2.54,TRACKING
2196385,"03 Jul 2026  20:15:25",20157.6,GOOD,2.54,TRACKING
2196386,"03 Jul 2026  20:15:55",20157.9,GOOD,2.54,TRACKING
2196387,"03 Jul 2026  20:16:25",20156.1,GOOD,2.54,TRACKING
2196388,"03 Jul 2026  20:16:55",20156.6,GOOD,2.54,TRACKING
2196389,"03 Jul 2026  20:17:25",20157.3,GOOD,2.54,TRACKING
2196390,"03 Jul 2026  20:17:55",20158.2,GOOD,2.54,TRACKING
2196391,"03 Jul 2026  20:18:25",20158.3,GOOD,2.54,TRACKING
2196392,"03 Jul 2026  20:18:55",20158.0,GOOD,2.54,TRACKING
2196393,"03 Jul 2026  20:19:25",20158.8,GOOD,2.54,TRACKING
2196394,"03 Jul 2026  20:19:55",20158.3,GOOD,2.54,TRACKING
2196395,"03 Jul 2026  20:20:25",20158.3,GOOD,2.54,TRACKING
2196396,"03 Jul 2026  20:20:56",20158.2,GOOD,2.54,TRACKING
2196397,"03 Jul 2026  20:21:26",20158.4,GOOD,2.54,TRACKING
2196398,"03 Jul 2026  20:21:56",20158.1,GOOD,2.54,TRACKING
2196399,"03 Jul 2026  20:22:26",20157.8,GOOD,2.54,TRACKING
2196400,"03 Jul 2026  20:22:56",20157.4,GOOD,2.54,TRACKING
2196401,"03 Jul 2026  20:23:26",20158.0,GOOD,2.54,TRACKING
2196402,"03 Jul 2026  20:23:56",20158.1,GOOD,2.54,TRACKING
2196403,"03 Jul 2026  20:24:26",20158.0,GOOD,2.54,TRACKING
2196404,"03 Jul 2026  20:24:56",20157.5,GOOD,2.54,TRACKING
2196405,"03 Jul 2026  20:25:26",20157.7,GOOD,2.54,TRACKING
2196406,"03 Jul 2026  20:25:56",20157.6,GOOD,2.54,TRACKING
2196407,"03 Jul 2026  20:26:27",20157.9,GOOD,2.54,TRACKING
2196408,"03 Jul 2026  20:26:57",20158.0,GOOD,2.54,TRACKING
2196409,"03 Jul 2026  20:27:27",20158.6,GOOD,2.54,TRACKING
2196410,"03 Jul 2026  20:27:57",20158.4,GOOD,2.54,TRACKING
2196411,"03 Jul 2026  20:28:27",20158.2,GOOD,2.54,TRACKING
2196412,"03 Jul 2026  20:28:57",20157.9,GOOD,2.54,TRACKING
2196413,"03 Jul 2026  20:29:27",20159.4,GOOD,2.54,TRACKING
2196414,"03 Jul 2026  20:29:57",20159.2,GOOD,2.54,TRACKING
2196415,"03 Jul 2026  20:30:27",20158.3,GOOD,2.54,TRACKING
2196416,"03 Jul 2026  20:30:57",20158.4,GOOD,2.54,TRACKING
2196417,"03 Jul 2026  20:31:27",20158.8,GOOD,2.54,TRACKING
2196418,"03 Jul 2026  20:31:57",20157.8,GOOD,2.54,TRACKING
2196419,"03 Jul 2026  20:32:28",20159.4,GOOD,2.54,TRACKING
2196420,"03 Jul 2026  20:32:58",20158.7,GOOD,2.54,TRACKING
2196421,"03 Jul 2026  20:33:28",20158.9,GOOD,2.54,TRACKING
2196422,"03 Jul 2026  20:33:58",20158.4,GOOD,2.54,TRACKING
2196423,"03 Jul 2026  20:34:28",20158.4,GOOD,2.54,TRACKING
2196424,"03 Jul 2026  20:34:58",20159.5,GOOD,2.54,TRACKING
2196425,"03 Jul 2026  20:35:28",20159.3,GOOD,2.54,TRACKING
2196426,"03 Jul 2026  20:35:58",20159.0,GOOD,2.54,TRACKING
2196427,"03 Jul 2026  20:36:28",20158.6,GOOD,2.54,TRACKING
2196428,"03 Jul 2026  20:36:58",20158.9,GOOD,2.54,TRACKING
2196429,"03 Jul 2026  20:37:28",20159.1,GOOD,2.54,TRACKING
2196430,"03 Jul 2026  20:37:58",20158.6,GOOD,2.54,TRACKING
2196431,"03 Jul 2026  20:38:29",20159.1,GOOD,2.54,TRACKING
2196432,"03 Jul 2026  20:38:59",20158.8,GOOD,2.54,TRACKING
2196433,"03 Jul 2026  20:39:29",20158.1,GOOD,2.54,TRACKING
2196434,"03 Jul 2026  20:39:59",20158.2,GOOD,2.54,TRACKING
2196435,"03 Jul 2026  20:40:29",20158.3,GOOD,2.54,TRACKING
2196436,"03 Jul 2026  20:40:59",20159.4,GOOD,2.54,TRACKING
2196437,"03 Jul 2026  20:41:29",20159.8,GOOD,2.54,TRACKING
2196438,"03 Jul 2026  20:41:59",20160.0,GOOD,2.54,TRACKING
2196439,"03 Jul 2026  20:42:29",20159.4,GOOD,2.54,TRACKING
2196440,"03 Jul 2026  20:42:59",20159.2,GOOD,2.54,TRACKING
2196441,"03 Jul 2026  20:43:29",20159.8,GOOD,2.54,TRACKING
2196442,"03 Jul 2026  20:44:00",20159.8,GOOD,2.54,TRACKING
2196443,"03 Jul 2026  20:44:30",20160.6,GOOD,2.54,TRACKING
2196444,"03 Jul 2026  20:45:00",20159.6,GOOD,2.54,TRACKING
2196445,"03 Jul 2026  20:45:30",20159.8,GOOD,2.54,TRACKING
2196446,"03 Jul 2026  20:46:00",20159.7,GOOD,2.54,TRACKING
2196447,"03 Jul 2026  20:46:30",20160.4,GOOD,2.54,TRACKING
2196448,"03 Jul 2026  20:47:00",20160.2,GOOD,2.54,TRACKING
2196449,"03 Jul 2026  20:47:30",20159.8,GOOD,2.54,TRACKING
2196450,"03 Jul 2026  20:48:00",20160.0,GOOD,2.54,TRACKING
2196451,"03 Jul 2026  20:48:30",20160.1,GOOD,2.54,TRACKING
2196452,"03 Jul 2026  20:49:00",20159.7,GOOD,2.54,TRACKING
2196453,"03 Jul 2026  20:49:30",20159.7,GOOD,2.54,TRACKING
2196454,"03 Jul 2026  20:50:00",20160.3,GOOD,2.54,TRACKING
2196455,"03 Jul 2026  20:50:31",20159.8,GOOD,2.54,TRACKING
2196456,"03 Jul 2026  20:51:01",20159.8,GOOD,2.54,TRACKING
2196457,"03 Jul 2026  20:51:31",20159.4,GOOD,2.54,TRACKING
2196458,"03 Jul 2026  20:52:01",20159.7,GOOD,2.54,TRACKING
2196459,"03 Jul 2026  20:52:31",20160.2,GOOD,2.54,TRACKING
2196460,"03 Jul 2026  20:53:01",20159.8,GOOD,2.54,TRACKING
2196461,"03 Jul 2026  20:53:31",20159.0,GOOD,2.54,TRACKING
2196462,"03 Jul 2026  20:54:01",20160.2,GOOD,2.54,TRACKING
2196463,"03 Jul 2026  20:54:31",20161.1,GOOD,2.54,TRACKING
2196464,"03 Jul 2026  20:55:01",20160.6,GOOD,2.54,TRACKING
2196465,"03 Jul 2026  20:55:31",20160.5,GOOD,2.54,TRACKING
2196466,"03 Jul 2026  20:56:01",20159.9,GOOD,2.54,TRACKING
2196467,"03 Jul 2026  20:56:32",20160.3,GOOD,2.54,TRACKING
2196468,"03 Jul 2026  20:57:02",20159.6,GOOD,2.54,TRACKING
2196469,"03 Jul 2026  20:57:32",20160.4,GOOD,2.54,TRACKING
2196470,"03 Jul 2026  20:58:02",20160.5,GOOD,2.54,TRACKING
2196471,"03 Jul 2026  20:58:32",20160.2,GOOD,2.54,TRACKING
2196472,"03 Jul 2026  20:59:02",20159.9,GOOD,2.54,TRACKING
2196473,"03 Jul 2026  20:59:32",20159.8,GOOD,2.54,TRACKING
2196474,"03 Jul 2026  21:00:02",20160.0,GOOD,2.54,TRACKING
2196475,"03 Jul 2026  21:00:32",20160.4,GOOD,2.54,TRACKING
2196476,"03 Jul 2026  21:01:02",20160.7,GOOD,2.54,TRACKING
2196477,"03 Jul 2026  21:01:32",20160.5,GOOD,2.54,TRACKING
2196478,"03 Jul 2026  21:02:02",20160.4,GOOD,2.54,TRACKING
2196479,"03 Jul 2026  21:02:33",20161.1,GOOD,2.54,TRACKING
2196480,"03 Jul 2026  21:03:03",20161.1,GOOD,2.54,TRACKING
2196481,"03 Jul 2026  21:03:33",20161.2,GOOD,2.54,TRACKING
2196482,"03 Jul 2026  21:04:03",20161.6,GOOD,2.54,TRACKING
2196483,"03 Jul 2026  21:04:33",20161.8,GOOD,2.54,TRACKING
2196484,"03 Jul 2026  21:05:03",20161.3,GOOD,2.54,TRACKING
2196485,"03 Jul 2026  21:05:33",20162.2,GOOD,2.54,TRACKING
2196486,"03 Jul 2026  21:06:03",20162.2,GOOD,2.54,TRACKING
2196487,"03 Jul 2026  21:06:33",20162.8,GOOD,2.54,TRACKING
2196488,"03 Jul 2026  21:07:03",20161.2,GOOD,2.54,TRACKING
2196489,"03 Jul 2026  21:07:33",20160.9,GOOD,2.54,TRACKING
2196490,"03 Jul 2026  21:08:03",20163.4,GOOD,2.54,TRACKING
2196491,"03 Jul 2026  21:08:33",20163.7,GOOD,2.54,TRACKING
2196492,"03 Jul 2026  21:09:03",20162.5,GOOD,2.54,TRACKING
2196493,"03 Jul 2026  21:09:34",20162.0,GOOD,2.54,TRACKING
2196494,"03 Jul 2026  21:10:04",20163.9,GOOD,2.54,TRACKING
2196495,"03 Jul 2026  21:10:34",20163.2,GOOD,2.54,TRACKING
2196496,"03 Jul 2026  21:11:04",20162.8,GOOD,2.54,TRACKING
2196497,"03 Jul 2026  21:11:34",20162.4,GOOD,2.54,TRACKING
2196498,"03 Jul 2026  21:12:04",20161.3,GOOD,2.54,TRACKING
2196499,"03 Jul 2026  21:12:34",20162.1,GOOD,2.54,TRACKING
2196500,"03 Jul 2026  21:13:04",20161.6,GOOD,2.54,TRACKING
2196501,"03 Jul 2026  21:13:34",20162.7,GOOD,2.54,TRACKING
2196502,"03 Jul 2026  21:14:04",20163.0,GOOD,2.54,TRACKING
2196503,"03 Jul 2026  21:14:34",20162.8,GOOD,2.54,TRACKING
2196504,"03 Jul 2026  21:15:04",20161.6,GOOD,2.54,TRACKING
2196505,"03 Jul 2026  21:15:34",20162.4,GOOD,2.54,TRACKING
2196506,"03 Jul 2026  21:16:05",20162.7,GOOD,2.54,TRACKING
2196507,"03 Jul 2026  21:16:35",20162.6,GOOD,2.54,TRACKING
2196508,"03 Jul 2026  21:17:05",20161.5,GOOD,2.54,TRACKING
2196509,"03 Jul 2026  21:17:35",20161.4,GOOD,2.54,TRACKING
2196510,"03 Jul 2026  21:18:05",20161.8,GOOD,2.54,TRACKING
2196511,"03 Jul 2026  21:18:35",20161.8,GOOD,2.54,TRACKING
2196512,"03 Jul 2026  21:19:05",20161.3,GOOD,2.54,TRACKING
2196513,"03 Jul 2026  21:19:35",20162.3,GOOD,2.54,TRACKING
2196514,"03 Jul 2026  21:20:05",20162.4,GOOD,2.54,TRACKING
2196515,"03 Jul 2026  21:20:35",20162.8,GOOD,2.54,TRACKING
2196516,"03 Jul 2026  21:21:05",20162.1,GOOD,2.54,TRACKING
2196517,"03 Jul 2026  21:21:35",20163.0,GOOD,2.54,TRACKING
2196518,"03 Jul 2026  21:22:05",20164.0,GOOD,2.54,TRACKING
2196519,"03 Jul 2026  21:22:36",20164.3,GOOD,2.54,TRACKING
2196520,"03 Jul 2026  21:23:06",20164.1,GOOD,2.54,TRACKING
2196521,"03 Jul 2026  21:23:36",20164.1,GOOD,2.54,TRACKING
2196522,"03 Jul 2026  21:24:06",20163.6,GOOD,2.54,TRACKING
2196523,"03 Jul 2026  21:24:36",20164.4,GOOD,2.54,TRACKING
2196524,"03 Jul 2026  21:25:06",20164.7,GOOD,2.54,TRACKING
2196525,"03 Jul 2026  21:25:36",20164.3,GOOD,2.54,TRACKING
2196526,"03 Jul 2026  21:26:06",20165.0,GOOD,2.54,TRACKING
2196527,"03 Jul 2026  21:26:36",20165.0,GOOD,2.54,TRACKING
2196528,"03 Jul 2026  21:27:06",20165.6,GOOD,2.54,TRACKING
2196529,"03 Jul 2026  21:27:36",20165.6,GOOD,2.54,TRACKING
2196530,"03 Jul 2026  21:28:06",20165.0,GOOD,2.54,TRACKING
2196531,"03 Jul 2026  21:28:37",20164.0,GOOD,2.54,TRACKING
2196532,"03 Jul 2026  21:29:07",20164.6,GOOD,2.54,TRACKING
2196533,"03 Jul 2026  21:29:37",20165.4,GOOD,2.54,TRACKING
2196534,"03 Jul 2026  21:30:07",20165.3,GOOD,2.54,TRACKING
2196535,"03 Jul 2026  21:30:37",20165.9,GOOD,2.54,TRACKING
2196536,"03 Jul 2026  21:31:07",20165.1,GOOD,2.54,TRACKING
2196537,"03 Jul 2026  21:31:37",20164.6,GOOD,2.54,TRACKING
2196538,"03 Jul 2026  21:32:07",20164.1,GOOD,2.54,TRACKING
2196539,"03 Jul 2026  21:32:37",20164.5,GOOD,2.54,TRACKING
2196540,"03 Jul 2026  21:33:07",20165.4,GOOD,2.54,TRACKING
2196541,"03 Jul 2026  21:33:37",20165.9,GOOD,2.54,TRACKING
2196542,"03 Jul 2026  21:34:07",20167.0,GOOD,2.54,TRACKING
2196543,"03 Jul 2026  21:34:37",20165.4,GOOD,2.54,TRACKING
2196544,"03 Jul 2026  21:35:07",20165.7,GOOD,2.54,TRACKING
2196545,"03 Jul 2026  21:35:38",20165.7,GOOD,2.54,TRACKING
2196546,"03 Jul 2026  21:36:08",20164.6,GOOD,2.54,TRACKING
2196547,"03 Jul 2026  21:36:38",20165.0,GOOD,2.54,TRACKING
2196548,"03 Jul 2026  21:37:08",20165.2,GOOD,2.54,TRACKING
2196549,"03 Jul 2026  21:37:38",20166.0,GOOD,2.54,TRACKING
2196550,"03 Jul 2026  21:38:08",20166.7,GOOD,2.54,TRACKING
2196551,"03 Jul 2026  21:38:38",20167.4,GOOD,2.54,TRACKING
2196552,"03 Jul 2026  21:39:08",20167.3,GOOD,2.54,TRACKING
2196553,"03 Jul 2026  21:39:38",20166.8,GOOD,2.54,TRACKING
2196554,"03 Jul 2026  21:40:08",20167.7,GOOD,2.54,TRACKING
2196555,"03 Jul 2026  21:40:38",20166.8,GOOD,2.54,TRACKING
2196556,"03 Jul 2026  21:41:08",20166.9,GOOD,2.54,TRACKING
2196557,"03 Jul 2026  21:41:39",20167.4,GOOD,2.54,TRACKING
2196558,"03 Jul 2026  21:42:09",20167.8,GOOD,2.54,TRACKING
2196559,"03 Jul 2026  21:42:39",20167.7,GOOD,2.54,TRACKING
2196560,"03 Jul 2026  21:43:09",20167.9,GOOD,2.54,TRACKING
2196561,"03 Jul 2026  21:43:39",20166.7,GOOD,2.54,TRACKING
2196562,"03 Jul 2026  21:44:09",20167.1,GOOD,2.54,TRACKING
2196563,"03 Jul 2026  21:44:39",20167.3,GOOD,2.54,TRACKING
2196564,"03 Jul 2026  21:45:09",20166.9,GOOD,2.54,TRACKING
2196565,"03 Jul 2026  21:45:39",20166.1,GOOD,2.54,TRACKING
2196566,"03 Jul 2026  21:46:09",20166.1,GOOD,2.54,TRACKING
2196567,"03 Jul 2026  21:46:39",20166.1,GOOD,2.54,TRACKING
2196568,"03 Jul 2026  21:47:09",20166.8,GOOD,2.54,TRACKING
2196569,"03 Jul 2026  21:47:40",20167.1,GOOD,2.54,TRACKING
2196570,"03 Jul 2026  21:48:10",20167.4,GOOD,2.54,TRACKING
2196571,"03 Jul 2026  21:48:40",20167.5,GOOD,2.54,TRACKING
2196572,"03 Jul 2026  21:49:10",20167.5,GOOD,2.54,TRACKING
2196573,"03 Jul 2026  21:49:40",20167.3,GOOD,2.54,TRACKING
2196574,"03 Jul 2026  21:50:10",20166.5,GOOD,2.54,TRACKING
2196575,"03 Jul 2026  21:50:40",20167.5,GOOD,2.54,TRACKING
2196576,"03 Jul 2026  21:51:10",20165.7,GOOD,2.54,TRACKING
2196577,"03 Jul 2026  21:51:40",20166.4,GOOD,2.54,TRACKING
2196578,"03 Jul 2026  21:52:10",20164.0,GOOD,2.54,TRACKING
2196579,"03 Jul 2026  21:52:40",20166.7,GOOD,2.54,TRACKING
2196580,"03 Jul 2026  21:53:10",20167.9,GOOD,2.54,TRACKING
2196581,"03 Jul 2026  21:53:40",20168.4,GOOD,2.54,TRACKING
2196582,"03 Jul 2026  21:54:11",20168.5,GOOD,2.54,TRACKING
2196583,"03 Jul 2026  21:54:41",20168.7,GOOD,2.54,TRACKING
2196584,"03 Jul 2026  21:55:11",20167.7,GOOD,2.54,TRACKING
2196585,"03 Jul 2026  21:55:41",20167.8,GOOD,2.54,TRACKING
2196586,"03 Jul 2026  21:56:11",20168.8,GOOD,2.54,TRACKING
2196587,"03 Jul 2026  21:56:41",20169.3,GOOD,2.54,TRACKING
2196588,"03 Jul 2026  21:57:11",20168.7,GOOD,2.54,TRACKING
2196589,"03 Jul 2026  21:57:41",20168.4,GOOD,2.54,TRACKING
2196590,"03 Jul 2026  21:58:11",20167.5,GOOD,2.54,TRACKING
2196591,"03 Jul 2026  21:58:41",20167.6,GOOD,2.54,TRACKING
2196592,"03 Jul 2026  21:59:11",20168.9,GOOD,2.54,TRACKING
2196593,"03 Jul 2026  21:59:41",20168.2,GOOD,2.54,TRACKING
2196594,"03 Jul 2026  22:00:11",20166.5,GOOD,2.54,TRACKING
2196595,"03 Jul 2026  22:00:42",20168.2,GOOD,2.54,TRACKING
2196596,"03 Jul 2026  22:01:12",20169.3,GOOD,2.54,TRACKING
2196597,"03 Jul 2026  22:01:42",20169.1,GOOD,2.54,TRACKING
2196598,"03 Jul 2026  22:02:12",20169.2,GOOD,2.54,TRACKING
2196599,"03 Jul 2026  22:02:42",20169.1,GOOD,2.54,TRACKING
2196600,"03 Jul 2026  22:03:12",20169.0,GOOD,2.54,TRACKING
2196601,"03 Jul 2026  22:03:42",20169.3,GOOD,2.54,TRACKING
2196602,"03 Jul 2026  22:04:12",20168.8,GOOD,2.54,TRACKING
2196603,"03 Jul 2026  22:04:42",20168.8,GOOD,2.54,TRACKING
2196604,"03 Jul 2026  22:05:12",20168.6,GOOD,2.54,TRACKING
2196605,"03 Jul 2026  22:05:42",20168.0,GOOD,2.54,TRACKING
2196606,"03 Jul 2026  22:06:12",20167.5,GOOD,2.54,TRACKING
2196607,"03 Jul 2026  22:06:42",20168.0,GOOD,2.54,TRACKING
2196608,"03 Jul 2026  22:07:13",20169.4,GOOD,2.54,TRACKING
2196609,"03 Jul 2026  22:07:43",20170.1,GOOD,2.54,TRACKING
2196610,"03 Jul 2026  22:08:13",20169.1,GOOD,2.54,TRACKING
2196611,"03 Jul 2026  22:08:43",20170.1,GOOD,2.54,TRACKING
2196612,"03 Jul 2026  22:09:13",20169.9,GOOD,2.54,TRACKING
2196613,"03 Jul 2026  22:09:43",20169.6,GOOD,2.54,TRACKING
2196614,"03 Jul 2026  22:10:13",20168.8,GOOD,2.54,TRACKING
2196615,"03 Jul 2026  22:10:43",20170.1,GOOD,2.54,TRACKING
2196616,"03 Jul 2026  22:11:13",20170.6,GOOD,2.54,TRACKING
2196617,"03 Jul 2026  22:11:43",20168.7,GOOD,2.54,TRACKING
2196618,"03 Jul 2026  22:12:13",20168.9,GOOD,2.54,TRACKING
2196619,"03 Jul 2026  22:12:43",20170.0,GOOD,2.54,TRACKING
2196620,"03 Jul 2026  22:13:13",20170.8,GOOD,2.54,TRACKING
2196621,"03 Jul 2026  22:13:44",20169.2,GOOD,2.54,TRACKING
2196622,"03 Jul 2026  22:14:14",20169.5,GOOD,2.54,TRACKING
2196623,"03 Jul 2026  22:14:44",20168.3,GOOD,2.54,TRACKING
2196624,"03 Jul 2026  22:15:14",20170.4,GOOD,2.54,TRACKING
2196625,"03 Jul 2026  22:15:44",20170.1,GOOD,2.54,TRACKING
2196626,"03 Jul 2026  22:16:14",20170.6,GOOD,2.54,TRACKING
2196627,"03 Jul 2026  22:16:44",20171.6,GOOD,2.54,TRACKING
2196628,"03 Jul 2026  22:17:14",20171.6,GOOD,2.54,TRACKING
2196629,"03 Jul 2026  22:17:44",20171.2,GOOD,2.54,TRACKING
2196630,"03 Jul 2026  22:18:14",20172.3,GOOD,2.54,TRACKING
2196631,"03 Jul 2026  22:18:44",20171.5,GOOD,2.54,TRACKING
2196632,"03 Jul 2026  22:19:14",20171.3,GOOD,2.54,TRACKING
2196633,"03 Jul 2026  22:19:45",20169.9,GOOD,2.54,TRACKING
2196634,"03 Jul 2026  22:20:15",20170.3,GOOD,2.54,TRACKING
2196635,"03 Jul 2026  22:20:45",20170.3,GOOD,2.54,TRACKING
2196636,"03 Jul 2026  22:21:15",20171.4,GOOD,2.54,TRACKING
2196637,"03 Jul 2026  22:21:45",20171.0,GOOD,2.54,TRACKING
2196638,"03 Jul 2026  22:22:15",20171.0,GOOD,2.54,TRACKING
2196639,"03 Jul 2026  22:22:45",20171.2,GOOD,2.54,TRACKING
2196640,"03 Jul 2026  22:23:15",20171.4,GOOD,2.54,TRACKING
2196641,"03 Jul 2026  22:23:45",20171.0,GOOD,2.54,TRACKING
2196642,"03 Jul 2026  22:24:15",20171.2,GOOD,2.54,TRACKING
2196643,"03 Jul 2026  22:24:45",20170.2,GOOD,2.54,TRACKING
2196644,"03 Jul 2026  22:25:15",20171.2,GOOD,2.54,TRACKING
2196645,"03 Jul 2026  22:25:45",20172.0,GOOD,2.54,TRACKING
2196646,"03 Jul 2026  22:26:16",20171.6,GOOD,2.54,TRACKING
2196647,"03 Jul 2026  22:26:46",20171.5,GOOD,2.54,TRACKING
2196648,"03 Jul 2026  22:27:16",20171.6,GOOD,2.54,TRACKING
2196649,"03 Jul 2026  22:27:46",20172.3,GOOD,2.54,TRACKING
2196650,"03 Jul 2026  22:28:16",20172.4,GOOD,2.54,TRACKING
2196651,"03 Jul 2026  22:28:46",20172.6,GOOD,2.54,TRACKING
2196652,"03 Jul 2026  22:29:16",20172.4,GOOD,2.54,TRACKING
2196653,"03 Jul 2026  22:29:46",20172.5,GOOD,2.54,TRACKING
2196654,"03 Jul 2026  22:30:16",20172.1,GOOD,2.54,TRACKING
2196655,"03 Jul 2026  22:30:46",20172.5,GOOD,2.54,TRACKING
2196656,"03 Jul 2026  22:31:16",20172.2,GOOD,2.54,TRACKING
2196657,"03 Jul 2026  22:31:46",20170.6,GOOD,2.54,TRACKING
2196658,"03 Jul 2026  22:32:17",20171.2,GOOD,2.54,TRACKING
2196659,"03 Jul 2026  22:32:47",20171.9,GOOD,2.54,TRACKING
2196660,"03 Jul 2026  22:33:17",20172.3,GOOD,2.54,TRACKING
2196661,"03 Jul 2026  22:33:47",20173.3,GOOD,2.54,TRACKING
2196662,"03 Jul 2026  22:34:17",20172.2,GOOD,2.54,TRACKING
2196663,"03 Jul 2026  22:34:47",20170.9,GOOD,2.54,TRACKING
2196664,"03 Jul 2026  22:35:17",20171.5,GOOD,2.54,TRACKING
2196665,"03 Jul 2026  22:35:47",20170.8,GOOD,2.54,TRACKING
2196666,"03 Jul 2026  22:36:17",20170.0,GOOD,2.54,TRACKING
2196667,"03 Jul 2026  22:36:47",20172.3,GOOD,2.54,TRACKING
2196668,"03 Jul 2026  22:37:17",20172.3,GOOD,2.54,TRACKING
2196669,"03 Jul 2026  22:37:47",20172.4,GOOD,2.54,TRACKING
2196670,"03 Jul 2026  22:38:18",20172.5,GOOD,2.54,TRACKING
2196671,"03 Jul 2026  22:38:48",20173.2,GOOD,2.54,TRACKING
2196672,"03 Jul 2026  22:39:18",20172.9,GOOD,2.54,TRACKING
2196673,"03 Jul 2026  22:39:48",20172.6,GOOD,2.54,TRACKING
2196674,"03 Jul 2026  22:40:18",20172.6,GOOD,2.54,TRACKING
2196675,"03 Jul 2026  22:40:48",20172.3,GOOD,2.54,TRACKING
2196676,"03 Jul 2026  22:41:18",20171.6,GOOD,2.54,TRACKING
2196677,"03 Jul 2026  22:41:48",20171.5,GOOD,2.54,TRACKING
2196678,"03 Jul 2026  22:42:18",20172.4,GOOD,2.54,TRACKING
2196679,"03 Jul 2026  22:42:48",20172.5,GOOD,2.54,TRACKING
2196680,"03 Jul 2026  22:43:18",20173.3,GOOD,2.54,TRACKING
2196681,"03 Jul 2026  22:43:49",20173.9,GOOD,2.54,TRACKING
2196682,"03 Jul 2026  22:44:19",20173.1,GOOD,2.54,TRACKING
2196683,"03 Jul 2026  22:44:49",20174.1,GOOD,2.54,TRACKING
2196684,"03 Jul 2026  22:45:19",20174.1,GOOD,2.54,TRACKING
2196685,"03 Jul 2026  22:45:49",20174.0,GOOD,2.54,TRACKING
2196686,"03 Jul 2026  22:46:19",20173.5,GOOD,2.54,TRACKING
2196687,"03 Jul 2026  22:46:49",20174.1,GOOD,2.54,TRACKING
2196688,"03 Jul 2026  22:47:19",20173.8,GOOD,2.54,TRACKING
2196689,"03 Jul 2026  22:47:49",20174.1,GOOD,2.54,TRACKING
2196690,"03 Jul 2026  22:48:19",20173.4,GOOD,2.54,TRACKING
2196691,"03 Jul 2026  22:48:49",20173.1,GOOD,2.54,TRACKING
2196692,"03 Jul 2026  22:49:19",20173.9,GOOD,2.54,TRACKING
2196693,"03 Jul 2026  22:49:49",20174.1,GOOD,2.54,TRACKING
2196694,"03 Jul 2026  22:50:19",20173.1,GOOD,2.54,TRACKING
2196695,"03 Jul 2026  22:50:50",20173.4,GOOD,2.54,TRACKING
2196696,"03 Jul 2026  22:51:20",20172.8,GOOD,2.54,TRACKING
2196697,"03 Jul 2026  22:51:50",20172.4,GOOD,2.54,TRACKING
2196698,"03 Jul 2026  22:52:20",20171.0,GOOD,2.54,TRACKING
2196699,"03 Jul 2026  22:52:50",20172.7,GOOD,2.54,TRACKING
2196700,"03 Jul 2026  22:53:20",20171.8,GOOD,2.54,TRACKING
2196701,"03 Jul 2026  22:53:50",20172.3,GOOD,2.54,TRACKING
2196702,"03 Jul 2026  22:54:20",20174.5,GOOD,2.54,TRACKING
2196703,"03 Jul 2026  22:54:50",20173.5,GOOD,2.54,TRACKING
2196704,"03 Jul 2026  22:55:20",20174.7,GOOD,2.54,TRACKING
2196705,"03 Jul 2026  22:55:50",20175.3,GOOD,2.54,TRACKING
2196706,"03 Jul 2026  22:56:20",20175.1,GOOD,2.54,TRACKING
2196707,"03 Jul 2026  22:56:50",20174.8,GOOD,2.54,TRACKING
2196708,"03 Jul 2026  22:57:21",20174.4,GOOD,2.54,TRACKING
2196709,"03 Jul 2026  22:57:51",20175.1,GOOD,2.54,TRACKING
2196710,"03 Jul 2026  22:58:21",20174.9,GOOD,2.54,TRACKING
2196711,"03 Jul 2026  22:58:51",20174.7,GOOD,2.54,TRACKING
2196712,"03 Jul 2026  22:59:21",20175.0,GOOD,2.54,TRACKING
2196713,"03 Jul 2026  22:59:51",20173.9,GOOD,2.54,TRACKING
2196714,"03 Jul 2026  23:00:21",20174.2,GOOD,2.54,TRACKING
2196715,"03 Jul 2026  23:00:51",20173.8,GOOD,2.54,TRACKING
2196716,"03 Jul 2026  23:01:21",20174.9,GOOD,2.54,TRACKING
2196717,"03 Jul 2026  23:01:51",20174.8,GOOD,2.54,TRACKING
2196718,"03 Jul 2026  23:02:21",20174.7,GOOD,2.54,TRACKING
2196719,"03 Jul 2026  23:02:51",20175.0,GOOD,2.54,TRACKING
2196720,"03 Jul 2026  23:03:22",20174.3,GOOD,2.54,TRACKING
2196721,"03 Jul 2026  23:03:52",20174.7,GOOD,2.54,TRACKING
2196722,"03 Jul 2026  23:04:22",20174.1,GOOD,2.54,TRACKING
2196723,"03 Jul 2026  23:04:52",20173.8,GOOD,2.54,TRACKING
2196724,"03 Jul 2026  23:05:22",20173.6,GOOD,2.54,TRACKING
2196725,"03 Jul 2026  23:05:52",20174.7,GOOD,2.54,TRACKING
2196726,"03 Jul 2026  23:06:22",20174.4,GOOD,2.54,TRACKING
2196727,"03 Jul 2026  23:06:52",20174.8,GOOD,2.54,TRACKING
2196728,"03 Jul 2026  23:07:22",20173.5,GOOD,2.54,TRACKING
2196729,"03 Jul 2026  23:07:52",20173.4,GOOD,2.54,TRACKING
2196730,"03 Jul 2026  23:08:22",20174.3,GOOD,2.54,TRACKING
2196731,"03 Jul 2026  23:08:52",20175.4,GOOD,2.54,TRACKING
2196732,"03 Jul 2026  23:09:23",20174.8,GOOD,2.54,TRACKING
2196733,"03 Jul 2026  23:09:53",20175.5,GOOD,2.54,TRACKING
2196734,"03 Jul 2026  23:10:23",20176.0,GOOD,2.54,TRACKING
2196735,"03 Jul 2026  23:10:53",20175.2,GOOD,2.54,TRACKING
2196736,"03 Jul 2026  23:11:23",20176.7,GOOD,2.54,TRACKING
2196737,"03 Jul 2026  23:11:53",20176.2,GOOD,2.54,TRACKING
2196738,"03 Jul 2026  23:12:23",20175.7,GOOD,2.54,TRACKING
2196739,"03 Jul 2026  23:12:53",20175.9,GOOD,2.54,TRACKING
2196740,"03 Jul 2026  23:13:23",20175.7,GOOD,2.54,TRACKING
2196741,"03 Jul 2026  23:13:53",20176.2,GOOD,2.54,TRACKING
2196742,"03 Jul 2026  23:14:23",20176.7,GOOD,2.54,TRACKING
2196743,"03 Jul 2026  23:14:54",20177.3,GOOD,2.54,TRACKING
2196744,"03 Jul 2026  23:15:24",20177.1,GOOD,2.54,TRACKING
2196745,"03 Jul 2026  23:15:54",20177.5,GOOD,2.54,TRACKING
2196746,"03 Jul 2026  23:16:24",20177.7,GOOD,2.54,TRACKING
2196747,"03 Jul 2026  23:16:54",20177.0,GOOD,2.54,TRACKING
2196748,"03 Jul 2026  23:17:24",20176.5,GOOD,2.54,TRACKING
2196749,"03 Jul 2026  23:17:54",20176.6,GOOD,2.54,TRACKING
2196750,"03 Jul 2026  23:18:24",20177.1,GOOD,2.54,TRACKING
2196751,"03 Jul 2026  23:18:54",20176.0,GOOD,2.54,TRACKING
2196752,"03 Jul 2026  23:19:24",20175.9,GOOD,2.54,TRACKING
2196753,"03 Jul 2026  23:19:54",20175.9,GOOD,2.54,TRACKING
2196754,"03 Jul 2026  23:20:24",20175.3,GOOD,2.54,TRACKING
2196755,"03 Jul 2026  23:20:55",20175.6,GOOD,2.54,TRACKING
2196756,"03 Jul 2026  23:21:25",20175.9,GOOD,2.54,TRACKING
2196757,"03 Jul 2026  23:21:55",20175.8,GOOD,2.54,TRACKING
2196758,"03 Jul 2026  23:22:25",20175.2,GOOD,2.54,TRACKING
2196759,"03 Jul 2026  23:22:55",20176.5,GOOD,2.54,TRACKING
2196760,"03 Jul 2026  23:23:25",20176.8,GOOD,2.54,TRACKING
2196761,"03 Jul 2026  23:23:55",20176.2,GOOD,2.54,TRACKING
2196762,"03 Jul 2026  23:24:25",20176.5,GOOD,2.54,TRACKING
2196763,"03 Jul 2026  23:24:55",20175.9,GOOD,2.54,TRACKING
2196764,"03 Jul 2026  23:25:25",20177.1,GOOD,2.54,TRACKING
2196765,"03 Jul 2026  23:25:55",20177.0,GOOD,2.54,TRACKING
2196766,"03 Jul 2026  23:26:25",20176.2,GOOD,2.54,TRACKING
2196767,"03 Jul 2026  23:26:56",20176.9,GOOD,2.54,TRACKING
2196768,"03 Jul 2026  23:27:26",20175.2,GOOD,2.54,TRACKING
2196769,"03 Jul 2026  23:27:56",20175.2,GOOD,2.54,TRACKING
2196770,"03 Jul 2026  23:28:26",20176.4,GOOD,2.54,TRACKING
2196771,"03 Jul 2026  23:28:56",20177.2,GOOD,2.54,TRACKING
2196772,"03 Jul 2026  23:29:26",20177.0,GOOD,2.54,TRACKING
2196773,"03 Jul 2026  23:29:56",20176.5,GOOD,2.54,TRACKING
2196774,"03 Jul 2026  23:30:26",20175.0,GOOD,2.54,TRACKING
2196775,"03 Jul 2026  23:30:56",20175.7,GOOD,2.54,TRACKING
2196776,"03 Jul 2026  23:31:26",20175.0,GOOD,2.54,TRACKING
2196777,"03 Jul 2026  23:31:56",20173.7,GOOD,2.54,TRACKING
2196778,"03 Jul 2026  23:32:26",20176.2,GOOD,2.54,TRACKING
2196779,"03 Jul 2026  23:32:57",20175.7,GOOD,2.54,TRACKING
2196780,"03 Jul 2026  23:33:27",20175.6,GOOD,2.54,TRACKING
2196781,"03 Jul 2026  23:33:57",20172.9,GOOD,2.54,TRACKING
2196782,"03 Jul 2026  23:34:27",20173.8,GOOD,2.54,TRACKING
2196783,"03 Jul 2026  23:34:57",20174.1,GOOD,2.54,TRACKING
2196784,"03 Jul 2026  23:35:27",20174.3,GOOD,2.54,TRACKING
2196785,"03 Jul 2026  23:35:57",20175.3,GOOD,2.54,TRACKING
2196786,"03 Jul 2026  23:36:27",20175.8,GOOD,2.54,TRACKING
2196787,"03 Jul 2026  23:36:57",20175.4,GOOD,2.54,TRACKING
2196788,"03 Jul 2026  23:37:27",20174.9,GOOD,2.54,TRACKING
2196789,"03 Jul 2026  23:37:57",20175.0,GOOD,2.54,TRACKING
2196790,"03 Jul 2026  23:38:27",20174.8,GOOD,2.54,TRACKING
2196791,"03 Jul 2026  23:38:57",20175.0,GOOD,2.54,TRACKING
2196792,"03 Jul 2026  23:39:28",20176.6,GOOD,2.54,TRACKING
2196793,"03 Jul 2026  23:39:58",20176.4,GOOD,2.54,TRACKING
2196794,"03 Jul 2026  23:40:28",20175.8,GOOD,2.54,TRACKING
2196795,"03 Jul 2026  23:40:58",20177.0,GOOD,2.54,TRACKING
2196796,"03 Jul 2026  23:41:28",20176.8,GOOD,2.54,TRACKING
2196797,"03 Jul 2026  23:41:58",20173.5,GOOD,2.54,TRACKING
2196798,"03 Jul 2026  23:42:28",20175.8,GOOD,2.54,TRACKING
2196799,"03 Jul 2026  23:42:58",20176.3,GOOD,2.54,TRACKING
2196800,"03 Jul 2026  23:43:28",20175.1,GOOD,2.54,TRACKING
2196801,"03 Jul 2026  23:43:58",20174.1,GOOD,2.54,TRACKING
2196802,"03 Jul 2026  23:44:28",20175.7,GOOD,2.54,TRACKING
2196803,"03 Jul 2026  23:44:58",20175.6,GOOD,2.54,TRACKING
2196804,"03 Jul 2026  23:45:29",20175.6,GOOD,2.54,TRACKING
2196805,"03 Jul 2026  23:45:59",20174.8,GOOD,2.54,TRACKING
2196806,"03 Jul 2026  23:46:29",20172.2,GOOD,2.54,TRACKING
2196807,"03 Jul 2026  23:46:59",20171.6,GOOD,2.54,TRACKING
2196808,"03 Jul 2026  23:47:29",20174.0,GOOD,2.54,TRACKING
2196809,"03 Jul 2026  23:47:59",20176.6,GOOD,2.54,TRACKING
2196810,"03 Jul 2026  23:48:29",20177.8,GOOD,2.54,TRACKING
2196811,"03 Jul 2026  23:48:59",20178.1,GOOD,2.54,TRACKING
2196812,"03 Jul 2026  23:49:29",20179.1,GOOD,2.54,TRACKING
2196813,"03 Jul 2026  23:49:59",20177.8,GOOD,2.54,TRACKING
2196814,"03 Jul 2026  23:50:29",20174.6,GOOD,2.54,TRACKING
2196815,"03 Jul 2026  23:50:59",20174.6,GOOD,2.54,TRACKING
2196816,"03 Jul 2026  23:51:29",20177.2,GOOD,2.54,TRACKING
2196817,"03 Jul 2026  23:52:00",20177.0,GOOD,2.54,TRACKING
2196818,"03 Jul 2026  23:52:30",20177.6,GOOD,2.54,TRACKING
2196819,"03 Jul 2026  23:53:00",20177.4,GOOD,2.54,TRACKING
2196820,"03 Jul 2026  23:53:30",20177.7,GOOD,2.54,TRACKING
2196821,"03 Jul 2026  23:54:00",20177.9,GOOD,2.54,TRACKING
2196822,"03 Jul 2026  23:54:30",20177.2,GOOD,2.54,TRACKING
2196823,"03 Jul 2026  23:55:00",20177.3,GOOD,2.54,TRACKING
2196824,"03 Jul 2026  23:55:30",20178.1,GOOD,2.54,TRACKING
2196825,"03 Jul 2026  23:56:00",20177.3,GOOD,2.54,TRACKING
2196826,"03 Jul 2026  23:56:30",20174.9,GOOD,2.54,TRACKING
2196827,"03 Jul 2026  23:57:00",20174.8,GOOD,2.54,TRACKING
2196828,"03 Jul 2026  23:57:30",20174.9,GOOD,2.54,TRACKING
2196829,"03 Jul 2026  23:58:00",20173.8,GOOD,2.54,TRACKING
2196830,"03 Jul 2026  23:58:31",20174.2,GOOD,2.54,TRACKING
2196831,"03 Jul 2026  23:59:01",20174.3,GOOD,2.54,TRACKING
2196832,"03 Jul 2026  23:59:31",20174.1,GOOD,2.54,TRACKING
2196833,"04 Jul 2026  00:00:01",20174.8,GOOD,2.54,TRACKING
2196834,"04 Jul 2026  00:00:31",20176.0,GOOD,2.54,TRACKING
2196835,"04 Jul 2026  00:01:01",20175.3,GOOD,2.54,TRACKING
2196836,"04 Jul 2026  00:01:31",20175.2,GOOD,2.54,TRACKING
2196837,"04 Jul 2026  00:02:01",20176.9,GOOD,2.54,TRACKING
2196838,"04 Jul 2026  00:02:31",20177.5,GOOD,2.54,TRACKING
2196839,"04 Jul 2026  00:03:01",20176.9,GOOD,2.54,TRACKING
2196840,"04 Jul 2026  00:03:31",20176.1,GOOD,2.54,TRACKING
2196841,"04 Jul 2026  00:04:01",20175.4,GOOD,2.54,TRACKING
2196842,"04 Jul 2026  00:04:31",20177.0,GOOD,2.54,TRACKING
2196843,"04 Jul 2026  00:05:02",20178.4,GOOD,2.54,TRACKING
2196844,"04 Jul 2026  00:05:32",20177.3,GOOD,2.54,TRACKING
2196845,"04 Jul 2026  00:06:02",20176.7,GOOD,2.54,TRACKING
2196846,"04 Jul 2026  00:06:32",20175.9,GOOD,2.54,TRACKING
2196847,"04 Jul 2026  00:07:02",20177.7,GOOD,2.54,TRACKING
2196848,"04 Jul 2026  00:07:32",20176.9,GOOD,2.54,TRACKING
2196849,"04 Jul 2026  00:08:02",20174.7,GOOD,2.54,TRACKING
2196850,"04 Jul 2026  00:08:32",20175.5,GOOD,2.54,TRACKING
2196851,"04 Jul 2026  00:09:02",20174.9,GOOD,2.54,TRACKING
2196852,"04 Jul 2026  00:09:32",20174.4,GOOD,2.54,TRACKING
2196853,"04 Jul 2026  00:10:02",20174.8,GOOD,2.54,TRACKING
2196854,"04 Jul 2026  00:10:32",20176.1,GOOD,2.54,TRACKING
2196855,"04 Jul 2026  00:11:03",20175.9,GOOD,2.54,TRACKING
2196856,"04 Jul 2026  00:11:33",20177.8,GOOD,2.54,TRACKING
2196857,"04 Jul 2026  00:12:03",20175.2,GOOD,2.54,TRACKING
2196858,"04 Jul 2026  00:12:33",20174.3,GOOD,2.54,TRACKING
2196859,"04 Jul 2026  00:13:03",20175.6,GOOD,2.54,TRACKING
2196860,"04 Jul 2026  00:13:33",20177.0,GOOD,2.54,TRACKING
2196861,"04 Jul 2026  00:14:03",20176.8,GOOD,2.54,TRACKING
2196862,"04 Jul 2026  00:14:33",20177.1,GOOD,2.54,TRACKING
2196863,"04 Jul 2026  00:15:03",20176.8,GOOD,2.54,TRACKING
2196864,"04 Jul 2026  00:15:33",20178.2,GOOD,2.54,TRACKING
2196865,"04 Jul 2026  00:16:03",20178.2,GOOD,2.54,TRACKING
2196866,"04 Jul 2026  00:16:33",20178.2,GOOD,2.54,TRACKING
2196867,"04 Jul 2026  00:17:03",20176.1,GOOD,2.54,TRACKING
2196868,"04 Jul 2026  00:17:34",20178.7,GOOD,2.54,TRACKING
2196869,"04 Jul 2026  00:18:04",20177.6,GOOD,2.54,TRACKING
2196870,"04 Jul 2026  00:18:34",20178.3,GOOD,2.54,TRACKING
2196871,"04 Jul 2026  00:19:04",20176.2,GOOD,2.54,TRACKING
2196872,"04 Jul 2026  00:19:34",20174.7,GOOD,2.54,TRACKING
2196873,"04 Jul 2026  00:20:04",20175.2,GOOD,2.54,TRACKING
2196874,"04 Jul 2026  00:20:34",20172.2,GOOD,2.54,TRACKING
2196875,"04 Jul 2026  00:21:04",20170.0,GOOD,2.54,TRACKING
2196876,"04 Jul 2026  00:21:34",20174.6,GOOD,2.54,TRACKING
2196877,"04 Jul 2026  00:22:04",20177.2,GOOD,2.54,TRACKING
2196878,"04 Jul 2026  00:22:34",20177.5,GOOD,2.54,TRACKING
2196879,"04 Jul 2026  00:23:04",20176.9,GOOD,2.54,TRACKING
2196880,"04 Jul 2026  00:23:34",20175.9,GOOD,2.54,TRACKING
2196881,"04 Jul 2026  00:24:05",20176.2,GOOD,2.54,TRACKING
2196882,"04 Jul 2026  00:24:35",20177.7,GOOD,2.54,TRACKING
2196883,"04 Jul 2026  00:25:05",20178.3,GOOD,2.54,TRACKING
2196884,"04 Jul 2026  00:25:35",20178.4,GOOD,2.54,TRACKING
2196885,"04 Jul 2026  00:26:05",20176.4,GOOD,2.54,TRACKING
2196886,"04 Jul 2026  00:26:35",20176.9,GOOD,2.54,TRACKING
2196887,"04 Jul 2026  00:27:05",20175.7,GOOD,2.54,TRACKING
2196888,"04 Jul 2026  00:27:35",20176.6,GOOD,2.54,TRACKING
2196889,"04 Jul 2026  00:28:05",20177.8,GOOD,2.54,TRACKING
2196890,"04 Jul 2026  00:28:35",20178.4,GOOD,2.54,TRACKING
2196891,"04 Jul 2026  00:29:05",20173.9,GOOD,2.54,TRACKING
2196892,"04 Jul 2026  00:29:35",20174.1,GOOD,2.54,TRACKING
2196893,"04 Jul 2026  00:30:05",20176.4,GOOD,2.54,TRACKING
2196894,"04 Jul 2026  00:30:36",20177.6,GOOD,2.54,TRACKING
2196895,"04 Jul 2026  00:31:06",20179.4,GOOD,2.54,TRACKING
2196896,"04 Jul 2026  00:31:36",20180.1,GOOD,2.54,TRACKING
2196897,"04 Jul 2026  00:32:06",20178.0,GOOD,2.54,TRACKING
2196898,"04 Jul 2026  00:32:36",20175.6,GOOD,2.54,TRACKING
2196899,"04 Jul 2026  00:33:06",20177.1,GOOD,2.54,TRACKING
2196900,"04 Jul 2026  00:33:36",20176.5,GOOD,2.54,TRACKING
2196901,"04 Jul 2026  00:34:06",20175.9,GOOD,2.54,TRACKING
2196902,"04 Jul 2026  00:34:36",20175.4,GOOD,2.54,TRACKING
2196903,"04 Jul 2026  00:35:06",20176.3,GOOD,2.54,TRACKING
2196904,"04 Jul 2026  00:35:36",20176.5,GOOD,2.54,TRACKING
2196905,"04 Jul 2026  00:36:06",20176.3,GOOD,2.54,TRACKING
2196906,"04 Jul 2026  00:36:36",20177.7,GOOD,2.54,TRACKING
2196907,"04 Jul 2026  00:37:06",20177.2,GOOD,2.54,TRACKING
2196908,"04 Jul 2026  00:37:37",20175.4,GOOD,2.54,TRACKING
2196909,"04 Jul 2026  00:38:07",20174.2,GOOD,2.54,TRACKING
2196910,"04 Jul 2026  00:38:37",20172.1,GOOD,2.54,TRACKING
2196911,"04 Jul 2026  00:39:07",20172.2,GOOD,2.54,TRACKING
2196912,"04 Jul 2026  00:39:37",20177.4,GOOD,2.54,TRACKING
2196913,"04 Jul 2026  00:40:07",20178.0,GOOD,2.54,TRACKING
2196914,"04 Jul 2026  00:40:37",20178.4,GOOD,2.54,TRACKING
2196915,"04 Jul 2026  00:41:07",20173.8,GOOD,2.54,TRACKING
2196916,"04 Jul 2026  00:41:37",20173.0,GOOD,2.54,TRACKING
2196917,"04 Jul 2026  00:42:07",20176.0,GOOD,2.54,TRACKING
2196918,"04 Jul 2026  00:42:37",20177.3,GOOD,2.54,TRACKING
2196919,"04 Jul 2026  00:43:07",20176.1,GOOD,2.54,TRACKING
2196920,"04 Jul 2026  00:43:38",20175.4,GOOD,2.54,TRACKING
2196921,"04 Jul 2026  00:44:08",20177.7,GOOD,2.54,TRACKING
2196922,"04 Jul 2026  00:44:38",20178.8,GOOD,2.54,TRACKING
2196923,"04 Jul 2026  00:45:08",20178.7,GOOD,2.54,TRACKING
2196924,"04 Jul 2026  00:45:38",20177.0,GOOD,2.54,TRACKING
2196925,"04 Jul 2026  00:46:08",20176.2,GOOD,2.54,TRACKING
2196926,"04 Jul 2026  00:46:38",20179.2,GOOD,2.54,TRACKING
2196927,"04 Jul 2026  00:47:08",20178.2,GOOD,2.54,TRACKING
2196928,"04 Jul 2026  00:47:38",20178.7,GOOD,2.54,TRACKING
2196929,"04 Jul 2026  00:48:08",20177.9,GOOD,2.54,TRACKING
2196930,"04 Jul 2026  00:48:38",20177.2,GOOD,2.54,TRACKING
2196931,"04 Jul 2026  00:49:08",20177.0,GOOD,2.54,TRACKING
2196932,"04 Jul 2026  00:49:38",20178.3,GOOD,2.54,TRACKING
2196933,"04 Jul 2026  00:50:08",20178.4,GOOD,2.54,TRACKING
2196934,"04 Jul 2026  00:50:39",20179.2,GOOD,2.54,TRACKING
2196935,"04 Jul 2026  00:51:09",20180.5,GOOD,2.54,TRACKING
2196936,"04 Jul 2026  00:51:39",20180.9,GOOD,2.54,TRACKING
2196937,"04 Jul 2026  00:52:09",20179.9,GOOD,2.54,TRACKING
2196938,"04 Jul 2026  00:52:39",20178.2,GOOD,2.54,TRACKING
2196939,"04 Jul 2026  00:53:09",20178.9,GOOD,2.54,TRACKING
2196940,"04 Jul 2026  00:53:39",20178.9,GOOD,2.54,TRACKING
2196941,"04 Jul 2026  00:54:09",20178.3,GOOD,2.54,TRACKING
2196942,"04 Jul 2026  00:54:39",20180.5,GOOD,2.54,TRACKING
2196943,"04 Jul 2026  00:55:09",20179.9,GOOD,2.54,TRACKING
2196944,"04 Jul 2026  00:55:39",20179.2,GOOD,2.54,TRACKING
2196945,"04 Jul 2026  00:56:09",20179.2,GOOD,2.54,TRACKING
2196946,"04 Jul 2026  00:56:39",20179.4,GOOD,2.54,TRACKING
2196947,"04 Jul 2026  00:57:10",20179.7,GOOD,2.54,TRACKING
2196948,"04 Jul 2026  00:57:40",20179.8,GOOD,2.54,TRACKING
2196949,"04 Jul 2026  00:58:10",20178.5,GOOD,2.54,TRACKING
2196950,"04 Jul 2026  00:58:40",20178.3,GOOD,2.54,TRACKING
2196951,"04 Jul 2026  00:59:10",20179.6,GOOD,2.54,TRACKING
2196952,"04 Jul 2026  00:59:40",20180.2,GOOD,2.54,TRACKING
2196953,"04 Jul 2026  01:00:10",20179.8,GOOD,2.54,TRACKING
2196954,"04 Jul 2026  01:00:40",20179.4,GOOD,2.54,TRACKING
2196955,"04 Jul 2026  01:01:10",20180.7,GOOD,2.54,TRACKING
2196956,"04 Jul 2026  01:01:40",20179.8,GOOD,2.54,TRACKING
2196957,"04 Jul 2026  01:02:10",20179.8,GOOD,2.54,TRACKING
2196958,"04 Jul 2026  01:02:40",20180.4,GOOD,2.54,TRACKING
2196959,"04 Jul 2026  01:03:10",20181.3,GOOD,2.54,TRACKING
2196960,"04 Jul 2026  01:03:41",20180.4,GOOD,2.54,TRACKING
2196961,"04 Jul 2026  01:04:11",20178.8,GOOD,2.54,TRACKING
2196962,"04 Jul 2026  01:04:41",20178.6,GOOD,2.54,TRACKING
2196963,"04 Jul 2026  01:05:11",20177.8,GOOD,2.54,TRACKING
2196964,"04 Jul 2026  01:05:41",20179.7,GOOD,2.54,TRACKING
2196965,"04 Jul 2026  01:06:11",20180.7,GOOD,2.54,TRACKING
2196966,"04 Jul 2026  01:06:41",20180.4,GOOD,2.54,TRACKING
2196967,"04 Jul 2026  01:07:11",20179.7,GOOD,2.54,TRACKING
2196968,"04 Jul 2026  01:07:41",20181.2,GOOD,2.54,TRACKING
2196969,"04 Jul 2026  01:08:11",20178.1,GOOD,2.54,TRACKING
2196970,"04 Jul 2026  01:08:41",20179.6,GOOD,2.54,TRACKING
2196971,"04 Jul 2026  01:09:11",20182.0,GOOD,2.54,TRACKING
2196972,"04 Jul 2026  01:09:41",20180.1,GOOD,2.54,TRACKING
2196973,"04 Jul 2026  01:10:12",20181.2,GOOD,2.54,TRACKING
2196974,"04 Jul 2026  01:10:42",20180.8,GOOD,2.54,TRACKING
2196975,"04 Jul 2026  01:11:12",20182.1,GOOD,2.54,TRACKING
2196976,"04 Jul 2026  01:11:42",20182.5,GOOD,2.54,TRACKING
2196977,"04 Jul 2026  01:12:12",20182.4,GOOD,2.54,TRACKING
2196978,"04 Jul 2026  01:12:42",20182.2,GOOD,2.54,TRACKING
2196979,"04 Jul 2026  01:13:12",20180.2,GOOD,2.54,TRACKING
2196980,"04 Jul 2026  01:13:42",20180.4,GOOD,2.54,TRACKING
2196981,"04 Jul 2026  01:14:12",20180.1,GOOD,2.54,TRACKING
2196982,"04 Jul 2026  01:14:42",20181.4,GOOD,2.54,TRACKING
2196983,"04 Jul 2026  01:15:12",20181.5,GOOD,2.54,TRACKING
2196984,"04 Jul 2026  01:15:42",20180.3,GOOD,2.54,TRACKING
2196985,"04 Jul 2026  01:16:12",20181.7,GOOD,2.54,TRACKING
2196986,"04 Jul 2026  01:16:42",20179.3,GOOD,2.54,TRACKING
2196987,"04 Jul 2026  01:17:13",20180.5,GOOD,2.54,TRACKING
2196988,"04 Jul 2026  01:17:43",20181.8,GOOD,2.54,TRACKING
2196989,"04 Jul 2026  01:18:13",20181.4,GOOD,2.54,TRACKING
2196990,"04 Jul 2026  01:18:43",20182.6,GOOD,2.54,TRACKING
2196991,"04 Jul 2026  01:19:13",20180.0,GOOD,2.54,TRACKING
2196992,"04 Jul 2026  01:19:43",20181.2,GOOD,2.54,TRACKING
2196993,"04 Jul 2026  01:20:13",20182.2,GOOD,2.54,TRACKING
2196994,"04 Jul 2026  01:20:43",20182.9,GOOD,2.54,TRACKING
2196995,"04 Jul 2026  01:21:13",20183.4,GOOD,2.54,TRACKING
2196996,"04 Jul 2026  01:21:43",20183.3,GOOD,2.54,TRACKING
2196997,"04 Jul 2026  01:22:13",20182.7,GOOD,2.54,TRACKING
2196998,"04 Jul 2026  01:22:43",20184.1,GOOD,2.54,TRACKING
2196999,"04 Jul 2026  01:23:13",20182.8,GOOD,2.54,TRACKING
2197000,"04 Jul 2026  01:23:44",20182.5,GOOD,2.54,TRACKING
2197001,"04 Jul 2026  01:24:14",20183.1,GOOD,2.54,TRACKING
2197002,"04 Jul 2026  01:24:44",20182.0,GOOD,2.54,TRACKING
2197003,"04 Jul 2026  01:25:14",20183.5,GOOD,2.54,TRACKING
2197004,"04 Jul 2026  01:25:44",20182.9,GOOD,2.54,TRACKING
2197005,"04 Jul 2026  01:26:14",20182.0,GOOD,2.54,TRACKING
2197006,"04 Jul 2026  01:26:44",20181.8,GOOD,2.54,TRACKING
2197007,"04 Jul 2026  01:27:14",20182.5,GOOD,2.54,TRACKING
2197008,"04 Jul 2026  01:27:44",20183.8,GOOD,2.54,TRACKING
2197009,"04 Jul 2026  01:28:14",20184.1,GOOD,2.54,TRACKING
2197010,"04 Jul 2026  01:28:44",20183.7,GOOD,2.54,TRACKING
2197011,"04 Jul 2026  01:29:14",20184.2,GOOD,2.54,TRACKING
2197012,"04 Jul 2026  01:29:44",20183.4,GOOD,2.54,TRACKING
2197013,"04 Jul 2026  01:30:15",20181.9,GOOD,2.54,TRACKING
2197014,"04 Jul 2026  01:30:45",20181.7,GOOD,2.54,TRACKING
2197015,"04 Jul 2026  01:31:15",20183.5,GOOD,2.54,TRACKING
2197016,"04 Jul 2026  01:31:45",20183.7,GOOD,2.54,TRACKING
2197017,"04 Jul 2026  01:32:15",20179.5,GOOD,2.54,TRACKING
2197018,"04 Jul 2026  01:32:45",20183.0,GOOD,2.54,TRACKING
2197019,"04 Jul 2026  01:33:15",20184.4,GOOD,2.54,TRACKING
2197020,"04 Jul 2026  01:33:45",20185.6,GOOD,2.54,TRACKING
2197021,"04 Jul 2026  01:34:15",20186.0,GOOD,2.54,TRACKING
2197022,"04 Jul 2026  01:34:45",20183.4,GOOD,2.54,TRACKING
2197023,"04 Jul 2026  01:35:15",20184.9,GOOD,2.54,TRACKING
2197024,"04 Jul 2026  01:35:45",20185.1,GOOD,2.54,TRACKING
2197025,"04 Jul 2026  01:36:15",20185.4,GOOD,2.54,TRACKING
2197026,"04 Jul 2026  01:36:46",20185.5,GOOD,2.54,TRACKING
2197027,"04 Jul 2026  01:37:16",20182.2,GOOD,2.54,TRACKING
2197028,"04 Jul 2026  01:37:46",20183.2,GOOD,2.54,TRACKING
2197029,"04 Jul 2026  01:38:16",20183.8,GOOD,2.54,TRACKING
2197030,"04 Jul 2026  01:38:46",20182.7,GOOD,2.54,TRACKING
2197031,"04 Jul 2026  01:39:16",20183.3,GOOD,2.54,TRACKING
2197032,"04 Jul 2026  01:39:46",20185.3,GOOD,2.54,TRACKING
2197033,"04 Jul 2026  01:40:16",20185.2,GOOD,2.54,TRACKING
2197034,"04 Jul 2026  01:40:46",20186.0,GOOD,2.54,TRACKING
2197035,"04 Jul 2026  01:41:16",20186.7,GOOD,2.54,TRACKING
2197036,"04 Jul 2026  01:41:46",20185.5,GOOD,2.54,TRACKING
2197037,"04 Jul 2026  01:42:16",20186.0,GOOD,2.54,TRACKING
2197038,"04 Jul 2026  01:42:47",20185.0,GOOD,2.54,TRACKING
2197039,"04 Jul 2026  01:43:17",20186.0,GOOD,2.54,TRACKING
2197040,"04 Jul 2026  01:43:47",20187.3,GOOD,2.54,TRACKING
2197041,"04 Jul 2026  01:44:17",20186.9,GOOD,2.54,TRACKING
2197042,"04 Jul 2026  01:44:47",20186.4,GOOD,2.54,TRACKING
2197043,"04 Jul 2026  01:45:17",20186.4,GOOD,2.54,TRACKING
2197044,"04 Jul 2026  01:45:47",20186.6,GOOD,2.54,TRACKING
2197045,"04 Jul 2026  01:46:17",20184.7,GOOD,2.54,TRACKING
2197046,"04 Jul 2026  01:46:47",20184.8,GOOD,2.54,TRACKING
2197047,"04 Jul 2026  01:47:17",20184.5,GOOD,2.54,TRACKING
2197048,"04 Jul 2026  01:47:47",20185.8,GOOD,2.54,TRACKING
2197049,"04 Jul 2026  01:48:17",20185.3,GOOD,2.54,TRACKING
2197050,"04 Jul 2026  01:48:48",20185.7,GOOD,2.54,TRACKING
2197051,"04 Jul 2026  01:49:18",20186.7,GOOD,2.54,TRACKING
2197052,"04 Jul 2026  01:49:48",20186.4,GOOD,2.54,TRACKING
2197053,"04 Jul 2026  01:50:18",20187.3,GOOD,2.54,TRACKING
2197054,"04 Jul 2026  01:50:48",20186.3,GOOD,2.54,TRACKING
2197055,"04 Jul 2026  01:51:18",20184.9,GOOD,2.54,TRACKING
2197056,"04 Jul 2026  01:51:48",20185.8,GOOD,2.54,TRACKING
2197057,"04 Jul 2026  01:52:18",20185.6,GOOD,2.54,TRACKING
2197058,"04 Jul 2026  01:52:48",20185.7,GOOD,2.54,TRACKING
2197059,"04 Jul 2026  01:53:18",20184.0,GOOD,2.54,TRACKING
2197060,"04 Jul 2026  01:53:48",20184.7,GOOD,2.54,TRACKING
2197061,"04 Jul 2026  01:54:19",20186.1,GOOD,2.54,TRACKING
2197062,"04 Jul 2026  01:54:49",20188.0,GOOD,2.54,TRACKING
2197063,"04 Jul 2026  01:55:19",20188.1,GOOD,2.54,TRACKING
2197064,"04 Jul 2026  01:55:49",20188.0,GOOD,2.54,TRACKING
2197065,"04 Jul 2026  01:56:19",20187.4,GOOD,2.54,TRACKING
2197066,"04 Jul 2026  01:56:49",20186.9,GOOD,2.54,TRACKING
2197067,"04 Jul 2026  01:57:19",20187.8,GOOD,2.54,TRACKING
2197068,"04 Jul 2026  01:57:49",20187.5,GOOD,2.54,TRACKING
2197069,"04 Jul 2026  01:58:19",20185.8,GOOD,2.54,TRACKING
2197070,"04 Jul 2026  01:58:49",20186.4,GOOD,2.54,TRACKING
2197071,"04 Jul 2026  01:59:19",20185.9,GOOD,2.54,TRACKING
2197072,"04 Jul 2026  01:59:49",20186.3,GOOD,2.54,TRACKING
2197073,"04 Jul 2026  02:00:20",20187.4,GOOD,2.54,TRACKING
2197074,"04 Jul 2026  02:00:50",20186.1,GOOD,2.54,TRACKING
2197075,"04 Jul 2026  02:01:20",20184.0,GOOD,2.54,TRACKING
2197076,"04 Jul 2026  02:01:50",20186.4,GOOD,2.54,TRACKING
2197077,"04 Jul 2026  02:02:20",20187.6,GOOD,2.54,TRACKING
2197078,"04 Jul 2026  02:02:50",20188.4,GOOD,2.54,TRACKING
2197079,"04 Jul 2026  02:03:20",20186.8,GOOD,2.54,TRACKING
2197080,"04 Jul 2026  02:03:50",20187.2,GOOD,2.54,TRACKING
2197081,"04 Jul 2026  02:04:20",20188.0,GOOD,2.54,TRACKING
2197082,"04 Jul 2026  02:04:50",20188.1,GOOD,2.54,TRACKING
2197083,"04 Jul 2026  02:05:20",20189.5,GOOD,2.54,TRACKING
2197084,"04 Jul 2026  02:05:50",20189.1,GOOD,2.54,TRACKING
2197085,"04 Jul 2026  02:06:21",20188.0,GOOD,2.54,TRACKING
2197086,"04 Jul 2026  02:06:51",20187.5,GOOD,2.54,TRACKING
2197087,"04 Jul 2026  02:07:21",20187.2,GOOD,2.54,TRACKING
2197088,"04 Jul 2026  02:07:51",20187.7,GOOD,2.54,TRACKING
2197089,"04 Jul 2026  02:08:21",20188.2,GOOD,2.54,TRACKING
2197090,"04 Jul 2026  02:08:51",20188.1,GOOD,2.54,TRACKING
2197091,"04 Jul 2026  02:09:21",20189.6,GOOD,2.54,TRACKING
2197092,"04 Jul 2026  02:09:51",20188.9,GOOD,2.54,TRACKING
2197093,"04 Jul 2026  02:10:21",20184.4,GOOD,2.54,TRACKING
2197094,"04 Jul 2026  02:10:51",20188.0,GOOD,2.54,TRACKING
2197095,"04 Jul 2026  02:11:21",20189.5,GOOD,2.54,TRACKING
2197096,"04 Jul 2026  02:11:51",20189.5,GOOD,2.54,TRACKING
2197097,"04 Jul 2026  02:12:22",20189.1,GOOD,2.54,TRACKING
2197098,"04 Jul 2026  02:12:52",20188.7,GOOD,2.54,TRACKING
2197099,"04 Jul 2026  02:13:22",20189.0,GOOD,2.54,TRACKING
2197100,"04 Jul 2026  02:13:52",20189.9,GOOD,2.54,TRACKING
2197101,"04 Jul 2026  02:14:22",20190.0,GOOD,2.54,TRACKING
2197102,"04 Jul 2026  02:14:52",20190.9,GOOD,2.54,TRACKING
2197103,"04 Jul 2026  02:15:22",20190.2,GOOD,2.54,TRACKING
2197104,"04 Jul 2026  02:15:52",20190.9,GOOD,2.54,TRACKING
2197105,"04 Jul 2026  02:16:22",20191.8,GOOD,2.54,TRACKING
2197106,"04 Jul 2026  02:16:52",20189.7,GOOD,2.54,TRACKING
2197107,"04 Jul 2026  02:17:22",20190.6,GOOD,2.54,TRACKING
2197108,"04 Jul 2026  02:17:52",20190.6,GOOD,2.54,TRACKING
2197109,"04 Jul 2026  02:18:23",20189.5,GOOD,2.54,TRACKING
2197110,"04 Jul 2026  02:18:53",20190.1,GOOD,2.54,TRACKING
2197111,"04 Jul 2026  02:19:23",20189.5,GOOD,2.54,TRACKING
2197112,"04 Jul 2026  02:19:53",20188.6,GOOD,2.54,TRACKING
2197113,"04 Jul 2026  02:20:23",20188.4,GOOD,2.54,TRACKING
2197114,"04 Jul 2026  02:20:53",20190.0,GOOD,2.54,TRACKING
2197115,"04 Jul 2026  02:21:23",20190.2,GOOD,2.54,TRACKING
2197116,"04 Jul 2026  02:21:53",20190.5,GOOD,2.54,TRACKING
2197117,"04 Jul 2026  02:22:23",20189.8,GOOD,2.54,TRACKING
2197118,"04 Jul 2026  02:22:53",20189.3,GOOD,2.54,TRACKING
2197119,"04 Jul 2026  02:23:23",20189.9,GOOD,2.54,TRACKING
2197120,"04 Jul 2026  02:23:53",20188.9,GOOD,2.54,TRACKING
2197121,"04 Jul 2026  02:24:23",20190.0,GOOD,2.54,TRACKING
2197122,"04 Jul 2026  02:24:54",20189.9,GOOD,2.54,TRACKING
2197123,"04 Jul 2026  02:25:24",20190.2,GOOD,2.54,TRACKING
2197124,"04 Jul 2026  02:25:54",20189.6,GOOD,2.54,TRACKING
2197125,"04 Jul 2026  02:26:24",20188.0,GOOD,2.54,TRACKING
2197126,"04 Jul 2026  02:26:54",20190.6,GOOD,2.54,TRACKING
2197127,"04 Jul 2026  02:27:24",20190.6,GOOD,2.54,TRACKING
2197128,"04 Jul 2026  02:27:54",20187.9,GOOD,2.54,TRACKING
2197129,"04 Jul 2026  02:28:24",20185.8,GOOD,2.54,TRACKING
2197130,"04 Jul 2026  02:28:54",20190.3,GOOD,2.54,TRACKING
2197131,"04 Jul 2026  02:29:24",20190.1,GOOD,2.54,TRACKING
2197132,"04 Jul 2026  02:29:54",20190.8,GOOD,2.54,TRACKING
2197133,"04 Jul 2026  02:30:24",20190.4,GOOD,2.54,TRACKING
2197134,"04 Jul 2026  02:30:55",20188.3,GOOD,2.54,TRACKING
2197135,"04 Jul 2026  02:31:25",20191.5,GOOD,2.54,TRACKING
2197136,"04 Jul 2026  02:31:55",20191.7,GOOD,2.54,TRACKING
2197137,"04 Jul 2026  02:32:25",20192.2,GOOD,2.54,TRACKING
2197138,"04 Jul 2026  02:32:55",20192.2,GOOD,2.54,TRACKING
2197139,"04 Jul 2026  02:33:25",20191.6,GOOD,2.54,TRACKING
2197140,"04 Jul 2026  02:33:55",20191.3,GOOD,2.54,TRACKING
2197141,"04 Jul 2026  02:34:25",20192.7,GOOD,2.54,TRACKING
2197142,"04 Jul 2026  02:34:55",20194.8,GOOD,2.54,TRACKING
2197143,"04 Jul 2026  02:35:25",20194.4,GOOD,2.54,TRACKING
2197144,"04 Jul 2026  02:35:55",20194.0,GOOD,2.54,TRACKING
2197145,"04 Jul 2026  02:36:25",20192.9,GOOD,2.54,TRACKING
2197146,"04 Jul 2026  02:36:56",20191.7,GOOD,2.54,TRACKING
2197147,"04 Jul 2026  02:37:26",20190.1,GOOD,2.54,TRACKING
2197148,"04 Jul 2026  02:37:56",20191.8,GOOD,2.54,TRACKING
2197149,"04 Jul 2026  02:38:26",20191.7,GOOD,2.54,TRACKING
2197150,"04 Jul 2026  02:38:56",20191.9,GOOD,2.54,TRACKING
2197151,"04 Jul 2026  02:39:26",20192.1,GOOD,2.54,TRACKING
2197152,"04 Jul 2026  02:39:56",20194.2,GOOD,2.54,TRACKING
2197153,"04 Jul 2026  02:40:26",20194.8,GOOD,2.54,TRACKING
2197154,"04 Jul 2026  02:40:56",20193.0,GOOD,2.54,TRACKING
2197155,"04 Jul 2026  02:41:26",20192.1,GOOD,2.54,TRACKING
2197156,"04 Jul 2026  02:41:56",20192.0,GOOD,2.54,TRACKING
2197157,"04 Jul 2026  02:42:26",20193.6,GOOD,2.54,TRACKING
2197158,"04 Jul 2026  02:42:56",20194.0,GOOD,2.54,TRACKING
2197159,"04 Jul 2026  02:43:27",20194.5,GOOD,2.54,TRACKING
2197160,"04 Jul 2026  02:43:57",20193.7,GOOD,2.54,TRACKING
2197161,"04 Jul 2026  02:44:27",20194.6,GOOD,2.54,TRACKING
2197162,"04 Jul 2026  02:44:57",20194.6,GOOD,2.54,TRACKING
2197163,"04 Jul 2026  02:45:27",20193.4,GOOD,2.54,TRACKING
2197164,"04 Jul 2026  02:45:57",20191.8,GOOD,2.54,TRACKING
2197165,"04 Jul 2026  02:46:27",20193.2,GOOD,2.54,TRACKING
2197166,"04 Jul 2026  02:46:57",20192.6,GOOD,2.54,TRACKING
2197167,"04 Jul 2026  02:47:27",20192.9,GOOD,2.54,TRACKING
2197168,"04 Jul 2026  02:47:57",20194.4,GOOD,2.54,TRACKING
2197169,"04 Jul 2026  02:48:27",20192.5,GOOD,2.54,TRACKING
2197170,"04 Jul 2026  02:48:57",20192.9,GOOD,2.54,TRACKING
2197171,"04 Jul 2026  02:49:27",20193.9,GOOD,2.54,TRACKING
2197172,"04 Jul 2026  02:49:58",20193.9,GOOD,2.54,TRACKING
2197173,"04 Jul 2026  02:50:28",20191.3,GOOD,2.54,TRACKING
2197174,"04 Jul 2026  02:50:58",20189.6,GOOD,2.54,TRACKING
2197175,"04 Jul 2026  02:51:28",20191.2,GOOD,2.54,TRACKING
2197176,"04 Jul 2026  02:51:58",20194.0,GOOD,2.54,TRACKING
2197177,"04 Jul 2026  02:52:28",20194.7,GOOD,2.54,TRACKING
2197178,"04 Jul 2026  02:52:58",20195.0,GOOD,2.54,TRACKING
2197179,"04 Jul 2026  02:53:28",20194.2,GOOD,2.54,TRACKING
2197180,"04 Jul 2026  02:53:58",20194.1,GOOD,2.54,TRACKING
2197181,"04 Jul 2026  02:54:28",20194.8,GOOD,2.54,TRACKING
2197182,"04 Jul 2026  02:54:58",20195.1,GOOD,2.54,TRACKING
2197183,"04 Jul 2026  02:55:28",20195.0,GOOD,2.54,TRACKING
2197184,"04 Jul 2026  02:55:58",20195.7,GOOD,2.54,TRACKING
2197185,"04 Jul 2026  02:56:29",20195.1,GOOD,2.54,TRACKING
2197186,"04 Jul 2026  02:56:59",20193.2,GOOD,2.54,TRACKING
2197187,"04 Jul 2026  02:57:29",20192.7,GOOD,2.54,TRACKING
2197188,"04 Jul 2026  02:57:59",20195.5,GOOD,2.54,TRACKING
2197189,"04 Jul 2026  02:58:29",20195.8,GOOD,2.54,TRACKING
2197190,"04 Jul 2026  02:58:59",20195.1,GOOD,2.54,TRACKING
2197191,"04 Jul 2026  02:59:29",20194.9,GOOD,2.54,TRACKING
2197192,"04 Jul 2026  02:59:59",20194.4,GOOD,2.54,TRACKING
2197193,"04 Jul 2026  03:00:29",20193.2,GOOD,2.54,TRACKING
2197194,"04 Jul 2026  03:00:59",20193.4,GOOD,2.54,TRACKING
2197195,"04 Jul 2026  03:01:29",20193.5,GOOD,2.54,TRACKING
2197196,"04 Jul 2026  03:01:59",20194.0,GOOD,2.54,TRACKING
2197197,"04 Jul 2026  03:02:29",20195.6,GOOD,2.54,TRACKING
2197198,"04 Jul 2026  03:02:59",20196.5,GOOD,2.54,TRACKING
2197199,"04 Jul 2026  03:03:30",20196.3,GOOD,2.54,TRACKING
2197200,"04 Jul 2026  03:04:00",20195.3,GOOD,2.54,TRACKING
2197201,"04 Jul 2026  03:04:30",20195.3,GOOD,2.54,TRACKING
2197202,"04 Jul 2026  03:05:00",20195.1,GOOD,2.54,TRACKING
2197203,"04 Jul 2026  03:05:30",20194.8,GOOD,2.54,TRACKING
2197204,"04 Jul 2026  03:06:00",20194.5,GOOD,2.54,TRACKING
2197205,"04 Jul 2026  03:06:30",20195.0,GOOD,2.54,TRACKING
2197206,"04 Jul 2026  03:07:00",20194.8,GOOD,2.54,TRACKING
2197207,"04 Jul 2026  03:07:30",20194.3,GOOD,2.54,TRACKING
2197208,"04 Jul 2026  03:08:00",20194.1,GOOD,2.54,TRACKING
2197209,"04 Jul 2026  03:08:30",20195.2,GOOD,2.54,TRACKING
2197210,"04 Jul 2026  03:09:00",20197.4,GOOD,2.54,TRACKING
2197211,"04 Jul 2026  03:09:30",20197.2,GOOD,2.54,TRACKING
2197212,"04 Jul 2026  03:10:01",20196.0,GOOD,2.54,TRACKING
2197213,"04 Jul 2026  03:10:31",20197.0,GOOD,2.54,TRACKING
2197214,"04 Jul 2026  03:11:01",20196.4,GOOD,2.54,TRACKING
2197215,"04 Jul 2026  03:11:31",20196.8,GOOD,2.54,TRACKING
2197216,"04 Jul 2026  03:12:01",20196.6,GOOD,2.54,TRACKING
2197217,"04 Jul 2026  03:12:31",20196.6,GOOD,2.54,TRACKING
2197218,"04 Jul 2026  03:13:01",20196.6,GOOD,2.54,TRACKING
2197219,"04 Jul 2026  03:13:31",20195.8,GOOD,2.54,TRACKING
2197220,"04 Jul 2026  03:14:01",20196.5,GOOD,2.54,TRACKING
2197221,"04 Jul 2026  03:14:31",20196.3,GOOD,2.54,TRACKING
2197222,"04 Jul 2026  03:15:01",20196.4,GOOD,2.54,TRACKING
2197223,"04 Jul 2026  03:15:31",20197.1,GOOD,2.54,TRACKING
2197224,"04 Jul 2026  03:16:02",20197.1,GOOD,2.54,TRACKING
2197225,"04 Jul 2026  03:16:32",20196.7,GOOD,2.54,TRACKING
2197226,"04 Jul 2026  03:17:02",20195.1,GOOD,2.54,TRACKING
2197227,"04 Jul 2026  03:17:32",20195.7,GOOD,2.54,TRACKING
2197228,"04 Jul 2026  03:18:02",20197.7,GOOD,2.54,TRACKING
2197229,"04 Jul 2026  03:18:32",20197.4,GOOD,2.54,TRACKING
2197230,"04 Jul 2026  03:19:02",20198.2,GOOD,2.54,TRACKING
2197231,"04 Jul 2026  03:19:32",20197.5,GOOD,2.54,TRACKING
2197232,"04 Jul 2026  03:20:02",20197.1,GOOD,2.54,TRACKING
2197233,"04 Jul 2026  03:20:32",20196.1,GOOD,2.54,TRACKING
2197234,"04 Jul 2026  03:21:02",20196.3,GOOD,2.54,TRACKING
2197235,"04 Jul 2026  03:21:33",20195.8,GOOD,2.54,TRACKING
2197236,"04 Jul 2026  03:22:03",20196.0,GOOD,2.54,TRACKING
2197237,"04 Jul 2026  03:22:33",20195.9,GOOD,2.54,TRACKING
2197238,"04 Jul 2026  03:23:03",20197.5,GOOD,2.54,TRACKING
2197239,"04 Jul 2026  03:23:33",20198.1,GOOD,2.54,TRACKING
2197240,"04 Jul 2026  03:24:03",20197.9,GOOD,2.54,TRACKING
2197241,"04 Jul 2026  03:24:33",20197.5,GOOD,2.54,TRACKING
2197242,"04 Jul 2026  03:25:03",20197.9,GOOD,2.54,TRACKING
2197243,"04 Jul 2026  03:25:33",20198.0,GOOD,2.54,TRACKING
2197244,"04 Jul 2026  03:26:03",20197.9,GOOD,2.54,TRACKING
2197245,"04 Jul 2026  03:26:33",20197.3,GOOD,2.54,TRACKING
2197246,"04 Jul 2026  03:27:03",20198.0,GOOD,2.54,TRACKING
2197247,"04 Jul 2026  03:27:34",20198.9,GOOD,2.54,TRACKING
2197248,"04 Jul 2026  03:28:04",20198.3,GOOD,2.54,TRACKING
2197249,"04 Jul 2026  03:28:34",20200.5,GOOD,2.54,TRACKING
2197250,"04 Jul 2026  03:29:04",20200.2,GOOD,2.54,TRACKING
2197251,"04 Jul 2026  03:29:34",20198.6,GOOD,2.54,TRACKING
2197252,"04 Jul 2026  03:30:04",20200.0,GOOD,2.54,TRACKING
2197253,"04 Jul 2026  03:30:34",20198.8,GOOD,2.54,TRACKING
2197254,"04 Jul 2026  03:31:04",20198.6,GOOD,2.54,TRACKING
2197255,"04 Jul 2026  03:31:34",20200.0,GOOD,2.54,TRACKING
2197256,"04 Jul 2026  03:32:04",20199.2,GOOD,2.54,TRACKING
2197257,"04 Jul 2026  03:32:34",20199.3,GOOD,2.54,TRACKING
2197258,"04 Jul 2026  03:33:05",20198.4,GOOD,2.54,TRACKING
2197259,"04 Jul 2026  03:33:35",20198.8,GOOD,2.54,TRACKING
2197260,"04 Jul 2026  03:34:05",20198.3,GOOD,2.54,TRACKING
2197261,"04 Jul 2026  03:34:35",20198.4,GOOD,2.54,TRACKING
2197262,"04 Jul 2026  03:35:05",20199.8,GOOD,2.54,TRACKING
2197263,"04 Jul 2026  03:35:35",20199.6,GOOD,2.54,TRACKING
2197264,"04 Jul 2026  03:36:05",20199.8,GOOD,2.54,TRACKING
2197265,"04 Jul 2026  03:36:35",20198.5,GOOD,2.54,TRACKING
2197266,"04 Jul 2026  03:37:05",20197.9,GOOD,2.54,TRACKING
2197267,"04 Jul 2026  03:37:35",20198.4,GOOD,2.54,TRACKING
2197268,"04 Jul 2026  03:38:05",20198.3,GOOD,2.54,TRACKING
2197269,"04 Jul 2026  03:38:36",20198.2,GOOD,2.54,TRACKING
2197270,"04 Jul 2026  03:39:06",20197.9,GOOD,2.54,TRACKING
2197271,"04 Jul 2026  03:39:36",20198.5,GOOD,2.54,TRACKING
2197272,"04 Jul 2026  03:40:06",20199.8,GOOD,2.54,TRACKING
2197273,"04 Jul 2026  03:40:36",20198.9,GOOD,2.54,TRACKING
2197274,"04 Jul 2026  03:41:06",20198.2,GOOD,2.54,TRACKING
2197275,"04 Jul 2026  03:41:36",20197.8,GOOD,2.54,TRACKING
2197276,"04 Jul 2026  03:42:06",20198.3,GOOD,2.54,TRACKING
2197277,"04 Jul 2026  03:42:36",20199.1,GOOD,2.54,TRACKING
2197278,"04 Jul 2026  03:43:06",20199.4,GOOD,2.54,TRACKING
2197279,"04 Jul 2026  03:43:36",20199.7,GOOD,2.54,TRACKING
2197280,"04 Jul 2026  03:44:06",20199.8,GOOD,2.54,TRACKING
2197281,"04 Jul 2026  03:44:37",20200.8,GOOD,2.54,TRACKING
2197282,"04 Jul 2026  03:45:07",20199.0,GOOD,2.54,TRACKING
2197283,"04 Jul 2026  03:45:37",20199.8,GOOD,2.54,TRACKING
2197284,"04 Jul 2026  03:46:07",20200.6,GOOD,2.54,TRACKING
2197285,"04 Jul 2026  03:46:37",20200.0,GOOD,2.54,TRACKING
2197286,"04 Jul 2026  03:47:07",20199.9,GOOD,2.54,TRACKING
2197287,"04 Jul 2026  03:47:37",20199.3,GOOD,2.54,TRACKING
2197288,"04 Jul 2026  03:48:07",20200.0,GOOD,2.54,TRACKING
2197289,"04 Jul 2026  03:48:37",20199.5,GOOD,2.54,TRACKING
2197290,"04 Jul 2026  03:49:07",20200.4,GOOD,2.54,TRACKING
2197291,"04 Jul 2026  03:49:37",20201.0,GOOD,2.54,TRACKING
2197292,"04 Jul 2026  03:50:08",20201.2,GOOD,2.54,TRACKING
2197293,"04 Jul 2026  03:50:38",20201.4,GOOD,2.54,TRACKING
2197294,"04 Jul 2026  03:51:08",20201.2,GOOD,2.54,TRACKING
2197295,"04 Jul 2026  03:51:38",20200.8,GOOD,2.54,TRACKING
2197296,"04 Jul 2026  03:52:08",20200.3,GOOD,2.54,TRACKING
2197297,"04 Jul 2026  03:52:38",20200.3,GOOD,2.54,TRACKING
2197298,"04 Jul 2026  03:53:08",20200.2,GOOD,2.54,TRACKING
2197299,"04 Jul 2026  03:53:38",20200.4,GOOD,2.54,TRACKING
2197300,"04 Jul 2026  03:54:08",20201.1,GOOD,2.54,TRACKING
2197301,"04 Jul 2026  03:54:38",20201.5,GOOD,2.54,TRACKING
2197302,"04 Jul 2026  03:55:08",20201.2,GOOD,2.54,TRACKING
2197303,"04 Jul 2026  03:55:39",20200.7,GOOD,2.54,TRACKING
2197304,"04 Jul 2026  03:56:09",20200.0,GOOD,2.54,TRACKING
2197305,"04 Jul 2026  03:56:39",20200.3,GOOD,2.54,TRACKING
2197306,"04 Jul 2026  03:57:09",20200.6,GOOD,2.54,TRACKING
2197307,"04 Jul 2026  03:57:39",20200.8,GOOD,2.54,TRACKING
2197308,"04 Jul 2026  03:58:09",20200.8,GOOD,2.54,TRACKING
2197309,"04 Jul 2026  03:58:39",20200.1,GOOD,2.54,TRACKING
2197310,"04 Jul 2026  03:59:09",20200.1,GOOD,2.54,TRACKING
2197311,"04 Jul 2026  03:59:39",20200.4,GOOD,2.54,TRACKING
2197312,"04 Jul 2026  04:00:09",20200.9,GOOD,2.54,TRACKING
2197313,"04 Jul 2026  04:00:39",20200.1,GOOD,2.54,TRACKING
2197314,"04 Jul 2026  04:01:10",20201.4,GOOD,2.54,TRACKING
2197315,"04 Jul 2026  04:01:40",20201.2,GOOD,2.54,TRACKING
2197316,"04 Jul 2026  04:02:10",20201.7,GOOD,2.54,TRACKING
2197317,"04 Jul 2026  04:02:40",20200.9,GOOD,2.54,TRACKING
2197318,"04 Jul 2026  04:03:10",20200.5,GOOD,2.54,TRACKING
2197319,"04 Jul 2026  04:03:40",20201.9,GOOD,2.54,TRACKING
2197320,"04 Jul 2026  04:04:10",20201.9,GOOD,2.54,TRACKING
2197321,"04 Jul 2026  04:04:40",20201.1,GOOD,2.54,TRACKING
2197322,"04 Jul 2026  04:05:10",20202.0,GOOD,2.54,TRACKING
2197323,"04 Jul 2026  04:05:40",20201.4,GOOD,2.54,TRACKING
2197324,"04 Jul 2026  04:06:10",20202.3,GOOD,2.54,TRACKING
2197325,"04 Jul 2026  04:06:41",20202.4,GOOD,2.54,TRACKING
2197326,"04 Jul 2026  04:07:11",20202.2,GOOD,2.54,TRACKING
2197327,"04 Jul 2026  04:07:41",20203.0,GOOD,2.54,TRACKING
2197328,"04 Jul 2026  04:08:11",20202.2,GOOD,2.54,TRACKING
2197329,"04 Jul 2026  04:08:41",20201.5,GOOD,2.54,TRACKING
2197330,"04 Jul 2026  04:09:11",20201.9,GOOD,2.54,TRACKING
2197331,"04 Jul 2026  04:09:41",20201.7,GOOD,2.54,TRACKING
2197332,"04 Jul 2026  04:10:11",20203.0,GOOD,2.54,TRACKING
2197333,"04 Jul 2026  04:10:41",20203.2,GOOD,2.54,TRACKING
2197334,"04 Jul 2026  04:11:11",20203.1,GOOD,2.54,TRACKING
2197335,"04 Jul 2026  04:11:41",20202.6,GOOD,2.54,TRACKING
2197336,"04 Jul 2026  04:12:12",20201.7,GOOD,2.54,TRACKING
2197337,"04 Jul 2026  04:12:42",20202.3,GOOD,2.54,TRACKING
2197338,"04 Jul 2026  04:13:12",20202.5,GOOD,2.54,TRACKING
2197339,"04 Jul 2026  04:13:42",20203.5,GOOD,2.54,TRACKING
2197340,"04 Jul 2026  04:14:12",20203.4,GOOD,2.54,TRACKING
2197341,"04 Jul 2026  04:14:42",20202.7,GOOD,2.54,TRACKING
2197342,"04 Jul 2026  04:15:12",20202.6,GOOD,2.54,TRACKING
2197343,"04 Jul 2026  04:15:42",20202.6,GOOD,2.54,TRACKING
2197344,"04 Jul 2026  04:16:12",20202.9,GOOD,2.54,TRACKING
2197345,"04 Jul 2026  04:16:42",20203.2,GOOD,2.54,TRACKING
2197346,"04 Jul 2026  04:17:12",20204.0,GOOD,2.54,TRACKING
2197347,"04 Jul 2026  04:17:43",20203.0,GOOD,2.54,TRACKING
2197348,"04 Jul 2026  04:18:13",20203.1,GOOD,2.54,TRACKING
2197349,"04 Jul 2026  04:18:43",20203.1,GOOD,2.54,TRACKING
2197350,"04 Jul 2026  04:19:13",20203.5,GOOD,2.54,TRACKING
2197351,"04 Jul 2026  04:19:43",20203.1,GOOD,2.54,TRACKING
2197352,"04 Jul 2026  04:20:13",20203.2,GOOD,2.54,TRACKING
2197353,"04 Jul 2026  04:20:43",20203.6,GOOD,2.54,TRACKING
2197354,"04 Jul 2026  04:21:13",20202.4,GOOD,2.54,TRACKING
2197355,"04 Jul 2026  04:21:43",20203.2,GOOD,2.54,TRACKING
2197356,"04 Jul 2026  04:22:13",20203.5,GOOD,2.54,TRACKING
2197357,"04 Jul 2026  04:22:43",20203.3,GOOD,2.54,TRACKING
2197358,"04 Jul 2026  04:23:14",20203.4,GOOD,2.54,TRACKING
2197359,"04 Jul 2026  04:23:44",20203.9,GOOD,2.54,TRACKING
2197360,"04 Jul 2026  04:24:14",20204.6,GOOD,2.54,TRACKING
2197361,"04 Jul 2026  04:24:44",20204.6,GOOD,2.54,TRACKING
2197362,"04 Jul 2026  04:25:14",20204.2,GOOD,2.54,TRACKING
2197363,"04 Jul 2026  04:25:44",20204.5,GOOD,2.54,TRACKING
2197364,"04 Jul 2026  04:26:14",20203.9,GOOD,2.54,TRACKING
2197365,"04 Jul 2026  04:26:44",20204.3,GOOD,2.54,TRACKING
2197366,"04 Jul 2026  04:27:14",20204.1,GOOD,2.54,TRACKING
2197367,"04 Jul 2026  04:27:44",20204.5,GOOD,2.54,TRACKING
2197368,"04 Jul 2026  04:28:14",20204.9,GOOD,2.54,TRACKING
2197369,"04 Jul 2026  04:28:45",20203.4,GOOD,2.54,TRACKING
2197370,"04 Jul 2026  04:29:15",20204.4,GOOD,2.54,TRACKING
2197371,"04 Jul 2026  04:29:45",20204.7,GOOD,2.54,TRACKING
2197372,"04 Jul 2026  04:30:15",20204.1,GOOD,2.54,TRACKING
2197373,"04 Jul 2026  04:30:45",20204.7,GOOD,2.54,TRACKING
2197374,"04 Jul 2026  04:31:15",20204.3,GOOD,2.54,TRACKING
2197375,"04 Jul 2026  04:31:45",20203.5,GOOD,2.54,TRACKING
2197376,"04 Jul 2026  04:32:15",20201.9,GOOD,2.54,TRACKING
2197377,"04 Jul 2026  04:32:45",20203.2,GOOD,2.54,TRACKING
2197378,"04 Jul 2026  04:33:15",20203.3,GOOD,2.54,TRACKING
2197379,"04 Jul 2026  04:33:45",20204.3,GOOD,2.54,TRACKING
2197380,"04 Jul 2026  04:34:15",20203.5,GOOD,2.54,TRACKING
2197381,"04 Jul 2026  04:34:45",20203.8,GOOD,2.54,TRACKING
2197382,"04 Jul 2026  04:35:16",20203.8,GOOD,2.54,TRACKING
2197383,"04 Jul 2026  04:35:46",20204.2,GOOD,2.54,TRACKING
2197384,"04 Jul 2026  04:36:16",20204.6,GOOD,2.54,TRACKING
2197385,"04 Jul 2026  04:36:46",20204.2,GOOD,2.54,TRACKING
2197386,"04 Jul 2026  04:37:16",20205.2,GOOD,2.54,TRACKING
2197387,"04 Jul 2026  04:37:46",20205.2,GOOD,2.54,TRACKING
2197388,"04 Jul 2026  04:38:16",20205.4,GOOD,2.54,TRACKING
2197389,"04 Jul 2026  04:38:46",20205.5,GOOD,2.54,TRACKING
2197390,"04 Jul 2026  04:39:16",20205.6,GOOD,2.54,TRACKING
2197391,"04 Jul 2026  04:39:46",20205.8,GOOD,2.54,TRACKING
2197392,"04 Jul 2026  04:40:17",20206.6,GOOD,2.54,TRACKING
2197393,"04 Jul 2026  04:40:47",20206.6,GOOD,2.54,TRACKING
2197394,"04 Jul 2026  04:41:17",20206.0,GOOD,2.54,TRACKING
2197395,"04 Jul 2026  04:41:47",20206.0,GOOD,2.54,TRACKING
2197396,"04 Jul 2026  04:42:17",20204.6,GOOD,2.54,TRACKING
2197397,"04 Jul 2026  04:42:47",20205.9,GOOD,2.54,TRACKING
2197398,"04 Jul 2026  04:43:17",20206.2,GOOD,2.54,TRACKING
2197399,"04 Jul 2026  04:43:47",20205.1,GOOD,2.54,TRACKING
2197400,"04 Jul 2026  04:44:17",20205.2,GOOD,2.54,TRACKING
2197401,"04 Jul 2026  04:44:47",20206.6,GOOD,2.54,TRACKING
2197402,"04 Jul 2026  04:45:17",20206.7,GOOD,2.54,TRACKING
2197403,"04 Jul 2026  04:45:47",20207.0,GOOD,2.54,TRACKING
2197404,"04 Jul 2026  04:46:18",20206.3,GOOD,2.54,TRACKING
2197405,"04 Jul 2026  04:46:48",20207.0,GOOD,2.54,TRACKING
2197406,"04 Jul 2026  04:47:18",20206.3,GOOD,2.54,TRACKING
2197407,"04 Jul 2026  04:47:48",20207.2,GOOD,2.54,TRACKING
2197408,"04 Jul 2026  04:48:18",20205.8,GOOD,2.54,TRACKING
2197409,"04 Jul 2026  04:48:48",20206.6,GOOD,2.54,TRACKING
2197410,"04 Jul 2026  04:49:18",20207.1,GOOD,2.54,TRACKING
2197411,"04 Jul 2026  04:49:48",20207.4,GOOD,2.54,TRACKING
2197412,"04 Jul 2026  04:50:18",20205.7,GOOD,2.54,TRACKING
2197413,"04 Jul 2026  04:50:48",20206.0,GOOD,2.54,TRACKING
2197414,"04 Jul 2026  04:51:18",20207.2,GOOD,2.54,TRACKING
2197415,"04 Jul 2026  04:51:49",20205.5,GOOD,2.54,TRACKING
2197416,"04 Jul 2026  04:52:19",20204.6,GOOD,2.54,TRACKING
2197417,"04 Jul 2026  04:52:49",20205.9,GOOD,2.54,TRACKING
2197418,"04 Jul 2026  04:53:19",20206.8,GOOD,2.54,TRACKING
2197419,"04 Jul 2026  04:53:49",20206.4,GOOD,2.54,TRACKING
2197420,"04 Jul 2026  04:54:19",20207.4,GOOD,2.54,TRACKING
2197421,"04 Jul 2026  04:54:49",20206.8,GOOD,2.54,TRACKING
2197422,"04 Jul 2026  04:55:19",20206.6,GOOD,2.54,TRACKING
2197423,"04 Jul 2026  04:55:49",20207.4,GOOD,2.54,TRACKING
2197424,"04 Jul 2026  04:56:19",20207.4,GOOD,2.54,TRACKING
2197425,"04 Jul 2026  04:56:49",20207.8,GOOD,2.54,TRACKING
2197426,"04 Jul 2026  04:57:19",20207.7,GOOD,2.54,TRACKING
2197427,"04 Jul 2026  04:57:49",20206.5,GOOD,2.54,TRACKING
2197428,"04 Jul 2026  04:58:20",20206.8,GOOD,2.54,TRACKING
2197429,"04 Jul 2026  04:58:50",20207.2,GOOD,2.54,TRACKING
2197430,"04 Jul 2026  04:59:20",20205.8,GOOD,2.54,TRACKING
2197431,"04 Jul 2026  04:59:50",20206.9,GOOD,2.54,TRACKING
2197432,"04 Jul 2026  05:00:20",20205.9,GOOD,2.54,TRACKING
2197433,"04 Jul 2026  05:00:50",20206.7,GOOD,2.54,TRACKING
2197434,"04 Jul 2026  05:01:20",20208.4,GOOD,2.54,TRACKING
2197435,"04 Jul 2026  05:01:50",20206.4,GOOD,2.54,TRACKING
2197436,"04 Jul 2026  05:02:20",20205.8,GOOD,2.54,TRACKING
2197437,"04 Jul 2026  05:02:50",20207.4,GOOD,2.54,TRACKING
2197438,"04 Jul 2026  05:03:20",20204.9,GOOD,2.54,TRACKING
2197439,"04 Jul 2026  05:03:50",20206.3,GOOD,2.54,TRACKING
2197440,"04 Jul 2026  05:04:21",20207.1,GOOD,2.54,TRACKING
2197441,"04 Jul 2026  05:04:51",20208.1,GOOD,2.54,TRACKING
2197442,"04 Jul 2026  05:05:21",20208.3,GOOD,2.54,TRACKING
2197443,"04 Jul 2026  05:05:51",20206.9,GOOD,2.54,TRACKING
2197444,"04 Jul 2026  05:06:21",20207.5,GOOD,2.54,TRACKING
2197445,"04 Jul 2026  05:06:51",20209.0,GOOD,2.54,TRACKING
2197446,"04 Jul 2026  05:07:21",20208.5,GOOD,2.54,TRACKING
2197447,"04 Jul 2026  05:07:51",20207.8,GOOD,2.54,TRACKING
2197448,"04 Jul 2026  05:08:21",20207.8,GOOD,2.54,TRACKING
2197449,"04 Jul 2026  05:08:51",20207.8,GOOD,2.54,TRACKING
2197450,"04 Jul 2026  05:09:21",20208.0,GOOD,2.54,TRACKING
2197451,"04 Jul 2026  05:09:51",20208.6,GOOD,2.54,TRACKING
2197452,"04 Jul 2026  05:10:21",20206.3,GOOD,2.54,TRACKING
2197453,"04 Jul 2026  05:10:52",20206.8,GOOD,2.54,TRACKING
2197454,"04 Jul 2026  05:11:22",20208.8,GOOD,2.54,TRACKING
2197455,"04 Jul 2026  05:11:52",20206.2,GOOD,2.54,TRACKING
2197456,"04 Jul 2026  05:12:22",20207.8,GOOD,2.54,TRACKING
2197457,"04 Jul 2026  05:12:52",20207.9,GOOD,2.54,TRACKING
2197458,"04 Jul 2026  05:13:22",20207.2,GOOD,2.54,TRACKING
2197459,"04 Jul 2026  05:13:52",20207.7,GOOD,2.54,TRACKING
2197460,"04 Jul 2026  05:14:22",20206.8,GOOD,2.54,TRACKING
2197461,"04 Jul 2026  05:14:52",20208.6,GOOD,2.54,TRACKING
2197462,"04 Jul 2026  05:15:22",20208.0,GOOD,2.54,TRACKING
2197463,"04 Jul 2026  05:15:52",20207.5,GOOD,2.54,TRACKING
2197464,"04 Jul 2026  05:16:22",20208.5,GOOD,2.54,TRACKING
2197465,"04 Jul 2026  05:16:53",20208.8,GOOD,2.54,TRACKING
2197466,"04 Jul 2026  05:17:23",20209.4,GOOD,2.54,TRACKING
2197467,"04 Jul 2026  05:17:53",20209.7,GOOD,2.54,TRACKING
2197468,"04 Jul 2026  05:18:23",20209.3,GOOD,2.54,TRACKING
2197469,"04 Jul 2026  05:18:53",20209.3,GOOD,2.54,TRACKING
2197470,"04 Jul 2026  05:19:23",20209.8,GOOD,2.54,TRACKING
2197471,"04 Jul 2026  05:19:53",20209.1,GOOD,2.54,TRACKING
2197472,"04 Jul 2026  05:20:23",20209.5,GOOD,2.54,TRACKING
2197473,"04 Jul 2026  05:20:53",20209.5,GOOD,2.54,TRACKING
2197474,"04 Jul 2026  05:21:23",20209.1,GOOD,2.54,TRACKING
2197475,"04 Jul 2026  05:21:53",20208.9,GOOD,2.54,TRACKING
2197476,"04 Jul 2026  05:22:24",20210.1,GOOD,2.54,TRACKING
2197477,"04 Jul 2026  05:22:54",20209.4,GOOD,2.54,TRACKING
2197478,"04 Jul 2026  05:23:24",20208.5,GOOD,2.54,TRACKING
2197479,"04 Jul 2026  05:23:54",20209.7,GOOD,2.54,TRACKING
2197480,"04 Jul 2026  05:24:24",20210.8,GOOD,2.54,TRACKING
2197481,"04 Jul 2026  05:24:54",20210.5,GOOD,2.54,TRACKING
2197482,"04 Jul 2026  05:25:24",20209.5,GOOD,2.54,TRACKING
2197483,"04 Jul 2026  05:25:54",20209.8,GOOD,2.54,TRACKING
2197484,"04 Jul 2026  05:26:24",20210.0,GOOD,2.54,TRACKING
2197485,"04 Jul 2026  05:26:54",20210.6,GOOD,2.54,TRACKING
2197486,"04 Jul 2026  05:27:24",20210.8,GOOD,2.54,TRACKING
2197487,"04 Jul 2026  05:27:55",20210.2,GOOD,2.54,TRACKING
2197488,"04 Jul 2026  05:28:25",20206.9,GOOD,2.54,TRACKING
2197489,"04 Jul 2026  05:28:55",20208.1,GOOD,2.54,TRACKING
2197490,"04 Jul 2026  05:29:25",20210.4,GOOD,2.54,TRACKING
2197491,"04 Jul 2026  05:29:55",20210.6,GOOD,2.54,TRACKING
2197492,"04 Jul 2026  05:30:25",20211.8,GOOD,2.54,TRACKING
2197493,"04 Jul 2026  05:30:55",20211.5,GOOD,2.54,TRACKING
2197494,"04 Jul 2026  05:31:25",20210.6,GOOD,2.54,TRACKING
2197495,"04 Jul 2026  05:31:55",20210.6,GOOD,2.54,TRACKING
2197496,"04 Jul 2026  05:32:25",20210.2,GOOD,2.54,TRACKING
2197497,"04 Jul 2026  05:32:55",20211.6,GOOD,2.54,TRACKING
2197498,"04 Jul 2026  05:33:26",20211.6,GOOD,2.54,TRACKING
2197499,"04 Jul 2026  05:33:56",20211.7,GOOD,2.54,TRACKING
2197500,"04 Jul 2026  05:34:26",20211.1,GOOD,2.54,TRACKING
2197501,"04 Jul 2026  05:34:56",20211.6,GOOD,2.54,TRACKING
2197502,"04 Jul 2026  05:35:26",20210.9,GOOD,2.54,TRACKING
2197503,"04 Jul 2026  05:35:56",20210.8,GOOD,2.54,TRACKING
2197504,"04 Jul 2026  05:36:26",20211.2,GOOD,2.54,TRACKING
2197505,"04 Jul 2026  05:36:56",20211.8,GOOD,2.54,TRACKING
2197506,"04 Jul 2026  05:37:26",20210.6,GOOD,2.54,TRACKING
2197507,"04 Jul 2026  05:37:56",20211.4,GOOD,2.54,TRACKING
2197508,"04 Jul 2026  05:38:26",20210.8,GOOD,2.54,TRACKING
2197509,"04 Jul 2026  05:38:56",20210.7,GOOD,2.54,TRACKING
2197510,"04 Jul 2026  05:39:27",20210.6,GOOD,2.54,TRACKING
2197511,"04 Jul 2026  05:39:57",20210.9,GOOD,2.54,TRACKING
2197512,"04 Jul 2026  05:40:27",20211.5,GOOD,2.54,TRACKING
2197513,"04 Jul 2026  05:40:57",20212.4,GOOD,2.54,TRACKING
2197514,"04 Jul 2026  05:41:27",20211.4,GOOD,2.54,TRACKING
2197515,"04 Jul 2026  05:41:57",20211.8,GOOD,2.54,TRACKING
2197516,"04 Jul 2026  05:42:27",20211.9,GOOD,2.54,TRACKING
2197517,"04 Jul 2026  05:42:57",20211.8,GOOD,2.54,TRACKING
2197518,"04 Jul 2026  05:43:27",20212.7,GOOD,2.54,TRACKING
2197519,"04 Jul 2026  05:43:57",20212.4,GOOD,2.54,TRACKING
2197520,"04 Jul 2026  05:44:27",20213.6,GOOD,2.54,TRACKING
2197521,"04 Jul 2026  05:44:57",20212.0,GOOD,2.54,TRACKING
2197522,"04 Jul 2026  05:45:28",20212.6,GOOD,2.54,TRACKING
2197523,"04 Jul 2026  05:45:58",20211.6,GOOD,2.54,TRACKING
2197524,"04 Jul 2026  05:46:28",20212.8,GOOD,2.54,TRACKING
2197525,"04 Jul 2026  05:46:58",20212.2,GOOD,2.54,TRACKING
2197526,"04 Jul 2026  05:47:28",20211.5,GOOD,2.54,TRACKING
2197527,"04 Jul 2026  05:47:58",20211.8,GOOD,2.54,TRACKING
2197528,"04 Jul 2026  05:48:28",20211.1,GOOD,2.54,TRACKING
2197529,"04 Jul 2026  05:48:58",20211.9,GOOD,2.54,TRACKING
2197530,"04 Jul 2026  05:49:28",20211.4,GOOD,2.54,TRACKING
2197531,"04 Jul 2026  05:49:58",20212.0,GOOD,2.54,TRACKING
2197532,"04 Jul 2026  05:50:28",20213.1,GOOD,2.54,TRACKING
2197533,"04 Jul 2026  05:50:58",20212.9,GOOD,2.54,TRACKING
2197534,"04 Jul 2026  05:51:29",20213.3,GOOD,2.54,TRACKING
2197535,"04 Jul 2026  05:51:59",20213.1,GOOD,2.54,TRACKING
2197536,"04 Jul 2026  05:52:29",20212.8,GOOD,2.54,TRACKING
2197537,"04 Jul 2026  05:52:59",20212.3,GOOD,2.54,TRACKING
2197538,"04 Jul 2026  05:53:29",20211.9,GOOD,2.54,TRACKING
2197539,"04 Jul 2026  05:53:59",20211.8,GOOD,2.54,TRACKING
2197540,"04 Jul 2026  05:54:29",20212.3,GOOD,2.54,TRACKING
2197541,"04 Jul 2026  05:54:59",20210.9,GOOD,2.54,TRACKING
2197542,"04 Jul 2026  05:55:29",20212.1,GOOD,2.54,TRACKING
2197543,"04 Jul 2026  05:55:59",20212.5,GOOD,2.54,TRACKING
2197544,"04 Jul 2026  05:56:29",20212.5,GOOD,2.54,TRACKING
2197545,"04 Jul 2026  05:56:59",20213.0,GOOD,2.54,TRACKING
2197546,"04 Jul 2026  05:57:30",20212.4,GOOD,2.54,TRACKING
2197547,"04 Jul 2026  05:58:00",20213.4,GOOD,2.54,TRACKING
2197548,"04 Jul 2026  05:58:30",20213.9,GOOD,2.54,TRACKING
2197549,"04 Jul 2026  05:59:00",20212.8,GOOD,2.54,TRACKING
2197550,"04 Jul 2026  05:59:30",20212.2,GOOD,2.54,TRACKING
2197551,"04 Jul 2026  06:00:00",20211.1,GOOD,2.54,TRACKING
2197552,"04 Jul 2026  06:00:30",20210.2,GOOD,2.54,TRACKING
2197553,"04 Jul 2026  06:01:00",20211.8,GOOD,2.54,TRACKING
2197554,"04 Jul 2026  06:01:30",20213.2,GOOD,2.54,TRACKING
2197555,"04 Jul 2026  06:02:00",20213.7,GOOD,2.54,TRACKING
2197556,"04 Jul 2026  06:02:30",20213.0,GOOD,2.54,TRACKING
2197557,"04 Jul 2026  06:03:00",20213.2,GOOD,2.54,TRACKING
2197558,"04 Jul 2026  06:03:30",20214.9,GOOD,2.54,TRACKING
2197559,"04 Jul 2026  06:04:01",20214.5,GOOD,2.54,TRACKING
2197560,"04 Jul 2026  06:04:31",20215.1,GOOD,2.54,TRACKING
2197561,"04 Jul 2026  06:05:01",20215.0,GOOD,2.54,TRACKING
2197562,"04 Jul 2026  06:05:31",20215.6,GOOD,2.54,TRACKING
2197563,"04 Jul 2026  06:06:01",20215.9,GOOD,2.54,TRACKING
2197564,"04 Jul 2026  06:06:31",20215.5,GOOD,2.54,TRACKING
2197565,"04 Jul 2026  06:07:01",20215.0,GOOD,2.54,TRACKING
2197566,"04 Jul 2026  06:07:31",20214.7,GOOD,2.54,TRACKING
2197567,"04 Jul 2026  06:08:01",20214.8,GOOD,2.54,TRACKING
2197568,"04 Jul 2026  06:08:31",20212.5,GOOD,2.54,TRACKING
2197569,"04 Jul 2026  06:09:01",20213.3,GOOD,2.54,TRACKING
2197570,"04 Jul 2026  06:09:31",20215.5,GOOD,2.54,TRACKING
2197571,"04 Jul 2026  06:10:02",20216.1,GOOD,2.54,TRACKING
2197572,"04 Jul 2026  06:10:32",20215.8,GOOD,2.54,TRACKING
2197573,"04 Jul 2026  06:11:02",20215.3,GOOD,2.54,TRACKING
2197574,"04 Jul 2026  06:11:32",20216.6,GOOD,2.54,TRACKING
2197575,"04 Jul 2026  06:12:02",20217.4,GOOD,2.54,TRACKING
2197576,"04 Jul 2026  06:12:32",20216.0,GOOD,2.54,TRACKING
2197577,"04 Jul 2026  06:13:02",20216.4,GOOD,2.54,TRACKING
2197578,"04 Jul 2026  06:13:32",20216.0,GOOD,2.54,TRACKING
2197579,"04 Jul 2026  06:14:02",20215.5,GOOD,2.54,TRACKING
2197580,"04 Jul 2026  06:14:32",20216.1,GOOD,2.54,TRACKING
2197581,"04 Jul 2026  06:15:02",20215.7,GOOD,2.54,TRACKING
2197582,"04 Jul 2026  06:15:33",20215.7,GOOD,2.54,TRACKING
2197583,"04 Jul 2026  06:16:03",20215.8,GOOD,2.54,TRACKING
2197584,"04 Jul 2026  06:16:33",20217.1,GOOD,2.54,TRACKING
2197585,"04 Jul 2026  06:17:03",20217.1,GOOD,2.54,TRACKING
2197586,"04 Jul 2026  06:17:33",20215.8,GOOD,2.54,TRACKING
2197587,"04 Jul 2026  06:18:03",20217.0,GOOD,2.54,TRACKING
2197588,"04 Jul 2026  06:18:33",20217.4,GOOD,2.54,TRACKING
2197589,"04 Jul 2026  06:19:03",20217.1,GOOD,2.54,TRACKING
2197590,"04 Jul 2026  06:19:33",20217.0,GOOD,2.54,TRACKING
2197591,"04 Jul 2026  06:20:03",20218.0,GOOD,2.54,TRACKING
2197592,"04 Jul 2026  06:20:33",20218.3,GOOD,2.54,TRACKING
2197593,"04 Jul 2026  06:21:03",20218.7,GOOD,2.54,TRACKING
2197594,"04 Jul 2026  06:21:34",20218.2,GOOD,2.54,TRACKING
2197595,"04 Jul 2026  06:22:04",20217.9,GOOD,2.54,TRACKING
2197596,"04 Jul 2026  06:22:34",20217.3,GOOD,2.54,TRACKING
2197597,"04 Jul 2026  06:23:04",20217.1,GOOD,2.54,TRACKING
2197598,"04 Jul 2026  06:23:34",20216.7,GOOD,2.54,TRACKING
2197599,"04 Jul 2026  06:24:04",20216.9,GOOD,2.54,TRACKING
2197600,"04 Jul 2026  06:24:34",20216.8,GOOD,2.54,TRACKING
2197601,"04 Jul 2026  06:25:04",20217.3,GOOD,2.54,TRACKING
2197602,"04 Jul 2026  06:25:34",20217.3,GOOD,2.54,TRACKING
2197603,"04 Jul 2026  06:26:04",20217.7,GOOD,2.54,TRACKING
2197604,"04 Jul 2026  06:26:34",20217.3,GOOD,2.54,TRACKING
2197605,"04 Jul 2026  06:27:04",20216.9,GOOD,2.54,TRACKING
2197606,"04 Jul 2026  06:27:35",20217.7,GOOD,2.54,TRACKING
2197607,"04 Jul 2026  06:28:05",20218.3,GOOD,2.54,TRACKING
2197608,"04 Jul 2026  06:28:35",20217.9,GOOD,2.54,TRACKING
2197609,"04 Jul 2026  06:29:05",20218.0,GOOD,2.54,TRACKING
2197610,"04 Jul 2026  06:29:35",20217.3,GOOD,2.54,TRACKING
2197611,"04 Jul 2026  06:30:05",20217.7,GOOD,2.54,TRACKING
2197612,"04 Jul 2026  06:30:35",20217.7,GOOD,2.54,TRACKING
2197613,"04 Jul 2026  06:31:05",20217.3,GOOD,2.54,TRACKING
2197614,"04 Jul 2026  06:31:35",20217.2,GOOD,2.54,TRACKING
2197615,"04 Jul 2026  06:32:05",20217.4,GOOD,2.54,TRACKING
2197616,"04 Jul 2026  06:32:35",20218.3,GOOD,2.54,TRACKING
2197617,"04 Jul 2026  06:33:05",20218.1,GOOD,2.54,TRACKING
2197618,"04 Jul 2026  06:33:36",20218.5,GOOD,2.54,TRACKING
2197619,"04 Jul 2026  06:34:06",20217.4,GOOD,2.54,TRACKING
2197620,"04 Jul 2026  06:34:36",20217.9,GOOD,2.54,TRACKING
2197621,"04 Jul 2026  06:35:06",20218.1,GOOD,2.54,TRACKING
2197622,"04 Jul 2026  06:35:36",20217.0,GOOD,2.54,TRACKING
2197623,"04 Jul 2026  06:36:06",20217.9,GOOD,2.54,TRACKING
2197624,"04 Jul 2026  06:36:36",20218.0,GOOD,2.54,TRACKING
2197625,"04 Jul 2026  06:37:06",20218.2,GOOD,2.54,TRACKING
2197626,"04 Jul 2026  06:37:36",20218.1,GOOD,2.54,TRACKING
2197627,"04 Jul 2026  06:38:06",20219.0,GOOD,2.54,TRACKING
2197628,"04 Jul 2026  06:38:36",20219.9,GOOD,2.54,TRACKING
2197629,"04 Jul 2026  06:39:06",20219.3,GOOD,2.54,TRACKING
2197630,"04 Jul 2026  06:39:36",20219.6,GOOD,2.54,TRACKING
2197631,"04 Jul 2026  06:40:07",20219.7,GOOD,2.54,TRACKING
2197632,"04 Jul 2026  06:40:37",20220.4,GOOD,2.54,TRACKING
2197633,"04 Jul 2026  06:41:07",20220.6,GOOD,2.54,TRACKING
2197634,"04 Jul 2026  06:41:37",20221.0,GOOD,2.54,TRACKING
2197635,"04 Jul 2026  06:42:07",20220.7,GOOD,2.54,TRACKING
2197636,"04 Jul 2026  06:42:37",20220.0,GOOD,2.54,TRACKING
2197637,"04 Jul 2026  06:43:07",20218.5,GOOD,2.54,TRACKING
2197638,"04 Jul 2026  06:43:37",20219.9,GOOD,2.54,TRACKING
2197639,"04 Jul 2026  06:44:07",20222.1,GOOD,2.54,TRACKING
2197640,"04 Jul 2026  06:44:37",20221.0,GOOD,2.54,TRACKING
2197641,"04 Jul 2026  06:45:07",20220.3,GOOD,2.54,TRACKING
2197642,"04 Jul 2026  06:45:37",20220.4,GOOD,2.54,TRACKING
2197643,"04 Jul 2026  06:46:08",20220.2,GOOD,2.54,TRACKING
2197644,"04 Jul 2026  06:46:38",20219.3,GOOD,2.54,TRACKING
2197645,"04 Jul 2026  06:47:08",20219.1,GOOD,2.54,TRACKING
2197646,"04 Jul 2026  06:47:38",20219.5,GOOD,2.54,TRACKING
2197647,"04 Jul 2026  06:48:08",20219.3,GOOD,2.54,TRACKING
2197648,"04 Jul 2026  06:48:38",20219.0,GOOD,2.54,TRACKING
2197649,"04 Jul 2026  06:49:08",20219.0,GOOD,2.54,TRACKING
2197650,"04 Jul 2026  06:49:38",20220.8,GOOD,2.54,TRACKING
2197651,"04 Jul 2026  06:50:08",20221.7,GOOD,2.54,TRACKING
2197652,"04 Jul 2026  06:50:38",20221.2,GOOD,2.54,TRACKING
2197653,"04 Jul 2026  06:51:08",20220.4,GOOD,2.54,TRACKING
2197654,"04 Jul 2026  06:51:38",20220.7,GOOD,2.54,TRACKING
2197655,"04 Jul 2026  06:52:08",20221.6,GOOD,2.54,TRACKING
2197656,"04 Jul 2026  06:52:38",20221.0,GOOD,2.54,TRACKING
2197657,"04 Jul 2026  06:53:09",20221.5,GOOD,2.54,TRACKING
2197658,"04 Jul 2026  06:53:39",20221.3,GOOD,2.54,TRACKING
2197659,"04 Jul 2026  06:54:09",20220.6,GOOD,2.54,TRACKING
2197660,"04 Jul 2026  06:54:39",20220.4,GOOD,2.54,TRACKING
2197661,"04 Jul 2026  06:55:09",20220.1,GOOD,2.54,TRACKING
2197662,"04 Jul 2026  06:55:39",20220.0,GOOD,2.54,TRACKING
2197663,"04 Jul 2026  06:56:09",20220.9,GOOD,2.54,TRACKING
2197664,"04 Jul 2026  06:56:39",20220.2,GOOD,2.54,TRACKING
2197665,"04 Jul 2026  06:57:09",20220.1,GOOD,2.54,TRACKING
2197666,"04 Jul 2026  06:57:39",20220.9,GOOD,2.54,TRACKING
2197667,"04 Jul 2026  06:58:09",20221.7,GOOD,2.54,TRACKING
2197668,"04 Jul 2026  06:58:39",20222.1,GOOD,2.54,TRACKING
2197669,"04 Jul 2026  06:59:09",20221.8,GOOD,2.54,TRACKING
2197670,"04 Jul 2026  06:59:40",20219.4,GOOD,2.54,TRACKING
2197671,"04 Jul 2026  07:00:10",20219.1,GOOD,2.54,TRACKING
2197672,"04 Jul 2026  07:00:40",20218.1,GOOD,2.54,TRACKING
2197673,"04 Jul 2026  07:01:10",20220.5,GOOD,2.54,TRACKING
2197674,"04 Jul 2026  07:01:40",20222.8,GOOD,2.54,TRACKING
2197675,"04 Jul 2026  07:02:10",20222.8,GOOD,2.54,TRACKING
2197676,"04 Jul 2026  07:02:40",20223.3,GOOD,2.54,TRACKING
2197677,"04 Jul 2026  07:03:10",20223.3,GOOD,2.54,TRACKING
2197678,"04 Jul 2026  07:03:40",20223.2,GOOD,2.54,TRACKING
2197679,"04 Jul 2026  07:04:10",20223.3,GOOD,2.54,TRACKING
2197680,"04 Jul 2026  07:04:40",20223.3,GOOD,2.54,TRACKING
2197681,"04 Jul 2026  07:05:10",20222.6,GOOD,2.54,TRACKING
2197682,"04 Jul 2026  07:05:40",20222.5,GOOD,2.54,TRACKING
2197683,"04 Jul 2026  07:06:11",20222.8,GOOD,2.54,TRACKING
2197684,"04 Jul 2026  07:06:41",20222.0,GOOD,2.54,TRACKING
2197685,"04 Jul 2026  07:07:11",20221.0,GOOD,2.54,TRACKING
2197686,"04 Jul 2026  07:07:41",20221.4,GOOD,2.54,TRACKING
2197687,"04 Jul 2026  07:08:11",20222.2,GOOD,2.54,TRACKING
2197688,"04 Jul 2026  07:08:41",20222.5,GOOD,2.54,TRACKING
2197689,"04 Jul 2026  07:09:11",20220.1,GOOD,2.54,TRACKING
2197690,"04 Jul 2026  07:09:41",20221.0,GOOD,2.54,TRACKING
2197691,"04 Jul 2026  07:10:11",20222.1,GOOD,2.54,TRACKING
2197692,"04 Jul 2026  07:10:41",20221.6,GOOD,2.54,TRACKING
2197693,"04 Jul 2026  07:11:11",20222.0,GOOD,2.54,TRACKING
2197694,"04 Jul 2026  07:11:41",20222.3,GOOD,2.54,TRACKING
2197695,"04 Jul 2026  07:12:11",20221.9,GOOD,2.54,TRACKING
2197696,"04 Jul 2026  07:12:41",20222.7,GOOD,2.54,TRACKING
2197697,"04 Jul 2026  07:13:11",20221.9,GOOD,2.54,TRACKING
2197698,"04 Jul 2026  07:13:42",20222.7,GOOD,2.54,TRACKING
2197699,"04 Jul 2026  07:14:12",20223.1,GOOD,2.54,TRACKING
2197700,"04 Jul 2026  07:14:42",20223.7,GOOD,2.54,TRACKING
2197701,"04 Jul 2026  07:15:12",20223.7,GOOD,2.54,TRACKING
2197702,"04 Jul 2026  07:15:42",20222.6,GOOD,2.54,TRACKING
2197703,"04 Jul 2026  07:16:12",20222.5,GOOD,2.54,TRACKING
2197704,"04 Jul 2026  07:16:42",20223.2,GOOD,2.54,TRACKING
2197705,"04 Jul 2026  07:17:12",20223.4,GOOD,2.54,TRACKING
2197706,"04 Jul 2026  07:17:42",20223.6,GOOD,2.54,TRACKING
2197707,"04 Jul 2026  07:18:12",20223.5,GOOD,2.54,TRACKING
2197708,"04 Jul 2026  07:18:42",20224.3,GOOD,2.54,TRACKING
2197709,"04 Jul 2026  07:19:12",20224.5,GOOD,2.54,TRACKING
2197710,"04 Jul 2026  07:19:42",20223.8,GOOD,2.54,TRACKING
2197711,"04 Jul 2026  07:20:13",20224.6,GOOD,2.54,TRACKING
2197712,"04 Jul 2026  07:20:43",20224.9,GOOD,2.54,TRACKING
2197713,"04 Jul 2026  07:21:13",20225.6,GOOD,2.54,TRACKING
2197714,"04 Jul 2026  07:21:43",20225.7,GOOD,2.54,TRACKING
2197715,"04 Jul 2026  07:22:13",20224.6,GOOD,2.54,TRACKING
2197716,"04 Jul 2026  07:22:43",20223.4,GOOD,2.54,TRACKING
2197717,"04 Jul 2026  07:23:13",20222.6,GOOD,2.54,TRACKING
2197718,"04 Jul 2026  07:23:43",20223.6,GOOD,2.54,TRACKING
2197719,"04 Jul 2026  07:24:13",20225.1,GOOD,2.54,TRACKING
2197720,"04 Jul 2026  07:24:43",20224.2,GOOD,2.54,TRACKING
2197721,"04 Jul 2026  07:25:13",20225.0,GOOD,2.54,TRACKING
2197722,"04 Jul 2026  07:25:43",20225.2,GOOD,2.54,TRACKING
2197723,"04 Jul 2026  07:26:14",20225.0,GOOD,2.54,TRACKING
2197724,"04 Jul 2026  07:26:44",20224.6,GOOD,2.54,TRACKING
2197725,"04 Jul 2026  07:27:14",20224.3,GOOD,2.54,TRACKING
2197726,"04 Jul 2026  07:27:44",20225.1,GOOD,2.54,TRACKING
2197727,"04 Jul 2026  07:28:14",20226.1,GOOD,2.54,TRACKING
2197728,"04 Jul 2026  07:28:44",20225.9,GOOD,2.54,TRACKING
2197729,"04 Jul 2026  07:29:14",20225.7,GOOD,2.54,TRACKING
2197730,"04 Jul 2026  07:29:44",20226.2,GOOD,2.54,TRACKING
2197731,"04 Jul 2026  07:30:14",20226.3,GOOD,2.54,TRACKING
2197732,"04 Jul 2026  07:30:44",20226.9,GOOD,2.54,TRACKING
2197733,"04 Jul 2026  07:31:14",20227.2,GOOD,2.54,TRACKING
2197734,"04 Jul 2026  07:31:44",20227.5,GOOD,2.54,TRACKING
2197735,"04 Jul 2026  07:32:14",20227.1,GOOD,2.54,TRACKING
2197736,"04 Jul 2026  07:32:45",20227.2,GOOD,2.54,TRACKING
2197737,"04 Jul 2026  07:33:15",20228.1,GOOD,2.54,TRACKING
2197738,"04 Jul 2026  07:33:45",20227.8,GOOD,2.54,TRACKING
2197739,"04 Jul 2026  07:34:15",20227.2,GOOD,2.54,TRACKING
2197740,"04 Jul 2026  07:34:45",20226.7,GOOD,2.54,TRACKING
2197741,"04 Jul 2026  07:35:15",20226.5,GOOD,2.54,TRACKING
2197742,"04 Jul 2026  07:35:45",20226.7,GOOD,2.54,TRACKING
2197743,"04 Jul 2026  07:36:15",20227.1,GOOD,2.54,TRACKING
2197744,"04 Jul 2026  07:36:45",20226.5,GOOD,2.54,TRACKING
2197745,"04 Jul 2026  07:37:15",20226.3,GOOD,2.54,TRACKING
2197746,"04 Jul 2026  07:37:45",20226.4,GOOD,2.54,TRACKING
2197747,"04 Jul 2026  07:38:15",20227.2,GOOD,2.54,TRACKING
2197748,"04 Jul 2026  07:38:45",20226.8,GOOD,2.54,TRACKING
2197749,"04 Jul 2026  07:39:16",20225.6,GOOD,2.54,TRACKING
2197750,"04 Jul 2026  07:39:46",20227.1,GOOD,2.54,TRACKING
2197751,"04 Jul 2026  07:40:16",20226.8,GOOD,2.54,TRACKING
2197752,"04 Jul 2026  07:40:46",20227.2,GOOD,2.54,TRACKING
2197753,"04 Jul 2026  07:41:16",20227.4,GOOD,2.54,TRACKING
2197754,"04 Jul 2026  07:41:46",20227.0,GOOD,2.54,TRACKING
2197755,"04 Jul 2026  07:42:16",20226.4,GOOD,2.54,TRACKING
2197756,"04 Jul 2026  07:42:46",20226.7,GOOD,2.54,TRACKING
2197757,"04 Jul 2026  07:43:16",20227.7,GOOD,2.54,TRACKING
2197758,"04 Jul 2026  07:43:46",20226.8,GOOD,2.54,TRACKING
2197759,"04 Jul 2026  07:44:16",20227.3,GOOD,2.54,TRACKING
2197760,"04 Jul 2026  07:44:46",20227.5,GOOD,2.54,TRACKING
2197761,"04 Jul 2026  07:45:16",20227.5,GOOD,2.54,TRACKING
2197762,"04 Jul 2026  07:45:46",20227.4,GOOD,2.54,TRACKING
2197763,"04 Jul 2026  07:46:17",20227.2,GOOD,2.54,TRACKING
2197764,"04 Jul 2026  07:46:47",20227.9,GOOD,2.54,TRACKING
2197765,"04 Jul 2026  07:47:17",20227.2,GOOD,2.54,TRACKING
2197766,"04 Jul 2026  07:47:47",20228.4,GOOD,2.54,TRACKING
2197767,"04 Jul 2026  07:48:17",20229.0,GOOD,2.54,TRACKING
2197768,"04 Jul 2026  07:48:47",20229.7,GOOD,2.54,TRACKING
2197769,"04 Jul 2026  07:49:17",20229.8,GOOD,2.54,TRACKING
2197770,"04 Jul 2026  07:49:47",20228.9,GOOD,2.54,TRACKING
2197771,"04 Jul 2026  07:50:17",20228.6,GOOD,2.54,TRACKING
2197772,"04 Jul 2026  07:50:47",20229.5,GOOD,2.54,TRACKING
2197773,"04 Jul 2026  07:51:17",20229.5,GOOD,2.54,TRACKING
2197774,"04 Jul 2026  07:51:47",20228.2,GOOD,2.54,TRACKING
2197775,"04 Jul 2026  07:52:17",20228.1,GOOD,2.54,TRACKING
2197776,"04 Jul 2026  07:52:47",20229.1,GOOD,2.54,TRACKING
2197777,"04 Jul 2026  07:53:18",20229.0,GOOD,2.54,TRACKING
2197778,"04 Jul 2026  07:53:48",20228.3,GOOD,2.54,TRACKING
2197779,"04 Jul 2026  07:54:18",20229.2,GOOD,2.54,TRACKING
2197780,"04 Jul 2026  07:54:48",20228.9,GOOD,2.54,TRACKING
2197781,"04 Jul 2026  07:55:18",20228.3,GOOD,2.54,TRACKING
2197782,"04 Jul 2026  07:55:48",20228.6,GOOD,2.54,TRACKING
2197783,"04 Jul 2026  07:56:18",20229.4,GOOD,2.54,TRACKING
2197784,"04 Jul 2026  07:56:48",20229.0,GOOD,2.54,TRACKING
2197785,"04 Jul 2026  07:57:18",20228.8,GOOD,2.54,TRACKING
2197786,"04 Jul 2026  07:57:48",20229.3,GOOD,2.54,TRACKING
2197787,"04 Jul 2026  07:58:18",20229.7,GOOD,2.54,TRACKING
2197788,"04 Jul 2026  07:58:48",20229.2,GOOD,2.54,TRACKING
2197789,"04 Jul 2026  07:59:18",20227.9,GOOD,2.54,TRACKING
2197790,"04 Jul 2026  07:59:48",20228.4,GOOD,2.54,TRACKING
2197791,"04 Jul 2026  08:00:19",20229.0,GOOD,2.54,TRACKING
2197792,"04 Jul 2026  08:00:49",20229.0,GOOD,2.54,TRACKING
2197793,"04 Jul 2026  08:01:19",20229.4,GOOD,2.54,TRACKING
2197794,"04 Jul 2026  08:01:49",20229.4,GOOD,2.54,TRACKING
2197795,"04 Jul 2026  08:02:19",20229.4,GOOD,2.54,TRACKING
2197796,"04 Jul 2026  08:02:49",20229.5,GOOD,2.54,TRACKING
2197797,"04 Jul 2026  08:03:19",20229.3,GOOD,2.54,TRACKING
2197798,"04 Jul 2026  08:03:49",20229.4,GOOD,2.54,TRACKING
2197799,"04 Jul 2026  08:04:19",20229.2,GOOD,2.54,TRACKING
2197800,"04 Jul 2026  08:04:49",20229.1,GOOD,2.54,TRACKING
2197801,"04 Jul 2026  08:05:19",20229.4,GOOD,2.54,TRACKING
2197802,"04 Jul 2026  08:05:49",20229.6,GOOD,2.54,TRACKING
2197803,"04 Jul 2026  08:06:19",20229.0,GOOD,2.54,TRACKING
2197804,"04 Jul 2026  08:06:49",20229.4,GOOD,2.54,TRACKING
2197805,"04 Jul 2026  08:07:20",20229.7,GOOD,2.54,TRACKING
2197806,"04 Jul 2026  08:07:50",20228.9,GOOD,2.54,TRACKING
2197807,"04 Jul 2026  08:08:20",20229.5,GOOD,2.54,TRACKING
2197808,"04 Jul 2026  08:08:50",20229.7,GOOD,2.54,TRACKING
2197809,"04 Jul 2026  08:09:20",20229.7,GOOD,2.54,TRACKING
2197810,"04 Jul 2026  08:09:50",20230.3,GOOD,2.54,TRACKING
2197811,"04 Jul 2026  08:10:20",20230.9,GOOD,2.54,TRACKING
2197812,"04 Jul 2026  08:10:50",20229.7,GOOD,2.54,TRACKING
2197813,"04 Jul 2026  08:11:20",20230.0,GOOD,2.54,TRACKING
2197814,"04 Jul 2026  08:11:50",20228.9,GOOD,2.54,TRACKING
2197815,"04 Jul 2026  08:12:20",20229.6,GOOD,2.54,TRACKING
2197816,"04 Jul 2026  08:12:50",20229.7,GOOD,2.54,TRACKING
2197817,"04 Jul 2026  08:13:20",20230.7,GOOD,2.54,TRACKING
2197818,"04 Jul 2026  08:13:51",20230.4,GOOD,2.54,TRACKING
2197819,"04 Jul 2026  08:14:21",20229.4,GOOD,2.54,TRACKING
2197820,"04 Jul 2026  08:14:51",20230.0,GOOD,2.54,TRACKING
2197821,"04 Jul 2026  08:15:21",20229.6,GOOD,2.54,TRACKING
2197822,"04 Jul 2026  08:15:51",20230.8,GOOD,2.54,TRACKING
2197823,"04 Jul 2026  08:16:21",20230.6,GOOD,2.54,TRACKING
2197824,"04 Jul 2026  08:16:51",20230.3,GOOD,2.54,TRACKING
2197825,"04 Jul 2026  08:17:21",20231.6,GOOD,2.54,TRACKING
2197826,"04 Jul 2026  08:17:51",20231.6,GOOD,2.54,TRACKING
2197827,"04 Jul 2026  08:18:21",20231.5,GOOD,2.54,TRACKING
2197828,"04 Jul 2026  08:18:51",20231.7,GOOD,2.54,TRACKING
2197829,"04 Jul 2026  08:19:21",20230.8,GOOD,2.54,TRACKING
2197830,"04 Jul 2026  08:19:51",20230.4,GOOD,2.54,TRACKING
2197831,"04 Jul 2026  08:20:22",20230.0,GOOD,2.54,TRACKING
2197832,"04 Jul 2026  08:20:52",20229.5,GOOD,2.54,TRACKING
2197833,"04 Jul 2026  08:21:22",20229.6,GOOD,2.54,TRACKING
2197834,"04 Jul 2026  08:21:52",20230.0,GOOD,2.54,TRACKING
2197835,"04 Jul 2026  08:22:22",20230.2,GOOD,2.54,TRACKING
2197836,"04 Jul 2026  08:22:52",20229.9,GOOD,2.54,TRACKING
2197837,"04 Jul 2026  08:23:22",20228.4,GOOD,2.54,TRACKING
2197838,"04 Jul 2026  08:23:52",20229.3,GOOD,2.54,TRACKING
2197839,"04 Jul 2026  08:24:22",20230.3,GOOD,2.54,TRACKING
2197840,"04 Jul 2026  08:24:52",20231.0,GOOD,2.54,TRACKING
2197841,"04 Jul 2026  08:25:22",20230.5,GOOD,2.54,TRACKING
2197842,"04 Jul 2026  08:25:52",20231.6,GOOD,2.54,TRACKING
2197843,"04 Jul 2026  08:26:22",20231.7,GOOD,2.54,TRACKING
2197844,"04 Jul 2026  08:26:52",20231.9,GOOD,2.54,TRACKING
2197845,"04 Jul 2026  08:27:22",20232.1,GOOD,2.54,TRACKING
2197846,"04 Jul 2026  08:27:53",20232.4,GOOD,2.54,TRACKING
2197847,"04 Jul 2026  08:28:23",20232.7,GOOD,2.54,TRACKING
2197848,"04 Jul 2026  08:28:53",20231.8,GOOD,2.54,TRACKING
2197849,"04 Jul 2026  08:29:23",20231.1,GOOD,2.54,TRACKING
2197850,"04 Jul 2026  08:29:53",20231.6,GOOD,2.54,TRACKING
2197851,"04 Jul 2026  08:30:23",20231.6,GOOD,2.54,TRACKING
2197852,"04 Jul 2026  08:30:53",20231.9,GOOD,2.54,TRACKING
2197853,"04 Jul 2026  08:31:23",20232.6,GOOD,2.54,TRACKING
2197854,"04 Jul 2026  08:31:53",20232.4,GOOD,2.54,TRACKING
2197855,"04 Jul 2026  08:32:23",20232.5,GOOD,2.54,TRACKING
2197856,"04 Jul 2026  08:32:53",20232.7,GOOD,2.54,TRACKING
2197857,"04 Jul 2026  08:33:23",20233.4,GOOD,2.54,TRACKING
2197858,"04 Jul 2026  08:33:53",20233.2,GOOD,2.54,TRACKING
2197859,"04 Jul 2026  08:34:23",20233.0,GOOD,2.54,TRACKING
2197860,"04 Jul 2026  08:34:54",20232.6,GOOD,2.54,TRACKING
2197861,"04 Jul 2026  08:35:24",20231.8,GOOD,2.54,TRACKING
2197862,"04 Jul 2026  08:35:54",20232.3,GOOD,2.54,TRACKING
2197863,"04 Jul 2026  08:36:24",20233.0,GOOD,2.54,TRACKING
2197864,"04 Jul 2026  08:36:54",20234.1,GOOD,2.54,TRACKING
2197865,"04 Jul 2026  08:37:24",20233.8,GOOD,2.54,TRACKING
2197866,"04 Jul 2026  08:37:54",20235.0,GOOD,2.54,TRACKING
2197867,"04 Jul 2026  08:38:24",20234.7,GOOD,2.54,TRACKING
2197868,"04 Jul 2026  08:38:54",20234.3,GOOD,2.54,TRACKING
2197869,"04 Jul 2026  08:39:24",20234.0,GOOD,2.54,TRACKING
2197870,"04 Jul 2026  08:39:54",20233.4,GOOD,2.54,TRACKING
2197871,"04 Jul 2026  08:40:24",20233.4,GOOD,2.54,TRACKING
2197872,"04 Jul 2026  08:40:54",20233.8,GOOD,2.54,TRACKING
2197873,"04 Jul 2026  08:41:24",20234.6,GOOD,2.54,TRACKING
2197874,"04 Jul 2026  08:41:55",20235.5,GOOD,2.54,TRACKING
2197875,"04 Jul 2026  08:42:25",20235.1,GOOD,2.54,TRACKING
2197876,"04 Jul 2026  08:42:55",20234.4,GOOD,2.54,TRACKING
2197877,"04 Jul 2026  08:43:25",20234.3,GOOD,2.54,TRACKING
2197878,"04 Jul 2026  08:43:55",20234.1,GOOD,2.54,TRACKING
2197879,"04 Jul 2026  08:44:25",20235.9,GOOD,2.54,TRACKING
2197880,"04 Jul 2026  08:44:55",20235.9,GOOD,2.54,TRACKING
2197881,"04 Jul 2026  08:45:25",20235.1,GOOD,2.54,TRACKING
2197882,"04 Jul 2026  08:45:55",20234.5,GOOD,2.54,TRACKING
2197883,"04 Jul 2026  08:46:25",20234.0,GOOD,2.54,TRACKING
2197884,"04 Jul 2026  08:46:55",20235.0,GOOD,2.54,TRACKING
2197885,"04 Jul 2026  08:47:25",20235.5,GOOD,2.54,TRACKING
2197886,"04 Jul 2026  08:47:55",20235.5,GOOD,2.54,TRACKING
2197887,"04 Jul 2026  08:48:26",20235.4,GOOD,2.54,TRACKING
2197888,"04 Jul 2026  08:48:56",20234.8,GOOD,2.54,TRACKING
2197889,"04 Jul 2026  08:49:26",20233.6,GOOD,2.54,TRACKING
2197890,"04 Jul 2026  08:49:56",20233.4,GOOD,2.54,TRACKING
2197891,"04 Jul 2026  08:50:26",20234.2,GOOD,2.54,TRACKING
2197892,"04 Jul 2026  08:50:56",20234.5,GOOD,2.54,TRACKING
2197893,"04 Jul 2026  08:51:26",20234.6,GOOD,2.54,TRACKING
2197894,"04 Jul 2026  08:51:56",20234.3,GOOD,2.54,TRACKING
2197895,"04 Jul 2026  08:52:26",20235.2,GOOD,2.54,TRACKING
2197896,"04 Jul 2026  08:52:56",20234.3,GOOD,2.54,TRACKING
2197897,"04 Jul 2026  08:53:26",20234.6,GOOD,2.54,TRACKING
2197898,"04 Jul 2026  08:53:56",20234.5,GOOD,2.54,TRACKING
2197899,"04 Jul 2026  08:54:26",20234.5,GOOD,2.54,TRACKING
2197900,"04 Jul 2026  08:54:57",20233.9,GOOD,2.54,TRACKING
2197901,"04 Jul 2026  08:55:27",20235.5,GOOD,2.54,TRACKING
2197902,"04 Jul 2026  08:55:57",20234.9,GOOD,2.54,TRACKING
2197903,"04 Jul 2026  08:56:27",20235.1,GOOD,2.54,TRACKING
2197904,"04 Jul 2026  08:56:57",20235.1,GOOD,2.54,TRACKING
2197905,"04 Jul 2026  08:57:27",20234.6,GOOD,2.54,TRACKING
2197906,"04 Jul 2026  08:57:57",20234.2,GOOD,2.54,TRACKING
2197907,"04 Jul 2026  08:58:27",20234.9,GOOD,2.54,TRACKING
2197908,"04 Jul 2026  08:58:57",20235.5,GOOD,2.54,TRACKING
2197909,"04 Jul 2026  08:59:27",20235.5,GOOD,2.54,TRACKING
2197910,"04 Jul 2026  08:59:57",20234.8,GOOD,2.54,TRACKING
2197911,"04 Jul 2026  09:00:27",20234.4,GOOD,2.54,TRACKING
2197912,"04 Jul 2026  09:00:57",20234.5,GOOD,2.54,TRACKING
2197913,"04 Jul 2026  09:01:27",20234.2,GOOD,2.54,TRACKING
2197914,"04 Jul 2026  09:01:58",20234.3,GOOD,2.54,TRACKING
2197915,"04 Jul 2026  09:02:28",20235.4,GOOD,2.54,TRACKING
2197916,"04 Jul 2026  09:02:58",20235.2,GOOD,2.54,TRACKING
2197917,"04 Jul 2026  09:03:28",20235.8,GOOD,2.54,TRACKING
2197918,"04 Jul 2026  09:03:58",20234.9,GOOD,2.54,TRACKING
2197919,"04 Jul 2026  09:04:28",20234.2,GOOD,2.54,TRACKING
2197920,"04 Jul 2026  09:04:58",20235.2,GOOD,2.54,TRACKING
2197921,"04 Jul 2026  09:05:28",20235.9,GOOD,2.54,TRACKING
2197922,"04 Jul 2026  09:05:58",20234.6,GOOD,2.54,TRACKING
2197923,"04 Jul 2026  09:06:28",20234.5,GOOD,2.54,TRACKING
2197924,"04 Jul 2026  09:06:58",20234.6,GOOD,2.54,TRACKING
2197925,"04 Jul 2026  09:07:28",20235.0,GOOD,2.54,TRACKING
2197926,"04 Jul 2026  09:07:58",20235.7,GOOD,2.54,TRACKING
2197927,"04 Jul 2026  09:08:28",20237.1,GOOD,2.54,TRACKING
2197928,"04 Jul 2026  09:08:59",20237.6,GOOD,2.54,TRACKING
2197929,"04 Jul 2026  09:09:29",20237.9,GOOD,2.54,TRACKING
2197930,"04 Jul 2026  09:09:59",20237.7,GOOD,2.54,TRACKING
2197931,"04 Jul 2026  09:10:29",20237.8,GOOD,2.54,TRACKING
2197932,"04 Jul 2026  09:10:59",20237.9,GOOD,2.54,TRACKING
2197933,"04 Jul 2026  09:11:29",20238.5,GOOD,2.54,TRACKING
2197934,"04 Jul 2026  09:11:59",20238.2,GOOD,2.54,TRACKING
2197935,"04 Jul 2026  09:12:29",20237.8,GOOD,2.54,TRACKING
2197936,"04 Jul 2026  09:12:59",20237.4,GOOD,2.54,TRACKING
2197937,"04 Jul 2026  09:13:29",20236.9,GOOD,2.54,TRACKING
2197938,"04 Jul 2026  09:13:59",20236.7,GOOD,2.54,TRACKING
2197939,"04 Jul 2026  09:14:29",20236.2,GOOD,2.54,TRACKING
2197940,"04 Jul 2026  09:14:59",20235.6,GOOD,2.54,TRACKING
2197941,"04 Jul 2026  09:15:30",20235.2,GOOD,2.54,TRACKING
2197942,"04 Jul 2026  09:16:00",20236.5,GOOD,2.54,TRACKING
2197943,"04 Jul 2026  09:16:30",20236.1,GOOD,2.54,TRACKING
2197944,"04 Jul 2026  09:17:00",20235.1,GOOD,2.54,TRACKING
2197945,"04 Jul 2026  09:17:30",20236.5,GOOD,2.54,TRACKING
2197946,"04 Jul 2026  09:18:00",20236.8,GOOD,2.54,TRACKING
2197947,"04 Jul 2026  09:18:30",20237.8,GOOD,2.54,TRACKING
2197948,"04 Jul 2026  09:19:00",20237.5,GOOD,2.54,TRACKING
2197949,"04 Jul 2026  09:19:30",20236.4,GOOD,2.54,TRACKING
2197950,"04 Jul 2026  09:20:00",20235.4,GOOD,2.54,TRACKING
2197951,"04 Jul 2026  09:20:30",20236.6,GOOD,2.54,TRACKING
2197952,"04 Jul 2026  09:21:00",20236.9,GOOD,2.54,TRACKING
2197953,"04 Jul 2026  09:21:30",20236.8,GOOD,2.54,TRACKING
2197954,"04 Jul 2026  09:22:00",20236.2,GOOD,2.54,TRACKING
2197955,"04 Jul 2026  09:22:30",20235.7,GOOD,2.54,TRACKING
2197956,"04 Jul 2026  09:23:01",20236.6,GOOD,2.54,TRACKING
2197957,"04 Jul 2026  09:23:31",20237.3,GOOD,2.54,TRACKING
2197958,"04 Jul 2026  09:24:01",20237.4,GOOD,2.54,TRACKING
2197959,"04 Jul 2026  09:24:31",20238.1,GOOD,2.54,TRACKING
2197960,"04 Jul 2026  09:25:01",20237.4,GOOD,2.54,TRACKING
2197961,"04 Jul 2026  09:25:31",20236.7,GOOD,2.54,TRACKING
2197962,"04 Jul 2026  09:26:01",20238.5,GOOD,2.54,TRACKING
2197963,"04 Jul 2026  09:26:31",20238.7,GOOD,2.54,TRACKING
2197964,"04 Jul 2026  09:27:01",20237.3,GOOD,2.54,TRACKING
2197965,"04 Jul 2026  09:27:31",20237.4,GOOD,2.54,TRACKING
2197966,"04 Jul 2026  09:28:01",20238.2,GOOD,2.54,TRACKING
2197967,"04 Jul 2026  09:28:31",20238.4,GOOD,2.54,TRACKING
2197968,"04 Jul 2026  09:29:01",20238.5,GOOD,2.54,TRACKING
2197969,"04 Jul 2026  09:29:31",20238.3,GOOD,2.54,TRACKING
2197970,"04 Jul 2026  09:30:02",20236.7,GOOD,2.54,TRACKING
2197971,"04 Jul 2026  09:30:32",20238.3,GOOD,2.54,TRACKING
2197972,"04 Jul 2026  09:31:02",20238.5,GOOD,2.54,TRACKING
2197973,"04 Jul 2026  09:31:32",20238.9,GOOD,2.54,TRACKING
2197974,"04 Jul 2026  09:32:02",20238.2,GOOD,2.54,TRACKING
2197975,"04 Jul 2026  09:32:32",20239.1,GOOD,2.54,TRACKING
2197976,"04 Jul 2026  09:33:02",20239.3,GOOD,2.54,TRACKING
2197977,"04 Jul 2026  09:33:32",20238.9,GOOD,2.54,TRACKING
2197978,"04 Jul 2026  09:34:02",20237.1,GOOD,2.54,TRACKING
2197979,"04 Jul 2026  09:34:32",20238.9,GOOD,2.54,TRACKING
2197980,"04 Jul 2026  09:35:02",20239.3,GOOD,2.54,TRACKING
2197981,"04 Jul 2026  09:35:32",20239.8,GOOD,2.54,TRACKING
2197982,"04 Jul 2026  09:36:02",20239.0,GOOD,2.54,TRACKING
2197983,"04 Jul 2026  09:36:33",20238.8,GOOD,2.54,TRACKING
2197984,"04 Jul 2026  09:37:03",20238.8,GOOD,2.54,TRACKING
2197985,"04 Jul 2026  09:37:33",20238.8,GOOD,2.54,TRACKING
2197986,"04 Jul 2026  09:38:03",20239.1,GOOD,2.54,TRACKING
2197987,"04 Jul 2026  09:38:33",20239.5,GOOD,2.54,TRACKING
2197988,"04 Jul 2026  09:39:03",20239.7,GOOD,2.54,TRACKING
2197989,"04 Jul 2026  09:39:33",20239.8,GOOD,2.54,TRACKING
2197990,"04 Jul 2026  09:40:03",20240.6,GOOD,2.54,TRACKING
2197991,"04 Jul 2026  09:40:33",20241.5,GOOD,2.54,TRACKING
2197992,"04 Jul 2026  09:41:03",20240.8,GOOD,2.54,TRACKING
2197993,"04 Jul 2026  09:41:33",20240.4,GOOD,2.54,TRACKING
2197994,"04 Jul 2026  09:42:03",20239.7,GOOD,2.54,TRACKING
2197995,"04 Jul 2026  09:42:33",20239.7,GOOD,2.54,TRACKING
2197996,"04 Jul 2026  09:43:03",20238.5,GOOD,2.54,TRACKING
2197997,"04 Jul 2026  09:43:34",20239.0,GOOD,2.54,TRACKING
2197998,"04 Jul 2026  09:44:04",20239.3,GOOD,2.54,TRACKING
2197999,"04 Jul 2026  09:44:34",20239.1,GOOD,2.54,TRACKING
2198000,"04 Jul 2026  09:45:04",20240.7,GOOD,2.54,TRACKING
2198001,"04 Jul 2026  09:45:34",20240.9,GOOD,2.54,TRACKING
2198002,"04 Jul 2026  09:46:04",20241.5,GOOD,2.54,TRACKING
2198003,"04 Jul 2026  09:46:34",20241.0,GOOD,2.54,TRACKING
2198004,"04 Jul 2026  09:47:04",20241.0,GOOD,2.54,TRACKING
2198005,"04 Jul 2026  09:47:34",20241.2,GOOD,2.54,TRACKING
2198006,"04 Jul 2026  09:48:04",20241.5,GOOD,2.54,TRACKING
2198007,"04 Jul 2026  09:48:34",20241.5,GOOD,2.54,TRACKING
2198008,"04 Jul 2026  09:49:04",20241.9,GOOD,2.54,TRACKING
2198009,"04 Jul 2026  09:49:34",20242.5,GOOD,2.54,TRACKING
2198010,"04 Jul 2026  09:50:05",20241.7,GOOD,2.54,TRACKING
2198011,"04 Jul 2026  09:50:35",20241.7,GOOD,2.54,TRACKING
2198012,"04 Jul 2026  09:51:05",20242.6,GOOD,2.54,TRACKING
2198013,"04 Jul 2026  09:51:35",20242.6,GOOD,2.54,TRACKING
2198014,"04 Jul 2026  09:52:05",20242.6,GOOD,2.54,TRACKING
2198015,"04 Jul 2026  09:52:35",20242.5,GOOD,2.54,TRACKING
2198016,"04 Jul 2026  09:53:05",20241.4,GOOD,2.54,TRACKING
2198017,"04 Jul 2026  09:53:35",20240.8,GOOD,2.54,TRACKING
2198018,"04 Jul 2026  09:54:05",20241.7,GOOD,2.54,TRACKING
2198019,"04 Jul 2026  09:54:35",20242.9,GOOD,2.54,TRACKING
2198020,"04 Jul 2026  09:55:05",20242.9,GOOD,2.54,TRACKING
2198021,"04 Jul 2026  09:55:35",20242.4,GOOD,2.54,TRACKING
2198022,"04 Jul 2026  09:56:05",20240.6,GOOD,2.54,TRACKING
2198023,"04 Jul 2026  09:56:36",20241.2,GOOD,2.54,TRACKING
2198024,"04 Jul 2026  09:57:06",20242.1,GOOD,2.54,TRACKING
2198025,"04 Jul 2026  09:57:36",20242.6,GOOD,2.54,TRACKING
2198026,"04 Jul 2026  09:58:06",20242.6,GOOD,2.54,TRACKING
2198027,"04 Jul 2026  09:58:36",20242.5,GOOD,2.54,TRACKING
2198028,"04 Jul 2026  09:59:06",20241.4,GOOD,2.54,TRACKING
2198029,"04 Jul 2026  09:59:36",20243.0,GOOD,2.54,TRACKING
2198030,"04 Jul 2026  10:00:06",20242.8,GOOD,2.54,TRACKING
2198031,"04 Jul 2026  10:00:36",20242.7,GOOD,2.54,TRACKING
2198032,"04 Jul 2026  10:01:06",20241.9,GOOD,2.54,TRACKING
2198033,"04 Jul 2026  10:01:36",20241.1,GOOD,2.54,TRACKING
2198034,"04 Jul 2026  10:02:06",20239.8,GOOD,2.54,TRACKING
2198035,"04 Jul 2026  10:02:36",20241.4,GOOD,2.54,TRACKING
2198036,"04 Jul 2026  10:03:06",20241.5,GOOD,2.54,TRACKING
2198037,"04 Jul 2026  10:03:37",20242.3,GOOD,2.54,TRACKING
2198038,"04 Jul 2026  10:04:07",20241.7,GOOD,2.54,TRACKING
2198039,"04 Jul 2026  10:04:37",20242.3,GOOD,2.54,TRACKING
2198040,"04 Jul 2026  10:05:07",20242.5,GOOD,2.54,TRACKING
2198041,"04 Jul 2026  10:05:37",20242.9,GOOD,2.54,TRACKING
2198042,"04 Jul 2026  10:06:07",20242.6,GOOD,2.54,TRACKING
2198043,"04 Jul 2026  10:06:37",20243.2,GOOD,2.54,TRACKING
2198044,"04 Jul 2026  10:07:07",20244.4,GOOD,2.54,TRACKING
2198045,"04 Jul 2026  10:07:37",20244.1,GOOD,2.54,TRACKING
2198046,"04 Jul 2026  10:08:07",20244.1,GOOD,2.54,TRACKING
2198047,"04 Jul 2026  10:08:37",20243.5,GOOD,2.54,TRACKING
2198048,"04 Jul 2026  10:09:07",20244.2,GOOD,2.54,TRACKING
2198049,"04 Jul 2026  10:09:37",20244.3,GOOD,2.54,TRACKING
2198050,"04 Jul 2026  10:10:08",20244.3,GOOD,2.54,TRACKING
2198051,"04 Jul 2026  10:10:38",20244.6,GOOD,2.54,TRACKING
2198052,"04 Jul 2026  10:11:08",20244.5,GOOD,2.54,TRACKING
2198053,"04 Jul 2026  10:11:38",20243.7,GOOD,2.54,TRACKING
2198054,"04 Jul 2026  10:12:08",20244.2,GOOD,2.54,TRACKING
2198055,"04 Jul 2026  10:12:38",20244.1,GOOD,2.54,TRACKING
2198056,"04 Jul 2026  10:13:08",20245.0,GOOD,2.54,TRACKING
2198057,"04 Jul 2026  10:13:38",20244.6,GOOD,2.54,TRACKING
2198058,"04 Jul 2026  10:14:08",20244.6,GOOD,2.54,TRACKING
2198059,"04 Jul 2026  10:14:38",20243.9,GOOD,2.54,TRACKING
2198060,"04 Jul 2026  10:15:08",20244.7,GOOD,2.54,TRACKING
2198061,"04 Jul 2026  10:15:38",20244.2,GOOD,2.54,TRACKING
2198062,"04 Jul 2026  10:16:08",20244.1,GOOD,2.54,TRACKING
2198063,"04 Jul 2026  10:16:38",20245.1,GOOD,2.54,TRACKING
2198064,"04 Jul 2026  10:17:09",20245.0,GOOD,2.54,TRACKING
2198065,"04 Jul 2026  10:17:39",20244.4,GOOD,2.54,TRACKING
2198066,"04 Jul 2026  10:18:09",20244.8,GOOD,2.54,TRACKING
2198067,"04 Jul 2026  10:18:39",20243.9,GOOD,2.54,TRACKING
2198068,"04 Jul 2026  10:19:09",20244.0,GOOD,2.54,TRACKING
2198069,"04 Jul 2026  10:19:39",20244.4,GOOD,2.54,TRACKING
2198070,"04 Jul 2026  10:20:09",20244.3,GOOD,2.54,TRACKING
2198071,"04 Jul 2026  10:20:39",20244.2,GOOD,2.54,TRACKING
2198072,"04 Jul 2026  10:21:09",20244.5,GOOD,2.54,TRACKING
2198073,"04 Jul 2026  10:21:39",20245.5,GOOD,2.54,TRACKING
2198074,"04 Jul 2026  10:22:09",20244.8,GOOD,2.54,TRACKING
2198075,"04 Jul 2026  10:22:39",20246.3,GOOD,2.54,TRACKING
2198076,"04 Jul 2026  10:23:09",20245.9,GOOD,2.54,TRACKING
2198077,"04 Jul 2026  10:23:39",20245.6,GOOD,2.54,TRACKING
2198078,"04 Jul 2026  10:24:09",20244.8,GOOD,2.54,TRACKING
2198079,"04 Jul 2026  10:24:40",20244.7,GOOD,2.54,TRACKING
2198080,"04 Jul 2026  10:25:10",20245.4,GOOD,2.54,TRACKING
2198081,"04 Jul 2026  10:25:40",20245.3,GOOD,2.54,TRACKING
2198082,"04 Jul 2026  10:26:10",20245.2,GOOD,2.54,TRACKING
2198083,"04 Jul 2026  10:26:40",20245.5,GOOD,2.54,TRACKING
2198084,"04 Jul 2026  10:27:10",20245.3,GOOD,2.54,TRACKING
2198085,"04 Jul 2026  10:27:40",20245.2,GOOD,2.54,TRACKING
2198086,"04 Jul 2026  10:28:10",20246.3,GOOD,2.54,TRACKING
2198087,"04 Jul 2026  10:28:40",20245.9,GOOD,2.54,TRACKING
2198088,"04 Jul 2026  10:29:10",20245.9,GOOD,2.54,TRACKING
2198089,"04 Jul 2026  10:29:40",20246.8,GOOD,2.54,TRACKING
2198090,"04 Jul 2026  10:30:10",20245.8,GOOD,2.54,TRACKING
2198091,"04 Jul 2026  10:30:40",20245.2,GOOD,2.54,TRACKING
2198092,"04 Jul 2026  10:31:11",20245.8,GOOD,2.54,TRACKING
2198093,"04 Jul 2026  10:31:41",20246.4,GOOD,2.54,TRACKING
2198094,"04 Jul 2026  10:32:11",20246.6,GOOD,2.54,TRACKING
2198095,"04 Jul 2026  10:32:41",20247.0,GOOD,2.54,TRACKING
2198096,"04 Jul 2026  10:33:11",20247.1,GOOD,2.54,TRACKING
2198097,"04 Jul 2026  10:33:41",20246.0,GOOD,2.54,TRACKING
2198098,"04 Jul 2026  10:34:11",20246.0,GOOD,2.54,TRACKING
2198099,"04 Jul 2026  10:34:41",20246.8,GOOD,2.54,TRACKING
2198100,"04 Jul 2026  10:35:11",20247.4,GOOD,2.54,TRACKING
2198101,"04 Jul 2026  10:35:41",20247.6,GOOD,2.54,TRACKING
2198102,"04 Jul 2026  10:36:11",20247.4,GOOD,2.54,TRACKING
2198103,"04 Jul 2026  10:36:41",20246.8,GOOD,2.54,TRACKING
2198104,"04 Jul 2026  10:37:11",20246.6,GOOD,2.54,TRACKING
2198105,"04 Jul 2026  10:37:41",20247.7,GOOD,2.54,TRACKING
2198106,"04 Jul 2026  10:38:11",20247.2,GOOD,2.54,TRACKING
2198107,"04 Jul 2026  10:38:42",20246.1,GOOD,2.54,TRACKING
2198108,"04 Jul 2026  10:39:12",20247.0,GOOD,2.54,TRACKING
2198109,"04 Jul 2026  10:39:42",20246.3,GOOD,2.54,TRACKING
2198110,"04 Jul 2026  10:40:12",20247.4,GOOD,2.54,TRACKING
2198111,"04 Jul 2026  10:40:42",20247.4,GOOD,2.54,TRACKING
2198112,"04 Jul 2026  10:41:12",20247.2,GOOD,2.54,TRACKING
2198113,"04 Jul 2026  10:41:42",20246.6,GOOD,2.54,TRACKING
2198114,"04 Jul 2026  10:42:12",20246.8,GOOD,2.54,TRACKING
2198115,"04 Jul 2026  10:42:42",20247.1,GOOD,2.54,TRACKING
2198116,"04 Jul 2026  10:43:12",20248.3,GOOD,2.54,TRACKING
2198117,"04 Jul 2026  10:43:42",20248.2,GOOD,2.54,TRACKING
2198118,"04 Jul 2026  10:44:12",20247.8,GOOD,2.54,TRACKING
2198119,"04 Jul 2026  10:44:42",20246.9,GOOD,2.54,TRACKING
2198120,"04 Jul 2026  10:45:12",20246.3,GOOD,2.54,TRACKING
2198121,"04 Jul 2026  10:45:43",20246.5,GOOD,2.54,TRACKING
2198122,"04 Jul 2026  10:46:13",20246.9,GOOD,2.54,TRACKING
2198123,"04 Jul 2026  10:46:43",20247.6,GOOD,2.54,TRACKING
2198124,"04 Jul 2026  10:47:13",20247.3,GOOD,2.54,TRACKING
2198125,"04 Jul 2026  10:47:43",20247.4,GOOD,2.54,TRACKING
2198126,"04 Jul 2026  10:48:13",20246.9,GOOD,2.54,TRACKING
2198127,"04 Jul 2026  10:48:43",20247.5,GOOD,2.54,TRACKING
2198128,"04 Jul 2026  10:49:13",20246.3,GOOD,2.54,TRACKING
2198129,"04 Jul 2026  10:49:43",20247.0,GOOD,2.54,TRACKING
2198130,"04 Jul 2026  10:50:13",20246.6,GOOD,2.54,TRACKING
2198131,"04 Jul 2026  10:50:43",20246.6,GOOD,2.54,TRACKING
2198132,"04 Jul 2026  10:51:13",20246.8,GOOD,2.54,TRACKING
2198133,"04 Jul 2026  10:51:43",20247.4,GOOD,2.54,TRACKING
2198134,"04 Jul 2026  10:52:13",20247.9,GOOD,2.54,TRACKING
2198135,"04 Jul 2026  10:52:43",20248.2,GOOD,2.54,TRACKING
2198136,"04 Jul 2026  10:53:14",20248.2,GOOD,2.54,TRACKING
2198137,"04 Jul 2026  10:53:44",20247.8,GOOD,2.54,TRACKING
2198138,"04 Jul 2026  10:54:14",20247.1,GOOD,2.54,TRACKING
2198139,"04 Jul 2026  10:54:44",20248.1,GOOD,2.54,TRACKING
2198140,"04 Jul 2026  10:55:14",20248.9,GOOD,2.54,TRACKING
2198141,"04 Jul 2026  10:55:44",20248.4,GOOD,2.54,TRACKING
2198142,"04 Jul 2026  10:56:14",20248.3,GOOD,2.54,TRACKING
2198143,"04 Jul 2026  10:56:44",20247.5,GOOD,2.54,TRACKING
2198144,"04 Jul 2026  10:57:14",20248.4,GOOD,2.54,TRACKING
2198145,"04 Jul 2026  10:57:44",20248.1,GOOD,2.54,TRACKING
2198146,"04 Jul 2026  10:58:14",20248.3,GOOD,2.54,TRACKING
2198147,"04 Jul 2026  10:58:44",20249.1,GOOD,2.54,TRACKING
2198148,"04 Jul 2026  10:59:14",20248.4,GOOD,2.54,TRACKING
2198149,"04 Jul 2026  10:59:45",20249.0,GOOD,2.54,TRACKING
2198150,"04 Jul 2026  11:00:15",20250.4,GOOD,2.54,TRACKING
2198151,"04 Jul 2026  11:00:45",20250.3,GOOD,2.54,TRACKING
2198152,"04 Jul 2026  11:01:15",20249.2,GOOD,2.54,TRACKING
2198153,"04 Jul 2026  11:01:45",20249.1,GOOD,2.54,TRACKING
2198154,"04 Jul 2026  11:02:15",20248.9,GOOD,2.54,TRACKING
2198155,"04 Jul 2026  11:02:45",20248.0,GOOD,2.54,TRACKING
2198156,"04 Jul 2026  11:03:15",20247.4,GOOD,2.54,TRACKING
2198157,"04 Jul 2026  11:03:45",20247.8,GOOD,2.54,TRACKING
2198158,"04 Jul 2026  11:04:15",20247.5,GOOD,2.54,TRACKING
2198159,"04 Jul 2026  11:04:45",20246.8,GOOD,2.54,TRACKING
2198160,"04 Jul 2026  11:05:15",20247.4,GOOD,2.54,TRACKING
2198161,"04 Jul 2026  11:05:45",20247.7,GOOD,2.54,TRACKING
2198162,"04 Jul 2026  11:06:15",20248.4,GOOD,2.54,TRACKING
2198163,"04 Jul 2026  11:06:45",20248.8,GOOD,2.54,TRACKING
2198164,"04 Jul 2026  11:07:16",20248.9,GOOD,2.54,TRACKING
2198165,"04 Jul 2026  11:07:46",20249.8,GOOD,2.54,TRACKING
2198166,"04 Jul 2026  11:08:16",20250.0,GOOD,2.54,TRACKING
2198167,"04 Jul 2026  11:08:46",20249.3,GOOD,2.54,TRACKING
2198168,"04 Jul 2026  11:09:16",20249.1,GOOD,2.54,TRACKING
2198169,"04 Jul 2026  11:09:46",20248.2,GOOD,2.54,TRACKING
2198170,"04 Jul 2026  11:10:16",20247.8,GOOD,2.54,TRACKING
2198171,"04 Jul 2026  11:10:46",20248.1,GOOD,2.54,TRACKING
2198172,"04 Jul 2026  11:11:16",20247.4,GOOD,2.54,TRACKING
2198173,"04 Jul 2026  11:11:46",20248.6,GOOD,2.54,TRACKING
2198174,"04 Jul 2026  11:12:16",20248.7,GOOD,2.54,TRACKING
2198175,"04 Jul 2026  11:12:46",20248.4,GOOD,2.54,TRACKING
2198176,"04 Jul 2026  11:13:16",20249.0,GOOD,2.54,TRACKING
2198177,"04 Jul 2026  11:13:47",20250.5,GOOD,2.54,TRACKING
2198178,"04 Jul 2026  11:14:17",20250.5,GOOD,2.54,TRACKING
2198179,"04 Jul 2026  11:14:47",20249.5,GOOD,2.54,TRACKING
2198180,"04 Jul 2026  11:15:17",20249.3,GOOD,2.54,TRACKING
2198181,"04 Jul 2026  11:15:47",20248.1,GOOD,2.54,TRACKING
2198182,"04 Jul 2026  11:16:17",20249.0,GOOD,2.54,TRACKING
2198183,"04 Jul 2026  11:16:47",20249.4,GOOD,2.54,TRACKING
2198184,"04 Jul 2026  11:17:17",20250.0,GOOD,2.54,TRACKING
2198185,"04 Jul 2026  11:17:47",20250.2,GOOD,2.54,TRACKING
2198186,"04 Jul 2026  11:18:17",20250.9,GOOD,2.54,TRACKING
2198187,"04 Jul 2026  11:18:47",20250.3,GOOD,2.54,TRACKING
2198188,"04 Jul 2026  11:19:17",20250.2,GOOD,2.54,TRACKING
2198189,"04 Jul 2026  11:19:47",20249.7,GOOD,2.54,TRACKING
2198190,"04 Jul 2026  11:20:17",20249.2,GOOD,2.54,TRACKING
2198191,"04 Jul 2026  11:20:48",20248.6,GOOD,2.54,TRACKING
2198192,"04 Jul 2026  11:21:18",20250.0,GOOD,2.54,TRACKING
2198193,"04 Jul 2026  11:21:48",20249.7,GOOD,2.54,TRACKING
2198194,"04 Jul 2026  11:22:18",20250.3,GOOD,2.54,TRACKING
2198195,"04 Jul 2026  11:22:48",20251.1,GOOD,2.54,TRACKING
2198196,"04 Jul 2026  11:23:18",20249.9,GOOD,2.54,TRACKING
2198197,"04 Jul 2026  11:23:48",20249.4,GOOD,2.54,TRACKING
2198198,"04 Jul 2026  11:24:18",20249.5,GOOD,2.54,TRACKING
2198199,"04 Jul 2026  11:24:48",20249.5,GOOD,2.54,TRACKING
2198200,"04 Jul 2026  11:25:18",20249.5,GOOD,2.54,TRACKING
2198201,"04 Jul 2026  11:25:48",20250.2,GOOD,2.54,TRACKING
2198202,"04 Jul 2026  11:26:18",20251.5,GOOD,2.54,TRACKING
2198203,"04 Jul 2026  11:26:48",20250.1,GOOD,2.54,TRACKING
2198204,"04 Jul 2026  11:27:18",20250.0,GOOD,2.54,TRACKING
2198205,"04 Jul 2026  11:27:49",20250.9,GOOD,2.54,TRACKING
2198206,"04 Jul 2026  11:28:19",20252.1,GOOD,2.54,TRACKING
2198207,"04 Jul 2026  11:28:49",20251.7,GOOD,2.54,TRACKING
2198208,"04 Jul 2026  11:29:19",20251.5,GOOD,2.54,TRACKING
2198209,"04 Jul 2026  11:29:49",20252.1,GOOD,2.54,TRACKING
2198210,"04 Jul 2026  11:30:19",20252.4,GOOD,2.54,TRACKING
2198211,"04 Jul 2026  11:30:49",20252.2,GOOD,2.54,TRACKING
2198212,"04 Jul 2026  11:31:19",20251.7,GOOD,2.54,TRACKING
2198213,"04 Jul 2026  11:31:49",20252.1,GOOD,2.54,TRACKING
2198214,"04 Jul 2026  11:32:19",20250.9,GOOD,2.54,TRACKING
2198215,"04 Jul 2026  11:32:49",20250.7,GOOD,2.54,TRACKING
2198216,"04 Jul 2026  11:33:19",20251.8,GOOD,2.54,TRACKING
2198217,"04 Jul 2026  11:33:49",20252.3,GOOD,2.54,TRACKING
2198218,"04 Jul 2026  11:34:19",20252.9,GOOD,2.54,TRACKING
2198219,"04 Jul 2026  11:34:50",20252.5,GOOD,2.54,TRACKING
2198220,"04 Jul 2026  11:35:20",20251.9,GOOD,2.54,TRACKING
2198221,"04 Jul 2026  11:35:50",20250.7,GOOD,2.54,TRACKING
2198222,"04 Jul 2026  11:36:20",20251.7,GOOD,2.54,TRACKING
2198223,"04 Jul 2026  11:36:50",20252.2,GOOD,2.54,TRACKING
2198224,"04 Jul 2026  11:37:20",20251.4,GOOD,2.54,TRACKING
2198225,"04 Jul 2026  11:37:50",20250.6,GOOD,2.54,TRACKING
2198226,"04 Jul 2026  11:38:20",20251.2,GOOD,2.54,TRACKING
2198227,"04 Jul 2026  11:38:50",20250.4,GOOD,2.54,TRACKING
2198228,"04 Jul 2026  11:39:20",20250.6,GOOD,2.54,TRACKING
2198229,"04 Jul 2026  11:39:50",20251.4,GOOD,2.54,TRACKING
2198230,"04 Jul 2026  11:40:20",20252.0,GOOD,2.54,TRACKING
2198231,"04 Jul 2026  11:40:51",20252.4,GOOD,2.54,TRACKING
2198232,"04 Jul 2026  11:41:21",20253.2,GOOD,2.54,TRACKING
2198233,"04 Jul 2026  11:41:51",20254.0,GOOD,2.54,TRACKING
2198234,"04 Jul 2026  11:42:21",20252.5,GOOD,2.54,TRACKING
2198235,"04 Jul 2026  11:42:51",20252.6,GOOD,2.54,TRACKING
2198236,"04 Jul 2026  11:43:21",20251.6,GOOD,2.54,TRACKING
2198237,"04 Jul 2026  11:43:51",20251.8,GOOD,2.54,TRACKING
2198238,"04 Jul 2026  11:44:21",20252.2,GOOD,2.54,TRACKING
2198239,"04 Jul 2026  11:44:51",20251.9,GOOD,2.54,TRACKING
2198240,"04 Jul 2026  11:45:21",20251.3,GOOD,2.54,TRACKING
2198241,"04 Jul 2026  11:45:51",20252.3,GOOD,2.54,TRACKING
2198242,"04 Jul 2026  11:46:21",20252.8,GOOD,2.54,TRACKING
2198243,"04 Jul 2026  11:46:52",20252.4,GOOD,2.54,TRACKING
2198244,"04 Jul 2026  11:47:22",20250.8,GOOD,2.54,TRACKING
2198245,"04 Jul 2026  11:47:52",20251.1,GOOD,2.54,TRACKING
2198246,"04 Jul 2026  11:48:22",20250.1,GOOD,2.54,TRACKING
2198247,"04 Jul 2026  11:48:52",20251.2,GOOD,2.54,TRACKING
2198248,"04 Jul 2026  11:49:22",20252.0,GOOD,2.54,TRACKING
2198249,"04 Jul 2026  11:49:52",20252.2,GOOD,2.54,TRACKING
2198250,"04 Jul 2026  11:50:22",20253.0,GOOD,2.54,TRACKING
2198251,"04 Jul 2026  11:50:52",20252.2,GOOD,2.54,TRACKING
2198252,"04 Jul 2026  11:51:22",20253.6,GOOD,2.54,TRACKING
2198253,"04 Jul 2026  11:51:52",20254.0,GOOD,2.54,TRACKING
2198254,"04 Jul 2026  11:52:22",20253.5,GOOD,2.54,TRACKING
2198255,"04 Jul 2026  11:52:53",20252.0,GOOD,2.54,TRACKING
2198256,"04 Jul 2026  11:53:23",20252.1,GOOD,2.54,TRACKING
2198257,"04 Jul 2026  11:53:53",20252.3,GOOD,2.54,TRACKING
2198258,"04 Jul 2026  11:54:23",20251.6,GOOD,2.54,TRACKING
2198259,"04 Jul 2026  11:54:53",20251.7,GOOD,2.54,TRACKING
2198260,"04 Jul 2026  11:55:23",20252.3,GOOD,2.54,TRACKING
2198261,"04 Jul 2026  11:55:53",20251.4,GOOD,2.54,TRACKING
2198262,"04 Jul 2026  11:56:23",20251.6,GOOD,2.54,TRACKING
2198263,"04 Jul 2026  11:56:53",20253.0,GOOD,2.54,TRACKING
2198264,"04 Jul 2026  11:57:23",20254.0,GOOD,2.54,TRACKING
2198265,"04 Jul 2026  11:57:53",20253.9,GOOD,2.54,TRACKING
2198266,"04 Jul 2026  11:58:23",20254.9,GOOD,2.54,TRACKING
2198267,"04 Jul 2026  11:58:53",20254.3,GOOD,2.54,TRACKING
2198268,"04 Jul 2026  11:59:24",20254.2,GOOD,2.54,TRACKING
2198269,"04 Jul 2026  11:59:54",20254.4,GOOD,2.54,TRACKING
2198270,"04 Jul 2026  12:00:24",20254.5,GOOD,2.54,TRACKING
2198271,"04 Jul 2026  12:00:54",20253.5,GOOD,2.54,TRACKING
2198272,"04 Jul 2026  12:01:24",20254.9,GOOD,2.54,TRACKING
2198273,"04 Jul 2026  12:01:54",20254.9,GOOD,2.54,TRACKING
2198274,"04 Jul 2026  12:02:24",20254.4,GOOD,2.54,TRACKING
2198275,"04 Jul 2026  12:02:54",20254.5,GOOD,2.54,TRACKING
2198276,"04 Jul 2026  12:03:24",20253.8,GOOD,2.54,TRACKING
2198277,"04 Jul 2026  12:03:54",20254.1,GOOD,2.54,TRACKING
2198278,"04 Jul 2026  12:04:24",20255.8,GOOD,2.54,TRACKING
2198279,"04 Jul 2026  12:04:54",20254.7,GOOD,2.54,TRACKING
2198280,"04 Jul 2026  12:05:25",20254.8,GOOD,2.54,TRACKING
2198281,"04 Jul 2026  12:05:55",20255.0,GOOD,2.54,TRACKING
2198282,"04 Jul 2026  12:06:25",20255.1,GOOD,2.54,TRACKING
2198283,"04 Jul 2026  12:06:55",20255.5,GOOD,2.54,TRACKING
2198284,"04 Jul 2026  12:07:25",20254.5,GOOD,2.54,TRACKING
2198285,"04 Jul 2026  12:07:55",20253.9,GOOD,2.54,TRACKING
2198286,"04 Jul 2026  12:08:25",20254.0,GOOD,2.54,TRACKING
2198287,"04 Jul 2026  12:08:55",20254.3,GOOD,2.54,TRACKING
2198288,"04 Jul 2026  12:09:25",20255.0,GOOD,2.54,TRACKING
2198289,"04 Jul 2026  12:09:55",20256.1,GOOD,2.54,TRACKING
2198290,"04 Jul 2026  12:10:25",20256.7,GOOD,2.54,TRACKING
2198291,"04 Jul 2026  12:10:55",20255.2,GOOD,2.54,TRACKING
2198292,"04 Jul 2026  12:11:25",20255.5,GOOD,2.54,TRACKING
2198293,"04 Jul 2026  12:11:56",20255.8,GOOD,2.54,TRACKING
2198294,"04 Jul 2026  12:12:26",20254.9,GOOD,2.54,TRACKING
2198295,"04 Jul 2026  12:12:56",20255.2,GOOD,2.54,TRACKING
2198296,"04 Jul 2026  12:13:26",20256.4,GOOD,2.54,TRACKING
2198297,"04 Jul 2026  12:13:56",20255.7,GOOD,2.54,TRACKING
2198298,"04 Jul 2026  12:14:26",20255.7,GOOD,2.54,TRACKING
2198299,"04 Jul 2026  12:14:56",20254.7,GOOD,2.54,TRACKING
2198300,"04 Jul 2026  12:15:26",20254.5,GOOD,2.54,TRACKING
2198301,"04 Jul 2026  12:15:56",20254.7,GOOD,2.54,TRACKING
2198302,"04 Jul 2026  12:16:26",20255.1,GOOD,2.54,TRACKING
2198303,"04 Jul 2026  12:16:56",20255.3,GOOD,2.54,TRACKING
2198304,"04 Jul 2026  12:17:26",20255.8,GOOD,2.54,TRACKING
2198305,"04 Jul 2026  12:17:57",20255.3,GOOD,2.54,TRACKING
2198306,"04 Jul 2026  12:18:27",20255.5,GOOD,2.54,TRACKING
2198307,"04 Jul 2026  12:18:57",20256.0,GOOD,2.54,TRACKING
2198308,"04 Jul 2026  12:19:27",20256.1,GOOD,2.54,TRACKING
2198309,"04 Jul 2026  12:19:57",20256.0,GOOD,2.54,TRACKING
2198310,"04 Jul 2026  12:20:27",20256.6,GOOD,2.54,TRACKING
2198311,"04 Jul 2026  12:20:57",20256.9,GOOD,2.54,TRACKING
2198312,"04 Jul 2026  12:21:27",20256.6,GOOD,2.54,TRACKING
2198313,"04 Jul 2026  12:21:57",20255.6,GOOD,2.54,TRACKING
2198314,"04 Jul 2026  12:22:27",20255.4,GOOD,2.54,TRACKING
2198315,"04 Jul 2026  12:22:57",20255.5,GOOD,2.54,TRACKING
2198316,"04 Jul 2026  12:23:27",20255.8,GOOD,2.54,TRACKING
2198317,"04 Jul 2026  12:23:57",20255.6,GOOD,2.54,TRACKING
2198318,"04 Jul 2026  12:24:28",20256.1,GOOD,2.54,TRACKING
2198319,"04 Jul 2026  12:24:58",20255.5,GOOD,2.54,TRACKING
2198320,"04 Jul 2026  12:25:28",20256.0,GOOD,2.54,TRACKING
2198321,"04 Jul 2026  12:25:58",20256.6,GOOD,2.54,TRACKING
2198322,"04 Jul 2026  12:26:28",20257.1,GOOD,2.54,TRACKING
2198323,"04 Jul 2026  12:26:58",20256.2,GOOD,2.54,TRACKING
2198324,"04 Jul 2026  12:27:28",20257.0,GOOD,2.54,TRACKING
2198325,"04 Jul 2026  12:27:58",20256.8,GOOD,2.54,TRACKING
2198326,"04 Jul 2026  12:28:28",20256.1,GOOD,2.54,TRACKING
2198327,"04 Jul 2026  12:28:58",20256.2,GOOD,2.54,TRACKING
2198328,"04 Jul 2026  12:29:28",20256.0,GOOD,2.54,TRACKING
2198329,"04 Jul 2026  12:29:58",20257.8,GOOD,2.54,TRACKING
2198330,"04 Jul 2026  12:30:29",20257.2,GOOD,2.54,TRACKING
2198331,"04 Jul 2026  12:30:59",20256.7,GOOD,2.54,TRACKING
2198332,"04 Jul 2026  12:31:29",20257.7,GOOD,2.54,TRACKING
2198333,"04 Jul 2026  12:31:59",20256.8,GOOD,2.54,TRACKING
2198334,"04 Jul 2026  12:32:29",20258.2,GOOD,2.54,TRACKING
2198335,"04 Jul 2026  12:32:59",20257.3,GOOD,2.54,TRACKING
2198336,"04 Jul 2026  12:33:29",20257.2,GOOD,2.54,TRACKING
2198337,"04 Jul 2026  12:33:59",20257.5,GOOD,2.54,TRACKING
2198338,"04 Jul 2026  12:34:29",20256.4,GOOD,2.54,TRACKING
2198339,"04 Jul 2026  12:34:59",20257.3,GOOD,2.54,TRACKING
2198340,"04 Jul 2026  12:35:29",20257.3,GOOD,2.54,TRACKING
2198341,"04 Jul 2026  12:35:59",20256.0,GOOD,2.54,TRACKING
2198342,"04 Jul 2026  12:36:30",20256.3,GOOD,2.54,TRACKING
2198343,"04 Jul 2026  12:37:00",20257.1,GOOD,2.54,TRACKING
2198344,"04 Jul 2026  12:37:30",20256.5,GOOD,2.54,TRACKING
2198345,"04 Jul 2026  12:38:00",20256.9,GOOD,2.54,TRACKING
2198346,"04 Jul 2026  12:38:30",20257.5,GOOD,2.54,TRACKING
2198347,"04 Jul 2026  12:39:00",20257.8,GOOD,2.54,TRACKING
2198348,"04 Jul 2026  12:39:30",20257.6,GOOD,2.54,TRACKING
2198349,"04 Jul 2026  12:40:00",20257.7,GOOD,2.54,TRACKING
2198350,"04 Jul 2026  12:40:30",20258.3,GOOD,2.54,TRACKING
2198351,"04 Jul 2026  12:41:00",20258.8,GOOD,2.54,TRACKING
2198352,"04 Jul 2026  12:41:30",20258.6,GOOD,2.54,TRACKING
2198353,"04 Jul 2026  12:42:00",20257.8,GOOD,2.54,TRACKING
2198354,"04 Jul 2026  12:42:31",20257.2,GOOD,2.54,TRACKING
2198355,"04 Jul 2026  12:43:01",20256.8,GOOD,2.54,TRACKING
2198356,"04 Jul 2026  12:43:31",20256.5,GOOD,2.54,TRACKING
2198357,"04 Jul 2026  12:44:01",20257.7,GOOD,2.54,TRACKING
2198358,"04 Jul 2026  12:44:31",20256.6,GOOD,2.54,TRACKING
2198359,"04 Jul 2026  12:45:01",20257.8,GOOD,2.54,TRACKING
2198360,"04 Jul 2026  12:45:31",20257.7,GOOD,2.54,TRACKING
2198361,"04 Jul 2026  12:46:01",20257.9,GOOD,2.54,TRACKING
2198362,"04 Jul 2026  12:46:31",20257.3,GOOD,2.54,TRACKING
2198363,"04 Jul 2026  12:47:01",20257.5,GOOD,2.54,TRACKING
2198364,"04 Jul 2026  12:47:31",20256.3,GOOD,2.54,TRACKING
2198365,"04 Jul 2026  12:48:01",20256.2,GOOD,2.54,TRACKING
2198366,"04 Jul 2026  12:48:31",20255.7,GOOD,2.54,TRACKING
2198367,"04 Jul 2026  12:49:01",20255.7,GOOD,2.54,TRACKING
2198368,"04 Jul 2026  12:49:32",20256.1,GOOD,2.54,TRACKING
2198369,"04 Jul 2026  12:50:02",20256.2,GOOD,2.54,TRACKING
2198370,"04 Jul 2026  12:50:32",20256.4,GOOD,2.54,TRACKING
2198371,"04 Jul 2026  12:51:02",20256.3,GOOD,2.54,TRACKING
2198372,"04 Jul 2026  12:51:32",20256.3,GOOD,2.54,TRACKING
2198373,"04 Jul 2026  12:52:02",20256.9,GOOD,2.54,TRACKING
2198374,"04 Jul 2026  12:52:32",20257.2,GOOD,2.54,TRACKING
2198375,"04 Jul 2026  12:53:02",20258.1,GOOD,2.54,TRACKING
2198376,"04 Jul 2026  12:53:32",20258.2,GOOD,2.54,TRACKING
2198377,"04 Jul 2026  12:54:02",20259.0,GOOD,2.54,TRACKING
2198378,"04 Jul 2026  12:54:32",20257.9,GOOD,2.54,TRACKING
2198379,"04 Jul 2026  12:55:02",20258.7,GOOD,2.54,TRACKING
2198380,"04 Jul 2026  12:55:32",20258.4,GOOD,2.54,TRACKING
2198381,"04 Jul 2026  12:56:03",20258.9,GOOD,2.54,TRACKING
2198382,"04 Jul 2026  12:56:33",20258.4,GOOD,2.54,TRACKING
2198383,"04 Jul 2026  12:57:03",20258.5,GOOD,2.54,TRACKING
2198384,"04 Jul 2026  12:57:33",20258.6,GOOD,2.54,TRACKING
2198385,"04 Jul 2026  12:58:03",20258.3,GOOD,2.54,TRACKING
2198386,"04 Jul 2026  12:58:33",20258.1,GOOD,2.54,TRACKING
2198387,"04 Jul 2026  12:59:03",20259.1,GOOD,2.54,TRACKING
2198388,"04 Jul 2026  12:59:33",20258.4,GOOD,2.54,TRACKING
2198389,"04 Jul 2026  13:00:03",20257.7,GOOD,2.54,TRACKING
2198390,"04 Jul 2026  13:00:33",20257.8,GOOD,2.54,TRACKING
2198391,"04 Jul 2026  13:01:03",20257.5,GOOD,2.54,TRACKING
2198392,"04 Jul 2026  13:01:33",20258.4,GOOD,2.54,TRACKING
2198393,"04 Jul 2026  13:02:03",20260.0,GOOD,2.54,TRACKING
2198394,"04 Jul 2026  13:02:33",20259.9,GOOD,2.54,TRACKING
2198395,"04 Jul 2026  13:03:04",20259.2,GOOD,2.54,TRACKING
2198396,"04 Jul 2026  13:03:34",20258.8,GOOD,2.54,TRACKING
2198397,"04 Jul 2026  13:04:04",20260.2,GOOD,2.54,TRACKING
2198398,"04 Jul 2026  13:04:34",20259.9,GOOD,2.54,TRACKING
2198399,"04 Jul 2026  13:05:04",20259.4,GOOD,2.54,TRACKING
2198400,"04 Jul 2026  13:05:34",20258.6,GOOD,2.54,TRACKING
2198401,"04 Jul 2026  13:06:04",20257.6,GOOD,2.54,TRACKING
2198402,"04 Jul 2026  13:06:34",20257.6,GOOD,2.54,TRACKING
2198403,"04 Jul 2026  13:07:04",20259.5,GOOD,2.54,TRACKING
2198404,"04 Jul 2026  13:07:34",20260.3,GOOD,2.54,TRACKING
2198405,"04 Jul 2026  13:08:04",20260.6,GOOD,2.54,TRACKING
2198406,"04 Jul 2026  13:08:34",20260.0,GOOD,2.54,TRACKING
2198407,"04 Jul 2026  13:09:04",20260.6,GOOD,2.54,TRACKING
2198408,"04 Jul 2026  13:09:35",20260.5,GOOD,2.54,TRACKING
2198409,"04 Jul 2026  13:10:05",20260.9,GOOD,2.54,TRACKING
2198410,"04 Jul 2026  13:10:35",20261.4,GOOD,2.54,TRACKING
2198411,"04 Jul 2026  13:11:05",20260.5,GOOD,2.54,TRACKING
2198412,"04 Jul 2026  13:11:35",20259.6,GOOD,2.54,TRACKING
2198413,"04 Jul 2026  13:12:05",20258.7,GOOD,2.54,TRACKING
2198414,"04 Jul 2026  13:12:35",20259.0,GOOD,2.54,TRACKING
2198415,"04 Jul 2026  13:13:05",20258.6,GOOD,2.54,TRACKING
2198416,"04 Jul 2026  13:13:35",20260.0,GOOD,2.54,TRACKING
2198417,"04 Jul 2026  13:14:05",20261.1,GOOD,2.54,TRACKING
2198418,"04 Jul 2026  13:14:35",20260.9,GOOD,2.54,TRACKING
2198419,"04 Jul 2026  13:15:05",20260.7,GOOD,2.54,TRACKING
2198420,"04 Jul 2026  13:15:35",20260.9,GOOD,2.54,TRACKING
2198421,"04 Jul 2026  13:16:05",20261.3,GOOD,2.54,TRACKING
2198422,"04 Jul 2026  13:16:36",20260.8,GOOD,2.54,TRACKING
2198423,"04 Jul 2026  13:17:06",20261.0,GOOD,2.54,TRACKING
2198424,"04 Jul 2026  13:17:36",20262.3,GOOD,2.54,TRACKING
2198425,"04 Jul 2026  13:18:06",20260.7,GOOD,2.54,TRACKING
2198426,"04 Jul 2026  13:18:36",20260.8,GOOD,2.54,TRACKING
2198427,"04 Jul 2026  13:19:06",20261.0,GOOD,2.54,TRACKING
2198428,"04 Jul 2026  13:19:36",20261.6,GOOD,2.54,TRACKING
2198429,"04 Jul 2026  13:20:06",20260.1,GOOD,2.54,TRACKING
2198430,"04 Jul 2026  13:20:36",20260.6,GOOD,2.54,TRACKING
2198431,"04 Jul 2026  13:21:06",20261.6,GOOD,2.54,TRACKING
2198432,"04 Jul 2026  13:21:36",20261.0,GOOD,2.54,TRACKING
2198433,"04 Jul 2026  13:22:06",20260.2,GOOD,2.54,TRACKING
2198434,"04 Jul 2026  13:22:36",20259.9,GOOD,2.54,TRACKING
2198435,"04 Jul 2026  13:23:07",20261.0,GOOD,2.54,TRACKING
2198436,"04 Jul 2026  13:23:37",20261.2,GOOD,2.54,TRACKING
2198437,"04 Jul 2026  13:24:07",20260.2,GOOD,2.54,TRACKING
2198438,"04 Jul 2026  13:24:37",20260.9,GOOD,2.54,TRACKING
2198439,"04 Jul 2026  13:25:07",20260.3,GOOD,2.54,TRACKING
2198440,"04 Jul 2026  13:25:37",20260.1,GOOD,2.54,TRACKING
2198441,"04 Jul 2026  13:26:07",20260.0,GOOD,2.54,TRACKING
2198442,"04 Jul 2026  13:26:37",20260.6,GOOD,2.54,TRACKING
2198443,"04 Jul 2026  13:27:07",20260.0,GOOD,2.54,TRACKING
2198444,"04 Jul 2026  13:27:37",20259.8,GOOD,2.54,TRACKING
2198445,"04 Jul 2026  13:28:07",20261.0,GOOD,2.54,TRACKING
2198446,"04 Jul 2026  13:28:37",20262.2,GOOD,2.54,TRACKING
2198447,"04 Jul 2026  13:29:07",20261.8,GOOD,2.54,TRACKING
2198448,"04 Jul 2026  13:29:37",20262.2,GOOD,2.54,TRACKING
2198449,"04 Jul 2026  13:30:08",20261.1,GOOD,2.54,TRACKING
2198450,"04 Jul 2026  13:30:38",20262.0,GOOD,2.54,TRACKING
2198451,"04 Jul 2026  13:31:08",20264.1,GOOD,2.54,TRACKING
2198452,"04 Jul 2026  13:31:38",20264.9,GOOD,2.54,TRACKING
2198453,"04 Jul 2026  13:32:08",20263.6,GOOD,2.54,TRACKING
2198454,"04 Jul 2026  13:32:38",20263.3,GOOD,2.54,TRACKING
2198455,"04 Jul 2026  13:33:08",20264.6,GOOD,2.54,TRACKING
2198456,"04 Jul 2026  13:33:38",20263.4,GOOD,2.54,TRACKING
2198457,"04 Jul 2026  13:34:08",20262.8,GOOD,2.54,TRACKING
2198458,"04 Jul 2026  13:34:38",20263.9,GOOD,2.54,TRACKING
2198459,"04 Jul 2026  13:35:08",20262.9,GOOD,2.54,TRACKING
2198460,"04 Jul 2026  13:35:39",20263.9,GOOD,2.54,TRACKING
2198461,"04 Jul 2026  13:36:09",20263.0,GOOD,2.54,TRACKING
2198462,"04 Jul 2026  13:36:39",20262.0,GOOD,2.54,TRACKING
2198463,"04 Jul 2026  13:37:09",20262.3,GOOD,2.54,TRACKING
2198464,"04 Jul 2026  13:37:39",20262.4,GOOD,2.54,TRACKING
2198465,"04 Jul 2026  13:38:09",20261.0,GOOD,2.54,TRACKING
2198466,"04 Jul 2026  13:38:39",20261.7,GOOD,2.54,TRACKING
2198467,"04 Jul 2026  13:39:09",20261.2,GOOD,2.54,TRACKING
2198468,"04 Jul 2026  13:39:39",20261.6,GOOD,2.54,TRACKING
2198469,"04 Jul 2026  13:40:09",20261.1,GOOD,2.54,TRACKING
2198470,"04 Jul 2026  13:40:39",20261.1,GOOD,2.54,TRACKING
2198471,"04 Jul 2026  13:41:09",20260.8,GOOD,2.54,TRACKING
2198472,"04 Jul 2026  13:41:39",20261.1,GOOD,2.54,TRACKING
2198473,"04 Jul 2026  13:42:09",20261.2,GOOD,2.54,TRACKING
2198474,"04 Jul 2026  13:42:40",20261.4,GOOD,2.54,TRACKING
2198475,"04 Jul 2026  13:43:10",20262.1,GOOD,2.54,TRACKING
2198476,"04 Jul 2026  13:43:40",20262.0,GOOD,2.54,TRACKING
2198477,"04 Jul 2026  13:44:10",20262.4,GOOD,2.54,TRACKING
2198478,"04 Jul 2026  13:44:40",20263.5,GOOD,2.54,TRACKING
2198479,"04 Jul 2026  13:45:10",20264.4,GOOD,2.54,TRACKING
2198480,"04 Jul 2026  13:45:40",20264.9,GOOD,2.54,TRACKING
2198481,"04 Jul 2026  13:46:10",20264.0,GOOD,2.54,TRACKING
2198482,"04 Jul 2026  13:46:40",20264.6,GOOD,2.54,TRACKING
2198483,"04 Jul 2026  13:47:10",20264.3,GOOD,2.54,TRACKING
2198484,"04 Jul 2026  13:47:40",20264.3,GOOD,2.54,TRACKING
2198485,"04 Jul 2026  13:48:10",20264.7,GOOD,2.54,TRACKING
2198486,"04 Jul 2026  13:48:41",20265.0,GOOD,2.54,TRACKING
2198487,"04 Jul 2026  13:49:11",20263.7,GOOD,2.54,TRACKING
2198488,"04 Jul 2026  13:49:41",20263.4,GOOD,2.54,TRACKING
2198489,"04 Jul 2026  13:50:11",20264.0,GOOD,2.54,TRACKING
2198490,"04 Jul 2026  13:50:41",20264.4,GOOD,2.54,TRACKING
2198491,"04 Jul 2026  13:51:11",20263.5,GOOD,2.54,TRACKING
2198492,"04 Jul 2026  13:51:41",20262.7,GOOD,2.54,TRACKING
2198493,"04 Jul 2026  13:52:11",20263.5,GOOD,2.54,TRACKING
2198494,"04 Jul 2026  13:52:41",20264.0,GOOD,2.54,TRACKING
2198495,"04 Jul 2026  13:53:11",20263.7,GOOD,2.54,TRACKING
2198496,"04 Jul 2026  13:53:41",20263.0,GOOD,2.54,TRACKING
2198497,"04 Jul 2026  13:54:12",20263.8,GOOD,2.54,TRACKING
2198498,"04 Jul 2026  13:54:42",20264.2,GOOD,2.54,TRACKING
2198499,"04 Jul 2026  13:55:12",20264.1,GOOD,2.54,TRACKING
2198500,"04 Jul 2026  13:55:42",20264.2,GOOD,2.54,TRACKING
2198501,"04 Jul 2026  13:56:12",20264.8,GOOD,2.54,TRACKING
2198502,"04 Jul 2026  13:56:42",20264.5,GOOD,2.54,TRACKING
2198503,"04 Jul 2026  13:57:12",20263.9,GOOD,2.54,TRACKING
2198504,"04 Jul 2026  13:57:42",20263.5,GOOD,2.54,TRACKING
2198505,"04 Jul 2026  13:58:12",20263.9,GOOD,2.54,TRACKING
2198506,"04 Jul 2026  13:58:42",20264.2,GOOD,2.54,TRACKING
2198507,"04 Jul 2026  13:59:12",20264.7,GOOD,2.54,TRACKING
2198508,"04 Jul 2026  13:59:42",20264.8,GOOD,2.54,TRACKING
2198509,"04 Jul 2026  14:00:12",20264.5,GOOD,2.54,TRACKING
2198510,"04 Jul 2026  14:00:43",20265.0,GOOD,2.54,TRACKING
2198511,"04 Jul 2026  14:01:13",20264.7,GOOD,2.54,TRACKING
2198512,"04 Jul 2026  14:01:43",20265.7,GOOD,2.54,TRACKING
2198513,"04 Jul 2026  14:02:13",20265.4,GOOD,2.54,TRACKING
2198514,"04 Jul 2026  14:02:43",20265.6,GOOD,2.54,TRACKING
2198515,"04 Jul 2026  14:03:13",20266.6,GOOD,2.54,TRACKING
2198516,"04 Jul 2026  14:03:43",20266.9,GOOD,2.54,TRACKING
2198517,"04 Jul 2026  14:04:13",20265.9,GOOD,2.54,TRACKING
2198518,"04 Jul 2026  14:04:43",20265.4,GOOD,2.54,TRACKING
2198519,"04 Jul 2026  14:05:13",20265.5,GOOD,2.54,TRACKING
2198520,"04 Jul 2026  14:05:43",20265.2,GOOD,2.54,TRACKING
2198521,"04 Jul 2026  14:06:13",20265.2,GOOD,2.54,TRACKING
2198522,"04 Jul 2026  14:06:44",20265.4,GOOD,2.54,TRACKING
2198523,"04 Jul 2026  14:07:14",20265.5,GOOD,2.54,TRACKING
2198524,"04 Jul 2026  14:07:44",20265.2,GOOD,2.54,TRACKING
2198525,"04 Jul 2026  14:08:14",20264.5,GOOD,2.54,TRACKING
2198526,"04 Jul 2026  14:08:44",20263.9,GOOD,2.54,TRACKING
2198527,"04 Jul 2026  14:09:14",20264.6,GOOD,2.54,TRACKING
2198528,"04 Jul 2026  14:09:44",20264.2,GOOD,2.54,TRACKING
2198529,"04 Jul 2026  14:10:14",20264.7,GOOD,2.54,TRACKING
2198530,"04 Jul 2026  14:10:44",20265.5,GOOD,2.54,TRACKING
2198531,"04 Jul 2026  14:11:14",20265.4,GOOD,2.54,TRACKING
2198532,"04 Jul 2026  14:11:44",20264.3,GOOD,2.54,TRACKING
2198533,"04 Jul 2026  14:12:14",20265.0,GOOD,2.54,TRACKING
2198534,"04 Jul 2026  14:12:45",20266.1,GOOD,2.54,TRACKING
2198535,"04 Jul 2026  14:13:15",20267.0,GOOD,2.54,TRACKING
2198536,"04 Jul 2026  14:13:45",20268.2,GOOD,2.54,TRACKING
2198537,"04 Jul 2026  14:14:15",20267.0,GOOD,2.54,TRACKING
2198538,"04 Jul 2026  14:14:45",20266.6,GOOD,2.54,TRACKING
2198539,"04 Jul 2026  14:15:15",20267.7,GOOD,2.54,TRACKING
2198540,"04 Jul 2026  14:15:45",20267.5,GOOD,2.54,TRACKING
2198541,"04 Jul 2026  14:16:15",20266.8,GOOD,2.54,TRACKING
2198542,"04 Jul 2026  14:16:45",20267.2,GOOD,2.54,TRACKING
2198543,"04 Jul 2026  14:17:15",20266.5,GOOD,2.54,TRACKING
2198544,"04 Jul 2026  14:17:45",20265.9,GOOD,2.54,TRACKING
2198545,"04 Jul 2026  14:18:15",20266.2,GOOD,2.54,TRACKING
2198546,"04 Jul 2026  14:18:45",20267.0,GOOD,2.54,TRACKING
2198547,"04 Jul 2026  14:19:16",20266.7,GOOD,2.54,TRACKING
2198548,"04 Jul 2026  14:19:46",20267.5,GOOD,2.54,TRACKING
2198549,"04 Jul 2026  14:20:16",20268.4,GOOD,2.54,TRACKING
2198550,"04 Jul 2026  14:20:46",20268.1,GOOD,2.54,TRACKING
2198551,"04 Jul 2026  14:21:16",20266.7,GOOD,2.54,TRACKING
2198552,"04 Jul 2026  14:21:46",20266.9,GOOD,2.54,TRACKING
2198553,"04 Jul 2026  14:22:16",20266.9,GOOD,2.54,TRACKING
2198554,"04 Jul 2026  14:22:46",20267.0,GOOD,2.54,TRACKING
2198555,"04 Jul 2026  14:23:16",20267.5,GOOD,2.54,TRACKING
2198556,"04 Jul 2026  14:23:46",20268.0,GOOD,2.54,TRACKING
2198557,"04 Jul 2026  14:24:16",20268.9,GOOD,2.54,TRACKING
2198558,"04 Jul 2026  14:24:46",20269.3,GOOD,2.54,TRACKING
2198559,"04 Jul 2026  14:25:16",20268.9,GOOD,2.54,TRACKING
2198560,"04 Jul 2026  14:25:46",20268.5,GOOD,2.54,TRACKING
2198561,"04 Jul 2026  14:26:17",20269.3,GOOD,2.54,TRACKING
2198562,"04 Jul 2026  14:26:47",20268.2,GOOD,2.54,TRACKING
2198563,"04 Jul 2026  14:27:17",20268.1,GOOD,2.54,TRACKING
2198564,"04 Jul 2026  14:27:47",20268.0,GOOD,2.54,TRACKING
2198565,"04 Jul 2026  14:28:17",20267.2,GOOD,2.54,TRACKING
2198566,"04 Jul 2026  14:28:47",20267.9,GOOD,2.54,TRACKING
2198567,"04 Jul 2026  14:29:17",20269.0,GOOD,2.54,TRACKING
2198568,"04 Jul 2026  14:29:47",20268.4,GOOD,2.54,TRACKING
2198569,"04 Jul 2026  14:30:17",20268.0,GOOD,2.54,TRACKING
2198570,"04 Jul 2026  14:30:47",20269.0,GOOD,2.54,TRACKING
2198571,"04 Jul 2026  14:31:17",20268.2,GOOD,2.54,TRACKING
2198572,"04 Jul 2026  14:31:47",20268.5,GOOD,2.54,TRACKING
2198573,"04 Jul 2026  14:32:17",20268.2,GOOD,2.54,TRACKING
2198574,"04 Jul 2026  14:32:47",20268.5,GOOD,2.54,TRACKING
2198575,"04 Jul 2026  14:33:18",20268.5,GOOD,2.54,TRACKING
2198576,"04 Jul 2026  14:33:48",20268.9,GOOD,2.54,TRACKING
2198577,"04 Jul 2026  14:34:18",20269.6,GOOD,2.54,TRACKING
2198578,"04 Jul 2026  14:34:48",20269.0,GOOD,2.54,TRACKING
2198579,"04 Jul 2026  14:35:18",20269.8,GOOD,2.54,TRACKING
2198580,"04 Jul 2026  14:35:48",20269.8,GOOD,2.54,TRACKING
2198581,"04 Jul 2026  14:36:18",20270.3,GOOD,2.54,TRACKING
2198582,"04 Jul 2026  14:36:48",20269.0,GOOD,2.54,TRACKING
2198583,"04 Jul 2026  14:37:18",20268.4,GOOD,2.54,TRACKING
2198584,"04 Jul 2026  14:37:48",20268.3,GOOD,2.54,TRACKING
2198585,"04 Jul 2026  14:38:18",20267.3,GOOD,2.54,TRACKING
2198586,"04 Jul 2026  14:38:48",20268.1,GOOD,2.54,TRACKING
2198587,"04 Jul 2026  14:39:18",20269.4,GOOD,2.54,TRACKING
2198588,"04 Jul 2026  14:39:48",20268.3,GOOD,2.54,TRACKING
2198589,"04 Jul 2026  14:40:19",20269.3,GOOD,2.54,TRACKING
2198590,"04 Jul 2026  14:40:49",20269.6,GOOD,2.54,TRACKING
2198591,"04 Jul 2026  14:41:19",20269.3,GOOD,2.54,TRACKING
2198592,"04 Jul 2026  14:41:49",20269.9,GOOD,2.54,TRACKING
2198593,"04 Jul 2026  14:42:19",20269.4,GOOD,2.54,TRACKING
2198594,"04 Jul 2026  14:42:49",20270.1,GOOD,2.54,TRACKING
2198595,"04 Jul 2026  14:43:19",20268.8,GOOD,2.54,TRACKING
2198596,"04 Jul 2026  14:43:49",20268.6,GOOD,2.54,TRACKING
2198597,"04 Jul 2026  14:44:19",20269.8,GOOD,2.54,TRACKING
2198598,"04 Jul 2026  14:44:49",20270.4,GOOD,2.54,TRACKING
2198599,"04 Jul 2026  14:45:19",20269.8,GOOD,2.54,TRACKING
2198600,"04 Jul 2026  14:45:49",20270.6,GOOD,2.54,TRACKING
2198601,"04 Jul 2026  14:46:19",20272.3,GOOD,2.54,TRACKING
2198602,"04 Jul 2026  14:46:49",20272.2,GOOD,2.54,TRACKING
2198603,"04 Jul 2026  14:47:20",20271.8,GOOD,2.54,TRACKING
2198604,"04 Jul 2026  14:47:50",20271.4,GOOD,2.54,TRACKING
2198605,"04 Jul 2026  14:48:20",20270.5,GOOD,2.54,TRACKING
2198606,"04 Jul 2026  14:48:50",20271.1,GOOD,2.54,TRACKING
2198607,"04 Jul 2026  14:49:20",20271.6,GOOD,2.54,TRACKING
2198608,"04 Jul 2026  14:49:50",20271.1,GOOD,2.54,TRACKING
2198609,"04 Jul 2026  14:50:20",20271.1,GOOD,2.54,TRACKING
2198610,"04 Jul 2026  14:50:50",20270.8,GOOD,2.54,TRACKING
2198611,"04 Jul 2026  14:51:20",20272.7,GOOD,2.54,TRACKING
2198612,"04 Jul 2026  14:51:50",20271.9,GOOD,2.54,TRACKING
2198613,"04 Jul 2026  14:52:20",20271.8,GOOD,2.54,TRACKING
2198614,"04 Jul 2026  14:52:50",20271.2,GOOD,2.54,TRACKING
2198615,"04 Jul 2026  14:53:20",20270.4,GOOD,2.54,TRACKING
2198616,"04 Jul 2026  14:53:51",20270.4,GOOD,2.54,TRACKING
2198617,"04 Jul 2026  14:54:21",20270.6,GOOD,2.54,TRACKING
2198618,"04 Jul 2026  14:54:51",20269.9,GOOD,2.54,TRACKING
2198619,"04 Jul 2026  14:55:21",20269.3,GOOD,2.54,TRACKING
2198620,"04 Jul 2026  14:55:51",20269.3,GOOD,2.54,TRACKING
2198621,"04 Jul 2026  14:56:21",20269.1,GOOD,2.54,TRACKING
2198622,"04 Jul 2026  14:56:51",20269.4,GOOD,2.54,TRACKING
2198623,"04 Jul 2026  14:57:21",20269.7,GOOD,2.54,TRACKING
2198624,"04 Jul 2026  14:57:51",20270.9,GOOD,2.54,TRACKING
2198625,"04 Jul 2026  14:58:21",20271.0,GOOD,2.54,TRACKING
2198626,"04 Jul 2026  14:58:51",20270.5,GOOD,2.54,TRACKING
2198627,"04 Jul 2026  14:59:21",20270.0,GOOD,2.54,TRACKING
2198628,"04 Jul 2026  14:59:51",20269.8,GOOD,2.54,TRACKING
2198629,"04 Jul 2026  15:00:22",20271.7,GOOD,2.54,TRACKING
2198630,"04 Jul 2026  15:00:52",20270.9,GOOD,2.54,TRACKING
2198631,"04 Jul 2026  15:01:22",20271.7,GOOD,2.54,TRACKING
2198632,"04 Jul 2026  15:01:52",20272.5,GOOD,2.54,TRACKING
2198633,"04 Jul 2026  15:02:22",20272.5,GOOD,2.54,TRACKING
2198634,"04 Jul 2026  15:02:52",20272.7,GOOD,2.54,TRACKING
2198635,"04 Jul 2026  15:03:22",20271.7,GOOD,2.54,TRACKING
2198636,"04 Jul 2026  15:03:52",20271.9,GOOD,2.54,TRACKING
2198637,"04 Jul 2026  15:04:22",20272.2,GOOD,2.54,TRACKING
2198638,"04 Jul 2026  15:04:52",20272.8,GOOD,2.54,TRACKING
2198639,"04 Jul 2026  15:05:22",20272.3,GOOD,2.54,TRACKING
2198640,"04 Jul 2026  15:05:52",20273.0,GOOD,2.54,TRACKING
2198641,"04 Jul 2026  15:06:23",20272.3,GOOD,2.54,TRACKING
2198642,"04 Jul 2026  15:06:53",20272.1,GOOD,2.54,TRACKING
2198643,"04 Jul 2026  15:07:23",20271.9,GOOD,2.54,TRACKING
2198644,"04 Jul 2026  15:07:53",20271.1,GOOD,2.54,TRACKING
2198645,"04 Jul 2026  15:08:23",20270.4,GOOD,2.54,TRACKING
2198646,"04 Jul 2026  15:08:53",20271.0,GOOD,2.54,TRACKING
2198647,"04 Jul 2026  15:09:23",20271.4,GOOD,2.54,TRACKING
2198648,"04 Jul 2026  15:09:53",20272.5,GOOD,2.54,TRACKING
2198649,"04 Jul 2026  15:10:23",20272.9,GOOD,2.54,TRACKING
2198650,"04 Jul 2026  15:10:53",20272.8,GOOD,2.54,TRACKING
2198651,"04 Jul 2026  15:11:23",20272.3,GOOD,2.54,TRACKING
2198652,"04 Jul 2026  15:11:53",20271.9,GOOD,2.54,TRACKING
2198653,"04 Jul 2026  15:12:24",20271.8,GOOD,2.54,TRACKING
2198654,"04 Jul 2026  15:12:54",20271.7,GOOD,2.54,TRACKING
2198655,"04 Jul 2026  15:13:24",20272.3,GOOD,2.54,TRACKING
2198656,"04 Jul 2026  15:13:54",20271.5,GOOD,2.54,TRACKING
2198657,"04 Jul 2026  15:14:24",20272.3,GOOD,2.54,TRACKING
2198658,"04 Jul 2026  15:14:54",20272.1,GOOD,2.54,TRACKING
2198659,"04 Jul 2026  15:15:24",20271.6,GOOD,2.54,TRACKING
2198660,"04 Jul 2026  15:15:54",20271.7,GOOD,2.54,TRACKING
2198661,"04 Jul 2026  15:16:24",20271.6,GOOD,2.54,TRACKING
2198662,"04 Jul 2026  15:16:54",20271.3,GOOD,2.54,TRACKING
2198663,"04 Jul 2026  15:17:24",20272.2,GOOD,2.54,TRACKING
2198664,"04 Jul 2026  15:17:54",20272.4,GOOD,2.54,TRACKING
2198665,"04 Jul 2026  15:18:24",20272.8,GOOD,2.54,TRACKING
2198666,"04 Jul 2026  15:18:55",20273.1,GOOD,2.54,TRACKING
2198667,"04 Jul 2026  15:19:25",20273.6,GOOD,2.54,TRACKING
2198668,"04 Jul 2026  15:19:55",20273.3,GOOD,2.54,TRACKING
2198669,"04 Jul 2026  15:20:25",20274.1,GOOD,2.54,TRACKING
2198670,"04 Jul 2026  15:20:55",20273.7,GOOD,2.54,TRACKING
2198671,"04 Jul 2026  15:21:25",20273.2,GOOD,2.54,TRACKING
2198672,"04 Jul 2026  15:21:55",20272.9,GOOD,2.54,TRACKING
2198673,"04 Jul 2026  15:22:25",20272.4,GOOD,2.54,TRACKING
2198674,"04 Jul 2026  15:22:55",20272.5,GOOD,2.54,TRACKING
2198675,"04 Jul 2026  15:23:25",20272.5,GOOD,2.54,TRACKING
2198676,"04 Jul 2026  15:23:55",20272.4,GOOD,2.54,TRACKING
2198677,"04 Jul 2026  15:24:25",20272.7,GOOD,2.54,TRACKING
2198678,"04 Jul 2026  15:24:55",20271.9,GOOD,2.54,TRACKING
2198679,"04 Jul 2026  15:25:26",20273.5,GOOD,2.54,TRACKING
2198680,"04 Jul 2026  15:25:56",20273.3,GOOD,2.54,TRACKING
2198681,"04 Jul 2026  15:26:26",20273.9,GOOD,2.54,TRACKING
2198682,"04 Jul 2026  15:26:56",20274.8,GOOD,2.54,TRACKING
2198683,"04 Jul 2026  15:27:26",20274.6,GOOD,2.54,TRACKING
2198684,"04 Jul 2026  15:27:56",20275.4,GOOD,2.54,TRACKING
2198685,"04 Jul 2026  15:28:26",20275.4,GOOD,2.54,TRACKING
2198686,"04 Jul 2026  15:28:56",20275.1,GOOD,2.54,TRACKING
2198687,"04 Jul 2026  15:29:26",20274.7,GOOD,2.54,TRACKING
2198688,"04 Jul 2026  15:29:56",20273.6,GOOD,2.54,TRACKING
2198689,"04 Jul 2026  15:30:26",20274.0,GOOD,2.54,TRACKING
2198690,"04 Jul 2026  15:30:56",20274.9,GOOD,2.54,TRACKING
2198691,"04 Jul 2026  15:31:26",20274.0,GOOD,2.54,TRACKING
2198692,"04 Jul 2026  15:31:57",20274.2,GOOD,2.54,TRACKING
2198693,"04 Jul 2026  15:32:27",20275.3,GOOD,2.54,TRACKING
2198694,"04 Jul 2026  15:32:57",20275.0,GOOD,2.54,TRACKING
2198695,"04 Jul 2026  15:33:27",20274.3,GOOD,2.54,TRACKING
2198696,"04 Jul 2026  15:33:57",20274.4,GOOD,2.54,TRACKING
2198697,"04 Jul 2026  15:34:27",20275.0,GOOD,2.54,TRACKING
2198698,"04 Jul 2026  15:34:57",20274.9,GOOD,2.54,TRACKING
2198699,"04 Jul 2026  15:35:27",20274.2,GOOD,2.54,TRACKING
2198700,"04 Jul 2026  15:35:57",20274.0,GOOD,2.54,TRACKING
2198701,"04 Jul 2026  15:36:27",20274.3,GOOD,2.54,TRACKING
2198702,"04 Jul 2026  15:36:57",20274.6,GOOD,2.54,TRACKING
2198703,"04 Jul 2026  15:37:27",20274.2,GOOD,2.54,TRACKING
2198704,"04 Jul 2026  15:37:57",20275.3,GOOD,2.54,TRACKING
2198705,"04 Jul 2026  15:38:28",20275.5,GOOD,2.54,TRACKING
2198706,"04 Jul 2026  15:38:58",20274.8,GOOD,2.54,TRACKING
2198707,"04 Jul 2026  15:39:28",20276.0,GOOD,2.54,TRACKING
2198708,"04 Jul 2026  15:39:58",20276.2,GOOD,2.54,TRACKING
2198709,"04 Jul 2026  15:40:28",20275.3,GOOD,2.54,TRACKING
2198710,"04 Jul 2026  15:40:58",20275.2,GOOD,2.54,TRACKING
2198711,"04 Jul 2026  15:41:28",20275.4,GOOD,2.54,TRACKING
2198712,"04 Jul 2026  15:41:58",20275.4,GOOD,2.54,TRACKING
2198713,"04 Jul 2026  15:42:28",20275.6,GOOD,2.54,TRACKING
2198714,"04 Jul 2026  15:42:58",20275.3,GOOD,2.54,TRACKING
2198715,"04 Jul 2026  15:43:28",20275.5,GOOD,2.54,TRACKING
2198716,"04 Jul 2026  15:43:58",20275.7,GOOD,2.54,TRACKING
2198717,"04 Jul 2026  15:44:28",20275.3,GOOD,2.54,TRACKING
2198718,"04 Jul 2026  15:44:58",20276.5,GOOD,2.54,TRACKING
2198719,"04 Jul 2026  15:45:29",20277.8,GOOD,2.54,TRACKING
2198720,"04 Jul 2026  15:45:59",20276.9,GOOD,2.54,TRACKING
2198721,"04 Jul 2026  15:46:29",20275.9,GOOD,2.54,TRACKING
2198722,"04 Jul 2026  15:46:59",20275.7,GOOD,2.54,TRACKING
2198723,"04 Jul 2026  15:47:29",20276.2,GOOD,2.54,TRACKING
2198724,"04 Jul 2026  15:47:59",20277.2,GOOD,2.54,TRACKING
2198725,"04 Jul 2026  15:48:29",20277.9,GOOD,2.54,TRACKING
2198726,"04 Jul 2026  15:48:59",20277.7,GOOD,2.54,TRACKING
2198727,"04 Jul 2026  15:49:29",20278.1,GOOD,2.54,TRACKING
2198728,"04 Jul 2026  15:49:59",20276.6,GOOD,2.54,TRACKING
2198729,"04 Jul 2026  15:50:29",20276.0,GOOD,2.54,TRACKING
2198730,"04 Jul 2026  15:50:59",20276.8,GOOD,2.54,TRACKING
2198731,"04 Jul 2026  15:51:29",20276.4,GOOD,2.54,TRACKING
2198732,"04 Jul 2026  15:51:59",20276.5,GOOD,2.54,TRACKING
2198733,"04 Jul 2026  15:52:30",20275.9,GOOD,2.54,TRACKING
2198734,"04 Jul 2026  15:53:00",20275.1,GOOD,2.54,TRACKING
2198735,"04 Jul 2026  15:53:30",20274.9,GOOD,2.54,TRACKING
2198736,"04 Jul 2026  15:54:00",20275.4,GOOD,2.54,TRACKING
2198737,"04 Jul 2026  15:54:30",20276.0,GOOD,2.54,TRACKING
2198738,"04 Jul 2026  15:55:00",20275.2,GOOD,2.54,TRACKING
2198739,"04 Jul 2026  15:55:30",20275.4,GOOD,2.54,TRACKING
2198740,"04 Jul 2026  15:56:00",20276.6,GOOD,2.54,TRACKING
2198741,"04 Jul 2026  15:56:30",20276.7,GOOD,2.54,TRACKING
2198742,"04 Jul 2026  15:57:00",20276.9,GOOD,2.54,TRACKING
2198743,"04 Jul 2026  15:57:30",20275.6,GOOD,2.54,TRACKING
2198744,"04 Jul 2026  15:58:00",20275.5,GOOD,2.54,TRACKING
2198745,"04 Jul 2026  15:58:30",20276.3,GOOD,2.54,TRACKING
2198746,"04 Jul 2026  15:59:01",20276.7,GOOD,2.54,TRACKING
2198747,"04 Jul 2026  15:59:31",20277.4,GOOD,2.54,TRACKING
2198748,"04 Jul 2026  16:00:01",20277.4,GOOD,2.54,TRACKING
2198749,"04 Jul 2026  16:00:31",20276.6,GOOD,2.54,TRACKING
2198750,"04 Jul 2026  16:01:01",20276.0,GOOD,2.54,TRACKING
2198751,"04 Jul 2026  16:01:31",20276.3,GOOD,2.54,TRACKING
2198752,"04 Jul 2026  16:02:01",20276.8,GOOD,2.54,TRACKING
2198753,"04 Jul 2026  16:02:31",20277.3,GOOD,2.54,TRACKING
2198754,"04 Jul 2026  16:03:01",20276.6,GOOD,2.54,TRACKING
2198755,"04 Jul 2026  16:03:31",20276.8,GOOD,2.54,TRACKING
2198756,"04 Jul 2026  16:04:01",20277.6,GOOD,2.54,TRACKING
2198757,"04 Jul 2026  16:04:31",20278.8,GOOD,2.54,TRACKING
2198758,"04 Jul 2026  16:05:01",20278.8,GOOD,2.54,TRACKING
2198759,"04 Jul 2026  16:05:31",20278.4,GOOD,2.54,TRACKING
2198760,"04 Jul 2026  16:06:02",20277.6,GOOD,2.54,TRACKING
2198761,"04 Jul 2026  16:06:32",20277.3,GOOD,2.54,TRACKING
2198762,"04 Jul 2026  16:07:02",20277.4,GOOD,2.54,TRACKING
2198763,"04 Jul 2026  16:07:32",20277.2,GOOD,2.54,TRACKING
2198764,"04 Jul 2026  16:08:02",20277.2,GOOD,2.54,TRACKING
2198765,"04 Jul 2026  16:08:32",20277.2,GOOD,2.54,TRACKING
2198766,"04 Jul 2026  16:09:02",20278.2,GOOD,2.54,TRACKING
2198767,"04 Jul 2026  16:09:32",20277.7,GOOD,2.54,TRACKING
2198768,"04 Jul 2026  16:10:02",20277.9,GOOD,2.54,TRACKING
2198769,"04 Jul 2026  16:10:32",20277.5,GOOD,2.54,TRACKING
2198770,"04 Jul 2026  16:11:02",20277.7,GOOD,2.54,TRACKING
2198771,"04 Jul 2026  16:11:32",20278.4,GOOD,2.54,TRACKING
2198772,"04 Jul 2026  16:12:02",20278.6,GOOD,2.54,TRACKING
2198773,"04 Jul 2026  16:12:32",20278.5,GOOD,2.54,TRACKING
2198774,"04 Jul 2026  16:13:03",20277.1,GOOD,2.54,TRACKING
2198775,"04 Jul 2026  16:13:33",20276.7,GOOD,2.54,TRACKING
2198776,"04 Jul 2026  16:14:03",20277.5,GOOD,2.54,TRACKING
2198777,"04 Jul 2026  16:14:33",20276.8,GOOD,2.54,TRACKING
2198778,"04 Jul 2026  16:15:03",20277.6,GOOD,2.54,TRACKING
2198779,"04 Jul 2026  16:15:33",20277.2,GOOD,2.54,TRACKING
2198780,"04 Jul 2026  16:16:03",20277.7,GOOD,2.54,TRACKING
2198781,"04 Jul 2026  16:16:33",20277.0,GOOD,2.54,TRACKING
2198782,"04 Jul 2026  16:17:03",20276.8,GOOD,2.54,TRACKING
2198783,"04 Jul 2026  16:17:33",20276.8,GOOD,2.54,TRACKING
2198784,"04 Jul 2026  16:18:03",20278.0,GOOD,2.54,TRACKING
2198785,"04 Jul 2026  16:18:33",20278.3,GOOD,2.54,TRACKING
2198786,"04 Jul 2026  16:19:03",20278.0,GOOD,2.54,TRACKING
2198787,"04 Jul 2026  16:19:33",20278.9,GOOD,2.54,TRACKING
2198788,"04 Jul 2026  16:20:03",20278.2,GOOD,2.54,TRACKING
2198789,"04 Jul 2026  16:20:34",20278.1,GOOD,2.54,TRACKING
2198790,"04 Jul 2026  16:21:04",20278.8,GOOD,2.54,TRACKING
2198791,"04 Jul 2026  16:21:34",20278.2,GOOD,2.54,TRACKING
2198792,"04 Jul 2026  16:22:04",20278.5,GOOD,2.54,TRACKING
2198793,"04 Jul 2026  16:22:34",20278.9,GOOD,2.54,TRACKING
2198794,"04 Jul 2026  16:23:04",20279.8,GOOD,2.54,TRACKING
2198795,"04 Jul 2026  16:23:34",20281.3,GOOD,2.54,TRACKING
2198796,"04 Jul 2026  16:24:04",20281.8,GOOD,2.54,TRACKING
2198797,"04 Jul 2026  16:24:34",20281.0,GOOD,2.54,TRACKING
2198798,"04 Jul 2026  16:25:04",20279.4,GOOD,2.54,TRACKING
2198799,"04 Jul 2026  16:25:34",20279.1,GOOD,2.54,TRACKING
2198800,"04 Jul 2026  16:26:04",20278.9,GOOD,2.54,TRACKING
2198801,"04 Jul 2026  16:26:34",20278.4,GOOD,2.54,TRACKING
2198802,"04 Jul 2026  16:27:04",20278.5,GOOD,2.54,TRACKING
2198803,"04 Jul 2026  16:27:35",20278.5,GOOD,2.54,TRACKING
2198804,"04 Jul 2026  16:28:05",20278.7,GOOD,2.54,TRACKING
2198805,"04 Jul 2026  16:28:35",20279.4,GOOD,2.54,TRACKING
2198806,"04 Jul 2026  16:29:05",20280.3,GOOD,2.54,TRACKING
2198807,"04 Jul 2026  16:29:35",20280.2,GOOD,2.54,TRACKING
2198808,"04 Jul 2026  16:30:05",20279.5,GOOD,2.54,TRACKING
2198809,"04 Jul 2026  16:30:35",20279.1,GOOD,2.54,TRACKING
2198810,"04 Jul 2026  16:31:05",20278.7,GOOD,2.54,TRACKING
2198811,"04 Jul 2026  16:31:35",20278.8,GOOD,2.54,TRACKING
2198812,"04 Jul 2026  16:32:05",20278.8,GOOD,2.54,TRACKING
2198813,"04 Jul 2026  16:32:35",20279.8,GOOD,2.54,TRACKING
2198814,"04 Jul 2026  16:33:05",20279.9,GOOD,2.54,TRACKING
2198815,"04 Jul 2026  16:33:35",20279.8,GOOD,2.54,TRACKING
2198816,"04 Jul 2026  16:34:05",20279.3,GOOD,2.54,TRACKING
2198817,"04 Jul 2026  16:34:35",20279.0,GOOD,2.54,TRACKING
2198818,"04 Jul 2026  16:35:06",20279.0,GOOD,2.54,TRACKING
2198819,"04 Jul 2026  16:35:36",20279.2,GOOD,2.54,TRACKING
2198820,"04 Jul 2026  16:36:06",20279.0,GOOD,2.54,TRACKING
2198821,"04 Jul 2026  16:36:36",20279.9,GOOD,2.54,TRACKING
2198822,"04 Jul 2026  16:37:06",20280.4,GOOD,2.54,TRACKING
2198823,"04 Jul 2026  16:37:36",20279.6,GOOD,2.54,TRACKING
2198824,"04 Jul 2026  16:38:06",20279.2,GOOD,2.54,TRACKING
2198825,"04 Jul 2026  16:38:36",20279.5,GOOD,2.54,TRACKING
2198826,"04 Jul 2026  16:39:06",20279.9,GOOD,2.54,TRACKING
2198827,"04 Jul 2026  16:39:36",20279.7,GOOD,2.54,TRACKING
2198828,"04 Jul 2026  16:40:06",20279.7,GOOD,2.54,TRACKING
2198829,"04 Jul 2026  16:40:36",20279.0,GOOD,2.54,TRACKING
2198830,"04 Jul 2026  16:41:06",20280.9,GOOD,2.54,TRACKING
2198831,"04 Jul 2026  16:41:36",20280.1,GOOD,2.54,TRACKING
2198832,"04 Jul 2026  16:42:06",20280.2,GOOD,2.54,TRACKING
2198833,"04 Jul 2026  16:42:37",20279.8,GOOD,2.54,TRACKING
2198834,"04 Jul 2026  16:43:07",20280.9,GOOD,2.54,TRACKING
2198835,"04 Jul 2026  16:43:37",20281.1,GOOD,2.54,TRACKING
2198836,"04 Jul 2026  16:44:07",20281.5,GOOD,2.54,TRACKING
2198837,"04 Jul 2026  16:44:37",20281.2,GOOD,2.54,TRACKING
2198838,"04 Jul 2026  16:45:07",20280.9,GOOD,2.54,TRACKING
2198839,"04 Jul 2026  16:45:37",20279.6,GOOD,2.54,TRACKING
2198840,"04 Jul 2026  16:46:07",20280.9,GOOD,2.54,TRACKING
2198841,"04 Jul 2026  16:46:37",20280.8,GOOD,2.54,TRACKING
2198842,"04 Jul 2026  16:47:07",20280.0,GOOD,2.54,TRACKING
2198843,"04 Jul 2026  16:47:37",20280.4,GOOD,2.54,TRACKING
2198844,"04 Jul 2026  16:48:07",20281.0,GOOD,2.54,TRACKING
2198845,"04 Jul 2026  16:48:37",20280.8,GOOD,2.54,TRACKING
2198846,"04 Jul 2026  16:49:07",20280.0,GOOD,2.54,TRACKING
2198847,"04 Jul 2026  16:49:38",20279.6,GOOD,2.54,TRACKING
2198848,"04 Jul 2026  16:50:08",20279.5,GOOD,2.54,TRACKING
2198849,"04 Jul 2026  16:50:38",20280.4,GOOD,2.54,TRACKING
2198850,"04 Jul 2026  16:51:08",20280.4,GOOD,2.54,TRACKING
2198851,"04 Jul 2026  16:51:38",20279.9,GOOD,2.54,TRACKING
2198852,"04 Jul 2026  16:52:08",20279.8,GOOD,2.54,TRACKING
2198853,"04 Jul 2026  16:52:38",20279.8,GOOD,2.54,TRACKING
2198854,"04 Jul 2026  16:53:08",20281.4,GOOD,2.54,TRACKING
2198855,"04 Jul 2026  16:53:38",20281.9,GOOD,2.54,TRACKING
2198856,"04 Jul 2026  16:54:08",20281.5,GOOD,2.54,TRACKING
2198857,"04 Jul 2026  16:54:38",20281.6,GOOD,2.54,TRACKING
2198858,"04 Jul 2026  16:55:08",20282.9,GOOD,2.54,TRACKING
2198859,"04 Jul 2026  16:55:38",20283.5,GOOD,2.54,TRACKING
2198860,"04 Jul 2026  16:56:08",20283.2,GOOD,2.54,TRACKING
2198861,"04 Jul 2026  16:56:38",20283.0,GOOD,2.54,TRACKING
2198862,"04 Jul 2026  16:57:09",20281.8,GOOD,2.54,TRACKING
2198863,"04 Jul 2026  16:57:39",20281.8,GOOD,2.54,TRACKING
2198864,"04 Jul 2026  16:58:09",20282.3,GOOD,2.54,TRACKING
2198865,"04 Jul 2026  16:58:39",20282.2,GOOD,2.54,TRACKING
2198866,"04 Jul 2026  16:59:09",20283.3,GOOD,2.54,TRACKING
2198867,"04 Jul 2026  16:59:39",20283.3,GOOD,2.54,TRACKING
2198868,"04 Jul 2026  17:00:09",20283.7,GOOD,2.54,TRACKING
2198869,"04 Jul 2026  17:00:39",20283.2,GOOD,2.54,TRACKING
2198870,"04 Jul 2026  17:01:09",20283.2,GOOD,2.54,TRACKING
2198871,"04 Jul 2026  17:01:39",20283.8,GOOD,2.54,TRACKING
2198872,"04 Jul 2026  17:02:09",20284.1,GOOD,2.54,TRACKING
2198873,"04 Jul 2026  17:02:39",20283.7,GOOD,2.54,TRACKING
2198874,"04 Jul 2026  17:03:09",20283.2,GOOD,2.54,TRACKING
2198875,"04 Jul 2026  17:03:40",20281.8,GOOD,2.54,TRACKING
2198876,"04 Jul 2026  17:04:10",20282.0,GOOD,2.54,TRACKING
2198877,"04 Jul 2026  17:04:40",20281.8,GOOD,2.54,TRACKING
2198878,"04 Jul 2026  17:05:10",20282.1,GOOD,2.54,TRACKING
2198879,"04 Jul 2026  17:05:40",20281.9,GOOD,2.54,TRACKING
2198880,"04 Jul 2026  17:06:10",20282.4,GOOD,2.54,TRACKING
2198881,"04 Jul 2026  17:06:40",20281.6,GOOD,2.54,TRACKING
2198882,"04 Jul 2026  17:07:10",20281.2,GOOD,2.54,TRACKING
2198883,"04 Jul 2026  17:07:40",20281.9,GOOD,2.54,TRACKING
2198884,"04 Jul 2026  17:08:10",20282.3,GOOD,2.54,TRACKING
2198885,"04 Jul 2026  17:08:40",20283.4,GOOD,2.54,TRACKING
2198886,"04 Jul 2026  17:09:10",20282.9,GOOD,2.54,TRACKING
2198887,"04 Jul 2026  17:09:40",20282.6,GOOD,2.54,TRACKING
2198888,"04 Jul 2026  17:10:10",20282.7,GOOD,2.54,TRACKING
2198889,"04 Jul 2026  17:10:40",20282.1,GOOD,2.54,TRACKING
2198890,"04 Jul 2026  17:11:11",20282.1,GOOD,2.54,TRACKING
2198891,"04 Jul 2026  17:11:41",20282.3,GOOD,2.54,TRACKING
2198892,"04 Jul 2026  17:12:11",20282.4,GOOD,2.54,TRACKING
2198893,"04 Jul 2026  17:12:41",20282.6,GOOD,2.54,TRACKING
2198894,"04 Jul 2026  17:13:11",20282.0,GOOD,2.54,TRACKING
2198895,"04 Jul 2026  17:13:41",20282.7,GOOD,2.54,TRACKING
2198896,"04 Jul 2026  17:14:11",20281.8,GOOD,2.54,TRACKING
2198897,"04 Jul 2026  17:14:41",20281.9,GOOD,2.54,TRACKING
2198898,"04 Jul 2026  17:15:11",20282.5,GOOD,2.54,TRACKING
2198899,"04 Jul 2026  17:15:41",20282.7,GOOD,2.54,TRACKING
2198900,"04 Jul 2026  17:16:11",20282.0,GOOD,2.54,TRACKING
2198901,"04 Jul 2026  17:16:41",20283.4,GOOD,2.54,TRACKING
2198902,"04 Jul 2026  17:17:11",20283.5,GOOD,2.54,TRACKING
2198903,"04 Jul 2026  17:17:42",20283.0,GOOD,2.54,TRACKING
2198904,"04 Jul 2026  17:18:12",20283.9,GOOD,2.54,TRACKING
2198905,"04 Jul 2026  17:18:42",20283.8,GOOD,2.54,TRACKING
2198906,"04 Jul 2026  17:19:12",20284.0,GOOD,2.54,TRACKING
2198907,"04 Jul 2026  17:19:42",20282.9,GOOD,2.54,TRACKING
2198908,"04 Jul 2026  17:20:12",20282.4,GOOD,2.54,TRACKING
2198909,"04 Jul 2026  17:20:42",20283.0,GOOD,2.54,TRACKING
2198910,"04 Jul 2026  17:21:12",20282.9,GOOD,2.54,TRACKING
2198911,"04 Jul 2026  17:21:42",20282.9,GOOD,2.54,TRACKING
2198912,"04 Jul 2026  17:22:12",20284.1,GOOD,2.54,TRACKING
2198913,"04 Jul 2026  17:22:42",20283.4,GOOD,2.54,TRACKING
2198914,"04 Jul 2026  17:23:12",20283.8,GOOD,2.54,TRACKING
2198915,"04 Jul 2026  17:23:42",20283.5,GOOD,2.54,TRACKING
2198916,"04 Jul 2026  17:24:12",20283.6,GOOD,2.54,TRACKING
2198917,"04 Jul 2026  17:24:43",20282.4,GOOD,2.54,TRACKING
2198918,"04 Jul 2026  17:25:13",20283.4,GOOD,2.54,TRACKING
2198919,"04 Jul 2026  17:25:43",20283.3,GOOD,2.54,TRACKING
2198920,"04 Jul 2026  17:26:13",20283.1,GOOD,2.54,TRACKING
2198921,"04 Jul 2026  17:26:43",20283.2,GOOD,2.54,TRACKING
2198922,"04 Jul 2026  17:27:13",20284.7,GOOD,2.54,TRACKING
2198923,"04 Jul 2026  17:27:43",20283.8,GOOD,2.54,TRACKING
2198924,"04 Jul 2026  17:28:13",20284.7,GOOD,2.54,TRACKING
2198925,"04 Jul 2026  17:28:43",20284.9,GOOD,2.54,TRACKING
2198926,"04 Jul 2026  17:29:13",20284.7,GOOD,2.54,TRACKING
2198927,"04 Jul 2026  17:29:43",20284.9,GOOD,2.54,TRACKING
2198928,"04 Jul 2026  17:30:13",20285.7,GOOD,2.54,TRACKING
2198929,"04 Jul 2026  17:30:43",20285.5,GOOD,2.54,TRACKING
2198930,"04 Jul 2026  17:31:13",20285.5,GOOD,2.54,TRACKING
2198931,"04 Jul 2026  17:31:43",20284.8,GOOD,2.54,TRACKING
2198932,"04 Jul 2026  17:32:13",20284.9,GOOD,2.54,TRACKING
2198933,"04 Jul 2026  17:32:44",20284.7,GOOD,2.54,TRACKING
2198934,"04 Jul 2026  17:33:14",20284.8,GOOD,2.54,TRACKING
2198935,"04 Jul 2026  17:33:44",20284.9,GOOD,2.54,TRACKING
2198936,"04 Jul 2026  17:34:14",20284.9,GOOD,2.54,TRACKING
2198937,"04 Jul 2026  17:34:44",20286.6,GOOD,2.54,TRACKING
2198938,"04 Jul 2026  17:35:14",20286.1,GOOD,2.54,TRACKING
2198939,"04 Jul 2026  17:35:44",20287.2,GOOD,2.54,TRACKING
2198940,"04 Jul 2026  17:36:14",20286.9,GOOD,2.54,TRACKING
2198941,"04 Jul 2026  17:36:44",20286.2,GOOD,2.54,TRACKING
2198942,"04 Jul 2026  17:37:14",20285.9,GOOD,2.54,TRACKING
2198943,"04 Jul 2026  17:37:44",20286.0,GOOD,2.54,TRACKING
2198944,"04 Jul 2026  17:38:14",20285.5,GOOD,2.54,TRACKING
2198945,"04 Jul 2026  17:38:44",20285.2,GOOD,2.54,TRACKING
2198946,"04 Jul 2026  17:39:14",20285.5,GOOD,2.54,TRACKING
2198947,"04 Jul 2026  17:39:45",20285.0,GOOD,2.54,TRACKING
2198948,"04 Jul 2026  17:40:15",20284.5,GOOD,2.54,TRACKING
2198949,"04 Jul 2026  17:40:45",20284.4,GOOD,2.54,TRACKING
2198950,"04 Jul 2026  17:41:15",20284.9,GOOD,2.54,TRACKING
2198951,"04 Jul 2026  17:41:45",20285.4,GOOD,2.54,TRACKING
2198952,"04 Jul 2026  17:42:15",20285.1,GOOD,2.54,TRACKING
2198953,"04 Jul 2026  17:42:45",20285.6,GOOD,2.54,TRACKING
2198954,"04 Jul 2026  17:43:15",20285.7,GOOD,2.54,TRACKING
2198955,"04 Jul 2026  17:43:45",20285.5,GOOD,2.54,TRACKING
2198956,"04 Jul 2026  17:44:15",20285.3,GOOD,2.54,TRACKING
2198957,"04 Jul 2026  17:44:45",20285.8,GOOD,2.54,TRACKING
2198958,"04 Jul 2026  17:45:15",20285.8,GOOD,2.54,TRACKING
2198959,"04 Jul 2026  17:45:45",20285.5,GOOD,2.54,TRACKING
2198960,"04 Jul 2026  17:46:16",20284.7,GOOD,2.54,TRACKING
2198961,"04 Jul 2026  17:46:46",20285.0,GOOD,2.54,TRACKING
2198962,"04 Jul 2026  17:47:16",20286.3,GOOD,2.54,TRACKING
2198963,"04 Jul 2026  17:47:46",20286.1,GOOD,2.54,TRACKING
2198964,"04 Jul 2026  17:48:16",20287.6,GOOD,2.54,TRACKING
2198965,"04 Jul 2026  17:48:46",20286.5,GOOD,2.54,TRACKING
2198966,"04 Jul 2026  17:49:16",20286.7,GOOD,2.54,TRACKING
2198967,"04 Jul 2026  17:49:46",20286.5,GOOD,2.54,TRACKING
2198968,"04 Jul 2026  17:50:16",20287.1,GOOD,2.54,TRACKING
2198969,"04 Jul 2026  17:50:46",20286.3,GOOD,2.54,TRACKING
2198970,"04 Jul 2026  17:51:16",20286.0,GOOD,2.54,TRACKING
2198971,"04 Jul 2026  17:51:46",20285.8,GOOD,2.54,TRACKING
2198972,"04 Jul 2026  17:52:16",20286.1,GOOD,2.54,TRACKING
2198973,"04 Jul 2026  17:52:46",20287.0,GOOD,2.54,TRACKING
2198974,"04 Jul 2026  17:53:16",20286.8,GOOD,2.54,TRACKING
2198975,"04 Jul 2026  17:53:47",20287.0,GOOD,2.54,TRACKING
2198976,"04 Jul 2026  17:54:17",20286.8,GOOD,2.54,TRACKING
2198977,"04 Jul 2026  17:54:47",20286.9,GOOD,2.54,TRACKING
2198978,"04 Jul 2026  17:55:17",20287.0,GOOD,2.54,TRACKING
2198979,"04 Jul 2026  17:55:47",20287.0,GOOD,2.54,TRACKING
2198980,"04 Jul 2026  17:56:17",20287.4,GOOD,2.54,TRACKING
2198981,"04 Jul 2026  17:56:47",20287.3,GOOD,2.54,TRACKING
2198982,"04 Jul 2026  17:57:17",20287.4,GOOD,2.54,TRACKING
2198983,"04 Jul 2026  17:57:47",20286.6,GOOD,2.54,TRACKING
2198984,"04 Jul 2026  17:58:17",20286.4,GOOD,2.54,TRACKING
2198985,"04 Jul 2026  17:58:47",20286.3,GOOD,2.54,TRACKING
2198986,"04 Jul 2026  17:59:17",20287.2,GOOD,2.54,TRACKING
2198987,"04 Jul 2026  17:59:47",20287.9,GOOD,2.54,TRACKING
2198988,"04 Jul 2026  18:00:18",20288.2,GOOD,2.54,TRACKING
2198989,"04 Jul 2026  18:00:48",20287.7,GOOD,2.54,TRACKING
2198990,"04 Jul 2026  18:01:18",20287.6,GOOD,2.54,TRACKING
2198991,"04 Jul 2026  18:01:48",20286.7,GOOD,2.54,TRACKING
2198992,"04 Jul 2026  18:02:18",20286.4,GOOD,2.54,TRACKING
2198993,"04 Jul 2026  18:02:48",20286.7,GOOD,2.54,TRACKING
2198994,"04 Jul 2026  18:03:18",20286.6,GOOD,2.54,TRACKING
2198995,"04 Jul 2026  18:03:48",20286.5,GOOD,2.54,TRACKING
2198996,"04 Jul 2026  18:04:18",20286.8,GOOD,2.54,TRACKING
2198997,"04 Jul 2026  18:04:48",20286.8,GOOD,2.54,TRACKING
2198998,"04 Jul 2026  18:05:18",20287.4,GOOD,2.54,TRACKING
2198999,"04 Jul 2026  18:05:48",20287.4,GOOD,2.54,TRACKING
2199000,"04 Jul 2026  18:06:18",20287.1,GOOD,2.54,TRACKING
2199001,"04 Jul 2026  18:06:48",20286.2,GOOD,2.54,TRACKING
2199002,"04 Jul 2026  18:07:19",20286.7,GOOD,2.54,TRACKING
2199003,"04 Jul 2026  18:07:49",20286.7,GOOD,2.54,TRACKING
2199004,"04 Jul 2026  18:08:19",20287.5,GOOD,2.54,TRACKING
2199005,"04 Jul 2026  18:08:49",20287.0,GOOD,2.54,TRACKING
2199006,"04 Jul 2026  18:09:19",20287.0,GOOD,2.54,TRACKING
2199007,"04 Jul 2026  18:09:49",20287.0,GOOD,2.54,TRACKING
2199008,"04 Jul 2026  18:10:19",20287.0,GOOD,2.54,TRACKING
2199009,"04 Jul 2026  18:10:49",20287.1,GOOD,2.54,TRACKING
2199010,"04 Jul 2026  18:11:19",20287.5,GOOD,2.54,TRACKING
2199011,"04 Jul 2026  18:11:49",20287.7,GOOD,2.54,TRACKING
2199012,"04 Jul 2026  18:12:19",20288.1,GOOD,2.54,TRACKING
2199013,"04 Jul 2026  18:12:49",20288.1,GOOD,2.54,TRACKING
2199014,"04 Jul 2026  18:13:19",20287.1,GOOD,2.54,TRACKING
2199015,"04 Jul 2026  18:13:49",20286.9,GOOD,2.54,TRACKING
2199016,"04 Jul 2026  18:14:20",20287.2,GOOD,2.54,TRACKING
2199017,"04 Jul 2026  18:14:50",20287.3,GOOD,2.54,TRACKING
2199018,"04 Jul 2026  18:15:20",20287.0,GOOD,2.54,TRACKING
2199019,"04 Jul 2026  18:15:50",20286.3,GOOD,2.54,TRACKING
2199020,"04 Jul 2026  18:16:20",20286.8,GOOD,2.54,TRACKING
2199021,"04 Jul 2026  18:16:50",20287.1,GOOD,2.54,TRACKING
2199022,"04 Jul 2026  18:17:20",20287.1,GOOD,2.54,TRACKING
2199023,"04 Jul 2026  18:17:50",20287.1,GOOD,2.54,TRACKING
2199024,"04 Jul 2026  18:18:20",20287.3,GOOD,2.54,TRACKING
2199025,"04 Jul 2026  18:18:50",20287.5,GOOD,2.54,TRACKING
2199026,"04 Jul 2026  18:19:20",20288.1,GOOD,2.54,TRACKING
2199027,"04 Jul 2026  18:19:50",20287.9,GOOD,2.54,TRACKING
2199028,"04 Jul 2026  18:20:20",20288.2,GOOD,2.54,TRACKING
2199029,"04 Jul 2026  18:20:50",20287.5,GOOD,2.54,TRACKING
2199030,"04 Jul 2026  18:21:21",20288.1,GOOD,2.54,TRACKING
2199031,"04 Jul 2026  18:21:51",20288.2,GOOD,2.54,TRACKING
2199032,"04 Jul 2026  18:22:21",20288.3,GOOD,2.54,TRACKING
2199033,"04 Jul 2026  18:22:51",20288.0,GOOD,2.54,TRACKING
2199034,"04 Jul 2026  18:23:21",20288.3,GOOD,2.54,TRACKING
2199035,"04 Jul 2026  18:23:51",20288.7,GOOD,2.54,TRACKING
2199036,"04 Jul 2026  18:24:21",20288.6,GOOD,2.54,TRACKING
2199037,"04 Jul 2026  18:24:51",20287.8,GOOD,2.54,TRACKING
2199038,"04 Jul 2026  18:25:21",20288.0,GOOD,2.54,TRACKING
2199039,"04 Jul 2026  18:25:51",20288.9,GOOD,2.54,TRACKING
2199040,"04 Jul 2026  18:26:21",20288.6,GOOD,2.54,TRACKING
2199041,"04 Jul 2026  18:26:51",20288.6,GOOD,2.54,TRACKING
2199042,"04 Jul 2026  18:27:21",20288.6,GOOD,2.54,TRACKING
2199043,"04 Jul 2026  18:27:52",20288.6,GOOD,2.54,TRACKING
2199044,"04 Jul 2026  18:28:22",20288.5,GOOD,2.54,TRACKING
2199045,"04 Jul 2026  18:28:52",20289.5,GOOD,2.54,TRACKING
2199046,"04 Jul 2026  18:29:22",20290.2,GOOD,2.54,TRACKING
2199047,"04 Jul 2026  18:29:52",20289.3,GOOD,2.54,TRACKING
2199048,"04 Jul 2026  18:30:22",20289.3,GOOD,2.54,TRACKING
2199049,"04 Jul 2026  18:30:52",20289.2,GOOD,2.54,TRACKING
2199050,"04 Jul 2026  18:31:22",20289.1,GOOD,2.54,TRACKING
2199051,"04 Jul 2026  18:31:52",20288.7,GOOD,2.54,TRACKING
2199052,"04 Jul 2026  18:32:22",20288.8,GOOD,2.54,TRACKING
2199053,"04 Jul 2026  18:32:52",20288.6,GOOD,2.54,TRACKING
2199054,"04 Jul 2026  18:33:22",20289.2,GOOD,2.54,TRACKING
2199055,"04 Jul 2026  18:33:52",20290.8,GOOD,2.54,TRACKING
2199056,"04 Jul 2026  18:34:23",20291.1,GOOD,2.54,TRACKING
2199057,"04 Jul 2026  18:34:53",20290.5,GOOD,2.54,TRACKING
2199058,"04 Jul 2026  18:35:23",20290.2,GOOD,2.54,TRACKING
2199059,"04 Jul 2026  18:35:53",20289.2,GOOD,2.54,TRACKING
2199060,"04 Jul 2026  18:36:23",20289.4,GOOD,2.54,TRACKING
2199061,"04 Jul 2026  18:36:53",20289.8,GOOD,2.54,TRACKING
2199062,"04 Jul 2026  18:37:23",20290.1,GOOD,2.54,TRACKING
2199063,"04 Jul 2026  18:37:53",20290.3,GOOD,2.54,TRACKING
2199064,"04 Jul 2026  18:38:23",20289.8,GOOD,2.54,TRACKING
2199065,"04 Jul 2026  18:38:53",20290.6,GOOD,2.54,TRACKING
2199066,"04 Jul 2026  18:39:23",20290.4,GOOD,2.54,TRACKING
2199067,"04 Jul 2026  18:39:53",20291.0,GOOD,2.54,TRACKING
2199068,"04 Jul 2026  18:40:23",20291.6,GOOD,2.54,TRACKING
2199069,"04 Jul 2026  18:40:54",20291.4,GOOD,2.54,TRACKING
2199070,"04 Jul 2026  18:41:24",20290.7,GOOD,2.54,TRACKING
2199071,"04 Jul 2026  18:41:54",20290.6,GOOD,2.54,TRACKING
2199072,"04 Jul 2026  18:42:24",20290.6,GOOD,2.54,TRACKING
2199073,"04 Jul 2026  18:42:54",20290.0,GOOD,2.54,TRACKING
2199074,"04 Jul 2026  18:43:24",20290.6,GOOD,2.54,TRACKING
2199075,"04 Jul 2026  18:43:54",20290.7,GOOD,2.54,TRACKING
2199076,"04 Jul 2026  18:44:24",20290.7,GOOD,2.54,TRACKING
2199077,"04 Jul 2026  18:44:54",20289.9,GOOD,2.54,TRACKING
2199078,"04 Jul 2026  18:45:24",20290.7,GOOD,2.54,TRACKING
2199079,"04 Jul 2026  18:45:54",20289.9,GOOD,2.54,TRACKING
2199080,"04 Jul 2026  18:46:24",20290.5,GOOD,2.54,TRACKING
2199081,"04 Jul 2026  18:46:54",20290.8,GOOD,2.54,TRACKING
2199082,"04 Jul 2026  18:47:24",20291.0,GOOD,2.54,TRACKING
2199083,"04 Jul 2026  18:47:55",20291.3,GOOD,2.54,TRACKING
2199084,"04 Jul 2026  18:48:25",20291.2,GOOD,2.54,TRACKING
2199085,"04 Jul 2026  18:48:55",20291.4,GOOD,2.54,TRACKING
2199086,"04 Jul 2026  18:49:25",20290.5,GOOD,2.54,TRACKING
2199087,"04 Jul 2026  18:49:55",20290.5,GOOD,2.54,TRACKING
2199088,"04 Jul 2026  18:50:25",20291.1,GOOD,2.54,TRACKING
2199089,"04 Jul 2026  18:50:55",20291.3,GOOD,2.54,TRACKING
2199090,"04 Jul 2026  18:51:25",20292.1,GOOD,2.54,TRACKING
2199091,"04 Jul 2026  18:51:55",20292.2,GOOD,2.54,TRACKING
2199092,"04 Jul 2026  18:52:25",20291.5,GOOD,2.54,TRACKING
2199093,"04 Jul 2026  18:52:55",20290.7,GOOD,2.54,TRACKING
2199094,"04 Jul 2026  18:53:25",20290.7,GOOD,2.54,TRACKING
2199095,"04 Jul 2026  18:53:55",20290.6,GOOD,2.54,TRACKING
2199096,"04 Jul 2026  18:54:25",20290.3,GOOD,2.54,TRACKING
2199097,"04 Jul 2026  18:54:56",20289.9,GOOD,2.54,TRACKING
2199098,"04 Jul 2026  18:55:26",20289.9,GOOD,2.54,TRACKING
2199099,"04 Jul 2026  18:55:56",20290.5,GOOD,2.54,TRACKING
2199100,"04 Jul 2026  18:56:26",20290.7,GOOD,2.54,TRACKING
2199101,"04 Jul 2026  18:56:56",20290.7,GOOD,2.54,TRACKING
2199102,"04 Jul 2026  18:57:26",20291.3,GOOD,2.54,TRACKING
2199103,"04 Jul 2026  18:57:56",20290.6,GOOD,2.54,TRACKING
2199104,"04 Jul 2026  18:58:26",20290.7,GOOD,2.54,TRACKING
2199105,"04 Jul 2026  18:58:56",20291.4,GOOD,2.54,TRACKING
2199106,"04 Jul 2026  18:59:26",20291.6,GOOD,2.54,TRACKING
2199107,"04 Jul 2026  18:59:56",20291.5,GOOD,2.54,TRACKING
2199108,"04 Jul 2026  19:00:26",20291.7,GOOD,2.54,TRACKING
2199109,"04 Jul 2026  19:00:56",20291.9,GOOD,2.54,TRACKING
2199110,"04 Jul 2026  19:01:27",20293.0,GOOD,2.54,TRACKING
2199111,"04 Jul 2026  19:01:57",20292.2,GOOD,2.54,TRACKING
2199112,"04 Jul 2026  19:02:27",20291.9,GOOD,2.54,TRACKING
2199113,"04 Jul 2026  19:02:57",20291.6,GOOD,2.54,TRACKING
2199114,"04 Jul 2026  19:03:27",20291.2,GOOD,2.54,TRACKING
2199115,"04 Jul 2026  19:03:57",20292.0,GOOD,2.54,TRACKING
2199116,"04 Jul 2026  19:04:27",20292.5,GOOD,2.54,TRACKING
2199117,"04 Jul 2026  19:04:57",20291.7,GOOD,2.54,TRACKING
2199118,"04 Jul 2026  19:05:27",20292.0,GOOD,2.54,TRACKING
2199119,"04 Jul 2026  19:05:57",20292.0,GOOD,2.54,TRACKING
2199120,"04 Jul 2026  19:06:27",20291.9,GOOD,2.54,TRACKING
2199121,"04 Jul 2026  19:06:57",20292.3,GOOD,2.54,TRACKING
2199122,"04 Jul 2026  19:07:27",20292.2,GOOD,2.54,TRACKING
2199123,"04 Jul 2026  19:07:57",20292.1,GOOD,2.54,TRACKING
2199124,"04 Jul 2026  19:08:27",20292.0,GOOD,2.54,TRACKING
2199125,"04 Jul 2026  19:08:58",20291.7,GOOD,2.54,TRACKING
2199126,"04 Jul 2026  19:09:28",20292.6,GOOD,2.54,TRACKING
2199127,"04 Jul 2026  19:09:58",20293.0,GOOD,2.54,TRACKING
2199128,"04 Jul 2026  19:10:28",20292.8,GOOD,2.54,TRACKING
2199129,"04 Jul 2026  19:10:58",20292.1,GOOD,2.54,TRACKING
2199130,"04 Jul 2026  19:11:28",20291.9,GOOD,2.54,TRACKING
2199131,"04 Jul 2026  19:11:58",20292.3,GOOD,2.54,TRACKING
2199132,"04 Jul 2026  19:12:28",20292.4,GOOD,2.54,TRACKING
2199133,"04 Jul 2026  19:12:58",20292.5,GOOD,2.54,TRACKING
2199134,"04 Jul 2026  19:13:28",20292.2,GOOD,2.54,TRACKING
2199135,"04 Jul 2026  19:13:58",20292.7,GOOD,2.54,TRACKING
2199136,"04 Jul 2026  19:14:28",20293.1,GOOD,2.54,TRACKING
2199137,"04 Jul 2026  19:14:58",20292.6,GOOD,2.54,TRACKING
2199138,"04 Jul 2026  19:15:29",20292.4,GOOD,2.54,TRACKING
2199139,"04 Jul 2026  19:15:59",20292.5,GOOD,2.54,TRACKING
2199140,"04 Jul 2026  19:16:29",20293.2,GOOD,2.54,TRACKING
2199141,"04 Jul 2026  19:16:59",20291.7,GOOD,2.54,TRACKING
2199142,"04 Jul 2026  19:17:29",20292.6,GOOD,2.54,TRACKING
2199143,"04 Jul 2026  19:17:59",20294.6,GOOD,2.54,TRACKING
2199144,"04 Jul 2026  19:18:29",20294.5,GOOD,2.54,TRACKING
2199145,"04 Jul 2026  19:18:59",20293.6,GOOD,2.54,TRACKING
2199146,"04 Jul 2026  19:19:29",20294.0,GOOD,2.54,TRACKING
2199147,"04 Jul 2026  19:19:59",20294.0,GOOD,2.54,TRACKING
2199148,"04 Jul 2026  19:20:29",20293.1,GOOD,2.54,TRACKING
2199149,"04 Jul 2026  19:20:59",20293.9,GOOD,2.54,TRACKING
2199150,"04 Jul 2026  19:21:29",20293.6,GOOD,2.54,TRACKING
2199151,"04 Jul 2026  19:21:59",20293.1,GOOD,2.54,TRACKING
2199152,"04 Jul 2026  19:22:30",20293.5,GOOD,2.54,TRACKING
2199153,"04 Jul 2026  19:23:00",20293.6,GOOD,2.54,TRACKING
2199154,"04 Jul 2026  19:23:30",20293.6,GOOD,2.54,TRACKING
2199155,"04 Jul 2026  19:24:00",20293.4,GOOD,2.54,TRACKING
2199156,"04 Jul 2026  19:24:30",20293.4,GOOD,2.54,TRACKING
2199157,"04 Jul 2026  19:25:00",20293.4,GOOD,2.54,TRACKING
2199158,"04 Jul 2026  19:25:30",20294.0,GOOD,2.54,TRACKING
2199159,"04 Jul 2026  19:26:00",20293.6,GOOD,2.54,TRACKING
2199160,"04 Jul 2026  19:26:30",20293.2,GOOD,2.54,TRACKING
2199161,"04 Jul 2026  19:27:00",20293.0,GOOD,2.54,TRACKING
2199162,"04 Jul 2026  19:27:30",20294.0,GOOD,2.54,TRACKING
2199163,"04 Jul 2026  19:28:00",20293.0,GOOD,2.54,TRACKING
2199164,"04 Jul 2026  19:28:30",20293.3,GOOD,2.54,TRACKING
2199165,"04 Jul 2026  19:29:01",20292.9,GOOD,2.54,TRACKING
2199166,"04 Jul 2026  19:29:31",20293.7,GOOD,2.54,TRACKING
2199167,"04 Jul 2026  19:30:01",20294.2,GOOD,2.54,TRACKING
2199168,"04 Jul 2026  19:30:31",20293.5,GOOD,2.54,TRACKING
2199169,"04 Jul 2026  19:31:01",20293.6,GOOD,2.54,TRACKING
2199170,"04 Jul 2026  19:31:31",20293.6,GOOD,2.54,TRACKING
2199171,"04 Jul 2026  19:32:01",20295.5,GOOD,2.54,TRACKING
2199172,"04 Jul 2026  19:32:31",20295.4,GOOD,2.54,TRACKING
2199173,"04 Jul 2026  19:33:01",20295.1,GOOD,2.54,TRACKING
2199174,"04 Jul 2026  19:33:31",20294.4,GOOD,2.54,TRACKING
2199175,"04 Jul 2026  19:34:01",20294.2,GOOD,2.54,TRACKING
2199176,"04 Jul 2026  19:34:31",20294.9,GOOD,2.54,TRACKING
2199177,"04 Jul 2026  19:35:01",20294.6,GOOD,2.54,TRACKING
2199178,"04 Jul 2026  19:35:32",20294.4,GOOD,2.54,TRACKING
2199179,"04 Jul 2026  19:36:02",20294.5,GOOD,2.54,TRACKING
2199180,"04 Jul 2026  19:36:32",20294.4,GOOD,2.54,TRACKING
2199181,"04 Jul 2026  19:37:02",20294.4,GOOD,2.54,TRACKING
2199182,"04 Jul 2026  19:37:32",20294.8,GOOD,2.54,TRACKING
2199183,"04 Jul 2026  19:38:02",20294.0,GOOD,2.54,TRACKING
2199184,"04 Jul 2026  19:38:32",20293.7,GOOD,2.54,TRACKING
2199185,"04 Jul 2026  19:39:02",20294.2,GOOD,2.54,TRACKING
2199186,"04 Jul 2026  19:39:32",20294.3,GOOD,2.54,TRACKING
2199187,"04 Jul 2026  19:40:02",20294.4,GOOD,2.54,TRACKING
2199188,"04 Jul 2026  19:40:32",20294.8,GOOD,2.54,TRACKING
2199189,"04 Jul 2026  19:41:02",20294.7,GOOD,2.54,TRACKING
2199190,"04 Jul 2026  19:41:32",20295.0,GOOD,2.54,TRACKING
2199191,"04 Jul 2026  19:42:03",20294.8,GOOD,2.54,TRACKING
2199192,"04 Jul 2026  19:42:33",20294.7,GOOD,2.54,TRACKING
2199193,"04 Jul 2026  19:43:03",20295.6,GOOD,2.54,TRACKING
2199194,"04 Jul 2026  19:43:33",20296.2,GOOD,2.54,TRACKING
2199195,"04 Jul 2026  19:44:03",20294.8,GOOD,2.54,TRACKING
2199196,"04 Jul 2026  19:44:33",20294.0,GOOD,2.54,TRACKING
2199197,"04 Jul 2026  19:45:03",20294.2,GOOD,2.54,TRACKING
2199198,"04 Jul 2026  19:45:33",20294.6,GOOD,2.54,TRACKING
2199199,"04 Jul 2026  19:46:03",20294.7,GOOD,2.54,TRACKING
2199200,"04 Jul 2026  19:46:33",20294.3,GOOD,2.54,TRACKING
2199201,"04 Jul 2026  19:47:03",20295.1,GOOD,2.54,TRACKING
2199202,"04 Jul 2026  19:47:33",20295.9,GOOD,2.54,TRACKING
2199203,"04 Jul 2026  19:48:03",20295.9,GOOD,2.54,TRACKING
2199204,"04 Jul 2026  19:48:33",20296.2,GOOD,2.54,TRACKING
2199205,"04 Jul 2026  19:49:03",20296.1,GOOD,2.54,TRACKING
2199206,"04 Jul 2026  19:49:34",20295.4,GOOD,2.54,TRACKING
2199207,"04 Jul 2026  19:50:04",20295.2,GOOD,2.54,TRACKING
2199208,"04 Jul 2026  19:50:34",20295.4,GOOD,2.54,TRACKING
2199209,"04 Jul 2026  19:51:04",20296.0,GOOD,2.54,TRACKING
2199210,"04 Jul 2026  19:51:34",20294.5,GOOD,2.54,TRACKING
2199211,"04 Jul 2026  19:52:04",20296.1,GOOD,2.54,TRACKING
2199212,"04 Jul 2026  19:52:34",20296.5,GOOD,2.54,TRACKING
2199213,"04 Jul 2026  19:53:04",20297.2,GOOD,2.54,TRACKING
2199214,"04 Jul 2026  19:53:34",20297.1,GOOD,2.54,TRACKING
2199215,"04 Jul 2026  19:54:04",20297.0,GOOD,2.54,TRACKING
2199216,"04 Jul 2026  19:54:34",20296.5,GOOD,2.54,TRACKING
2199217,"04 Jul 2026  19:55:04",20296.4,GOOD,2.54,TRACKING
2199218,"04 Jul 2026  19:55:34",20297.4,GOOD,2.54,TRACKING
2199219,"04 Jul 2026  19:56:04",20296.9,GOOD,2.54,TRACKING
2199220,"04 Jul 2026  19:56:35",20296.3,GOOD,2.54,TRACKING
2199221,"04 Jul 2026  19:57:05",20296.4,GOOD,2.54,TRACKING
2199222,"04 Jul 2026  19:57:35",20296.3,GOOD,2.54,TRACKING
2199223,"04 Jul 2026  19:58:05",20295.8,GOOD,2.54,TRACKING
2199224,"04 Jul 2026  19:58:35",20296.3,GOOD,2.54,TRACKING
2199225,"04 Jul 2026  19:59:05",20295.9,GOOD,2.54,TRACKING
2199226,"04 Jul 2026  19:59:35",20295.9,GOOD,2.54,TRACKING
2199227,"04 Jul 2026  20:00:05",20296.6,GOOD,2.54,TRACKING
2199228,"04 Jul 2026  20:00:35",20296.7,GOOD,2.54,TRACKING
2199229,"04 Jul 2026  20:01:05",20296.1,GOOD,2.54,TRACKING
2199230,"04 Jul 2026  20:01:35",20296.7,GOOD,2.54,TRACKING
2199231,"04 Jul 2026  20:02:05",20296.5,GOOD,2.54,TRACKING
2199232,"04 Jul 2026  20:02:35",20295.5,GOOD,2.54,TRACKING
2199233,"04 Jul 2026  20:03:05",20296.0,GOOD,2.54,TRACKING
2199234,"04 Jul 2026  20:03:36",20295.9,GOOD,2.54,TRACKING
2199235,"04 Jul 2026  20:04:06",20296.0,GOOD,2.54,TRACKING
2199236,"04 Jul 2026  20:04:36",20295.8,GOOD,2.54,TRACKING
2199237,"04 Jul 2026  20:05:06",20296.4,GOOD,2.54,TRACKING
2199238,"04 Jul 2026  20:05:36",20296.7,GOOD,2.54,TRACKING
2199239,"04 Jul 2026  20:06:06",20296.8,GOOD,2.54,TRACKING
2199240,"04 Jul 2026  20:06:36",20297.0,GOOD,2.54,TRACKING
2199241,"04 Jul 2026  20:07:06",20297.0,GOOD,2.54,TRACKING
2199242,"04 Jul 2026  20:07:36",20297.0,GOOD,2.54,TRACKING
2199243,"04 Jul 2026  20:08:06",20297.6,GOOD,2.54,TRACKING
2199244,"04 Jul 2026  20:08:36",20297.3,GOOD,2.54,TRACKING
2199245,"04 Jul 2026  20:09:06",20297.9,GOOD,2.54,TRACKING
2199246,"04 Jul 2026  20:09:36",20297.2,GOOD,2.54,TRACKING
2199247,"04 Jul 2026  20:10:07",20297.7,GOOD,2.54,TRACKING
2199248,"04 Jul 2026  20:10:37",20297.0,GOOD,2.54,TRACKING
2199249,"04 Jul 2026  20:11:07",20297.2,GOOD,2.54,TRACKING
2199250,"04 Jul 2026  20:11:37",20296.6,GOOD,2.54,TRACKING
2199251,"04 Jul 2026  20:12:07",20297.3,GOOD,2.54,TRACKING
2199252,"04 Jul 2026  20:12:37",20298.1,GOOD,2.54,TRACKING
2199253,"04 Jul 2026  20:13:07",20298.5,GOOD,2.54,TRACKING
2199254,"04 Jul 2026  20:13:37",20298.0,GOOD,2.54,TRACKING
2199255,"04 Jul 2026  20:14:07",20297.5,GOOD,2.54,TRACKING
2199256,"04 Jul 2026  20:14:37",20297.3,GOOD,2.54,TRACKING
2199257,"04 Jul 2026  20:15:07",20297.9,GOOD,2.54,TRACKING
2199258,"04 Jul 2026  20:15:37",20297.6,GOOD,2.54,TRACKING
2199259,"04 Jul 2026  20:16:07",20297.2,GOOD,2.54,TRACKING
2199260,"04 Jul 2026  20:16:37",20297.5,GOOD,2.54,TRACKING
2199261,"04 Jul 2026  20:17:07",20299.2,GOOD,2.54,TRACKING
2199262,"04 Jul 2026  20:17:38",20299.1,GOOD,2.54,TRACKING
2199263,"04 Jul 2026  20:18:08",20298.8,GOOD,2.54,TRACKING
2199264,"04 Jul 2026  20:18:38",20298.0,GOOD,2.54,TRACKING
2199265,"04 Jul 2026  20:19:08",20297.7,GOOD,2.54,TRACKING
2199266,"04 Jul 2026  20:19:38",20298.6,GOOD,2.54,TRACKING
2199267,"04 Jul 2026  20:20:08",20297.4,GOOD,2.54,TRACKING
2199268,"04 Jul 2026  20:20:38",20297.6,GOOD,2.54,TRACKING
2199269,"04 Jul 2026  20:21:08",20298.4,GOOD,2.54,TRACKING
2199270,"04 Jul 2026  20:21:38",20298.3,GOOD,2.54,TRACKING
2199271,"04 Jul 2026  20:22:08",20298.4,GOOD,2.54,TRACKING
2199272,"04 Jul 2026  20:22:38",20298.0,GOOD,2.54,TRACKING
2199273,"04 Jul 2026  20:23:08",20297.7,GOOD,2.54,TRACKING
2199274,"04 Jul 2026  20:23:38",20298.3,GOOD,2.54,TRACKING
2199275,"04 Jul 2026  20:24:08",20298.3,GOOD,2.54,TRACKING
2199276,"04 Jul 2026  20:24:38",20298.0,GOOD,2.54,TRACKING
2199277,"04 Jul 2026  20:25:09",20298.0,GOOD,2.54,TRACKING
2199278,"04 Jul 2026  20:25:39",20298.6,GOOD,2.54,TRACKING
2199279,"04 Jul 2026  20:26:09",20297.2,GOOD,2.54,TRACKING
2199280,"04 Jul 2026  20:26:39",20298.6,GOOD,2.54,TRACKING
2199281,"04 Jul 2026  20:27:09",20299.3,GOOD,2.54,TRACKING
2199282,"04 Jul 2026  20:27:39",20298.7,GOOD,2.54,TRACKING
2199283,"04 Jul 2026  20:28:09",20298.5,GOOD,2.54,TRACKING
2199284,"04 Jul 2026  20:28:39",20298.5,GOOD,2.54,TRACKING
2199285,"04 Jul 2026  20:29:09",20298.9,GOOD,2.54,TRACKING
2199286,"04 Jul 2026  20:29:39",20298.7,GOOD,2.54,TRACKING
2199287,"04 Jul 2026  20:30:09",20299.1,GOOD,2.54,TRACKING
2199288,"04 Jul 2026  20:30:39",20298.9,GOOD,2.54,TRACKING
2199289,"04 Jul 2026  20:31:09",20299.2,GOOD,2.54,TRACKING
2199290,"04 Jul 2026  20:31:39",20299.2,GOOD,2.54,TRACKING
2199291,"04 Jul 2026  20:32:09",20299.3,GOOD,2.54,TRACKING
2199292,"04 Jul 2026  20:32:39",20299.3,GOOD,2.54,TRACKING
2199293,"04 Jul 2026  20:33:10",20299.7,GOOD,2.54,TRACKING
2199294,"04 Jul 2026  20:33:40",20299.7,GOOD,2.54,TRACKING
2199295,"04 Jul 2026  20:34:10",20299.8,GOOD,2.54,TRACKING
2199296,"04 Jul 2026  20:34:40",20299.8,GOOD,2.54,TRACKING
2199297,"04 Jul 2026  20:35:10",20299.8,GOOD,2.54,TRACKING
2199298,"04 Jul 2026  20:35:40",20299.2,GOOD,2.54,TRACKING
2199299,"04 Jul 2026  20:36:10",20298.6,GOOD,2.54,TRACKING
2199300,"04 Jul 2026  20:36:40",20299.6,GOOD,2.54,TRACKING
2199301,"04 Jul 2026  20:37:10",20299.1,GOOD,2.54,TRACKING
2199302,"04 Jul 2026  20:37:40",20299.5,GOOD,2.54,TRACKING
2199303,"04 Jul 2026  20:38:10",20299.5,GOOD,2.54,TRACKING
2199304,"04 Jul 2026  20:38:40",20299.2,GOOD,2.54,TRACKING
2199305,"04 Jul 2026  20:39:10",20299.9,GOOD,2.54,TRACKING
2199306,"04 Jul 2026  20:39:40",20300.0,GOOD,2.54,TRACKING
2199307,"04 Jul 2026  20:40:10",20299.3,GOOD,2.54,TRACKING
2199308,"04 Jul 2026  20:40:41",20299.4,GOOD,2.54,TRACKING
2199309,"04 Jul 2026  20:41:11",20299.8,GOOD,2.54,TRACKING
2199310,"04 Jul 2026  20:41:41",20300.3,GOOD,2.54,TRACKING
2199311,"04 Jul 2026  20:42:11",20299.7,GOOD,2.54,TRACKING
2199312,"04 Jul 2026  20:42:41",20299.9,GOOD,2.54,TRACKING
2199313,"04 Jul 2026  20:43:11",20299.8,GOOD,2.54,TRACKING
2199314,"04 Jul 2026  20:43:41",20300.3,GOOD,2.54,TRACKING
2199315,"04 Jul 2026  20:44:11",20300.5,GOOD,2.54,TRACKING
2199316,"04 Jul 2026  20:44:41",20300.1,GOOD,2.54,TRACKING
2199317,"04 Jul 2026  20:45:11",20300.5,GOOD,2.54,TRACKING
2199318,"04 Jul 2026  20:45:41",20300.6,GOOD,2.54,TRACKING
2199319,"04 Jul 2026  20:46:11",20300.8,GOOD,2.54,TRACKING
2199320,"04 Jul 2026  20:46:41",20300.1,GOOD,2.54,TRACKING
2199321,"04 Jul 2026  20:47:11",20300.9,GOOD,2.54,TRACKING
2199322,"04 Jul 2026  20:47:42",20301.4,GOOD,2.54,TRACKING
2199323,"04 Jul 2026  20:48:12",20302.3,GOOD,2.54,TRACKING
2199324,"04 Jul 2026  20:48:42",20301.9,GOOD,2.54,TRACKING
2199325,"04 Jul 2026  20:49:12",20301.2,GOOD,2.54,TRACKING
2199326,"04 Jul 2026  20:49:42",20301.9,GOOD,2.54,TRACKING
2199327,"04 Jul 2026  20:50:12",20301.2,GOOD,2.54,TRACKING
2199328,"04 Jul 2026  20:50:42",20300.8,GOOD,2.54,TRACKING
2199329,"04 Jul 2026  20:51:12",20300.9,GOOD,2.54,TRACKING
2199330,"04 Jul 2026  20:51:42",20300.8,GOOD,2.54,TRACKING
2199331,"04 Jul 2026  20:52:12",20300.5,GOOD,2.54,TRACKING
2199332,"04 Jul 2026  20:52:42",20300.6,GOOD,2.54,TRACKING
2199333,"04 Jul 2026  20:53:12",20301.1,GOOD,2.54,TRACKING
2199334,"04 Jul 2026  20:53:42",20301.7,GOOD,2.54,TRACKING
2199335,"04 Jul 2026  20:54:13",20301.9,GOOD,2.54,TRACKING
2199336,"04 Jul 2026  20:54:43",20301.7,GOOD,2.54,TRACKING
2199337,"04 Jul 2026  20:55:13",20301.1,GOOD,2.54,TRACKING
2199338,"04 Jul 2026  20:55:43",20301.8,GOOD,2.54,TRACKING
2199339,"04 Jul 2026  20:56:13",20301.6,GOOD,2.54,TRACKING
2199340,"04 Jul 2026  20:56:43",20301.8,GOOD,2.54,TRACKING
2199341,"04 Jul 2026  20:57:13",20301.6,GOOD,2.54,TRACKING
2199342,"04 Jul 2026  20:57:43",20300.4,GOOD,2.54,TRACKING
2199343,"04 Jul 2026  20:58:13",20300.7,GOOD,2.54,TRACKING
2199344,"04 Jul 2026  20:58:43",20301.4,GOOD,2.54,TRACKING
2199345,"04 Jul 2026  20:59:13",20301.1,GOOD,2.54,TRACKING
2199346,"04 Jul 2026  20:59:43",20301.3,GOOD,2.54,TRACKING
2199347,"04 Jul 2026  21:00:13",20301.5,GOOD,2.54,TRACKING
2199348,"04 Jul 2026  21:00:44",20301.7,GOOD,2.54,TRACKING
2199349,"04 Jul 2026  21:01:14",20302.1,GOOD,2.54,TRACKING
2199350,"04 Jul 2026  21:01:44",20302.2,GOOD,2.54,TRACKING
2199351,"04 Jul 2026  21:02:14",20302.2,GOOD,2.54,TRACKING
2199352,"04 Jul 2026  21:02:44",20301.1,GOOD,2.54,TRACKING
2199353,"04 Jul 2026  21:03:14",20301.7,GOOD,2.54,TRACKING
2199354,"04 Jul 2026  21:03:44",20301.9,GOOD,2.54,TRACKING
2199355,"04 Jul 2026  21:04:14",20301.9,GOOD,2.54,TRACKING
2199356,"04 Jul 2026  21:04:44",20301.4,GOOD,2.54,TRACKING
2199357,"04 Jul 2026  21:05:14",20301.1,GOOD,2.54,TRACKING
2199358,"04 Jul 2026  21:05:44",20302.1,GOOD,2.54,TRACKING
2199359,"04 Jul 2026  21:06:14",20302.1,GOOD,2.54,TRACKING
2199360,"04 Jul 2026  21:06:44",20301.7,GOOD,2.54,TRACKING
2199361,"04 Jul 2026  21:07:14",20302.3,GOOD,2.54,TRACKING
2199362,"04 Jul 2026  21:07:45",20302.7,GOOD,2.54,TRACKING
2199363,"04 Jul 2026  21:08:15",20303.9,GOOD,2.54,TRACKING
2199364,"04 Jul 2026  21:08:45",20303.4,GOOD,2.54,TRACKING
2199365,"04 Jul 2026  21:09:15",20303.9,GOOD,2.54,TRACKING
2199366,"04 Jul 2026  21:09:45",20303.9,GOOD,2.54,TRACKING
2199367,"04 Jul 2026  21:10:15",20303.7,GOOD,2.54,TRACKING
2199368,"04 Jul 2026  21:10:45",20303.4,GOOD,2.54,TRACKING
2199369,"04 Jul 2026  21:11:15",20302.9,GOOD,2.54,TRACKING
2199370,"04 Jul 2026  21:11:45",20302.8,GOOD,2.54,TRACKING
2199371,"04 Jul 2026  21:12:15",20302.9,GOOD,2.54,TRACKING
2199372,"04 Jul 2026  21:12:45",20303.4,GOOD,2.54,TRACKING
2199373,"04 Jul 2026  21:13:15",20303.7,GOOD,2.54,TRACKING
2199374,"04 Jul 2026  21:13:45",20303.1,GOOD,2.54,TRACKING
2199375,"04 Jul 2026  21:14:15",20303.7,GOOD,2.54,TRACKING
2199376,"04 Jul 2026  21:14:46",20303.6,GOOD,2.54,TRACKING
2199377,"04 Jul 2026  21:15:16",20304.2,GOOD,2.54,TRACKING
2199378,"04 Jul 2026  21:15:46",20304.0,GOOD,2.54,TRACKING
2199379,"04 Jul 2026  21:16:16",20304.5,GOOD,2.54,TRACKING
2199380,"04 Jul 2026  21:16:46",20304.1,GOOD,2.54,TRACKING
2199381,"04 Jul 2026  21:17:16",20303.7,GOOD,2.54,TRACKING
2199382,"04 Jul 2026  21:17:46",20303.7,GOOD,2.54,TRACKING
2199383,"04 Jul 2026  21:18:16",20304.4,GOOD,2.54,TRACKING
2199384,"04 Jul 2026  21:18:46",20303.3,GOOD,2.54,TRACKING
2199385,"04 Jul 2026  21:19:16",20303.4,GOOD,2.54,TRACKING
2199386,"04 Jul 2026  21:19:46",20303.1,GOOD,2.54,TRACKING
2199387,"04 Jul 2026  21:20:16",20302.7,GOOD,2.54,TRACKING
2199388,"04 Jul 2026  21:20:46",20303.9,GOOD,2.54,TRACKING
2199389,"04 Jul 2026  21:21:17",20304.3,GOOD,2.54,TRACKING
2199390,"04 Jul 2026  21:21:47",20304.7,GOOD,2.54,TRACKING
2199391,"04 Jul 2026  21:22:17",20304.1,GOOD,2.54,TRACKING
2199392,"04 Jul 2026  21:22:47",20304.1,GOOD,2.54,TRACKING
2199393,"04 Jul 2026  21:23:17",20304.5,GOOD,2.54,TRACKING
2199394,"04 Jul 2026  21:23:47",20304.7,GOOD,2.54,TRACKING
2199395,"04 Jul 2026  21:24:17",20304.5,GOOD,2.54,TRACKING
2199396,"04 Jul 2026  21:24:47",20304.7,GOOD,2.54,TRACKING
2199397,"04 Jul 2026  21:25:17",20304.9,GOOD,2.54,TRACKING
2199398,"04 Jul 2026  21:25:47",20304.8,GOOD,2.54,TRACKING
2199399,"04 Jul 2026  21:26:17",20304.4,GOOD,2.54,TRACKING
2199400,"04 Jul 2026  21:26:47",20305.1,GOOD,2.54,TRACKING
2199401,"04 Jul 2026  21:27:17",20306.0,GOOD,2.54,TRACKING
2199402,"04 Jul 2026  21:27:47",20306.2,GOOD,2.54,TRACKING
2199403,"04 Jul 2026  21:28:18",20306.1,GOOD,2.54,TRACKING
2199404,"04 Jul 2026  21:28:48",20305.4,GOOD,2.54,TRACKING
2199405,"04 Jul 2026  21:29:18",20304.9,GOOD,2.54,TRACKING
2199406,"04 Jul 2026  21:29:48",20304.6,GOOD,2.54,TRACKING
2199407,"04 Jul 2026  21:30:18",20305.2,GOOD,2.54,TRACKING
2199408,"04 Jul 2026  21:30:48",20305.1,GOOD,2.54,TRACKING
2199409,"04 Jul 2026  21:31:18",20305.2,GOOD,2.54,TRACKING
2199410,"04 Jul 2026  21:31:48",20305.2,GOOD,2.54,TRACKING
2199411,"04 Jul 2026  21:32:18",20306.2,GOOD,2.54,TRACKING
2199412,"04 Jul 2026  21:32:48",20306.2,GOOD,2.54,TRACKING
2199413,"04 Jul 2026  21:33:18",20306.3,GOOD,2.54,TRACKING
2199414,"04 Jul 2026  21:33:48",20306.0,GOOD,2.54,TRACKING
2199415,"04 Jul 2026  21:34:18",20305.4,GOOD,2.54,TRACKING
2199416,"04 Jul 2026  21:34:48",20305.9,GOOD,2.54,TRACKING
2199417,"04 Jul 2026  21:35:18",20305.6,GOOD,2.54,TRACKING
2199418,"04 Jul 2026  21:35:49",20305.8,GOOD,2.54,TRACKING
2199419,"04 Jul 2026  21:36:19",20306.2,GOOD,2.54,TRACKING
2199420,"04 Jul 2026  21:36:49",20307.2,GOOD,2.54,TRACKING
2199421,"04 Jul 2026  21:37:19",20307.7,GOOD,2.54,TRACKING
2199422,"04 Jul 2026  21:37:49",20307.6,GOOD,2.54,TRACKING
2199423,"04 Jul 2026  21:38:19",20307.0,GOOD,2.54,TRACKING
2199424,"04 Jul 2026  21:38:49",20306.7,GOOD,2.54,TRACKING
2199425,"04 Jul 2026  21:39:19",20306.3,GOOD,2.54,TRACKING
2199426,"04 Jul 2026  21:39:49",20306.1,GOOD,2.54,TRACKING
2199427,"04 Jul 2026  21:40:19",20306.1,GOOD,2.54,TRACKING
2199428,"04 Jul 2026  21:40:49",20306.4,GOOD,2.54,TRACKING
2199429,"04 Jul 2026  21:41:19",20306.7,GOOD,2.54,TRACKING
2199430,"04 Jul 2026  21:41:49",20307.1,GOOD,2.54,TRACKING
2199431,"04 Jul 2026  21:42:19",20306.7,GOOD,2.54,TRACKING
2199432,"04 Jul 2026  21:42:50",20307.0,GOOD,2.54,TRACKING
2199433,"04 Jul 2026  21:43:20",20307.3,GOOD,2.54,TRACKING
2199434,"04 Jul 2026  21:43:50",20307.7,GOOD,2.54,TRACKING
2199435,"04 Jul 2026  21:44:20",20307.3,GOOD,2.54,TRACKING
2199436,"04 Jul 2026  21:44:50",20307.4,GOOD,2.54,TRACKING
2199437,"04 Jul 2026  21:45:20",20307.7,GOOD,2.54,TRACKING
2199438,"04 Jul 2026  21:45:50",20307.1,GOOD,2.54,TRACKING
2199439,"04 Jul 2026  21:46:20",20307.0,GOOD,2.54,TRACKING
2199440,"04 Jul 2026  21:46:50",20306.5,GOOD,2.54,TRACKING
2199441,"04 Jul 2026  21:47:20",20306.6,GOOD,2.54,TRACKING
2199442,"04 Jul 2026  21:47:50",20306.3,GOOD,2.54,TRACKING
2199443,"04 Jul 2026  21:48:20",20307.2,GOOD,2.54,TRACKING
2199444,"04 Jul 2026  21:48:50",20306.5,GOOD,2.54,TRACKING
2199445,"04 Jul 2026  21:49:20",20306.5,GOOD,2.54,TRACKING
2199446,"04 Jul 2026  21:49:51",20306.2,GOOD,2.54,TRACKING
2199447,"04 Jul 2026  21:50:21",20306.3,GOOD,2.54,TRACKING
2199448,"04 Jul 2026  21:50:51",20306.9,GOOD,2.54,TRACKING
2199449,"04 Jul 2026  21:51:21",20307.4,GOOD,2.54,TRACKING
2199450,"04 Jul 2026  21:51:51",20307.1,GOOD,2.54,TRACKING
2199451,"04 Jul 2026  21:52:21",20306.8,GOOD,2.54,TRACKING
2199452,"04 Jul 2026  21:52:51",20306.7,GOOD,2.54,TRACKING
2199453,"04 Jul 2026  21:53:21",20307.9,GOOD,2.54,TRACKING
2199454,"04 Jul 2026  21:53:51",20308.0,GOOD,2.54,TRACKING
2199455,"04 Jul 2026  21:54:21",20308.6,GOOD,2.54,TRACKING
2199456,"04 Jul 2026  21:54:51",20308.8,GOOD,2.54,TRACKING
2199457,"04 Jul 2026  21:55:21",20308.5,GOOD,2.54,TRACKING
2199458,"04 Jul 2026  21:55:51",20309.0,GOOD,2.54,TRACKING
2199459,"04 Jul 2026  21:56:22",20308.1,GOOD,2.54,TRACKING
2199460,"04 Jul 2026  21:56:52",20311.0,GOOD,2.54,TRACKING
2199461,"04 Jul 2026  21:57:22",20312.8,GOOD,2.54,TRACKING
2199462,"04 Jul 2026  21:57:52",20312.5,GOOD,2.54,TRACKING
2199463,"04 Jul 2026  21:58:22",20312.8,GOOD,2.54,TRACKING
2199464,"04 Jul 2026  21:58:52",20312.1,GOOD,2.54,TRACKING
2199465,"04 Jul 2026  21:59:22",20312.4,GOOD,2.54,TRACKING
2199466,"04 Jul 2026  21:59:52",20311.5,GOOD,2.54,TRACKING
2199467,"04 Jul 2026  22:00:22",20310.3,GOOD,2.54,TRACKING
2199468,"04 Jul 2026  22:00:52",20310.3,GOOD,2.54,TRACKING
2199469,"04 Jul 2026  22:01:22",20309.0,GOOD,2.54,TRACKING
2199470,"04 Jul 2026  22:01:52",20309.9,GOOD,2.54,TRACKING
2199471,"04 Jul 2026  22:02:22",20310.2,GOOD,2.54,TRACKING
2199472,"04 Jul 2026  22:02:52",20309.2,GOOD,2.54,TRACKING
2199473,"04 Jul 2026  22:03:23",20309.7,GOOD,2.54,TRACKING
2199474,"04 Jul 2026  22:03:53",20309.5,GOOD,2.54,TRACKING
2199475,"04 Jul 2026  22:04:23",20309.7,GOOD,2.54,TRACKING
2199476,"04 Jul 2026  22:04:53",20309.9,GOOD,2.54,TRACKING
2199477,"04 Jul 2026  22:05:23",20309.4,GOOD,2.54,TRACKING
2199478,"04 Jul 2026  22:05:53",20309.2,GOOD,2.54,TRACKING
2199479,"04 Jul 2026  22:06:23",20309.9,GOOD,2.54,TRACKING
2199480,"04 Jul 2026  22:06:53",20310.3,GOOD,2.54,TRACKING
2199481,"04 Jul 2026  22:07:23",20310.2,GOOD,2.54,TRACKING
2199482,"04 Jul 2026  22:07:53",20310.8,GOOD,2.54,TRACKING
2199483,"04 Jul 2026  22:08:23",20311.1,GOOD,2.54,TRACKING
2199484,"04 Jul 2026  22:08:53",20311.0,GOOD,2.54,TRACKING
2199485,"04 Jul 2026  22:09:23",20310.8,GOOD,2.54,TRACKING
2199486,"04 Jul 2026  22:09:54",20310.8,GOOD,2.54,TRACKING
2199487,"04 Jul 2026  22:10:24",20310.1,GOOD,2.54,TRACKING
2199488,"04 Jul 2026  22:10:54",20310.4,GOOD,2.54,TRACKING
2199489,"04 Jul 2026  22:11:24",20310.8,GOOD,2.54,TRACKING
2199490,"04 Jul 2026  22:11:54",20311.4,GOOD,2.54,TRACKING
2199491,"04 Jul 2026  22:12:24",20310.9,GOOD,2.54,TRACKING
2199492,"04 Jul 2026  22:12:54",20310.4,GOOD,2.54,TRACKING
2199493,"04 Jul 2026  22:13:24",20309.8,GOOD,2.54,TRACKING
2199494,"04 Jul 2026  22:13:54",20309.7,GOOD,2.54,TRACKING
2199495,"04 Jul 2026  22:14:24",20310.0,GOOD,2.54,TRACKING
2199496,"04 Jul 2026  22:14:54",20310.5,GOOD,2.54,TRACKING
2199497,"04 Jul 2026  22:15:24",20310.6,GOOD,2.54,TRACKING
2199498,"04 Jul 2026  22:15:54",20310.5,GOOD,2.54,TRACKING
2199499,"04 Jul 2026  22:16:25",20310.5,GOOD,2.54,TRACKING
2199500,"04 Jul 2026  22:16:55",20310.5,GOOD,2.54,TRACKING
2199501,"04 Jul 2026  22:17:25",20310.4,GOOD,2.54,TRACKING
2199502,"04 Jul 2026  22:17:55",20309.9,GOOD,2.54,TRACKING
2199503,"04 Jul 2026  22:18:25",20311.0,GOOD,2.54,TRACKING
2199504,"04 Jul 2026  22:18:55",20312.7,GOOD,2.54,TRACKING
2199505,"04 Jul 2026  22:19:25",20312.6,GOOD,2.54,TRACKING
2199506,"04 Jul 2026  22:19:55",20311.7,GOOD,2.54,TRACKING
2199507,"04 Jul 2026  22:20:25",20311.8,GOOD,2.54,TRACKING
2199508,"04 Jul 2026  22:20:55",20311.6,GOOD,2.54,TRACKING
2199509,"04 Jul 2026  22:21:25",20311.7,GOOD,2.54,TRACKING
2199510,"04 Jul 2026  22:21:55",20311.4,GOOD,2.54,TRACKING
2199511,"04 Jul 2026  22:22:25",20312.0,GOOD,2.54,TRACKING
2199512,"04 Jul 2026  22:22:56",20311.9,GOOD,2.54,TRACKING
2199513,"04 Jul 2026  22:23:26",20312.4,GOOD,2.54,TRACKING
2199514,"04 Jul 2026  22:23:56",20311.9,GOOD,2.54,TRACKING
2199515,"04 Jul 2026  22:24:26",20311.5,GOOD,2.54,TRACKING
2199516,"04 Jul 2026  22:24:56",20312.0,GOOD,2.54,TRACKING
2199517,"04 Jul 2026  22:25:26",20312.4,GOOD,2.54,TRACKING
2199518,"04 Jul 2026  22:25:56",20313.1,GOOD,2.54,TRACKING
2199519,"04 Jul 2026  22:26:26",20312.8,GOOD,2.54,TRACKING
2199520,"04 Jul 2026  22:26:56",20313.7,GOOD,2.54,TRACKING
2199521,"04 Jul 2026  22:27:26",20313.2,GOOD,2.54,TRACKING
2199522,"04 Jul 2026  22:27:56",20314.0,GOOD,2.54,TRACKING
2199523,"04 Jul 2026  22:28:26",20311.9,GOOD,2.54,TRACKING
2199524,"04 Jul 2026  22:28:56",20312.1,GOOD,2.54,TRACKING
2199525,"04 Jul 2026  22:29:27",20312.2,GOOD,2.54,TRACKING
2199526,"04 Jul 2026  22:29:57",20313.4,GOOD,2.54,TRACKING
2199527,"04 Jul 2026  22:30:27",20313.6,GOOD,2.54,TRACKING
2199528,"04 Jul 2026  22:30:57",20312.7,GOOD,2.54,TRACKING
2199529,"04 Jul 2026  22:31:27",20312.9,GOOD,2.54,TRACKING
2199530,"04 Jul 2026  22:31:57",20312.4,GOOD,2.54,TRACKING
2199531,"04 Jul 2026  22:32:27",20313.1,GOOD,2.54,TRACKING
2199532,"04 Jul 2026  22:32:57",20313.1,GOOD,2.54,TRACKING
2199533,"04 Jul 2026  22:33:27",20312.2,GOOD,2.54,TRACKING
2199534,"04 Jul 2026  22:33:57",20313.3,GOOD,2.54,TRACKING
2199535,"04 Jul 2026  22:34:27",20313.6,GOOD,2.54,TRACKING
2199536,"04 Jul 2026  22:34:57",20313.7,GOOD,2.54,TRACKING
2199537,"04 Jul 2026  22:35:27",20313.8,GOOD,2.54,TRACKING
2199538,"04 Jul 2026  22:35:57",20315.5,GOOD,2.54,TRACKING
2199539,"04 Jul 2026  22:36:28",20315.4,GOOD,2.54,TRACKING
2199540,"04 Jul 2026  22:36:58",20315.7,GOOD,2.54,TRACKING
2199541,"04 Jul 2026  22:37:28",20315.6,GOOD,2.54,TRACKING
2199542,"04 Jul 2026  22:37:58",20315.2,GOOD,2.54,TRACKING
2199543,"04 Jul 2026  22:38:28",20315.1,GOOD,2.54,TRACKING
2199544,"04 Jul 2026  22:38:58",20315.1,GOOD,2.54,TRACKING
2199545,"04 Jul 2026  22:39:28",20314.3,GOOD,2.54,TRACKING
2199546,"04 Jul 2026  22:39:58",20314.6,GOOD,2.54,TRACKING
2199547,"04 Jul 2026  22:40:28",20314.6,GOOD,2.54,TRACKING
2199548,"04 Jul 2026  22:40:58",20314.3,GOOD,2.54,TRACKING
2199549,"04 Jul 2026  22:41:28",20314.5,GOOD,2.54,TRACKING
2199550,"04 Jul 2026  22:41:58",20314.8,GOOD,2.54,TRACKING
2199551,"04 Jul 2026  22:42:28",20315.3,GOOD,2.54,TRACKING
2199552,"04 Jul 2026  22:42:58",20314.9,GOOD,2.54,TRACKING
2199553,"04 Jul 2026  22:43:29",20314.9,GOOD,2.54,TRACKING
2199554,"04 Jul 2026  22:43:59",20314.8,GOOD,2.54,TRACKING
2199555,"04 Jul 2026  22:44:29",20314.4,GOOD,2.54,TRACKING
2199556,"04 Jul 2026  22:44:59",20314.1,GOOD,2.54,TRACKING
2199557,"04 Jul 2026  22:45:29",20313.7,GOOD,2.54,TRACKING
2199558,"04 Jul 2026  22:45:59",20314.1,GOOD,2.54,TRACKING
2199559,"04 Jul 2026  22:46:29",20314.6,GOOD,2.54,TRACKING
2199560,"04 Jul 2026  22:46:59",20315.3,GOOD,2.54,TRACKING
2199561,"04 Jul 2026  22:47:29",20315.9,GOOD,2.54,TRACKING
2199562,"04 Jul 2026  22:47:59",20315.3,GOOD,2.54,TRACKING
2199563,"04 Jul 2026  22:48:29",20315.8,GOOD,2.54,TRACKING
2199564,"04 Jul 2026  22:48:59",20315.4,GOOD,2.54,TRACKING
2199565,"04 Jul 2026  22:49:29",20315.2,GOOD,2.54,TRACKING
2199566,"04 Jul 2026  22:50:00",20315.9,GOOD,2.54,TRACKING
2199567,"04 Jul 2026  22:50:30",20315.6,GOOD,2.54,TRACKING
2199568,"04 Jul 2026  22:51:00",20315.7,GOOD,2.54,TRACKING
2199569,"04 Jul 2026  22:51:30",20315.6,GOOD,2.54,TRACKING
2199570,"04 Jul 2026  22:52:00",20315.4,GOOD,2.54,TRACKING
2199571,"04 Jul 2026  22:52:30",20315.2,GOOD,2.54,TRACKING
2199572,"04 Jul 2026  22:53:00",20314.8,GOOD,2.54,TRACKING
2199573,"04 Jul 2026  22:53:30",20315.2,GOOD,2.54,TRACKING
2199574,"04 Jul 2026  22:54:00",20315.8,GOOD,2.54,TRACKING
2199575,"04 Jul 2026  22:54:30",20315.8,GOOD,2.54,TRACKING
2199576,"04 Jul 2026  22:55:00",20315.7,GOOD,2.54,TRACKING
2199577,"04 Jul 2026  22:55:30",20315.7,GOOD,2.54,TRACKING
2199578,"04 Jul 2026  22:56:00",20316.1,GOOD,2.54,TRACKING
2199579,"04 Jul 2026  22:56:30",20316.6,GOOD,2.54,TRACKING
2199580,"04 Jul 2026  22:57:01",20316.4,GOOD,2.54,TRACKING
2199581,"04 Jul 2026  22:57:31",20316.4,GOOD,2.54,TRACKING
2199582,"04 Jul 2026  22:58:01",20316.1,GOOD,2.54,TRACKING
2199583,"04 Jul 2026  22:58:31",20316.3,GOOD,2.54,TRACKING
2199584,"04 Jul 2026  22:59:01",20316.7,GOOD,2.54,TRACKING
2199585,"04 Jul 2026  22:59:31",20316.3,GOOD,2.54,TRACKING
2199586,"04 Jul 2026  23:00:01",20316.8,GOOD,2.54,TRACKING
2199587,"04 Jul 2026  23:00:31",20316.1,GOOD,2.54,TRACKING
2199588,"04 Jul 2026  23:01:01",20316.3,GOOD,2.54,TRACKING
2199589,"04 Jul 2026  23:01:31",20316.7,GOOD,2.54,TRACKING
2199590,"04 Jul 2026  23:02:01",20316.5,GOOD,2.54,TRACKING
2199591,"04 Jul 2026  23:02:31",20316.6,GOOD,2.54,TRACKING
2199592,"04 Jul 2026  23:03:01",20316.7,GOOD,2.54,TRACKING
2199593,"04 Jul 2026  23:03:31",20315.8,GOOD,2.54,TRACKING
2199594,"04 Jul 2026  23:04:02",20316.4,GOOD,2.54,TRACKING
2199595,"04 Jul 2026  23:04:32",20317.2,GOOD,2.54,TRACKING
2199596,"04 Jul 2026  23:05:02",20317.4,GOOD,2.54,TRACKING
2199597,"04 Jul 2026  23:05:32",20318.3,GOOD,2.54,TRACKING
2199598,"04 Jul 2026  23:06:02",20318.4,GOOD,2.54,TRACKING
2199599,"04 Jul 2026  23:06:32",20318.4,GOOD,2.54,TRACKING
2199600,"04 Jul 2026  23:07:02",20318.6,GOOD,2.54,TRACKING
2199601,"04 Jul 2026  23:07:32",20318.8,GOOD,2.54,TRACKING
2199602,"04 Jul 2026  23:08:02",20318.5,GOOD,2.54,TRACKING
2199603,"04 Jul 2026  23:08:32",20318.4,GOOD,2.54,TRACKING
2199604,"04 Jul 2026  23:09:02",20318.4,GOOD,2.54,TRACKING
2199605,"04 Jul 2026  23:09:32",20318.4,GOOD,2.54,TRACKING
2199606,"04 Jul 2026  23:10:02",20317.6,GOOD,2.54,TRACKING
2199607,"04 Jul 2026  23:10:33",20317.8,GOOD,2.54,TRACKING
2199608,"04 Jul 2026  23:11:03",20317.5,GOOD,2.54,TRACKING
2199609,"04 Jul 2026  23:11:33",20317.7,GOOD,2.54,TRACKING
2199610,"04 Jul 2026  23:12:03",20317.6,GOOD,2.54,TRACKING
2199611,"04 Jul 2026  23:12:33",20317.9,GOOD,2.54,TRACKING
2199612,"04 Jul 2026  23:13:03",20318.3,GOOD,2.54,TRACKING
2199613,"04 Jul 2026  23:13:33",20318.0,GOOD,2.54,TRACKING
2199614,"04 Jul 2026  23:14:03",20317.6,GOOD,2.54,TRACKING
2199615,"04 Jul 2026  23:14:33",20317.7,GOOD,2.54,TRACKING
2199616,"04 Jul 2026  23:15:03",20317.7,GOOD,2.54,TRACKING
2199617,"04 Jul 2026  23:15:33",20318.0,GOOD,2.54,TRACKING
2199618,"04 Jul 2026  23:16:03",20318.7,GOOD,2.54,TRACKING
2199619,"04 Jul 2026  23:16:33",20317.5,GOOD,2.54,TRACKING
2199620,"04 Jul 2026  23:17:03",20318.3,GOOD,2.54,TRACKING
2199621,"04 Jul 2026  23:17:34",20317.7,GOOD,2.54,TRACKING
2199622,"04 Jul 2026  23:18:04",20318.6,GOOD,2.54,TRACKING
2199623,"04 Jul 2026  23:18:34",20318.2,GOOD,2.54,TRACKING
2199624,"04 Jul 2026  23:19:04",20319.3,GOOD,2.54,TRACKING
2199625,"04 Jul 2026  23:19:34",20319.4,GOOD,2.54,TRACKING
2199626,"04 Jul 2026  23:20:04",20318.6,GOOD,2.54,TRACKING
2199627,"04 Jul 2026  23:20:34",20318.6,GOOD,2.54,TRACKING
2199628,"04 Jul 2026  23:21:04",20319.0,GOOD,2.54,TRACKING
2199629,"04 Jul 2026  23:21:34",20319.2,GOOD,2.54,TRACKING
2199630,"04 Jul 2026  23:22:04",20319.0,GOOD,2.54,TRACKING
2199631,"04 Jul 2026  23:22:34",20319.0,GOOD,2.54,TRACKING
2199632,"04 Jul 2026  23:23:04",20318.7,GOOD,2.54,TRACKING
2199633,"04 Jul 2026  23:23:34",20318.8,GOOD,2.54,TRACKING
2199634,"04 Jul 2026  23:24:04",20319.0,GOOD,2.54,TRACKING
2199635,"04 Jul 2026  23:24:35",20318.9,GOOD,2.54,TRACKING
2199636,"04 Jul 2026  23:25:05",20319.1,GOOD,2.54,TRACKING
2199637,"04 Jul 2026  23:25:35",20319.0,GOOD,2.54,TRACKING
2199638,"04 Jul 2026  23:26:05",20318.7,GOOD,2.54,TRACKING
2199639,"04 Jul 2026  23:26:35",20319.3,GOOD,2.54,TRACKING
2199640,"04 Jul 2026  23:27:05",20319.4,GOOD,2.54,TRACKING
2199641,"04 Jul 2026  23:27:35",20319.1,GOOD,2.54,TRACKING
2199642,"04 Jul 2026  23:28:05",20319.5,GOOD,2.54,TRACKING
2199643,"04 Jul 2026  23:28:35",20319.6,GOOD,2.54,TRACKING
2199644,"04 Jul 2026  23:29:05",20319.3,GOOD,2.54,TRACKING
2199645,"04 Jul 2026  23:29:35",20319.2,GOOD,2.54,TRACKING
2199646,"04 Jul 2026  23:30:05",20319.4,GOOD,2.54,TRACKING
2199647,"04 Jul 2026  23:30:35",20320.0,GOOD,2.54,TRACKING
2199648,"04 Jul 2026  23:31:05",20319.8,GOOD,2.54,TRACKING
2199649,"04 Jul 2026  23:31:36",20320.0,GOOD,2.54,TRACKING
2199650,"04 Jul 2026  23:32:06",20320.2,GOOD,2.54,TRACKING
2199651,"04 Jul 2026  23:32:36",20319.7,GOOD,2.54,TRACKING
2199652,"04 Jul 2026  23:33:06",20319.8,GOOD,2.54,TRACKING
2199653,"04 Jul 2026  23:33:36",20320.0,GOOD,2.54,TRACKING
2199654,"04 Jul 2026  23:34:06",20320.6,GOOD,2.54,TRACKING
2199655,"04 Jul 2026  23:34:36",20320.2,GOOD,2.54,TRACKING
2199656,"04 Jul 2026  23:35:06",20320.4,GOOD,2.54,TRACKING
2199657,"04 Jul 2026  23:35:36",20320.4,GOOD,2.54,TRACKING
2199658,"04 Jul 2026  23:36:06",20320.2,GOOD,2.54,TRACKING
2199659,"04 Jul 2026  23:36:36",20320.7,GOOD,2.54,TRACKING
2199660,"04 Jul 2026  23:37:06",20321.2,GOOD,2.54,TRACKING
2199661,"04 Jul 2026  23:37:36",20320.8,GOOD,2.54,TRACKING
2199662,"04 Jul 2026  23:38:07",20321.1,GOOD,2.54,TRACKING
2199663,"04 Jul 2026  23:38:37",20321.0,GOOD,2.54,TRACKING
2199664,"04 Jul 2026  23:39:07",20321.3,GOOD,2.54,TRACKING
2199665,"04 Jul 2026  23:39:37",20321.2,GOOD,2.54,TRACKING
2199666,"04 Jul 2026  23:40:07",20321.1,GOOD,2.54,TRACKING
2199667,"04 Jul 2026  23:40:37",20321.4,GOOD,2.54,TRACKING
2199668,"04 Jul 2026  23:41:07",20320.7,GOOD,2.54,TRACKING
2199669,"04 Jul 2026  23:41:37",20321.3,GOOD,2.54,TRACKING
2199670,"04 Jul 2026  23:42:07",20321.6,GOOD,2.54,TRACKING
2199671,"04 Jul 2026  23:42:37",20321.3,GOOD,2.54,TRACKING
2199672,"04 Jul 2026  23:43:07",20321.1,GOOD,2.54,TRACKING
2199673,"04 Jul 2026  23:43:37",20321.3,GOOD,2.54,TRACKING
2199674,"04 Jul 2026  23:44:07",20320.9,GOOD,2.54,TRACKING
2199675,"04 Jul 2026  23:44:37",20321.5,GOOD,2.54,TRACKING
2199676,"04 Jul 2026  23:45:08",20321.7,GOOD,2.54,TRACKING
2199677,"04 Jul 2026  23:45:38",20322.0,GOOD,2.54,TRACKING
2199678,"04 Jul 2026  23:46:08",20321.5,GOOD,2.54,TRACKING
2199679,"04 Jul 2026  23:46:38",20321.9,GOOD,2.54,TRACKING
2199680,"04 Jul 2026  23:47:08",20321.6,GOOD,2.54,TRACKING
2199681,"04 Jul 2026  23:47:38",20321.2,GOOD,2.54,TRACKING
2199682,"04 Jul 2026  23:48:08",20321.8,GOOD,2.54,TRACKING
2199683,"04 Jul 2026  23:48:38",20321.8,GOOD,2.54,TRACKING
2199684,"04 Jul 2026  23:49:08",20322.5,GOOD,2.54,TRACKING
2199685,"04 Jul 2026  23:49:38",20322.5,GOOD,2.54,TRACKING
2199686,"04 Jul 2026  23:50:08",20322.8,GOOD,2.54,TRACKING
2199687,"04 Jul 2026  23:50:38",20323.3,GOOD,2.54,TRACKING
2199688,"04 Jul 2026  23:51:08",20323.7,GOOD,2.54,TRACKING
2199689,"04 Jul 2026  23:51:38",20323.4,GOOD,2.54,TRACKING
2199690,"04 Jul 2026  23:52:09",20323.2,GOOD,2.54,TRACKING
2199691,"04 Jul 2026  23:52:39",20323.5,GOOD,2.54,TRACKING
2199692,"04 Jul 2026  23:53:09",20323.3,GOOD,2.54,TRACKING
2199693,"04 Jul 2026  23:53:39",20322.8,GOOD,2.54,TRACKING
2199694,"04 Jul 2026  23:54:09",20323.3,GOOD,2.54,TRACKING
2199695,"04 Jul 2026  23:54:39",20323.9,GOOD,2.54,TRACKING
2199696,"04 Jul 2026  23:55:09",20324.2,GOOD,2.54,TRACKING
2199697,"04 Jul 2026  23:55:39",20324.1,GOOD,2.54,TRACKING
2199698,"04 Jul 2026  23:56:09",20323.7,GOOD,2.54,TRACKING
2199699,"04 Jul 2026  23:56:39",20324.2,GOOD,2.54,TRACKING
2199700,"04 Jul 2026  23:57:09",20323.3,GOOD,2.54,TRACKING
2199701,"04 Jul 2026  23:57:39",20323.9,GOOD,2.54,TRACKING
2199702,"04 Jul 2026  23:58:09",20324.3,GOOD,2.54,TRACKING
2199703,"04 Jul 2026  23:58:40",20325.2,GOOD,2.54,TRACKING
2199704,"04 Jul 2026  23:59:10",20324.3,GOOD,2.54,TRACKING
2199705,"04 Jul 2026  23:59:40",20323.9,GOOD,2.54,TRACKING
2199706,"05 Jul 2026  00:00:10",20323.9,GOOD,2.54,TRACKING
2199707,"05 Jul 2026  00:00:40",20324.0,GOOD,2.54,TRACKING
2199708,"05 Jul 2026  00:01:10",20323.6,GOOD,2.54,TRACKING
2199709,"05 Jul 2026  00:01:40",20323.5,GOOD,2.54,TRACKING
2199710,"05 Jul 2026  00:02:10",20323.4,GOOD,2.54,TRACKING
2199711,"05 Jul 2026  00:02:40",20323.8,GOOD,2.54,TRACKING
2199712,"05 Jul 2026  00:03:10",20324.0,GOOD,2.54,TRACKING
2199713,"05 Jul 2026  00:03:40",20324.3,GOOD,2.54,TRACKING
2199714,"05 Jul 2026  00:04:10",20324.1,GOOD,2.54,TRACKING
2199715,"05 Jul 2026  00:04:41",20324.0,GOOD,2.54,TRACKING
2199716,"05 Jul 2026  00:05:11",20324.1,GOOD,2.54,TRACKING
2199717,"05 Jul 2026  00:05:41",20324.3,GOOD,2.54,TRACKING
2199718,"05 Jul 2026  00:06:11",20325.0,GOOD,2.54,TRACKING
2199719,"05 Jul 2026  00:06:41",20324.7,GOOD,2.54,TRACKING
2199720,"05 Jul 2026  00:07:11",20324.6,GOOD,2.54,TRACKING
2199721,"05 Jul 2026  00:07:41",20324.5,GOOD,2.54,TRACKING
2199722,"05 Jul 2026  00:08:11",20324.4,GOOD,2.54,TRACKING
2199723,"05 Jul 2026  00:08:41",20324.5,GOOD,2.54,TRACKING
2199724,"05 Jul 2026  00:09:11",20324.0,GOOD,2.54,TRACKING
2199725,"05 Jul 2026  00:09:41",20324.8,GOOD,2.54,TRACKING
2199726,"05 Jul 2026  00:10:11",20324.1,GOOD,2.54,TRACKING
2199727,"05 Jul 2026  00:10:41",20324.7,GOOD,2.54,TRACKING
2199728,"05 Jul 2026  00:11:12",20325.3,GOOD,2.54,TRACKING
2199729,"05 Jul 2026  00:11:42",20325.5,GOOD,2.54,TRACKING
2199730,"05 Jul 2026  00:12:12",20324.9,GOOD,2.54,TRACKING
2199731,"05 Jul 2026  00:12:42",20324.8,GOOD,2.54,TRACKING
2199732,"05 Jul 2026  00:13:12",20325.2,GOOD,2.54,TRACKING
2199733,"05 Jul 2026  00:13:42",20324.2,GOOD,2.54,TRACKING
2199734,"05 Jul 2026  00:14:12",20325.4,GOOD,2.54,TRACKING
2199735,"05 Jul 2026  00:14:42",20325.6,GOOD,2.54,TRACKING
2199736,"05 Jul 2026  00:15:12",20325.9,GOOD,2.54,TRACKING
2199737,"05 Jul 2026  00:15:42",20325.5,GOOD,2.54,TRACKING
2199738,"05 Jul 2026  00:16:12",20324.9,GOOD,2.54,TRACKING
2199739,"05 Jul 2026  00:16:42",20325.2,GOOD,2.54,TRACKING
2199740,"05 Jul 2026  00:17:12",20325.1,GOOD,2.54,TRACKING
2199741,"05 Jul 2026  00:17:43",20325.6,GOOD,2.54,TRACKING
2199742,"05 Jul 2026  00:18:13",20325.5,GOOD,2.54,TRACKING
2199743,"05 Jul 2026  00:18:43",20325.0,GOOD,2.54,TRACKING
2199744,"05 Jul 2026  00:19:13",20325.5,GOOD,2.54,TRACKING
2199745,"05 Jul 2026  00:19:43",20325.7,GOOD,2.54,TRACKING
2199746,"05 Jul 2026  00:20:13",20326.0,GOOD,2.54,TRACKING
2199747,"05 Jul 2026  00:20:43",20325.9,GOOD,2.54,TRACKING
2199748,"05 Jul 2026  00:21:13",20325.5,GOOD,2.54,TRACKING
2199749,"05 Jul 2026  00:21:43",20325.8,GOOD,2.54,TRACKING
2199750,"05 Jul 2026  00:22:13",20325.9,GOOD,2.54,TRACKING
2199751,"05 Jul 2026  00:22:43",20326.4,GOOD,2.54,TRACKING
2199752,"05 Jul 2026  00:23:13",20325.8,GOOD,2.54,TRACKING
2199753,"05 Jul 2026  00:23:43",20326.7,GOOD,2.54,TRACKING
2199754,"05 Jul 2026  00:24:13",20326.4,GOOD,2.54,TRACKING
2199755,"05 Jul 2026  00:24:43",20326.4,GOOD,2.54,TRACKING
2199756,"05 Jul 2026  00:25:14",20326.5,GOOD,2.54,TRACKING
2199757,"05 Jul 2026  00:25:44",20326.6,GOOD,2.54,TRACKING
2199758,"05 Jul 2026  00:26:14",20326.6,GOOD,2.54,TRACKING
2199759,"05 Jul 2026  00:26:44",20326.1,GOOD,2.54,TRACKING
2199760,"05 Jul 2026  00:27:14",20326.2,GOOD,2.54,TRACKING
2199761,"05 Jul 2026  00:27:44",20326.4,GOOD,2.54,TRACKING
2199762,"05 Jul 2026  00:28:14",20326.7,GOOD,2.54,TRACKING
2199763,"05 Jul 2026  00:28:44",20327.3,GOOD,2.54,TRACKING
2199764,"05 Jul 2026  00:29:14",20326.8,GOOD,2.54,TRACKING
2199765,"05 Jul 2026  00:29:44",20326.5,GOOD,2.54,TRACKING
2199766,"05 Jul 2026  00:30:14",20326.1,GOOD,2.54,TRACKING
2199767,"05 Jul 2026  00:30:44",20327.2,GOOD,2.54,TRACKING
2199768,"05 Jul 2026  00:31:14",20326.6,GOOD,2.54,TRACKING
2199769,"05 Jul 2026  00:31:44",20326.8,GOOD,2.54,TRACKING
2199770,"05 Jul 2026  00:32:14",20327.8,GOOD,2.54,TRACKING
2199771,"05 Jul 2026  00:32:44",20326.9,GOOD,2.54,TRACKING
2199772,"05 Jul 2026  00:33:15",20327.2,GOOD,2.54,TRACKING
2199773,"05 Jul 2026  00:33:45",20327.3,GOOD,2.54,TRACKING
2199774,"05 Jul 2026  00:34:15",20327.5,GOOD,2.54,TRACKING
2199775,"05 Jul 2026  00:34:45",20326.9,GOOD,2.54,TRACKING
2199776,"05 Jul 2026  00:35:15",20327.6,GOOD,2.54,TRACKING
2199777,"05 Jul 2026  00:35:45",20328.8,GOOD,2.54,TRACKING
2199778,"05 Jul 2026  00:36:15",20328.7,GOOD,2.54,TRACKING
2199779,"05 Jul 2026  00:36:45",20328.2,GOOD,2.54,TRACKING
2199780,"05 Jul 2026  00:37:15",20328.8,GOOD,2.54,TRACKING
2199781,"05 Jul 2026  00:37:45",20327.9,GOOD,2.54,TRACKING
2199782,"05 Jul 2026  00:38:15",20328.3,GOOD,2.54,TRACKING
2199783,"05 Jul 2026  00:38:45",20328.0,GOOD,2.54,TRACKING
2199784,"05 Jul 2026  00:39:15",20328.4,GOOD,2.54,TRACKING
2199785,"05 Jul 2026  00:39:45",20328.6,GOOD,2.54,TRACKING
2199786,"05 Jul 2026  00:40:15",20328.1,GOOD,2.54,TRACKING
2199787,"05 Jul 2026  00:40:45",20328.3,GOOD,2.54,TRACKING
2199788,"05 Jul 2026  00:41:16",20327.7,GOOD,2.54,TRACKING
2199789,"05 Jul 2026  00:41:46",20327.7,GOOD,2.54,TRACKING
2199790,"05 Jul 2026  00:42:16",20328.4,GOOD,2.54,TRACKING
2199791,"05 Jul 2026  00:42:46",20328.6,GOOD,2.54,TRACKING
2199792,"05 Jul 2026  00:43:16",20328.9,GOOD,2.54,TRACKING
2199793,"05 Jul 2026  00:43:46",20328.8,GOOD,2.54,TRACKING
2199794,"05 Jul 2026  00:44:16",20329.0,GOOD,2.54,TRACKING
2199795,"05 Jul 2026  00:44:46",20329.6,GOOD,2.54,TRACKING
2199796,"05 Jul 2026  00:45:16",20329.0,GOOD,2.54,TRACKING
2199797,"05 Jul 2026  00:45:46",20329.5,GOOD,2.54,TRACKING
2199798,"05 Jul 2026  00:46:16",20328.9,GOOD,2.54,TRACKING
2199799,"05 Jul 2026  00:46:46",20328.9,GOOD,2.54,TRACKING
2199800,"05 Jul 2026  00:47:16",20329.7,GOOD,2.54,TRACKING
2199801,"05 Jul 2026  00:47:46",20329.5,GOOD,2.54,TRACKING
2199802,"05 Jul 2026  00:48:16",20329.8,GOOD,2.54,TRACKING
2199803,"05 Jul 2026  00:48:46",20329.8,GOOD,2.54,TRACKING
2199804,"05 Jul 2026  00:49:17",20329.9,GOOD,2.54,TRACKING
2199805,"05 Jul 2026  00:49:47",20329.8,GOOD,2.54,TRACKING
2199806,"05 Jul 2026  00:50:17",20330.0,GOOD,2.54,TRACKING
2199807,"05 Jul 2026  00:50:47",20329.8,GOOD,2.54,TRACKING
2199808,"05 Jul 2026  00:51:17",20330.6,GOOD,2.54,TRACKING
2199809,"05 Jul 2026  00:51:47",20330.1,GOOD,2.54,TRACKING
2199810,"05 Jul 2026  00:52:17",20329.8,GOOD,2.54,TRACKING
2199811,"05 Jul 2026  00:52:47",20330.2,GOOD,2.54,TRACKING
2199812,"05 Jul 2026  00:53:17",20330.5,GOOD,2.54,TRACKING
2199813,"05 Jul 2026  00:53:47",20330.6,GOOD,2.54,TRACKING
2199814,"05 Jul 2026  00:54:17",20330.4,GOOD,2.54,TRACKING
2199815,"05 Jul 2026  00:54:47",20330.9,GOOD,2.54,TRACKING
2199816,"05 Jul 2026  00:55:17",20330.9,GOOD,2.54,TRACKING
2199817,"05 Jul 2026  00:55:47",20330.8,GOOD,2.54,TRACKING
2199818,"05 Jul 2026  00:56:17",20330.7,GOOD,2.54,TRACKING
2199819,"05 Jul 2026  00:56:47",20331.1,GOOD,2.54,TRACKING
2199820,"05 Jul 2026  00:57:18",20331.1,GOOD,2.54,TRACKING
2199821,"05 Jul 2026  00:57:48",20330.9,GOOD,2.54,TRACKING
2199822,"05 Jul 2026  00:58:18",20331.3,GOOD,2.54,TRACKING
2199823,"05 Jul 2026  00:58:48",20331.7,GOOD,2.54,TRACKING
2199824,"05 Jul 2026  00:59:18",20331.6,GOOD,2.54,TRACKING
2199825,"05 Jul 2026  00:59:48",20331.6,GOOD,2.54,TRACKING
2199826,"05 Jul 2026  01:00:18",20331.7,GOOD,2.54,TRACKING
2199827,"05 Jul 2026  01:00:48",20331.7,GOOD,2.54,TRACKING
2199828,"05 Jul 2026  01:01:18",20331.7,GOOD,2.54,TRACKING
2199829,"05 Jul 2026  01:01:48",20331.4,GOOD,2.54,TRACKING
2199830,"05 Jul 2026  01:02:18",20331.7,GOOD,2.54,TRACKING
2199831,"05 Jul 2026  01:02:48",20331.6,GOOD,2.54,TRACKING
2199832,"05 Jul 2026  01:03:18",20331.9,GOOD,2.54,TRACKING
2199833,"05 Jul 2026  01:03:49",20331.9,GOOD,2.54,TRACKING
2199834,"05 Jul 2026  01:04:19",20331.3,GOOD,2.54,TRACKING
2199835,"05 Jul 2026  01:04:49",20331.5,GOOD,2.54,TRACKING
2199836,"05 Jul 2026  01:05:19",20331.3,GOOD,2.54,TRACKING
2199837,"05 Jul 2026  01:05:49",20331.7,GOOD,2.54,TRACKING
2199838,"05 Jul 2026  01:06:19",20331.4,GOOD,2.54,TRACKING
2199839,"05 Jul 2026  01:06:49",20331.7,GOOD,2.54,TRACKING
2199840,"05 Jul 2026  01:07:19",20332.3,GOOD,2.54,TRACKING
2199841,"05 Jul 2026  01:07:49",20332.3,GOOD,2.54,TRACKING
2199842,"05 Jul 2026  01:08:19",20332.6,GOOD,2.54,TRACKING
2199843,"05 Jul 2026  01:08:49",20332.8,GOOD,2.54,TRACKING
2199844,"05 Jul 2026  01:09:19",20332.8,GOOD,2.54,TRACKING
2199845,"05 Jul 2026  01:09:49",20332.7,GOOD,2.54,TRACKING
2199846,"05 Jul 2026  01:10:19",20333.0,GOOD,2.54,TRACKING
2199847,"05 Jul 2026  01:10:49",20333.4,GOOD,2.54,TRACKING
2199848,"05 Jul 2026  01:11:20",20333.6,GOOD,2.54,TRACKING
2199849,"05 Jul 2026  01:11:50",20333.3,GOOD,2.54,TRACKING
2199850,"05 Jul 2026  01:12:20",20333.4,GOOD,2.54,TRACKING
2199851,"05 Jul 2026  01:12:50",20333.6,GOOD,2.54,TRACKING
2199852,"05 Jul 2026  01:13:20",20332.4,GOOD,2.54,TRACKING
2199853,"05 Jul 2026  01:13:50",20332.7,GOOD,2.54,TRACKING
2199854,"05 Jul 2026  01:14:20",20333.1,GOOD,2.54,TRACKING
2199855,"05 Jul 2026  01:14:50",20333.5,GOOD,2.54,TRACKING
2199856,"05 Jul 2026  01:15:20",20333.6,GOOD,2.54,TRACKING
2199857,"05 Jul 2026  01:15:50",20333.8,GOOD,2.54,TRACKING
2199858,"05 Jul 2026  01:16:20",20333.7,GOOD,2.54,TRACKING
2199859,"05 Jul 2026  01:16:50",20334.5,GOOD,2.54,TRACKING
2199860,"05 Jul 2026  01:17:20",20334.8,GOOD,2.54,TRACKING
2199861,"05 Jul 2026  01:17:51",20334.0,GOOD,2.54,TRACKING
2199862,"05 Jul 2026  01:18:21",20333.8,GOOD,2.54,TRACKING
2199863,"05 Jul 2026  01:18:51",20334.4,GOOD,2.54,TRACKING
2199864,"05 Jul 2026  01:19:21",20335.9,GOOD,2.54,TRACKING
2199865,"05 Jul 2026  01:19:51",20335.5,GOOD,2.54,TRACKING
2199866,"05 Jul 2026  01:20:21",20336.0,GOOD,2.54,TRACKING
2199867,"05 Jul 2026  01:20:51",20335.0,GOOD,2.54,TRACKING
2199868,"05 Jul 2026  01:21:21",20334.5,GOOD,2.54,TRACKING
2199869,"05 Jul 2026  01:21:51",20334.5,GOOD,2.54,TRACKING
2199870,"05 Jul 2026  01:22:21",20334.4,GOOD,2.54,TRACKING
2199871,"05 Jul 2026  01:22:51",20335.1,GOOD,2.54,TRACKING
2199872,"05 Jul 2026  01:23:21",20335.1,GOOD,2.54,TRACKING
2199873,"05 Jul 2026  01:23:51",20334.7,GOOD,2.54,TRACKING
2199874,"05 Jul 2026  01:24:21",20334.2,GOOD,2.54,TRACKING
2199875,"05 Jul 2026  01:24:52",20334.5,GOOD,2.54,TRACKING
2199876,"05 Jul 2026  01:25:22",20334.7,GOOD,2.54,TRACKING
2199877,"05 Jul 2026  01:25:52",20334.6,GOOD,2.54,TRACKING
2199878,"05 Jul 2026  01:26:22",20334.8,GOOD,2.54,TRACKING
2199879,"05 Jul 2026  01:26:52",20335.5,GOOD,2.54,TRACKING
2199880,"05 Jul 2026  01:27:22",20335.6,GOOD,2.54,TRACKING
2199881,"05 Jul 2026  01:27:52",20335.2,GOOD,2.54,TRACKING
2199882,"05 Jul 2026  01:28:22",20335.3,GOOD,2.54,TRACKING
2199883,"05 Jul 2026  01:28:52",20335.5,GOOD,2.54,TRACKING
2199884,"05 Jul 2026  01:29:22",20335.9,GOOD,2.54,TRACKING
2199885,"05 Jul 2026  01:29:52",20336.3,GOOD,2.54,TRACKING
2199886,"05 Jul 2026  01:30:22",20336.2,GOOD,2.54,TRACKING
2199887,"05 Jul 2026  01:30:52",20336.6,GOOD,2.54,TRACKING
2199888,"05 Jul 2026  01:31:22",20336.7,GOOD,2.54,TRACKING
2199889,"05 Jul 2026  01:31:53",20336.2,GOOD,2.54,TRACKING
2199890,"05 Jul 2026  01:32:23",20336.4,GOOD,2.54,TRACKING
2199891,"05 Jul 2026  01:32:53",20337.0,GOOD,2.54,TRACKING
2199892,"05 Jul 2026  01:33:23",20337.0,GOOD,2.54,TRACKING
2199893,"05 Jul 2026  01:33:53",20337.1,GOOD,2.54,TRACKING
2199894,"05 Jul 2026  01:34:23",20336.9,GOOD,2.54,TRACKING
2199895,"05 Jul 2026  01:34:53",20336.9,GOOD,2.54,TRACKING
2199896,"05 Jul 2026  01:35:23",20336.9,GOOD,2.54,TRACKING
2199897,"05 Jul 2026  01:35:53",20336.5,GOOD,2.54,TRACKING
2199898,"05 Jul 2026  01:36:23",20336.5,GOOD,2.54,TRACKING
2199899,"05 Jul 2026  01:36:53",20337.0,GOOD,2.54,TRACKING
2199900,"05 Jul 2026  01:37:23",20337.2,GOOD,2.54,TRACKING
2199901,"05 Jul 2026  01:37:53",20336.2,GOOD,2.54,TRACKING
2199902,"05 Jul 2026  01:38:23",20336.8,GOOD,2.54,TRACKING
2199903,"05 Jul 2026  01:38:53",20336.6,GOOD,2.54,TRACKING
2199904,"05 Jul 2026  01:39:24",20337.1,GOOD,2.54,TRACKING
2199905,"05 Jul 2026  01:39:54",20336.7,GOOD,2.54,TRACKING
2199906,"05 Jul 2026  01:40:24",20336.3,GOOD,2.54,TRACKING
2199907,"05 Jul 2026  01:40:54",20336.3,GOOD,2.54,TRACKING
2199908,"05 Jul 2026  01:41:24",20336.7,GOOD,2.54,TRACKING
2199909,"05 Jul 2026  01:41:54",20337.2,GOOD,2.54,TRACKING
2199910,"05 Jul 2026  01:42:24",20336.9,GOOD,2.54,TRACKING
2199911,"05 Jul 2026  01:42:54",20337.2,GOOD,2.54,TRACKING
2199912,"05 Jul 2026  01:43:24",20337.5,GOOD,2.54,TRACKING
2199913,"05 Jul 2026  01:43:54",20337.3,GOOD,2.54,TRACKING
2199914,"05 Jul 2026  01:44:24",20337.7,GOOD,2.54,TRACKING
2199915,"05 Jul 2026  01:44:54",20337.8,GOOD,2.54,TRACKING
2199916,"05 Jul 2026  01:45:24",20338.3,GOOD,2.54,TRACKING
2199917,"05 Jul 2026  01:45:54",20337.1,GOOD,2.54,TRACKING
2199918,"05 Jul 2026  01:46:24",20338.0,GOOD,2.54,TRACKING
2199919,"05 Jul 2026  01:46:54",20338.1,GOOD,2.54,TRACKING
2199920,"05 Jul 2026  01:47:25",20338.4,GOOD,2.54,TRACKING
2199921,"05 Jul 2026  01:47:55",20338.6,GOOD,2.54,TRACKING
2199922,"05 Jul 2026  01:48:25",20339.1,GOOD,2.54,TRACKING
2199923,"05 Jul 2026  01:48:55",20338.7,GOOD,2.54,TRACKING
2199924,"05 Jul 2026  01:49:25",20339.3,GOOD,2.54,TRACKING
2199925,"05 Jul 2026  01:49:55",20338.5,GOOD,2.54,TRACKING
2199926,"05 Jul 2026  01:50:25",20339.2,GOOD,2.54,TRACKING
2199927,"05 Jul 2026  01:50:55",20338.6,GOOD,2.54,TRACKING
2199928,"05 Jul 2026  01:51:25",20338.4,GOOD,2.54,TRACKING
2199929,"05 Jul 2026  01:51:55",20338.6,GOOD,2.54,TRACKING
2199930,"05 Jul 2026  01:52:25",20338.9,GOOD,2.54,TRACKING
2199931,"05 Jul 2026  01:52:55",20339.1,GOOD,2.54,TRACKING
2199932,"05 Jul 2026  01:53:25",20339.1,GOOD,2.54,TRACKING
2199933,"05 Jul 2026  01:53:55",20339.3,GOOD,2.54,TRACKING
2199934,"05 Jul 2026  01:54:25",20339.1,GOOD,2.54,TRACKING
2199935,"05 Jul 2026  01:54:55",20338.9,GOOD,2.54,TRACKING
2199936,"05 Jul 2026  01:55:26",20338.9,GOOD,2.54,TRACKING
2199937,"05 Jul 2026  01:55:56",20339.2,GOOD,2.54,TRACKING
2199938,"05 Jul 2026  01:56:26",20338.8,GOOD,2.54,TRACKING
2199939,"05 Jul 2026  01:56:56",20339.4,GOOD,2.54,TRACKING
2199940,"05 Jul 2026  01:57:26",20339.8,GOOD,2.54,TRACKING
2199941,"05 Jul 2026  01:57:56",20339.6,GOOD,2.54,TRACKING
2199942,"05 Jul 2026  01:58:26",20339.2,GOOD,2.54,TRACKING
2199943,"05 Jul 2026  01:58:56",20339.4,GOOD,2.54,TRACKING
2199944,"05 Jul 2026  01:59:26",20339.7,GOOD,2.54,TRACKING
2199945,"05 Jul 2026  01:59:56",20339.8,GOOD,2.54,TRACKING
2199946,"05 Jul 2026  02:00:26",20339.9,GOOD,2.54,TRACKING
2199947,"05 Jul 2026  02:00:56",20340.2,GOOD,2.54,TRACKING
2199948,"05 Jul 2026  02:01:26",20340.1,GOOD,2.54,TRACKING
2199949,"05 Jul 2026  02:01:56",20340.2,GOOD,2.54,TRACKING
2199950,"05 Jul 2026  02:02:26",20339.7,GOOD,2.54,TRACKING
2199951,"05 Jul 2026  02:02:56",20340.5,GOOD,2.54,TRACKING
2199952,"05 Jul 2026  02:03:26",20340.9,GOOD,2.54,TRACKING
2199953,"05 Jul 2026  02:03:57",20340.0,GOOD,2.54,TRACKING
2199954,"05 Jul 2026  02:04:27",20340.4,GOOD,2.54,TRACKING
2199955,"05 Jul 2026  02:04:57",20340.7,GOOD,2.54,TRACKING
2199956,"05 Jul 2026  02:05:27",20340.5,GOOD,2.54,TRACKING
2199957,"05 Jul 2026  02:05:57",20340.6,GOOD,2.54,TRACKING
2199958,"05 Jul 2026  02:06:27",20340.5,GOOD,2.54,TRACKING
2199959,"05 Jul 2026  02:06:57",20341.0,GOOD,2.54,TRACKING
2199960,"05 Jul 2026  02:07:27",20340.6,GOOD,2.54,TRACKING
2199961,"05 Jul 2026  02:07:57",20341.3,GOOD,2.54,TRACKING
2199962,"05 Jul 2026  02:08:27",20341.5,GOOD,2.54,TRACKING
2199963,"05 Jul 2026  02:08:57",20341.9,GOOD,2.54,TRACKING
2199964,"05 Jul 2026  02:09:27",20340.9,GOOD,2.54,TRACKING
2199965,"05 Jul 2026  02:09:57",20341.4,GOOD,2.54,TRACKING
2199966,"05 Jul 2026  02:10:27",20341.2,GOOD,2.54,TRACKING
2199967,"05 Jul 2026  02:10:58",20341.7,GOOD,2.54,TRACKING
2199968,"05 Jul 2026  02:11:28",20341.5,GOOD,2.54,TRACKING
2199969,"05 Jul 2026  02:11:58",20341.6,GOOD,2.54,TRACKING
2199970,"05 Jul 2026  02:12:28",20341.7,GOOD,2.54,TRACKING
2199971,"05 Jul 2026  02:12:58",20341.9,GOOD,2.54,TRACKING
2199972,"05 Jul 2026  02:13:28",20341.8,GOOD,2.54,TRACKING
2199973,"05 Jul 2026  02:13:58",20342.3,GOOD,2.54,TRACKING
2199974,"05 Jul 2026  02:14:28",20342.2,GOOD,2.54,TRACKING
2199975,"05 Jul 2026  02:14:58",20341.9,GOOD,2.54,TRACKING
2199976,"05 Jul 2026  02:15:28",20342.1,GOOD,2.54,TRACKING
2199977,"05 Jul 2026  02:15:58",20342.4,GOOD,2.54,TRACKING
2199978,"05 Jul 2026  02:16:28",20342.3,GOOD,2.54,TRACKING
2199979,"05 Jul 2026  02:16:58",20342.3,GOOD,2.54,TRACKING
2199980,"05 Jul 2026  02:17:28",20342.5,GOOD,2.54,TRACKING
2199981,"05 Jul 2026  02:17:58",20342.5,GOOD,2.54,TRACKING
2199982,"05 Jul 2026  02:18:29",20342.0,GOOD,2.54,TRACKING
2199983,"05 Jul 2026  02:18:59",20341.9,GOOD,2.54,TRACKING
2199984,"05 Jul 2026  02:19:29",20342.2,GOOD,2.54,TRACKING
2199985,"05 Jul 2026  02:19:59",20342.8,GOOD,2.54,TRACKING
2199986,"05 Jul 2026  02:20:29",20343.1,GOOD,2.54,TRACKING
2199987,"05 Jul 2026  02:20:59",20342.7,GOOD,2.54,TRACKING
2199988,"05 Jul 2026  02:21:29",20343.1,GOOD,2.54,TRACKING
2199989,"05 Jul 2026  02:21:59",20343.3,GOOD,2.54,TRACKING
2199990,"05 Jul 2026  02:22:29",20343.6,GOOD,2.54,TRACKING
2199991,"05 Jul 2026  02:22:59",20344.3,GOOD,2.54,TRACKING
2199992,"05 Jul 2026  02:23:29",20344.2,GOOD,2.54,TRACKING
2199993,"05 Jul 2026  02:23:59",20344.0,GOOD,2.54,TRACKING
2199994,"05 Jul 2026  02:24:29",20344.1,GOOD,2.54,TRACKING
2199995,"05 Jul 2026  02:24:59",20344.0,GOOD,2.54,TRACKING
2199996,"05 Jul 2026  02:25:30",20343.8,GOOD,2.54,TRACKING
2199997,"05 Jul 2026  02:26:00",20343.6,GOOD,2.54,TRACKING
2199998,"05 Jul 2026  02:26:30",20343.4,GOOD,2.54,TRACKING
2199999,"05 Jul 2026  02:27:00",20343.9,GOOD,2.54,TRACKING
2200000,"05 Jul 2026  02:27:30",20344.4,GOOD,2.54,TRACKING
2200001,"05 Jul 2026  02:28:00",20344.4,GOOD,2.54,TRACKING
2200002,"05 Jul 2026  02:28:30",20344.7,GOOD,2.54,TRACKING
2200003,"05 Jul 2026  02:29:00",20344.2,GOOD,2.54,TRACKING
2200004,"05 Jul 2026  02:29:30",20344.6,GOOD,2.54,TRACKING
2200005,"05 Jul 2026  02:30:00",20344.0,GOOD,2.54,TRACKING
2200006,"05 Jul 2026  02:30:30",20344.5,GOOD,2.54,TRACKING
2200007,"05 Jul 2026  02:31:00",20344.5,GOOD,2.54,TRACKING
2200008,"05 Jul 2026  02:31:30",20344.5,GOOD,2.54,TRACKING
2200009,"05 Jul 2026  02:32:00",20343.7,GOOD,2.54,TRACKING
2200010,"05 Jul 2026  02:32:30",20344.5,GOOD,2.54,TRACKING
2200011,"05 Jul 2026  02:33:01",20345.1,GOOD,2.54,TRACKING
2200012,"05 Jul 2026  02:33:31",20345.5,GOOD,2.54,TRACKING
2200013,"05 Jul 2026  02:34:01",20345.2,GOOD,2.54,TRACKING
2200014,"05 Jul 2026  02:34:31",20345.7,GOOD,2.54,TRACKING
2200015,"05 Jul 2026  02:35:01",20345.4,GOOD,2.54,TRACKING
2200016,"05 Jul 2026  02:35:31",20345.4,GOOD,2.54,TRACKING
2200017,"05 Jul 2026  02:36:01",20344.9,GOOD,2.54,TRACKING
2200018,"05 Jul 2026  02:36:31",20345.1,GOOD,2.54,TRACKING
2200019,"05 Jul 2026  02:37:01",20345.0,GOOD,2.54,TRACKING
2200020,"05 Jul 2026  02:37:31",20345.8,GOOD,2.54,TRACKING
2200021,"05 Jul 2026  02:38:01",20345.8,GOOD,2.54,TRACKING
2200022,"05 Jul 2026  02:38:31",20345.3,GOOD,2.54,TRACKING
2200023,"05 Jul 2026  02:39:01",20345.5,GOOD,2.54,TRACKING
2200024,"05 Jul 2026  02:39:31",20345.2,GOOD,2.54,TRACKING
2200025,"05 Jul 2026  02:40:02",20346.0,GOOD,2.54,TRACKING
2200026,"05 Jul 2026  02:40:32",20345.9,GOOD,2.54,TRACKING
2200027,"05 Jul 2026  02:41:02",20345.2,GOOD,2.54,TRACKING
2200028,"05 Jul 2026  02:41:32",20346.0,GOOD,2.54,TRACKING
2200029,"05 Jul 2026  02:42:02",20346.8,GOOD,2.54,TRACKING
2200030,"05 Jul 2026  02:42:32",20346.5,GOOD,2.54,TRACKING
2200031,"05 Jul 2026  02:43:02",20346.1,GOOD,2.54,TRACKING
2200032,"05 Jul 2026  02:43:32",20346.9,GOOD,2.54,TRACKING
2200033,"05 Jul 2026  02:44:02",20347.1,GOOD,2.54,TRACKING
2200034,"05 Jul 2026  02:44:32",20346.7,GOOD,2.54,TRACKING
2200035,"05 Jul 2026  02:45:02",20347.1,GOOD,2.54,TRACKING
2200036,"05 Jul 2026  02:45:32",20347.1,GOOD,2.54,TRACKING
2200037,"05 Jul 2026  02:46:02",20347.1,GOOD,2.54,TRACKING
2200038,"05 Jul 2026  02:46:32",20347.8,GOOD,2.54,TRACKING
2200039,"05 Jul 2026  02:47:03",20347.4,GOOD,2.54,TRACKING
2200040,"05 Jul 2026  02:47:33",20347.0,GOOD,2.54,TRACKING
2200041,"05 Jul 2026  02:48:03",20347.0,GOOD,2.54,TRACKING
2200042,"05 Jul 2026  02:48:33",20347.4,GOOD,2.54,TRACKING
2200043,"05 Jul 2026  02:49:03",20347.3,GOOD,2.54,TRACKING
2200044,"05 Jul 2026  02:49:33",20347.3,GOOD,2.54,TRACKING
2200045,"05 Jul 2026  02:50:03",20347.4,GOOD,2.54,TRACKING
2200046,"05 Jul 2026  02:50:33",20347.1,GOOD,2.54,TRACKING
2200047,"05 Jul 2026  02:51:03",20347.6,GOOD,2.54,TRACKING
2200048,"05 Jul 2026  02:51:33",20348.4,GOOD,2.54,TRACKING
2200049,"05 Jul 2026  02:52:03",20349.4,GOOD,2.54,TRACKING
2200050,"05 Jul 2026  02:52:33",20349.3,GOOD,2.54,TRACKING
2200051,"05 Jul 2026  02:53:03",20349.3,GOOD,2.54,TRACKING
2200052,"05 Jul 2026  02:53:33",20349.0,GOOD,2.54,TRACKING
2200053,"05 Jul 2026  02:54:03",20348.0,GOOD,2.54,TRACKING
2200054,"05 Jul 2026  02:54:33",20348.9,GOOD,2.54,TRACKING
2200055,"05 Jul 2026  02:55:04",20348.9,GOOD,2.54,TRACKING
2200056,"05 Jul 2026  02:55:34",20348.4,GOOD,2.54,TRACKING
2200057,"05 Jul 2026  02:56:04",20348.3,GOOD,2.54,TRACKING
2200058,"05 Jul 2026  02:56:34",20347.6,GOOD,2.54,TRACKING
2200059,"05 Jul 2026  02:57:04",20347.9,GOOD,2.54,TRACKING
2200060,"05 Jul 2026  02:57:34",20348.2,GOOD,2.54,TRACKING
2200061,"05 Jul 2026  02:58:04",20348.4,GOOD,2.54,TRACKING
2200062,"05 Jul 2026  02:58:34",20348.3,GOOD,2.54,TRACKING
2200063,"05 Jul 2026  02:59:04",20348.0,GOOD,2.54,TRACKING
2200064,"05 Jul 2026  02:59:34",20347.9,GOOD,2.54,TRACKING
2200065,"05 Jul 2026  03:00:04",20347.9,GOOD,2.54,TRACKING
2200066,"05 Jul 2026  03:00:34",20348.0,GOOD,2.54,TRACKING
2200067,"05 Jul 2026  03:01:04",20348.0,GOOD,2.54,TRACKING
2200068,"05 Jul 2026  03:01:34",20348.5,GOOD,2.54,TRACKING
2200069,"05 Jul 2026  03:02:04",20349.2,GOOD,2.54,TRACKING
2200070,"05 Jul 2026  03:02:35",20348.9,GOOD,2.54,TRACKING
2200071,"05 Jul 2026  03:03:05",20348.8,GOOD,2.54,TRACKING
2200072,"05 Jul 2026  03:03:35",20348.7,GOOD,2.54,TRACKING
2200073,"05 Jul 2026  03:04:05",20348.5,GOOD,2.54,TRACKING
2200074,"05 Jul 2026  03:04:35",20348.7,GOOD,2.54,TRACKING
2200075,"05 Jul 2026  03:05:05",20348.9,GOOD,2.54,TRACKING
2200076,"05 Jul 2026  03:05:35",20349.6,GOOD,2.54,TRACKING
2200077,"05 Jul 2026  03:06:05",20349.7,GOOD,2.54,TRACKING
2200078,"05 Jul 2026  03:06:35",20349.5,GOOD,2.54,TRACKING
2200079,"05 Jul 2026  03:07:05",20349.6,GOOD,2.54,TRACKING
2200080,"05 Jul 2026  03:07:35",20350.1,GOOD,2.54,TRACKING
2200081,"05 Jul 2026  03:08:05",20350.3,GOOD,2.54,TRACKING
2200082,"05 Jul 2026  03:08:35",20350.7,GOOD,2.54,TRACKING
2200083,"05 Jul 2026  03:09:05",20350.2,GOOD,2.54,TRACKING
2200084,"05 Jul 2026  03:09:35",20350.7,GOOD,2.54,TRACKING
2200085,"05 Jul 2026  03:10:05",20350.4,GOOD,2.54,TRACKING
2200086,"05 Jul 2026  03:10:36",20350.4,GOOD,2.54,TRACKING
2200087,"05 Jul 2026  03:11:06",20351.0,GOOD,2.54,TRACKING
2200088,"05 Jul 2026  03:11:36",20350.5,GOOD,2.54,TRACKING
2200089,"05 Jul 2026  03:12:06",20350.0,GOOD,2.54,TRACKING
2200090,"05 Jul 2026  03:12:36",20349.6,GOOD,2.54,TRACKING
2200091,"05 Jul 2026  03:13:06",20350.0,GOOD,2.54,TRACKING
2200092,"05 Jul 2026  03:13:36",20350.3,GOOD,2.54,TRACKING
2200093,"05 Jul 2026  03:14:06",20350.6,GOOD,2.54,TRACKING
2200094,"05 Jul 2026  03:14:36",20350.6,GOOD,2.54,TRACKING
2200095,"05 Jul 2026  03:15:06",20351.2,GOOD,2.54,TRACKING
2200096,"05 Jul 2026  03:15:36",20351.3,GOOD,2.54,TRACKING
2200097,"05 Jul 2026  03:16:06",20351.1,GOOD,2.54,TRACKING
2200098,"05 Jul 2026  03:16:36",20350.4,GOOD,2.54,TRACKING
2200099,"05 Jul 2026  03:17:06",20350.8,GOOD,2.54,TRACKING
2200100,"05 Jul 2026  03:17:36",20351.6,GOOD,2.54,TRACKING
2200101,"05 Jul 2026  03:18:07",20352.0,GOOD,2.54,TRACKING
2200102,"05 Jul 2026  03:18:37",20351.7,GOOD,2.54,TRACKING
2200103,"05 Jul 2026  03:19:07",20351.1,GOOD,2.54,TRACKING
2200104,"05 Jul 2026  03:19:37",20352.2,GOOD,2.54,TRACKING
2200105,"05 Jul 2026  03:20:07",20352.9,GOOD,2.54,TRACKING
2200106,"05 Jul 2026  03:20:37",20353.1,GOOD,2.54,TRACKING
2200107,"05 Jul 2026  03:21:07",20352.6,GOOD,2.54,TRACKING
2200108,"05 Jul 2026  03:21:37",20352.0,GOOD,2.54,TRACKING
2200109,"05 Jul 2026  03:22:07",20352.2,GOOD,2.54,TRACKING
2200110,"05 Jul 2026  03:22:37",20352.7,GOOD,2.54,TRACKING
2200111,"05 Jul 2026  03:23:07",20353.2,GOOD,2.54,TRACKING
2200112,"05 Jul 2026  03:23:37",20353.4,GOOD,2.54,TRACKING
2200113,"05 Jul 2026  03:24:07",20352.8,GOOD,2.54,TRACKING
2200114,"05 Jul 2026  03:24:37",20352.5,GOOD,2.54,TRACKING
2200115,"05 Jul 2026  03:25:07",20352.4,GOOD,2.54,TRACKING
2200116,"05 Jul 2026  03:25:37",20352.2,GOOD,2.54,TRACKING
2200117,"05 Jul 2026  03:26:08",20352.0,GOOD,2.54,TRACKING
2200118,"05 Jul 2026  03:26:38",20352.0,GOOD,2.54,TRACKING
2200119,"05 Jul 2026  03:27:08",20352.8,GOOD,2.54,TRACKING
2200120,"05 Jul 2026  03:27:38",20353.4,GOOD,2.54,TRACKING
2200121,"05 Jul 2026  03:28:08",20353.7,GOOD,2.54,TRACKING
2200122,"05 Jul 2026  03:28:38",20352.8,GOOD,2.54,TRACKING
2200123,"05 Jul 2026  03:29:08",20352.2,GOOD,2.54,TRACKING
2200124,"05 Jul 2026  03:29:38",20352.7,GOOD,2.54,TRACKING
2200125,"05 Jul 2026  03:30:08",20353.3,GOOD,2.54,TRACKING
2200126,"05 Jul 2026  03:30:38",20352.9,GOOD,2.54,TRACKING
2200127,"05 Jul 2026  03:31:08",20353.4,GOOD,2.54,TRACKING
2200128,"05 Jul 2026  03:31:38",20353.7,GOOD,2.54,TRACKING
2200129,"05 Jul 2026  03:32:08",20353.1,GOOD,2.54,TRACKING
2200130,"05 Jul 2026  03:32:38",20352.5,GOOD,2.54,TRACKING
2200131,"05 Jul 2026  03:33:08",20352.7,GOOD,2.54,TRACKING
2200132,"05 Jul 2026  03:33:38",20352.8,GOOD,2.54,TRACKING
2200133,"05 Jul 2026  03:34:09",20353.3,GOOD,2.54,TRACKING
2200134,"05 Jul 2026  03:34:39",20353.0,GOOD,2.54,TRACKING
2200135,"05 Jul 2026  03:35:09",20352.8,GOOD,2.54,TRACKING
2200136,"05 Jul 2026  03:35:39",20354.2,GOOD,2.54,TRACKING
2200137,"05 Jul 2026  03:36:09",20354.5,GOOD,2.54,TRACKING
2200138,"05 Jul 2026  03:36:39",20354.3,GOOD,2.54,TRACKING
2200139,"05 Jul 2026  03:37:09",20354.4,GOOD,2.54,TRACKING
2200140,"05 Jul 2026  03:37:39",20354.0,GOOD,2.54,TRACKING
2200141,"05 Jul 2026  03:38:09",20354.3,GOOD,2.54,TRACKING
2200142,"05 Jul 2026  03:38:39",20354.8,GOOD,2.54,TRACKING
2200143,"05 Jul 2026  03:39:09",20354.2,GOOD,2.54,TRACKING
2200144,"05 Jul 2026  03:39:39",20354.5,GOOD,2.54,TRACKING
2200145,"05 Jul 2026  03:40:09",20354.2,GOOD,2.54,TRACKING
2200146,"05 Jul 2026  03:40:39",20354.3,GOOD,2.54,TRACKING
2200147,"05 Jul 2026  03:41:09",20354.7,GOOD,2.54,TRACKING
2200148,"05 Jul 2026  03:41:40",20354.2,GOOD,2.54,TRACKING
2200149,"05 Jul 2026  03:42:10",20354.9,GOOD,2.54,TRACKING
2200150,"05 Jul 2026  03:42:40",20354.7,GOOD,2.54,TRACKING
2200151,"05 Jul 2026  03:43:10",20354.7,GOOD,2.54,TRACKING
2200152,"05 Jul 2026  03:43:40",20355.0,GOOD,2.54,TRACKING
2200153,"05 Jul 2026  03:44:10",20354.2,GOOD,2.54,TRACKING
2200154,"05 Jul 2026  03:44:40",20354.3,GOOD,2.54,TRACKING
2200155,"05 Jul 2026  03:45:10",20355.0,GOOD,2.54,TRACKING
2200156,"05 Jul 2026  03:45:40",20354.8,GOOD,2.54,TRACKING
2200157,"05 Jul 2026  03:46:10",20354.4,GOOD,2.54,TRACKING
2200158,"05 Jul 2026  03:46:40",20354.4,GOOD,2.54,TRACKING
2200159,"05 Jul 2026  03:47:10",20354.7,GOOD,2.54,TRACKING
2200160,"05 Jul 2026  03:47:40",20355.0,GOOD,2.54,TRACKING
2200161,"05 Jul 2026  03:48:10",20355.7,GOOD,2.54,TRACKING
2200162,"05 Jul 2026  03:48:40",20355.4,GOOD,2.54,TRACKING
2200163,"05 Jul 2026  03:49:10",20355.7,GOOD,2.54,TRACKING
2200164,"05 Jul 2026  03:49:41",20355.6,GOOD,2.54,TRACKING
2200165,"05 Jul 2026  03:50:11",20355.6,GOOD,2.54,TRACKING
2200166,"05 Jul 2026  03:50:41",20355.6,GOOD,2.54,TRACKING
2200167,"05 Jul 2026  03:51:11",20355.5,GOOD,2.54,TRACKING
2200168,"05 Jul 2026  03:51:41",20355.6,GOOD,2.54,TRACKING
2200169,"05 Jul 2026  03:52:11",20355.5,GOOD,2.54,TRACKING
2200170,"05 Jul 2026  03:52:41",20355.8,GOOD,2.54,TRACKING
2200171,"05 Jul 2026  03:53:11",20356.0,GOOD,2.54,TRACKING
2200172,"05 Jul 2026  03:53:41",20355.5,GOOD,2.54,TRACKING
2200173,"05 Jul 2026  03:54:11",20355.8,GOOD,2.54,TRACKING
2200174,"05 Jul 2026  03:54:41",20356.6,GOOD,2.54,TRACKING
2200175,"05 Jul 2026  03:55:11",20356.7,GOOD,2.54,TRACKING
2200176,"05 Jul 2026  03:55:41",20356.1,GOOD,2.54,TRACKING
2200177,"05 Jul 2026  03:56:11",20356.3,GOOD,2.54,TRACKING
2200178,"05 Jul 2026  03:56:41",20356.0,GOOD,2.54,TRACKING
2200179,"05 Jul 2026  03:57:12",20356.9,GOOD,2.54,TRACKING
2200180,"05 Jul 2026  03:57:42",20357.4,GOOD,2.54,TRACKING
2200181,"05 Jul 2026  03:58:12",20356.9,GOOD,2.54,TRACKING
2200182,"05 Jul 2026  03:58:42",20356.9,GOOD,2.54,TRACKING
2200183,"05 Jul 2026  03:59:12",20356.7,GOOD,2.54,TRACKING
2200184,"05 Jul 2026  03:59:42",20357.1,GOOD,2.54,TRACKING
2200185,"05 Jul 2026  04:00:12",20356.9,GOOD,2.54,TRACKING
2200186,"05 Jul 2026  04:00:42",20356.4,GOOD,2.54,TRACKING
2200187,"05 Jul 2026  04:01:12",20356.8,GOOD,2.54,TRACKING
2200188,"05 Jul 2026  04:01:42",20357.3,GOOD,2.54,TRACKING
2200189,"05 Jul 2026  04:02:12",20357.6,GOOD,2.54,TRACKING
2200190,"05 Jul 2026  04:02:42",20357.5,GOOD,2.54,TRACKING
2200191,"05 Jul 2026  04:03:12",20357.5,GOOD,2.54,TRACKING
2200192,"05 Jul 2026  04:03:42",20357.4,GOOD,2.54,TRACKING
2200193,"05 Jul 2026  04:04:12",20357.9,GOOD,2.54,TRACKING
2200194,"05 Jul 2026  04:04:43",20358.3,GOOD,2.54,TRACKING
2200195,"05 Jul 2026  04:05:13",20358.2,GOOD,2.54,TRACKING
2200196,"05 Jul 2026  04:05:43",20357.2,GOOD,2.54,TRACKING
2200197,"05 Jul 2026  04:06:13",20358.0,GOOD,2.54,TRACKING
2200198,"05 Jul 2026  04:06:43",20358.0,GOOD,2.54,TRACKING
2200199,"05 Jul 2026  04:07:13",20358.7,GOOD,2.54,TRACKING
2200200,"05 Jul 2026  04:07:43",20358.8,GOOD,2.54,TRACKING
2200201,"05 Jul 2026  04:08:13",20358.9,GOOD,2.54,TRACKING
2200202,"05 Jul 2026  04:08:43",20358.3,GOOD,2.54,TRACKING
2200203,"05 Jul 2026  04:09:13",20358.1,GOOD,2.54,TRACKING
2200204,"05 Jul 2026  04:09:43",20358.2,GOOD,2.54,TRACKING
2200205,"05 Jul 2026  04:10:13",20359.3,GOOD,2.54,TRACKING
2200206,"05 Jul 2026  04:10:43",20358.5,GOOD,2.54,TRACKING
2200207,"05 Jul 2026  04:11:13",20358.5,GOOD,2.54,TRACKING
2200208,"05 Jul 2026  04:11:43",20358.6,GOOD,2.54,TRACKING
2200209,"05 Jul 2026  04:12:14",20359.1,GOOD,2.54,TRACKING
2200210,"05 Jul 2026  04:12:44",20359.3,GOOD,2.54,TRACKING
2200211,"05 Jul 2026  04:13:14",20359.4,GOOD,2.54,TRACKING
2200212,"05 Jul 2026  04:13:44",20359.3,GOOD,2.54,TRACKING
2200213,"05 Jul 2026  04:14:14",20359.3,GOOD,2.54,TRACKING
2200214,"05 Jul 2026  04:14:44",20358.8,GOOD,2.54,TRACKING
2200215,"05 Jul 2026  04:15:14",20358.8,GOOD,2.54,TRACKING
2200216,"05 Jul 2026  04:15:44",20359.2,GOOD,2.54,TRACKING
2200217,"05 Jul 2026  04:16:14",20359.0,GOOD,2.54,TRACKING
2200218,"05 Jul 2026  04:16:44",20359.1,GOOD,2.54,TRACKING
2200219,"05 Jul 2026  04:17:14",20358.9,GOOD,2.54,TRACKING
2200220,"05 Jul 2026  04:17:44",20358.6,GOOD,2.54,TRACKING
2200221,"05 Jul 2026  04:18:14",20359.2,GOOD,2.54,TRACKING
2200222,"05 Jul 2026  04:18:44",20359.2,GOOD,2.54,TRACKING
2200223,"05 Jul 2026  04:19:15",20359.0,GOOD,2.54,TRACKING
2200224,"05 Jul 2026  04:19:45",20359.7,GOOD,2.54,TRACKING
2200225,"05 Jul 2026  04:20:15",20359.6,GOOD,2.54,TRACKING
2200226,"05 Jul 2026  04:20:45",20360.3,GOOD,2.54,TRACKING
2200227,"05 Jul 2026  04:21:15",20360.2,GOOD,2.54,TRACKING
2200228,"05 Jul 2026  04:21:45",20360.1,GOOD,2.54,TRACKING
2200229,"05 Jul 2026  04:22:15",20360.1,GOOD,2.54,TRACKING
2200230,"05 Jul 2026  04:22:45",20359.9,GOOD,2.54,TRACKING
2200231,"05 Jul 2026  04:23:15",20359.8,GOOD,2.54,TRACKING
2200232,"05 Jul 2026  04:23:45",20359.9,GOOD,2.54,TRACKING
2200233,"05 Jul 2026  04:24:15",20361.2,GOOD,2.54,TRACKING
2200234,"05 Jul 2026  04:24:45",20360.8,GOOD,2.54,TRACKING
2200235,"05 Jul 2026  04:25:15",20360.2,GOOD,2.54,TRACKING
2200236,"05 Jul 2026  04:25:45",20360.7,GOOD,2.54,TRACKING
2200237,"05 Jul 2026  04:26:15",20360.4,GOOD,2.54,TRACKING
2200238,"05 Jul 2026  04:26:46",20360.5,GOOD,2.54,TRACKING
2200239,"05 Jul 2026  04:27:16",20360.8,GOOD,2.54,TRACKING
2200240,"05 Jul 2026  04:27:46",20360.7,GOOD,2.54,TRACKING
2200241,"05 Jul 2026  04:28:16",20361.4,GOOD,2.54,TRACKING
2200242,"05 Jul 2026  04:28:46",20360.2,GOOD,2.54,TRACKING
2200243,"05 Jul 2026  04:29:16",20360.1,GOOD,2.54,TRACKING
2200244,"05 Jul 2026  04:29:46",20360.4,GOOD,2.54,TRACKING
2200245,"05 Jul 2026  04:30:16",20360.0,GOOD,2.54,TRACKING
2200246,"05 Jul 2026  04:30:46",20359.9,GOOD,2.54,TRACKING
2200247,"05 Jul 2026  04:31:16",20359.8,GOOD,2.54,TRACKING
2200248,"05 Jul 2026  04:31:46",20360.3,GOOD,2.54,TRACKING
2200249,"05 Jul 2026  04:32:16",20361.0,GOOD,2.54,TRACKING
2200250,"05 Jul 2026  04:32:46",20360.8,GOOD,2.54,TRACKING
2200251,"05 Jul 2026  04:33:16",20360.9,GOOD,2.54,TRACKING
2200252,"05 Jul 2026  04:33:47",20360.5,GOOD,2.54,TRACKING
2200253,"05 Jul 2026  04:34:17",20360.2,GOOD,2.54,TRACKING
2200254,"05 Jul 2026  04:34:47",20360.9,GOOD,2.54,TRACKING
2200255,"05 Jul 2026  04:35:17",20361.3,GOOD,2.54,TRACKING
2200256,"05 Jul 2026  04:35:47",20362.0,GOOD,2.54,TRACKING
2200257,"05 Jul 2026  04:36:17",20361.7,GOOD,2.54,TRACKING
2200258,"05 Jul 2026  04:36:47",20362.1,GOOD,2.54,TRACKING
2200259,"05 Jul 2026  04:37:17",20362.0,GOOD,2.54,TRACKING
2200260,"05 Jul 2026  04:37:47",20361.3,GOOD,2.54,TRACKING
2200261,"05 Jul 2026  04:38:17",20361.5,GOOD,2.54,TRACKING
2200262,"05 Jul 2026  04:38:47",20362.2,GOOD,2.54,TRACKING
2200263,"05 Jul 2026  04:39:17",20361.1,GOOD,2.54,TRACKING
2200264,"05 Jul 2026  04:39:47",20361.3,GOOD,2.54,TRACKING
2200265,"05 Jul 2026  04:40:17",20361.3,GOOD,2.54,TRACKING
2200266,"05 Jul 2026  04:40:48",20361.9,GOOD,2.54,TRACKING
2200267,"05 Jul 2026  04:41:18",20361.5,GOOD,2.54,TRACKING
2200268,"05 Jul 2026  04:41:48",20361.8,GOOD,2.54,TRACKING
2200269,"05 Jul 2026  04:42:18",20361.4,GOOD,2.54,TRACKING
2200270,"05 Jul 2026  04:42:48",20361.2,GOOD,2.54,TRACKING
2200271,"05 Jul 2026  04:43:18",20361.8,GOOD,2.54,TRACKING
2200272,"05 Jul 2026  04:43:48",20362.4,GOOD,2.54,TRACKING
2200273,"05 Jul 2026  04:44:18",20362.4,GOOD,2.54,TRACKING
2200274,"05 Jul 2026  04:44:48",20362.5,GOOD,2.54,TRACKING
2200275,"05 Jul 2026  04:45:18",20362.2,GOOD,2.54,TRACKING
2200276,"05 Jul 2026  04:45:48",20363.1,GOOD,2.54,TRACKING
2200277,"05 Jul 2026  04:46:18",20363.2,GOOD,2.54,TRACKING
2200278,"05 Jul 2026  04:46:48",20363.5,GOOD,2.54,TRACKING
2200279,"05 Jul 2026  04:47:19",20362.7,GOOD,2.54,TRACKING
2200280,"05 Jul 2026  04:47:49",20362.3,GOOD,2.54,TRACKING
2200281,"05 Jul 2026  04:48:19",20362.5,GOOD,2.54,TRACKING
2200282,"05 Jul 2026  04:48:49",20362.9,GOOD,2.54,TRACKING
2200283,"05 Jul 2026  04:49:19",20361.9,GOOD,2.54,TRACKING
2200284,"05 Jul 2026  04:49:49",20362.7,GOOD,2.54,TRACKING
2200285,"05 Jul 2026  04:50:19",20362.4,GOOD,2.54,TRACKING
2200286,"05 Jul 2026  04:50:49",20363.2,GOOD,2.54,TRACKING
2200287,"05 Jul 2026  04:51:19",20363.5,GOOD,2.54,TRACKING
2200288,"05 Jul 2026  04:51:49",20364.0,GOOD,2.54,TRACKING
2200289,"05 Jul 2026  04:52:19",20363.9,GOOD,2.54,TRACKING
2200290,"05 Jul 2026  04:52:49",20363.8,GOOD,2.54,TRACKING
2200291,"05 Jul 2026  04:53:20",20364.7,GOOD,2.54,TRACKING
2200292,"05 Jul 2026  04:53:50",20364.0,GOOD,2.54,TRACKING
2200293,"05 Jul 2026  04:54:20",20364.3,GOOD,2.54,TRACKING
2200294,"05 Jul 2026  04:54:50",20364.8,GOOD,2.54,TRACKING
2200295,"05 Jul 2026  04:55:20",20364.6,GOOD,2.54,TRACKING
2200296,"05 Jul 2026  04:55:50",20364.1,GOOD,2.54,TRACKING
2200297,"05 Jul 2026  04:56:20",20364.6,GOOD,2.54,TRACKING
2200298,"05 Jul 2026  04:56:50",20363.7,GOOD,2.54,TRACKING
2200299,"05 Jul 2026  04:57:20",20363.6,GOOD,2.54,TRACKING
2200300,"05 Jul 2026  04:57:50",20364.3,GOOD,2.54,TRACKING
2200301,"05 Jul 2026  04:58:20",20364.1,GOOD,2.54,TRACKING
2200302,"05 Jul 2026  04:58:50",20364.5,GOOD,2.54,TRACKING
2200303,"05 Jul 2026  04:59:20",20364.8,GOOD,2.54,TRACKING
2200304,"05 Jul 2026  04:59:50",20365.2,GOOD,2.54,TRACKING
2200305,"05 Jul 2026  05:00:21",20365.4,GOOD,2.54,TRACKING
2200306,"05 Jul 2026  05:00:51",20364.6,GOOD,2.54,TRACKING
2200307,"05 Jul 2026  05:01:21",20364.6,GOOD,2.54,TRACKING
2200308,"05 Jul 2026  05:01:51",20365.2,GOOD,2.54,TRACKING
2200309,"05 Jul 2026  05:02:21",20364.6,GOOD,2.54,TRACKING
2200310,"05 Jul 2026  05:02:51",20365.3,GOOD,2.54,TRACKING
2200311,"05 Jul 2026  05:03:21",20365.0,GOOD,2.54,TRACKING
2200312,"05 Jul 2026  05:03:51",20365.4,GOOD,2.54,TRACKING
2200313,"05 Jul 2026  05:04:21",20365.3,GOOD,2.54,TRACKING
2200314,"05 Jul 2026  05:04:51",20365.7,GOOD,2.54,TRACKING
2200315,"05 Jul 2026  05:05:21",20365.2,GOOD,2.54,TRACKING
2200316,"05 Jul 2026  05:05:51",20365.3,GOOD,2.54,TRACKING
2200317,"05 Jul 2026  05:06:21",20365.5,GOOD,2.54,TRACKING
2200318,"05 Jul 2026  05:06:52",20365.2,GOOD,2.54,TRACKING
2200319,"05 Jul 2026  05:07:22",20365.6,GOOD,2.54,TRACKING
2200320,"05 Jul 2026  05:07:52",20365.6,GOOD,2.54,TRACKING
2200321,"05 Jul 2026  05:08:22",20365.1,GOOD,2.54,TRACKING
2200322,"05 Jul 2026  05:08:52",20365.8,GOOD,2.54,TRACKING
2200323,"05 Jul 2026  05:09:22",20365.7,GOOD,2.54,TRACKING
2200324,"05 Jul 2026  05:09:52",20365.3,GOOD,2.54,TRACKING
2200325,"05 Jul 2026  05:10:22",20365.2,GOOD,2.54,TRACKING
2200326,"05 Jul 2026  05:10:52",20365.1,GOOD,2.54,TRACKING
2200327,"05 Jul 2026  05:11:22",20365.5,GOOD,2.54,TRACKING
2200328,"05 Jul 2026  05:11:52",20365.6,GOOD,2.54,TRACKING
2200329,"05 Jul 2026  05:12:22",20365.9,GOOD,2.54,TRACKING
2200330,"05 Jul 2026  05:12:52",20366.7,GOOD,2.54,TRACKING
2200331,"05 Jul 2026  05:13:22",20366.4,GOOD,2.54,TRACKING
2200332,"05 Jul 2026  05:13:53",20365.6,GOOD,2.54,TRACKING
2200333,"05 Jul 2026  05:14:23",20366.1,GOOD,2.54,TRACKING
2200334,"05 Jul 2026  05:14:53",20366.6,GOOD,2.54,TRACKING
2200335,"05 Jul 2026  05:15:23",20366.9,GOOD,2.54,TRACKING
2200336,"05 Jul 2026  05:15:53",20367.2,GOOD,2.54,TRACKING
2200337,"05 Jul 2026  05:16:23",20366.7,GOOD,2.54,TRACKING
2200338,"05 Jul 2026  05:16:53",20366.3,GOOD,2.54,TRACKING
2200339,"05 Jul 2026  05:17:23",20366.3,GOOD,2.54,TRACKING
2200340,"05 Jul 2026  05:17:53",20366.8,GOOD,2.54,TRACKING
2200341,"05 Jul 2026  05:18:23",20366.6,GOOD,2.54,TRACKING
2200342,"05 Jul 2026  05:18:53",20366.6,GOOD,2.54,TRACKING
2200343,"05 Jul 2026  05:19:23",20366.6,GOOD,2.54,TRACKING
2200344,"05 Jul 2026  05:19:53",20367.2,GOOD,2.54,TRACKING
2200345,"05 Jul 2026  05:20:23",20366.7,GOOD,2.54,TRACKING
2200346,"05 Jul 2026  05:20:54",20366.7,GOOD,2.54,TRACKING
2200347,"05 Jul 2026  05:21:24",20366.6,GOOD,2.54,TRACKING
2200348,"05 Jul 2026  05:21:54",20367.1,GOOD,2.54,TRACKING
2200349,"05 Jul 2026  05:22:24",20367.0,GOOD,2.54,TRACKING
2200350,"05 Jul 2026  05:22:54",20366.5,GOOD,2.54,TRACKING
2200351,"05 Jul 2026  05:23:24",20367.0,GOOD,2.54,TRACKING
2200352,"05 Jul 2026  05:23:54",20366.6,GOOD,2.54,TRACKING
2200353,"05 Jul 2026  05:24:24",20367.3,GOOD,2.54,TRACKING
2200354,"05 Jul 2026  05:24:54",20366.8,GOOD,2.54,TRACKING
2200355,"05 Jul 2026  05:25:24",20366.8,GOOD,2.54,TRACKING
2200356,"05 Jul 2026  05:25:54",20367.1,GOOD,2.54,TRACKING
2200357,"05 Jul 2026  05:26:24",20366.9,GOOD,2.54,TRACKING
2200358,"05 Jul 2026  05:26:54",20366.5,GOOD,2.54,TRACKING
2200359,"05 Jul 2026  05:27:24",20366.8,GOOD,2.54,TRACKING
2200360,"05 Jul 2026  05:27:55",20367.0,GOOD,2.54,TRACKING
2200361,"05 Jul 2026  05:28:25",20367.4,GOOD,2.54,TRACKING
2200362,"05 Jul 2026  05:28:55",20367.2,GOOD,2.54,TRACKING
2200363,"05 Jul 2026  05:29:25",20367.4,GOOD,2.54,TRACKING
2200364,"05 Jul 2026  05:29:55",20367.8,GOOD,2.54,TRACKING
2200365,"05 Jul 2026  05:30:25",20368.1,GOOD,2.54,TRACKING
2200366,"05 Jul 2026  05:30:55",20367.8,GOOD,2.54,TRACKING
2200367,"05 Jul 2026  05:31:25",20368.9,GOOD,2.54,TRACKING
2200368,"05 Jul 2026  05:31:55",20368.2,GOOD,2.54,TRACKING
2200369,"05 Jul 2026  05:32:25",20367.9,GOOD,2.54,TRACKING
2200370,"05 Jul 2026  05:32:55",20367.6,GOOD,2.54,TRACKING
2200371,"05 Jul 2026  05:33:25",20367.3,GOOD,2.54,TRACKING
2200372,"05 Jul 2026  05:33:55",20367.7,GOOD,2.54,TRACKING
2200373,"05 Jul 2026  05:34:25",20368.1,GOOD,2.54,TRACKING
2200374,"05 Jul 2026  05:34:55",20367.3,GOOD,2.54,TRACKING
2200375,"05 Jul 2026  05:35:26",20368.0,GOOD,2.54,TRACKING
2200376,"05 Jul 2026  05:35:56",20368.1,GOOD,2.54,TRACKING
2200377,"05 Jul 2026  05:36:26",20368.4,GOOD,2.54,TRACKING
2200378,"05 Jul 2026  05:36:56",20369.4,GOOD,2.54,TRACKING
2200379,"05 Jul 2026  05:37:26",20369.7,GOOD,2.54,TRACKING
2200380,"05 Jul 2026  05:37:56",20369.6,GOOD,2.54,TRACKING
2200381,"05 Jul 2026  05:38:26",20369.1,GOOD,2.54,TRACKING
2200382,"05 Jul 2026  05:38:56",20369.5,GOOD,2.54,TRACKING
2200383,"05 Jul 2026  05:39:26",20369.2,GOOD,2.54,TRACKING
2200384,"05 Jul 2026  05:39:56",20369.1,GOOD,2.54,TRACKING
2200385,"05 Jul 2026  05:40:26",20369.1,GOOD,2.54,TRACKING
2200386,"05 Jul 2026  05:40:56",20368.8,GOOD,2.54,TRACKING
2200387,"05 Jul 2026  05:41:26",20369.2,GOOD,2.54,TRACKING
2200388,"05 Jul 2026  05:41:56",20369.0,GOOD,2.54,TRACKING
2200389,"05 Jul 2026  05:42:26",20368.6,GOOD,2.54,TRACKING
2200390,"05 Jul 2026  05:42:57",20369.0,GOOD,2.54,TRACKING
2200391,"05 Jul 2026  05:43:27",20369.8,GOOD,2.54,TRACKING
2200392,"05 Jul 2026  05:43:57",20368.9,GOOD,2.54,TRACKING
2200393,"05 Jul 2026  05:44:27",20370.0,GOOD,2.54,TRACKING
2200394,"05 Jul 2026  05:44:57",20369.8,GOOD,2.54,TRACKING
2200395,"05 Jul 2026  05:45:27",20369.8,GOOD,2.54,TRACKING
2200396,"05 Jul 2026  05:45:57",20369.0,GOOD,2.54,TRACKING
2200397,"05 Jul 2026  05:46:27",20369.3,GOOD,2.54,TRACKING
2200398,"05 Jul 2026  05:46:57",20369.3,GOOD,2.54,TRACKING
2200399,"05 Jul 2026  05:47:27",20369.1,GOOD,2.54,TRACKING
2200400,"05 Jul 2026  05:47:57",20369.6,GOOD,2.54,TRACKING
2200401,"05 Jul 2026  05:48:27",20370.2,GOOD,2.54,TRACKING
2200402,"05 Jul 2026  05:48:57",20371.0,GOOD,2.54,TRACKING
2200403,"05 Jul 2026  05:49:27",20370.5,GOOD,2.54,TRACKING
2200404,"05 Jul 2026  05:49:57",20369.7,GOOD,2.54,TRACKING
2200405,"05 Jul 2026  05:50:28",20370.6,GOOD,2.54,TRACKING
2200406,"05 Jul 2026  05:50:58",20370.9,GOOD,2.54,TRACKING
2200407,"05 Jul 2026  05:51:28",20370.1,GOOD,2.54,TRACKING
2200408,"05 Jul 2026  05:51:58",20369.8,GOOD,2.54,TRACKING
2200409,"05 Jul 2026  05:52:28",20370.2,GOOD,2.54,TRACKING
2200410,"05 Jul 2026  05:52:58",20370.2,GOOD,2.54,TRACKING
2200411,"05 Jul 2026  05:53:28",20370.1,GOOD,2.54,TRACKING
2200412,"05 Jul 2026  05:53:58",20370.7,GOOD,2.54,TRACKING
2200413,"05 Jul 2026  05:54:28",20370.6,GOOD,2.54,TRACKING
2200414,"05 Jul 2026  05:54:58",20371.2,GOOD,2.54,TRACKING
2200415,"05 Jul 2026  05:55:28",20370.8,GOOD,2.54,TRACKING
2200416,"05 Jul 2026  05:55:58",20371.3,GOOD,2.54,TRACKING
2200417,"05 Jul 2026  05:56:28",20370.7,GOOD,2.54,TRACKING
2200418,"05 Jul 2026  05:56:58",20371.2,GOOD,2.54,TRACKING
2200419,"05 Jul 2026  05:57:28",20371.0,GOOD,2.54,TRACKING
2200420,"05 Jul 2026  05:57:59",20370.8,GOOD,2.54,TRACKING
2200421,"05 Jul 2026  05:58:29",20370.7,GOOD,2.54,TRACKING
2200422,"05 Jul 2026  05:58:59",20370.7,GOOD,2.54,TRACKING
2200423,"05 Jul 2026  05:59:29",20370.7,GOOD,2.54,TRACKING
2200424,"05 Jul 2026  05:59:59",20370.3,GOOD,2.54,TRACKING
2200425,"05 Jul 2026  06:00:29",20371.2,GOOD,2.54,TRACKING
2200426,"05 Jul 2026  06:00:59",20371.5,GOOD,2.54,TRACKING
2200427,"05 Jul 2026  06:01:29",20371.7,GOOD,2.54,TRACKING
2200428,"05 Jul 2026  06:01:59",20371.8,GOOD,2.54,TRACKING
2200429,"05 Jul 2026  06:02:29",20371.9,GOOD,2.54,TRACKING
2200430,"05 Jul 2026  06:02:59",20372.1,GOOD,2.54,TRACKING
2200431,"05 Jul 2026  06:03:29",20372.3,GOOD,2.54,TRACKING
2200432,"05 Jul 2026  06:03:59",20372.2,GOOD,2.54,TRACKING
2200433,"05 Jul 2026  06:04:29",20372.0,GOOD,2.54,TRACKING
2200434,"05 Jul 2026  06:05:00",20371.5,GOOD,2.54,TRACKING
2200435,"05 Jul 2026  06:05:30",20371.5,GOOD,2.54,TRACKING
2200436,"05 Jul 2026  06:06:00",20372.0,GOOD,2.54,TRACKING
2200437,"05 Jul 2026  06:06:30",20372.5,GOOD,2.54,TRACKING
2200438,"05 Jul 2026  06:07:00",20372.2,GOOD,2.54,TRACKING
2200439,"05 Jul 2026  06:07:30",20372.6,GOOD,2.54,TRACKING
2200440,"05 Jul 2026  06:08:00",20373.3,GOOD,2.54,TRACKING
2200441,"05 Jul 2026  06:08:30",20373.1,GOOD,2.54,TRACKING
2200442,"05 Jul 2026  06:09:00",20372.9,GOOD,2.54,TRACKING
2200443,"05 Jul 2026  06:09:30",20372.6,GOOD,2.54,TRACKING
2200444,"05 Jul 2026  06:10:00",20372.8,GOOD,2.54,TRACKING
2200445,"05 Jul 2026  06:10:30",20372.8,GOOD,2.54,TRACKING
2200446,"05 Jul 2026  06:11:00",20372.1,GOOD,2.54,TRACKING
2200447,"05 Jul 2026  06:11:30",20372.1,GOOD,2.54,TRACKING
2200448,"05 Jul 2026  06:12:00",20372.3,GOOD,2.54,TRACKING
2200449,"05 Jul 2026  06:12:30",20372.9,GOOD,2.54,TRACKING
2200450,"05 Jul 2026  06:13:01",20373.0,GOOD,2.54,TRACKING
2200451,"05 Jul 2026  06:13:31",20372.8,GOOD,2.54,TRACKING
2200452,"05 Jul 2026  06:14:01",20374.1,GOOD,2.54,TRACKING
2200453,"05 Jul 2026  06:14:31",20373.3,GOOD,2.54,TRACKING
2200454,"05 Jul 2026  06:15:01",20373.2,GOOD,2.54,TRACKING
2200455,"05 Jul 2026  06:15:31",20373.0,GOOD,2.54,TRACKING
2200456,"05 Jul 2026  06:16:01",20373.7,GOOD,2.54,TRACKING
2200457,"05 Jul 2026  06:16:31",20373.2,GOOD,2.54,TRACKING
2200458,"05 Jul 2026  06:17:01",20373.3,GOOD,2.54,TRACKING
2200459,"05 Jul 2026  06:17:31",20373.8,GOOD,2.54,TRACKING
2200460,"05 Jul 2026  06:18:01",20374.2,GOOD,2.54,TRACKING
2200461,"05 Jul 2026  06:18:31",20374.1,GOOD,2.54,TRACKING
2200462,"05 Jul 2026  06:19:01",20373.6,GOOD,2.54,TRACKING
2200463,"05 Jul 2026  06:19:31",20373.5,GOOD,2.54,TRACKING
2200464,"05 Jul 2026  06:20:01",20373.0,GOOD,2.54,TRACKING
2200465,"05 Jul 2026  06:20:31",20373.4,GOOD,2.54,TRACKING
2200466,"05 Jul 2026  06:21:02",20373.5,GOOD,2.54,TRACKING
2200467,"05 Jul 2026  06:21:32",20374.3,GOOD,2.54,TRACKING
2200468,"05 Jul 2026  06:22:02",20373.3,GOOD,2.54,TRACKING
2200469,"05 Jul 2026  06:22:32",20373.5,GOOD,2.54,TRACKING
2200470,"05 Jul 2026  06:23:02",20374.3,GOOD,2.54,TRACKING
2200471,"05 Jul 2026  06:23:32",20373.2,GOOD,2.54,TRACKING
2200472,"05 Jul 2026  06:24:02",20374.0,GOOD,2.54,TRACKING
2200473,"05 Jul 2026  06:24:32",20374.5,GOOD,2.54,TRACKING
2200474,"05 Jul 2026  06:25:02",20374.2,GOOD,2.54,TRACKING
2200475,"05 Jul 2026  06:25:32",20373.8,GOOD,2.54,TRACKING
2200476,"05 Jul 2026  06:26:02",20374.5,GOOD,2.54,TRACKING
2200477,"05 Jul 2026  06:26:32",20373.9,GOOD,2.54,TRACKING
2200478,"05 Jul 2026  06:27:02",20374.3,GOOD,2.54,TRACKING
2200479,"05 Jul 2026  06:27:32",20374.6,GOOD,2.54,TRACKING
2200480,"05 Jul 2026  06:28:02",20375.3,GOOD,2.54,TRACKING
2200481,"05 Jul 2026  06:28:32",20375.4,GOOD,2.54,TRACKING
2200482,"05 Jul 2026  06:29:03",20375.2,GOOD,2.54,TRACKING
2200483,"05 Jul 2026  06:29:33",20375.0,GOOD,2.54,TRACKING
2200484,"05 Jul 2026  06:30:03",20375.6,GOOD,2.54,TRACKING
2200485,"05 Jul 2026  06:30:33",20375.7,GOOD,2.54,TRACKING
2200486,"05 Jul 2026  06:31:03",20375.1,GOOD,2.54,TRACKING
2200487,"05 Jul 2026  06:31:33",20375.6,GOOD,2.54,TRACKING
2200488,"05 Jul 2026  06:32:03",20375.9,GOOD,2.54,TRACKING
2200489,"05 Jul 2026  06:32:33",20376.2,GOOD,2.54,TRACKING
2200490,"05 Jul 2026  06:33:03",20375.7,GOOD,2.54,TRACKING
2200491,"05 Jul 2026  06:33:33",20375.7,GOOD,2.54,TRACKING
2200492,"05 Jul 2026  06:34:03",20375.9,GOOD,2.54,TRACKING
2200493,"05 Jul 2026  06:34:33",20376.6,GOOD,2.54,TRACKING
2200494,"05 Jul 2026  06:35:03",20376.9,GOOD,2.54,TRACKING
2200495,"05 Jul 2026  06:35:33",20376.9,GOOD,2.54,TRACKING
2200496,"05 Jul 2026  06:36:03",20376.3,GOOD,2.54,TRACKING
2200497,"05 Jul 2026  06:36:33",20376.5,GOOD,2.54,TRACKING
2200498,"05 Jul 2026  06:37:04",20377.0,GOOD,2.54,TRACKING
2200499,"05 Jul 2026  06:37:34",20376.4,GOOD,2.54,TRACKING
2200500,"05 Jul 2026  06:38:04",20376.6,GOOD,2.54,TRACKING
2200501,"05 Jul 2026  06:38:34",20376.1,GOOD,2.54,TRACKING
2200502,"05 Jul 2026  06:39:04",20376.6,GOOD,2.54,TRACKING
2200503,"05 Jul 2026  06:39:34",20377.0,GOOD,2.54,TRACKING
2200504,"05 Jul 2026  06:40:04",20376.3,GOOD,2.54,TRACKING
2200505,"05 Jul 2026  06:40:34",20376.7,GOOD,2.54,TRACKING
2200506,"05 Jul 2026  06:41:04",20377.1,GOOD,2.54,TRACKING
2200507,"05 Jul 2026  06:41:34",20376.8,GOOD,2.54,TRACKING
2200508,"05 Jul 2026  06:42:04",20377.3,GOOD,2.54,TRACKING
2200509,"05 Jul 2026  06:42:34",20377.1,GOOD,2.54,TRACKING
2200510,"05 Jul 2026  06:43:04",20377.4,GOOD,2.54,TRACKING
2200511,"05 Jul 2026  06:43:34",20378.0,GOOD,2.54,TRACKING
2200512,"05 Jul 2026  06:44:04",20377.8,GOOD,2.54,TRACKING
2200513,"05 Jul 2026  06:44:35",20378.2,GOOD,2.54,TRACKING
2200514,"05 Jul 2026  06:45:05",20377.8,GOOD,2.54,TRACKING
2200515,"05 Jul 2026  06:45:35",20377.0,GOOD,2.54,TRACKING
2200516,"05 Jul 2026  06:46:05",20377.8,GOOD,2.54,TRACKING
2200517,"05 Jul 2026  06:46:35",20377.7,GOOD,2.54,TRACKING
2200518,"05 Jul 2026  06:47:05",20377.1,GOOD,2.54,TRACKING
2200519,"05 Jul 2026  06:47:35",20377.6,GOOD,2.54,TRACKING
2200520,"05 Jul 2026  06:48:05",20377.5,GOOD,2.54,TRACKING
2200521,"05 Jul 2026  06:48:35",20377.6,GOOD,2.54,TRACKING
2200522,"05 Jul 2026  06:49:05",20378.3,GOOD,2.54,TRACKING
2200523,"05 Jul 2026  06:49:35",20378.5,GOOD,2.54,TRACKING
2200524,"05 Jul 2026  06:50:05",20378.8,GOOD,2.54,TRACKING
2200525,"05 Jul 2026  06:50:35",20378.9,GOOD,2.54,TRACKING
2200526,"05 Jul 2026  06:51:05",20378.4,GOOD,2.54,TRACKING
2200527,"05 Jul 2026  06:51:35",20378.5,GOOD,2.54,TRACKING
2200528,"05 Jul 2026  06:52:06",20378.1,GOOD,2.54,TRACKING
2200529,"05 Jul 2026  06:52:36",20378.1,GOOD,2.54,TRACKING
2200530,"05 Jul 2026  06:53:06",20377.8,GOOD,2.54,TRACKING
2200531,"05 Jul 2026  06:53:36",20378.3,GOOD,2.54,TRACKING
2200532,"05 Jul 2026  06:54:06",20378.0,GOOD,2.54,TRACKING
2200533,"05 Jul 2026  06:54:36",20378.1,GOOD,2.54,TRACKING
2200534,"05 Jul 2026  06:55:06",20378.6,GOOD,2.54,TRACKING
2200535,"05 Jul 2026  06:55:36",20378.4,GOOD,2.54,TRACKING
2200536,"05 Jul 2026  06:56:06",20377.7,GOOD,2.54,TRACKING
2200537,"05 Jul 2026  06:56:36",20378.7,GOOD,2.54,TRACKING
2200538,"05 Jul 2026  06:57:06",20379.3,GOOD,2.54,TRACKING
2200539,"05 Jul 2026  06:57:36",20378.7,GOOD,2.54,TRACKING
2200540,"05 Jul 2026  06:58:06",20379.1,GOOD,2.54,TRACKING
2200541,"05 Jul 2026  06:58:36",20379.1,GOOD,2.54,TRACKING
2200542,"05 Jul 2026  06:59:07",20379.2,GOOD,2.54,TRACKING
2200543,"05 Jul 2026  06:59:37",20379.5,GOOD,2.54,TRACKING
2200544,"05 Jul 2026  07:00:07",20379.6,GOOD,2.54,TRACKING
2200545,"05 Jul 2026  07:00:37",20379.6,GOOD,2.54,TRACKING
2200546,"05 Jul 2026  07:01:07",20378.9,GOOD,2.54,TRACKING
2200547,"05 Jul 2026  07:01:37",20379.2,GOOD,2.54,TRACKING
2200548,"05 Jul 2026  07:02:07",20379.7,GOOD,2.54,TRACKING
2200549,"05 Jul 2026  07:02:37",20379.2,GOOD,2.54,TRACKING
2200550,"05 Jul 2026  07:03:07",20379.3,GOOD,2.54,TRACKING
2200551,"05 Jul 2026  07:03:37",20379.5,GOOD,2.54,TRACKING
2200552,"05 Jul 2026  07:04:07",20380.2,GOOD,2.54,TRACKING
2200553,"05 Jul 2026  07:04:37",20380.3,GOOD,2.54,TRACKING
2200554,"05 Jul 2026  07:05:07",20380.1,GOOD,2.54,TRACKING
2200555,"05 Jul 2026  07:05:37",20380.5,GOOD,2.54,TRACKING
2200556,"05 Jul 2026  07:06:07",20380.0,GOOD,2.54,TRACKING
2200557,"05 Jul 2026  07:06:38",20379.8,GOOD,2.54,TRACKING
2200558,"05 Jul 2026  07:07:08",20380.5,GOOD,2.54,TRACKING
2200559,"05 Jul 2026  07:07:38",20380.7,GOOD,2.54,TRACKING
2200560,"05 Jul 2026  07:08:08",20380.4,GOOD,2.54,TRACKING
2200561,"05 Jul 2026  07:08:38",20380.9,GOOD,2.54,TRACKING
2200562,"05 Jul 2026  07:09:08",20380.9,GOOD,2.54,TRACKING
2200563,"05 Jul 2026  07:09:38",20380.4,GOOD,2.54,TRACKING
2200564,"05 Jul 2026  07:10:08",20380.6,GOOD,2.54,TRACKING
2200565,"05 Jul 2026  07:10:38",20380.8,GOOD,2.54,TRACKING
2200566,"05 Jul 2026  07:11:08",20380.7,GOOD,2.54,TRACKING
2200567,"05 Jul 2026  07:11:38",20381.0,GOOD,2.54,TRACKING
2200568,"05 Jul 2026  07:12:08",20381.9,GOOD,2.54,TRACKING
2200569,"05 Jul 2026  07:12:38",20381.9,GOOD,2.54,TRACKING
2200570,"05 Jul 2026  07:13:08",20381.3,GOOD,2.54,TRACKING
2200571,"05 Jul 2026  07:13:38",20381.1,GOOD,2.54,TRACKING
2200572,"05 Jul 2026  07:14:09",20380.9,GOOD,2.54,TRACKING
2200573,"05 Jul 2026  07:14:39",20380.6,GOOD,2.54,TRACKING
2200574,"05 Jul 2026  07:15:09",20380.8,GOOD,2.54,TRACKING
2200575,"05 Jul 2026  07:15:39",20380.5,GOOD,2.54,TRACKING
2200576,"05 Jul 2026  07:16:09",20381.0,GOOD,2.54,TRACKING
2200577,"05 Jul 2026  07:16:39",20380.7,GOOD,2.54,TRACKING
2200578,"05 Jul 2026  07:17:09",20380.3,GOOD,2.54,TRACKING
2200579,"05 Jul 2026  07:17:39",20381.0,GOOD,2.54,TRACKING
2200580,"05 Jul 2026  07:18:09",20381.8,GOOD,2.54,TRACKING
2200581,"05 Jul 2026  07:18:39",20381.6,GOOD,2.54,TRACKING
2200582,"05 Jul 2026  07:19:09",20382.1,GOOD,2.54,TRACKING
2200583,"05 Jul 2026  07:19:39",20382.7,GOOD,2.54,TRACKING
2200584,"05 Jul 2026  07:20:09",20382.2,GOOD,2.54,TRACKING
2200585,"05 Jul 2026  07:20:39",20382.1,GOOD,2.54,TRACKING
2200586,"05 Jul 2026  07:21:09",20382.2,GOOD,2.54,TRACKING
2200587,"05 Jul 2026  07:21:39",20382.2,GOOD,2.54,TRACKING
2200588,"05 Jul 2026  07:22:10",20381.9,GOOD,2.54,TRACKING
2200589,"05 Jul 2026  07:22:40",20381.6,GOOD,2.54,TRACKING
2200590,"05 Jul 2026  07:23:10",20381.7,GOOD,2.54,TRACKING
2200591,"05 Jul 2026  07:23:40",20381.7,GOOD,2.54,TRACKING
2200592,"05 Jul 2026  07:24:10",20381.8,GOOD,2.54,TRACKING
2200593,"05 Jul 2026  07:24:40",20381.7,GOOD,2.54,TRACKING
2200594,"05 Jul 2026  07:25:10",20382.1,GOOD,2.54,TRACKING
2200595,"05 Jul 2026  07:25:40",20382.5,GOOD,2.54,TRACKING
2200596,"05 Jul 2026  07:26:10",20382.1,GOOD,2.54,TRACKING
2200597,"05 Jul 2026  07:26:40",20382.1,GOOD,2.54,TRACKING
2200598,"05 Jul 2026  07:27:10",20381.7,GOOD,2.54,TRACKING
2200599,"05 Jul 2026  07:27:40",20382.7,GOOD,2.54,TRACKING
2200600,"05 Jul 2026  07:28:10",20383.8,GOOD,2.54,TRACKING
2200601,"05 Jul 2026  07:28:40",20383.9,GOOD,2.54,TRACKING
2200602,"05 Jul 2026  07:29:10",20383.0,GOOD,2.54,TRACKING
2200603,"05 Jul 2026  07:29:41",20382.5,GOOD,2.54,TRACKING
2200604,"05 Jul 2026  07:30:11",20382.7,GOOD,2.54,TRACKING
2200605,"05 Jul 2026  07:30:41",20382.7,GOOD,2.54,TRACKING
2200606,"05 Jul 2026  07:31:11",20382.3,GOOD,2.54,TRACKING
2200607,"05 Jul 2026  07:31:41",20382.4,GOOD,2.54,TRACKING
2200608,"05 Jul 2026  07:32:11",20382.4,GOOD,2.54,TRACKING
2200609,"05 Jul 2026  07:32:41",20383.1,GOOD,2.54,TRACKING
2200610,"05 Jul 2026  07:33:11",20383.4,GOOD,2.54,TRACKING
2200611,"05 Jul 2026  07:33:41",20383.0,GOOD,2.54,TRACKING
2200612,"05 Jul 2026  07:34:11",20383.2,GOOD,2.54,TRACKING
2200613,"05 Jul 2026  07:34:41",20383.2,GOOD,2.54,TRACKING
2200614,"05 Jul 2026  07:35:11",20382.8,GOOD,2.54,TRACKING
2200615,"05 Jul 2026  07:35:41",20383.2,GOOD,2.54,TRACKING
2200616,"05 Jul 2026  07:36:11",20383.8,GOOD,2.54,TRACKING
2200617,"05 Jul 2026  07:36:41",20383.3,GOOD,2.54,TRACKING
2200618,"05 Jul 2026  07:37:11",20385.2,GOOD,2.54,TRACKING
2200619,"05 Jul 2026  07:37:42",20384.4,GOOD,2.54,TRACKING
2200620,"05 Jul 2026  07:38:12",20384.6,GOOD,2.54,TRACKING
2200621,"05 Jul 2026  07:38:42",20384.9,GOOD,2.54,TRACKING
2200622,"05 Jul 2026  07:39:12",20384.9,GOOD,2.54,TRACKING
2200623,"05 Jul 2026  07:39:42",20384.8,GOOD,2.54,TRACKING
2200624,"05 Jul 2026  07:40:12",20385.1,GOOD,2.54,TRACKING
2200625,"05 Jul 2026  07:40:42",20385.3,GOOD,2.54,TRACKING
2200626,"05 Jul 2026  07:41:12",20385.6,GOOD,2.54,TRACKING
2200627,"05 Jul 2026  07:41:42",20384.8,GOOD,2.54,TRACKING
2200628,"05 Jul 2026  07:42:12",20385.3,GOOD,2.54,TRACKING
2200629,"05 Jul 2026  07:42:42",20385.3,GOOD,2.54,TRACKING
2200630,"05 Jul 2026  07:43:12",20384.9,GOOD,2.54,TRACKING
2200631,"05 Jul 2026  07:43:42",20384.6,GOOD,2.54,TRACKING
2200632,"05 Jul 2026  07:44:12",20385.1,GOOD,2.54,TRACKING
2200633,"05 Jul 2026  07:44:42",20384.8,GOOD,2.54,TRACKING
2200634,"05 Jul 2026  07:45:13",20385.0,GOOD,2.54,TRACKING
2200635,"05 Jul 2026  07:45:43",20384.9,GOOD,2.54,TRACKING
2200636,"05 Jul 2026  07:46:13",20385.3,GOOD,2.54,TRACKING
2200637,"05 Jul 2026  07:46:43",20385.7,GOOD,2.54,TRACKING
2200638,"05 Jul 2026  07:47:13",20385.8,GOOD,2.54,TRACKING
2200639,"05 Jul 2026  07:47:43",20385.7,GOOD,2.54,TRACKING
2200640,"05 Jul 2026  07:48:13",20385.4,GOOD,2.54,TRACKING
2200641,"05 Jul 2026  07:48:43",20385.0,GOOD,2.54,TRACKING
2200642,"05 Jul 2026  07:49:13",20385.7,GOOD,2.54,TRACKING
2200643,"05 Jul 2026  07:49:43",20385.8,GOOD,2.54,TRACKING
2200644,"05 Jul 2026  07:50:13",20386.0,GOOD,2.54,TRACKING
2200645,"05 Jul 2026  07:50:43",20386.1,GOOD,2.54,TRACKING
2200646,"05 Jul 2026  07:51:13",20386.3,GOOD,2.54,TRACKING
2200647,"05 Jul 2026  07:51:43",20385.3,GOOD,2.54,TRACKING
2200648,"05 Jul 2026  07:52:14",20385.9,GOOD,2.54,TRACKING
2200649,"05 Jul 2026  07:52:44",20385.9,GOOD,2.54,TRACKING
2200650,"05 Jul 2026  07:53:14",20386.0,GOOD,2.54,TRACKING
2200651,"05 Jul 2026  07:53:44",20386.2,GOOD,2.54,TRACKING
2200652,"05 Jul 2026  07:54:14",20386.3,GOOD,2.54,TRACKING
2200653,"05 Jul 2026  07:54:44",20385.8,GOOD,2.54,TRACKING
2200654,"05 Jul 2026  07:55:14",20385.9,GOOD,2.54,TRACKING
2200655,"05 Jul 2026  07:55:44",20385.8,GOOD,2.54,TRACKING
2200656,"05 Jul 2026  07:56:14",20386.3,GOOD,2.54,TRACKING
2200657,"05 Jul 2026  07:56:44",20387.5,GOOD,2.54,TRACKING
2200658,"05 Jul 2026  07:57:14",20387.5,GOOD,2.54,TRACKING
2200659,"05 Jul 2026  07:57:44",20387.4,GOOD,2.54,TRACKING
2200660,"05 Jul 2026  07:58:14",20387.2,GOOD,2.54,TRACKING
2200661,"05 Jul 2026  07:58:44",20387.3,GOOD,2.54,TRACKING
2200662,"05 Jul 2026  07:59:14",20387.1,GOOD,2.54,TRACKING
2200663,"05 Jul 2026  07:59:45",20386.9,GOOD,2.54,TRACKING
2200664,"05 Jul 2026  08:00:15",20386.9,GOOD,2.54,TRACKING
2200665,"05 Jul 2026  08:00:45",20386.6,GOOD,2.54,TRACKING
2200666,"05 Jul 2026  08:01:15",20386.6,GOOD,2.54,TRACKING
2200667,"05 Jul 2026  08:01:45",20386.9,GOOD,2.54,TRACKING
2200668,"05 Jul 2026  08:02:15",20387.0,GOOD,2.54,TRACKING
2200669,"05 Jul 2026  08:02:45",20387.1,GOOD,2.54,TRACKING
2200670,"05 Jul 2026  08:03:15",20388.3,GOOD,2.54,TRACKING
2200671,"05 Jul 2026  08:03:45",20389.1,GOOD,2.54,TRACKING
2200672,"05 Jul 2026  08:04:15",20388.2,GOOD,2.54,TRACKING
2200673,"05 Jul 2026  08:04:45",20388.3,GOOD,2.54,TRACKING
2200674,"05 Jul 2026  08:05:15",20388.4,GOOD,2.54,TRACKING
2200675,"05 Jul 2026  08:05:45",20388.7,GOOD,2.54,TRACKING
2200676,"05 Jul 2026  08:06:15",20387.7,GOOD,2.54,TRACKING
2200677,"05 Jul 2026  08:06:45",20387.9,GOOD,2.54,TRACKING
2200678,"05 Jul 2026  08:07:16",20388.0,GOOD,2.54,TRACKING
2200679,"05 Jul 2026  08:07:46",20387.9,GOOD,2.54,TRACKING
2200680,"05 Jul 2026  08:08:16",20388.0,GOOD,2.54,TRACKING
2200681,"05 Jul 2026  08:08:46",20388.2,GOOD,2.54,TRACKING
2200682,"05 Jul 2026  08:09:16",20388.2,GOOD,2.54,TRACKING
2200683,"05 Jul 2026  08:09:46",20388.2,GOOD,2.54,TRACKING
2200684,"05 Jul 2026  08:10:16",20388.7,GOOD,2.54,TRACKING
2200685,"05 Jul 2026  08:10:46",20388.9,GOOD,2.54,TRACKING
2200686,"05 Jul 2026  08:11:16",20388.8,GOOD,2.54,TRACKING
2200687,"05 Jul 2026  08:11:46",20388.3,GOOD,2.54,TRACKING
2200688,"05 Jul 2026  08:12:16",20388.6,GOOD,2.54,TRACKING
2200689,"05 Jul 2026  08:12:46",20388.7,GOOD,2.54,TRACKING
2200690,"05 Jul 2026  08:13:16",20388.1,GOOD,2.54,TRACKING
2200691,"05 Jul 2026  08:13:46",20388.7,GOOD,2.54,TRACKING
2200692,"05 Jul 2026  08:14:17",20388.1,GOOD,2.54,TRACKING
2200693,"05 Jul 2026  08:14:47",20388.2,GOOD,2.54,TRACKING
2200694,"05 Jul 2026  08:15:17",20388.6,GOOD,2.54,TRACKING
2200695,"05 Jul 2026  08:15:47",20388.9,GOOD,2.54,TRACKING
2200696,"05 Jul 2026  08:16:17",20389.2,GOOD,2.54,TRACKING
2200697,"05 Jul 2026  08:16:47",20388.8,GOOD,2.54,TRACKING
2200698,"05 Jul 2026  08:17:17",20388.5,GOOD,2.54,TRACKING
2200699,"05 Jul 2026  08:17:47",20389.4,GOOD,2.54,TRACKING
2200700,"05 Jul 2026  08:18:17",20389.6,GOOD,2.54,TRACKING
2200701,"05 Jul 2026  08:18:47",20389.1,GOOD,2.54,TRACKING
2200702,"05 Jul 2026  08:19:17",20389.2,GOOD,2.54,TRACKING
2200703,"05 Jul 2026  08:19:47",20389.3,GOOD,2.54,TRACKING
2200704,"05 Jul 2026  08:20:17",20389.3,GOOD,2.54,TRACKING
2200705,"05 Jul 2026  08:20:47",20389.5,GOOD,2.54,TRACKING
2200706,"05 Jul 2026  08:21:17",20389.6,GOOD,2.54,TRACKING
2200707,"05 Jul 2026  08:21:48",20389.7,GOOD,2.54,TRACKING
2200708,"05 Jul 2026  08:22:18",20389.8,GOOD,2.54,TRACKING
2200709,"05 Jul 2026  08:22:48",20390.0,GOOD,2.54,TRACKING
2200710,"05 Jul 2026  08:23:18",20389.5,GOOD,2.54,TRACKING
2200711,"05 Jul 2026  08:23:48",20390.0,GOOD,2.54,TRACKING
2200712,"05 Jul 2026  08:24:18",20389.7,GOOD,2.54,TRACKING
2200713,"05 Jul 2026  08:24:48",20390.1,GOOD,2.54,TRACKING
2200714,"05 Jul 2026  08:25:18",20390.1,GOOD,2.54,TRACKING
2200715,"05 Jul 2026  08:25:48",20390.5,GOOD,2.54,TRACKING
2200716,"05 Jul 2026  08:26:18",20390.4,GOOD,2.54,TRACKING
2200717,"05 Jul 2026  08:26:48",20390.4,GOOD,2.54,TRACKING
2200718,"05 Jul 2026  08:27:18",20389.6,GOOD,2.54,TRACKING
2200719,"05 Jul 2026  08:27:48",20391.1,GOOD,2.54,TRACKING
2200720,"05 Jul 2026  08:28:18",20390.4,GOOD,2.54,TRACKING
2200721,"05 Jul 2026  08:28:49",20390.7,GOOD,2.54,TRACKING
2200722,"05 Jul 2026  08:29:19",20391.0,GOOD,2.54,TRACKING
2200723,"05 Jul 2026  08:29:49",20390.7,GOOD,2.54,TRACKING
2200724,"05 Jul 2026  08:30:19",20390.8,GOOD,2.54,TRACKING
2200725,"05 Jul 2026  08:30:49",20391.1,GOOD,2.54,TRACKING
2200726,"05 Jul 2026  08:31:19",20391.1,GOOD,2.54,TRACKING
2200727,"05 Jul 2026  08:31:49",20391.2,GOOD,2.54,TRACKING
2200728,"05 Jul 2026  08:32:19",20390.9,GOOD,2.54,TRACKING
2200729,"05 Jul 2026  08:32:49",20391.4,GOOD,2.54,TRACKING
2200730,"05 Jul 2026  08:33:19",20391.4,GOOD,2.54,TRACKING
2200731,"05 Jul 2026  08:33:49",20391.0,GOOD,2.54,TRACKING
2200732,"05 Jul 2026  08:34:19",20391.5,GOOD,2.54,TRACKING
2200733,"05 Jul 2026  08:34:49",20391.5,GOOD,2.54,TRACKING
2200734,"05 Jul 2026  08:35:19",20391.8,GOOD,2.54,TRACKING
2200735,"05 Jul 2026  08:35:49",20391.4,GOOD,2.54,TRACKING
2200736,"05 Jul 2026  08:36:20",20391.8,GOOD,2.54,TRACKING
2200737,"05 Jul 2026  08:36:50",20392.2,GOOD,2.54,TRACKING
2200738,"05 Jul 2026  08:37:20",20392.5,GOOD,2.54,TRACKING
2200739,"05 Jul 2026  08:37:50",20392.5,GOOD,2.54,TRACKING
2200740,"05 Jul 2026  08:38:20",20391.9,GOOD,2.54,TRACKING
2200741,"05 Jul 2026  08:38:50",20392.4,GOOD,2.54,TRACKING
2200742,"05 Jul 2026  08:39:20",20392.6,GOOD,2.54,TRACKING
2200743,"05 Jul 2026  08:39:50",20392.4,GOOD,2.54,TRACKING
2200744,"05 Jul 2026  08:40:20",20392.3,GOOD,2.54,TRACKING
2200745,"05 Jul 2026  08:40:50",20392.2,GOOD,2.54,TRACKING
2200746,"05 Jul 2026  08:41:20",20392.9,GOOD,2.54,TRACKING
2200747,"05 Jul 2026  08:41:50",20392.6,GOOD,2.54,TRACKING
2200748,"05 Jul 2026  08:42:20",20392.7,GOOD,2.54,TRACKING
2200749,"05 Jul 2026  08:42:50",20392.6,GOOD,2.54,TRACKING
2200750,"05 Jul 2026  08:43:20",20392.7,GOOD,2.54,TRACKING
2200751,"05 Jul 2026  08:43:51",20393.2,GOOD,2.54,TRACKING
2200752,"05 Jul 2026  08:44:21",20393.5,GOOD,2.54,TRACKING
2200753,"05 Jul 2026  08:44:51",20393.4,GOOD,2.54,TRACKING
2200754,"05 Jul 2026  08:45:21",20393.5,GOOD,2.54,TRACKING
2200755,"05 Jul 2026  08:45:51",20393.1,GOOD,2.54,TRACKING
2200756,"05 Jul 2026  08:46:21",20393.5,GOOD,2.54,TRACKING
2200757,"05 Jul 2026  08:46:51",20393.8,GOOD,2.54,TRACKING
2200758,"05 Jul 2026  08:47:21",20393.6,GOOD,2.54,TRACKING
2200759,"05 Jul 2026  08:47:51",20394.2,GOOD,2.54,TRACKING
2200760,"05 Jul 2026  08:48:21",20393.5,GOOD,2.54,TRACKING
2200761,"05 Jul 2026  08:48:51",20393.9,GOOD,2.54,TRACKING
2200762,"05 Jul 2026  08:49:21",20393.8,GOOD,2.54,TRACKING
2200763,"05 Jul 2026  08:49:51",20394.1,GOOD,2.54,TRACKING
2200764,"05 Jul 2026  08:50:21",20393.9,GOOD,2.54,TRACKING
2200765,"05 Jul 2026  08:50:52",20394.0,GOOD,2.54,TRACKING
2200766,"05 Jul 2026  08:51:22",20393.7,GOOD,2.54,TRACKING
2200767,"05 Jul 2026  08:51:52",20393.8,GOOD,2.54,TRACKING
2200768,"05 Jul 2026  08:52:22",20394.1,GOOD,2.54,TRACKING
2200769,"05 Jul 2026  08:52:52",20394.9,GOOD,2.54,TRACKING
2200770,"05 Jul 2026  08:53:22",20394.4,GOOD,2.54,TRACKING
2200771,"05 Jul 2026  08:53:52",20394.0,GOOD,2.54,TRACKING
2200772,"05 Jul 2026  08:54:22",20394.5,GOOD,2.54,TRACKING
2200773,"05 Jul 2026  08:54:52",20394.7,GOOD,2.54,TRACKING
2200774,"05 Jul 2026  08:55:22",20394.8,GOOD,2.54,TRACKING
2200775,"05 Jul 2026  08:55:52",20394.9,GOOD,2.54,TRACKING
2200776,"05 Jul 2026  08:56:22",20394.8,GOOD,2.54,TRACKING
2200777,"05 Jul 2026  08:56:52",20395.2,GOOD,2.54,TRACKING
2200778,"05 Jul 2026  08:57:22",20394.9,GOOD,2.54,TRACKING
2200779,"05 Jul 2026  08:57:53",20395.0,GOOD,2.54,TRACKING
2200780,"05 Jul 2026  08:58:23",20394.8,GOOD,2.54,TRACKING
2200781,"05 Jul 2026  08:58:53",20394.9,GOOD,2.54,TRACKING
2200782,"05 Jul 2026  08:59:23",20395.3,GOOD,2.54,TRACKING
2200783,"05 Jul 2026  08:59:53",20395.1,GOOD,2.54,TRACKING
2200784,"05 Jul 2026  09:00:23",20395.3,GOOD,2.54,TRACKING
2200785,"05 Jul 2026  09:00:53",20394.8,GOOD,2.54,TRACKING
2200786,"05 Jul 2026  09:01:23",20394.9,GOOD,2.54,TRACKING
2200787,"05 Jul 2026  09:01:53",20395.1,GOOD,2.54,TRACKING
2200788,"05 Jul 2026  09:02:23",20395.5,GOOD,2.54,TRACKING
2200789,"05 Jul 2026  09:02:53",20395.7,GOOD,2.54,TRACKING
2200790,"05 Jul 2026  09:03:23",20395.8,GOOD,2.54,TRACKING
2200791,"05 Jul 2026  09:03:53",20396.5,GOOD,2.54,TRACKING
2200792,"05 Jul 2026  09:04:23",20396.1,GOOD,2.54,TRACKING
2200793,"05 Jul 2026  09:04:54",20396.2,GOOD,2.54,TRACKING
2200794,"05 Jul 2026  09:05:24",20396.4,GOOD,2.54,TRACKING
2200795,"05 Jul 2026  09:05:54",20396.7,GOOD,2.54,TRACKING
2200796,"05 Jul 2026  09:06:24",20397.1,GOOD,2.54,TRACKING
2200797,"05 Jul 2026  09:06:54",20396.6,GOOD,2.54,TRACKING
2200798,"05 Jul 2026  09:07:24",20396.4,GOOD,2.54,TRACKING
2200799,"05 Jul 2026  09:07:54",20396.1,GOOD,2.54,TRACKING
2200800,"05 Jul 2026  09:08:24",20395.2,GOOD,2.54,TRACKING
2200801,"05 Jul 2026  09:08:54",20395.7,GOOD,2.54,TRACKING
2200802,"05 Jul 2026  09:09:24",20396.0,GOOD,2.54,TRACKING
2200803,"05 Jul 2026  09:09:54",20396.6,GOOD,2.54,TRACKING
2200804,"05 Jul 2026  09:10:24",20397.3,GOOD,2.54,TRACKING
2200805,"05 Jul 2026  09:10:54",20397.2,GOOD,2.54,TRACKING
2200806,"05 Jul 2026  09:11:24",20397.4,GOOD,2.54,TRACKING
2200807,"05 Jul 2026  09:11:54",20397.3,GOOD,2.54,TRACKING
2200808,"05 Jul 2026  09:12:24",20398.0,GOOD,2.54,TRACKING
2200809,"05 Jul 2026  09:12:55",20397.7,GOOD,2.54,TRACKING
2200810,"05 Jul 2026  09:13:25",20397.4,GOOD,2.54,TRACKING
2200811,"05 Jul 2026  09:13:55",20397.5,GOOD,2.54,TRACKING
2200812,"05 Jul 2026  09:14:25",20397.9,GOOD,2.54,TRACKING
2200813,"05 Jul 2026  09:14:55",20398.0,GOOD,2.54,TRACKING
2200814,"05 Jul 2026  09:15:25",20398.9,GOOD,2.54,TRACKING
2200815,"05 Jul 2026  09:15:55",20398.8,GOOD,2.54,TRACKING
2200816,"05 Jul 2026  09:16:25",20398.4,GOOD,2.54,TRACKING
2200817,"05 Jul 2026  09:16:55",20398.1,GOOD,2.54,TRACKING
2200818,"05 Jul 2026  09:17:25",20397.7,GOOD,2.54,TRACKING
2200819,"05 Jul 2026  09:17:55",20397.8,GOOD,2.54,TRACKING
2200820,"05 Jul 2026  09:18:25",20398.0,GOOD,2.54,TRACKING
2200821,"05 Jul 2026  09:18:55",20398.9,GOOD,2.54,TRACKING
2200822,"05 Jul 2026  09:19:25",20398.4,GOOD,2.54,TRACKING
2200823,"05 Jul 2026  09:19:55",20398.7,GOOD,2.54,TRACKING
2200824,"05 Jul 2026  09:20:25",20399.3,GOOD,2.54,TRACKING
2200825,"05 Jul 2026  09:20:56",20399.0,GOOD,2.54,TRACKING
2200826,"05 Jul 2026  09:21:26",20398.7,GOOD,2.54,TRACKING
2200827,"05 Jul 2026  09:21:56",20399.3,GOOD,2.54,TRACKING
2200828,"05 Jul 2026  09:22:26",20398.9,GOOD,2.54,TRACKING
2200829,"05 Jul 2026  09:22:56",20399.0,GOOD,2.54,TRACKING
2200830,"05 Jul 2026  09:23:26",20398.8,GOOD,2.54,TRACKING
2200831,"05 Jul 2026  09:23:56",20398.9,GOOD,2.54,TRACKING
2200832,"05 Jul 2026  09:24:26",20398.4,GOOD,2.54,TRACKING
2200833,"05 Jul 2026  09:24:56",20398.9,GOOD,2.54,TRACKING
2200834,"05 Jul 2026  09:25:26",20398.7,GOOD,2.54,TRACKING
2200835,"05 Jul 2026  09:25:56",20399.0,GOOD,2.54,TRACKING
2200836,"05 Jul 2026  09:26:26",20399.1,GOOD,2.54,TRACKING
2200837,"05 Jul 2026  09:26:56",20399.5,GOOD,2.54,TRACKING
2200838,"05 Jul 2026  09:27:26",20399.3,GOOD,2.54,TRACKING
2200839,"05 Jul 2026  09:27:57",20400.1,GOOD,2.54,TRACKING
2200840,"05 Jul 2026  09:28:27",20400.1,GOOD,2.54,TRACKING
2200841,"05 Jul 2026  09:28:57",20400.0,GOOD,2.54,TRACKING
2200842,"05 Jul 2026  09:29:27",20399.9,GOOD,2.54,TRACKING
2200843,"05 Jul 2026  09:29:57",20399.7,GOOD,2.54,TRACKING
2200844,"05 Jul 2026  09:30:27",20400.3,GOOD,2.54,TRACKING
2200845,"05 Jul 2026  09:30:57",20400.8,GOOD,2.54,TRACKING
2200846,"05 Jul 2026  09:31:27",20400.7,GOOD,2.54,TRACKING
2200847,"05 Jul 2026  09:31:57",20400.5,GOOD,2.54,TRACKING
2200848,"05 Jul 2026  09:32:27",20400.3,GOOD,2.54,TRACKING
2200849,"05 Jul 2026  09:32:57",20400.9,GOOD,2.54,TRACKING
2200850,"05 Jul 2026  09:33:27",20401.0,GOOD,2.54,TRACKING
2200851,"05 Jul 2026  09:33:57",20400.6,GOOD,2.54,TRACKING
2200852,"05 Jul 2026  09:34:27",20401.0,GOOD,2.54,TRACKING
2200853,"05 Jul 2026  09:34:57",20401.1,GOOD,2.54,TRACKING
2200854,"05 Jul 2026  09:35:28",20401.4,GOOD,2.54,TRACKING
2200855,"05 Jul 2026  09:35:58",20401.1,GOOD,2.54,TRACKING
2200856,"05 Jul 2026  09:36:28",20401.9,GOOD,2.54,TRACKING
2200857,"05 Jul 2026  09:36:58",20401.8,GOOD,2.54,TRACKING
2200858,"05 Jul 2026  09:37:28",20401.8,GOOD,2.54,TRACKING
2200859,"05 Jul 2026  09:37:58",20401.7,GOOD,2.54,TRACKING
2200860,"05 Jul 2026  09:38:28",20402.4,GOOD,2.54,TRACKING
2200861,"05 Jul 2026  09:38:58",20402.1,GOOD,2.54,TRACKING
2200862,"05 Jul 2026  09:39:28",20402.4,GOOD,2.54,TRACKING
2200863,"05 Jul 2026  09:39:58",20401.6,GOOD,2.54,TRACKING
2200864,"05 Jul 2026  09:40:28",20401.3,GOOD,2.54,TRACKING
2200865,"05 Jul 2026  09:40:58",20401.6,GOOD,2.54,TRACKING
2200866,"05 Jul 2026  09:41:28",20401.2,GOOD,2.54,TRACKING
2200867,"05 Jul 2026  09:41:58",20401.7,GOOD,2.54,TRACKING
2200868,"05 Jul 2026  09:42:28",20401.9,GOOD,2.54,TRACKING
2200869,"05 Jul 2026  09:42:59",20401.9,GOOD,2.54,TRACKING
2200870,"05 Jul 2026  09:43:29",20402.0,GOOD,2.54,TRACKING
2200871,"05 Jul 2026  09:43:59",20402.0,GOOD,2.54,TRACKING
2200872,"05 Jul 2026  09:44:29",20401.9,GOOD,2.54,TRACKING
2200873,"05 Jul 2026  09:44:59",20402.1,GOOD,2.54,TRACKING
2200874,"05 Jul 2026  09:45:29",20402.1,GOOD,2.54,TRACKING
2200875,"05 Jul 2026  09:45:59",20402.0,GOOD,2.54,TRACKING
2200876,"05 Jul 2026  09:46:29",20402.7,GOOD,2.54,TRACKING
2200877,"05 Jul 2026  09:46:59",20403.2,GOOD,2.54,TRACKING
2200878,"05 Jul 2026  09:47:29",20402.4,GOOD,2.54,TRACKING
2200879,"05 Jul 2026  09:47:59",20402.6,GOOD,2.54,TRACKING
2200880,"05 Jul 2026  09:48:29",20402.5,GOOD,2.54,TRACKING
2200881,"05 Jul 2026  09:48:59",20402.2,GOOD,2.54,TRACKING
2200882,"05 Jul 2026  09:49:29",20402.7,GOOD,2.54,TRACKING
2200883,"05 Jul 2026  09:49:59",20403.0,GOOD,2.54,TRACKING
2200884,"05 Jul 2026  09:50:30",20403.2,GOOD,2.54,TRACKING
2200885,"05 Jul 2026  09:51:00",20403.1,GOOD,2.54,TRACKING
2200886,"05 Jul 2026  09:51:30",20403.4,GOOD,2.54,TRACKING
2200887,"05 Jul 2026  09:52:00",20403.0,GOOD,2.54,TRACKING
2200888,"05 Jul 2026  09:52:30",20403.1,GOOD,2.54,TRACKING
2200889,"05 Jul 2026  09:53:00",20403.4,GOOD,2.54,TRACKING
2200890,"05 Jul 2026  09:53:30",20403.6,GOOD,2.54,TRACKING
2200891,"05 Jul 2026  09:54:00",20403.6,GOOD,2.54,TRACKING
2200892,"05 Jul 2026  09:54:30",20403.9,GOOD,2.54,TRACKING
2200893,"05 Jul 2026  09:55:00",20403.4,GOOD,2.54,TRACKING
2200894,"05 Jul 2026  09:55:30",20403.2,GOOD,2.54,TRACKING
2200895,"05 Jul 2026  09:56:00",20403.2,GOOD,2.54,TRACKING
2200896,"05 Jul 2026  09:56:30",20403.3,GOOD,2.54,TRACKING
2200897,"05 Jul 2026  09:57:00",20403.9,GOOD,2.54,TRACKING
2200898,"05 Jul 2026  09:57:30",20403.7,GOOD,2.54,TRACKING
2200899,"05 Jul 2026  09:58:00",20403.7,GOOD,2.54,TRACKING
2200900,"05 Jul 2026  09:58:31",20403.9,GOOD,2.54,TRACKING
2200901,"05 Jul 2026  09:59:01",20404.7,GOOD,2.54,TRACKING
2200902,"05 Jul 2026  09:59:31",20405.2,GOOD,2.54,TRACKING
2200903,"05 Jul 2026  10:00:01",20404.9,GOOD,2.54,TRACKING
2200904,"05 Jul 2026  10:00:31",20405.7,GOOD,2.54,TRACKING
2200905,"05 Jul 2026  10:01:01",20405.0,GOOD,2.54,TRACKING
2200906,"05 Jul 2026  10:01:31",20405.5,GOOD,2.54,TRACKING
2200907,"05 Jul 2026  10:02:01",20405.7,GOOD,2.54,TRACKING
2200908,"05 Jul 2026  10:02:31",20405.3,GOOD,2.54,TRACKING
2200909,"05 Jul 2026  10:03:01",20404.7,GOOD,2.54,TRACKING
2200910,"05 Jul 2026  10:03:31",20404.5,GOOD,2.54,TRACKING
2200911,"05 Jul 2026  10:04:01",20404.7,GOOD,2.54,TRACKING
2200912,"05 Jul 2026  10:04:31",20404.9,GOOD,2.54,TRACKING
2200913,"05 Jul 2026  10:05:01",20405.5,GOOD,2.54,TRACKING
2200914,"05 Jul 2026  10:05:32",20404.7,GOOD,2.54,TRACKING
2200915,"05 Jul 2026  10:06:02",20404.2,GOOD,2.54,TRACKING
2200916,"05 Jul 2026  10:06:32",20405.6,GOOD,2.54,TRACKING
2200917,"05 Jul 2026  10:07:02",20405.3,GOOD,2.54,TRACKING
2200918,"05 Jul 2026  10:07:32",20405.2,GOOD,2.54,TRACKING
2200919,"05 Jul 2026  10:08:02",20405.4,GOOD,2.54,TRACKING
2200920,"05 Jul 2026  10:08:32",20405.3,GOOD,2.54,TRACKING
2200921,"05 Jul 2026  10:09:02",20405.3,GOOD,2.54,TRACKING
2200922,"05 Jul 2026  10:09:32",20406.0,GOOD,2.54,TRACKING
2200923,"05 Jul 2026  10:10:02",20406.3,GOOD,2.54,TRACKING
2200924,"05 Jul 2026  10:10:32",20406.0,GOOD,2.54,TRACKING
2200925,"05 Jul 2026  10:11:02",20405.9,GOOD,2.54,TRACKING
2200926,"05 Jul 2026  10:11:32",20405.6,GOOD,2.54,TRACKING
2200927,"05 Jul 2026  10:12:02",20405.4,GOOD,2.54,TRACKING
2200928,"05 Jul 2026  10:12:32",20405.9,GOOD,2.54,TRACKING
2200929,"05 Jul 2026  10:13:03",20406.5,GOOD,2.54,TRACKING
2200930,"05 Jul 2026  10:13:33",20406.3,GOOD,2.54,TRACKING
2200931,"05 Jul 2026  10:14:03",20405.9,GOOD,2.54,TRACKING
2200932,"05 Jul 2026  10:14:33",20406.6,GOOD,2.54,TRACKING
2200933,"05 Jul 2026  10:15:03",20406.6,GOOD,2.54,TRACKING
2200934,"05 Jul 2026  10:15:33",20406.1,GOOD,2.54,TRACKING
2200935,"05 Jul 2026  10:16:03",20406.2,GOOD,2.54,TRACKING
2200936,"05 Jul 2026  10:16:33",20406.3,GOOD,2.54,TRACKING
2200937,"05 Jul 2026  10:17:03",20406.9,GOOD,2.54,TRACKING
2200938,"05 Jul 2026  10:17:33",20407.0,GOOD,2.54,TRACKING
2200939,"05 Jul 2026  10:18:03",20406.6,GOOD,2.54,TRACKING
2200940,"05 Jul 2026  10:18:33",20406.7,GOOD,2.54,TRACKING
2200941,"05 Jul 2026  10:19:03",20407.0,GOOD,2.54,TRACKING
2200942,"05 Jul 2026  10:19:33",20406.6,GOOD,2.54,TRACKING
2200943,"05 Jul 2026  10:20:04",20407.2,GOOD,2.54,TRACKING
2200944,"05 Jul 2026  10:20:34",20407.2,GOOD,2.54,TRACKING
2200945,"05 Jul 2026  10:21:04",20407.2,GOOD,2.54,TRACKING
2200946,"05 Jul 2026  10:21:34",20406.9,GOOD,2.54,TRACKING
2200947,"05 Jul 2026  10:22:04",20406.5,GOOD,2.54,TRACKING
2200948,"05 Jul 2026  10:22:34",20406.7,GOOD,2.54,TRACKING
2200949,"05 Jul 2026  10:23:04",20407.1,GOOD,2.54,TRACKING
2200950,"05 Jul 2026  10:23:34",20408.4,GOOD,2.54,TRACKING
2200951,"05 Jul 2026  10:24:04",20408.8,GOOD,2.54,TRACKING
2200952,"05 Jul 2026  10:24:34",20408.3,GOOD,2.54,TRACKING
2200953,"05 Jul 2026  10:25:04",20408.5,GOOD,2.54,TRACKING
2200954,"05 Jul 2026  10:25:34",20407.9,GOOD,2.54,TRACKING
2200955,"05 Jul 2026  10:26:04",20408.6,GOOD,2.54,TRACKING
2200956,"05 Jul 2026  10:26:34",20409.0,GOOD,2.54,TRACKING
2200957,"05 Jul 2026  10:27:05",20409.1,GOOD,2.54,TRACKING
2200958,"05 Jul 2026  10:27:35",20408.2,GOOD,2.54,TRACKING
2200959,"05 Jul 2026  10:28:05",20408.5,GOOD,2.54,TRACKING
2200960,"05 Jul 2026  10:28:35",20408.7,GOOD,2.54,TRACKING
2200961,"05 Jul 2026  10:29:05",20408.8,GOOD,2.54,TRACKING
2200962,"05 Jul 2026  10:29:35",20408.7,GOOD,2.54,TRACKING
2200963,"05 Jul 2026  10:30:05",20409.0,GOOD,2.54,TRACKING
2200964,"05 Jul 2026  10:30:35",20409.2,GOOD,2.54,TRACKING
2200965,"05 Jul 2026  10:31:05",20409.0,GOOD,2.54,TRACKING
2200966,"05 Jul 2026  10:31:35",20408.6,GOOD,2.54,TRACKING
2200967,"05 Jul 2026  10:32:05",20409.0,GOOD,2.54,TRACKING
2200968,"05 Jul 2026  10:32:35",20409.4,GOOD,2.54,TRACKING
2200969,"05 Jul 2026  10:33:05",20408.8,GOOD,2.54,TRACKING
2200970,"05 Jul 2026  10:33:35",20408.9,GOOD,2.54,TRACKING
2200971,"05 Jul 2026  10:34:06",20409.6,GOOD,2.54,TRACKING
2200972,"05 Jul 2026  10:34:36",20409.4,GOOD,2.54,TRACKING
2200973,"05 Jul 2026  10:35:06",20409.3,GOOD,2.54,TRACKING
2200974,"05 Jul 2026  10:35:36",20409.1,GOOD,2.54,TRACKING
2200975,"05 Jul 2026  10:36:06",20409.5,GOOD,2.54,TRACKING
2200976,"05 Jul 2026  10:36:36",20409.6,GOOD,2.54,TRACKING
2200977,"05 Jul 2026  10:37:06",20409.9,GOOD,2.54,TRACKING
2200978,"05 Jul 2026  10:37:36",20410.7,GOOD,2.54,TRACKING
2200979,"05 Jul 2026  10:38:06",20410.9,GOOD,2.54,TRACKING
2200980,"05 Jul 2026  10:38:36",20410.7,GOOD,2.54,TRACKING
2200981,"05 Jul 2026  10:39:06",20410.1,GOOD,2.54,TRACKING
2200982,"05 Jul 2026  10:39:36",20410.1,GOOD,2.54,TRACKING
2200983,"05 Jul 2026  10:40:06",20410.0,GOOD,2.54,TRACKING
2200984,"05 Jul 2026  10:40:37",20410.4,GOOD,2.54,TRACKING
2200985,"05 Jul 2026  10:41:07",20410.5,GOOD,2.54,TRACKING
2200986,"05 Jul 2026  10:41:37",20410.8,GOOD,2.54,TRACKING
2200987,"05 Jul 2026  10:42:07",20411.0,GOOD,2.54,TRACKING
2200988,"05 Jul 2026  10:42:37",20410.4,GOOD,2.54,TRACKING
2200989,"05 Jul 2026  10:43:07",20410.2,GOOD,2.54,TRACKING
2200990,"05 Jul 2026  10:43:37",20410.4,GOOD,2.54,TRACKING
2200991,"05 Jul 2026  10:44:07",20410.5,GOOD,2.54,TRACKING
2200992,"05 Jul 2026  10:44:37",20411.5,GOOD,2.54,TRACKING
2200993,"05 Jul 2026  10:45:07",20410.9,GOOD,2.54,TRACKING
2200994,"05 Jul 2026  10:45:37",20410.5,GOOD,2.54,TRACKING
2200995,"05 Jul 2026  10:46:07",20410.7,GOOD,2.54,TRACKING
2200996,"05 Jul 2026  10:46:37",20411.5,GOOD,2.54,TRACKING
2200997,"05 Jul 2026  10:47:07",20411.8,GOOD,2.54,TRACKING
2200998,"05 Jul 2026  10:47:38",20411.4,GOOD,2.54,TRACKING
2200999,"05 Jul 2026  10:48:08",20412.5,GOOD,2.54,TRACKING
2201000,"05 Jul 2026  10:48:38",20412.4,GOOD,2.54,TRACKING
2201001,"05 Jul 2026  10:49:08",20412.0,GOOD,2.54,TRACKING
2201002,"05 Jul 2026  10:49:38",20411.6,GOOD,2.54,TRACKING
2201003,"05 Jul 2026  10:50:08",20412.1,GOOD,2.54,TRACKING
2201004,"05 Jul 2026  10:50:38",20412.8,GOOD,2.54,TRACKING
2201005,"05 Jul 2026  10:51:08",20412.3,GOOD,2.54,TRACKING
2201006,"05 Jul 2026  10:51:38",20411.8,GOOD,2.54,TRACKING
2201007,"05 Jul 2026  10:52:08",20412.0,GOOD,2.54,TRACKING
2201008,"05 Jul 2026  10:52:38",20412.8,GOOD,2.54,TRACKING
2201009,"05 Jul 2026  10:53:08",20413.2,GOOD,2.54,TRACKING
2201010,"05 Jul 2026  10:53:38",20412.9,GOOD,2.54,TRACKING
2201011,"05 Jul 2026  10:54:08",20412.6,GOOD,2.54,TRACKING
2201012,"05 Jul 2026  10:54:39",20412.0,GOOD,2.54,TRACKING
2201013,"05 Jul 2026  10:55:09",20412.3,GOOD,2.54,TRACKING
2201014,"05 Jul 2026  10:55:39",20412.5,GOOD,2.54,TRACKING
2201015,"05 Jul 2026  10:56:09",20412.8,GOOD,2.54,TRACKING
2201016,"05 Jul 2026  10:56:39",20412.7,GOOD,2.54,TRACKING
2201017,"05 Jul 2026  10:57:09",20412.7,GOOD,2.54,TRACKING
2201018,"05 Jul 2026  10:57:39",20413.7,GOOD,2.54,TRACKING
2201019,"05 Jul 2026  10:58:09",20413.8,GOOD,2.54,TRACKING
2201020,"05 Jul 2026  10:58:39",20414.0,GOOD,2.54,TRACKING
2201021,"05 Jul 2026  10:59:09",20413.5,GOOD,2.54,TRACKING
2201022,"05 Jul 2026  10:59:39",20413.2,GOOD,2.54,TRACKING
2201023,"05 Jul 2026  11:00:09",20413.4,GOOD,2.54,TRACKING
2201024,"05 Jul 2026  11:00:39",20413.3,GOOD,2.54,TRACKING
2201025,"05 Jul 2026  11:01:09",20413.3,GOOD,2.54,TRACKING
2201026,"05 Jul 2026  11:01:40",20413.9,GOOD,2.54,TRACKING
2201027,"05 Jul 2026  11:02:10",20413.7,GOOD,2.54,TRACKING
2201028,"05 Jul 2026  11:02:40",20413.9,GOOD,2.54,TRACKING
2201029,"05 Jul 2026  11:03:10",20413.7,GOOD,2.54,TRACKING
2201030,"05 Jul 2026  11:03:40",20414.3,GOOD,2.54,TRACKING
2201031,"05 Jul 2026  11:04:10",20414.6,GOOD,2.54,TRACKING
2201032,"05 Jul 2026  11:04:40",20414.2,GOOD,2.54,TRACKING
2201033,"05 Jul 2026  11:05:10",20414.1,GOOD,2.54,TRACKING
2201034,"05 Jul 2026  11:05:40",20414.1,GOOD,2.54,TRACKING
2201035,"05 Jul 2026  11:06:10",20414.3,GOOD,2.54,TRACKING
2201036,"05 Jul 2026  11:06:40",20414.3,GOOD,2.54,TRACKING
2201037,"05 Jul 2026  11:07:10",20414.8,GOOD,2.54,TRACKING
2201038,"05 Jul 2026  11:07:40",20414.2,GOOD,2.54,TRACKING
2201039,"05 Jul 2026  11:08:10",20414.9,GOOD,2.54,TRACKING
2201040,"05 Jul 2026  11:08:41",20415.5,GOOD,2.54,TRACKING
2201041,"05 Jul 2026  11:09:11",20416.2,GOOD,2.54,TRACKING
2201042,"05 Jul 2026  11:09:41",20416.1,GOOD,2.54,TRACKING
2201043,"05 Jul 2026  11:10:11",20415.3,GOOD,2.54,TRACKING
2201044,"05 Jul 2026  11:10:41",20415.0,GOOD,2.54,TRACKING
2201045,"05 Jul 2026  11:11:11",20414.8,GOOD,2.54,TRACKING
2201046,"05 Jul 2026  11:11:41",20414.9,GOOD,2.54,TRACKING
2201047,"05 Jul 2026  11:12:11",20414.2,GOOD,2.54,TRACKING
2201048,"05 Jul 2026  11:12:41",20414.8,GOOD,2.54,TRACKING
2201049,"05 Jul 2026  11:13:11",20414.8,GOOD,2.54,TRACKING
2201050,"05 Jul 2026  11:13:41",20416.0,GOOD,2.54,TRACKING
2201051,"05 Jul 2026  11:14:11",20415.7,GOOD,2.54,TRACKING
2201052,"05 Jul 2026  11:14:41",20415.7,GOOD,2.54,TRACKING
2201053,"05 Jul 2026  11:15:11",20415.7,GOOD,2.54,TRACKING
2201054,"05 Jul 2026  11:15:41",20416.0,GOOD,2.54,TRACKING
2201055,"05 Jul 2026  11:16:11",20415.6,GOOD,2.54,TRACKING
2201056,"05 Jul 2026  11:16:42",20416.2,GOOD,2.54,TRACKING
2201057,"05 Jul 2026  11:17:12",20416.4,GOOD,2.54,TRACKING
2201058,"05 Jul 2026  11:17:42",20416.3,GOOD,2.54,TRACKING
2201059,"05 Jul 2026  11:18:12",20416.1,GOOD,2.54,TRACKING
2201060,"05 Jul 2026  11:18:42",20416.7,GOOD,2.54,TRACKING
2201061,"05 Jul 2026  11:19:12",20416.5,GOOD,2.54,TRACKING
2201062,"05 Jul 2026  11:19:42",20417.0,GOOD,2.54,TRACKING
2201063,"05 Jul 2026  11:20:12",20417.2,GOOD,2.54,TRACKING
2201064,"05 Jul 2026  11:20:42",20416.7,GOOD,2.54,TRACKING
2201065,"05 Jul 2026  11:21:12",20416.3,GOOD,2.54,TRACKING
2201066,"05 Jul 2026  11:21:42",20417.3,GOOD,2.54,TRACKING
2201067,"05 Jul 2026  11:22:12",20417.9,GOOD,2.54,TRACKING
2201068,"05 Jul 2026  11:22:42",20418.1,GOOD,2.54,TRACKING
2201069,"05 Jul 2026  11:23:13",20417.5,GOOD,2.54,TRACKING
2201070,"05 Jul 2026  11:23:43",20417.9,GOOD,2.54,TRACKING
2201071,"05 Jul 2026  11:24:13",20417.8,GOOD,2.54,TRACKING
2201072,"05 Jul 2026  11:24:43",20417.8,GOOD,2.54,TRACKING
2201073,"05 Jul 2026  11:25:13",20418.2,GOOD,2.54,TRACKING
2201074,"05 Jul 2026  11:25:43",20417.6,GOOD,2.54,TRACKING
2201075,"05 Jul 2026  11:26:13",20417.4,GOOD,2.54,TRACKING
2201076,"05 Jul 2026  11:26:43",20417.5,GOOD,2.54,TRACKING
2201077,"05 Jul 2026  11:27:13",20417.5,GOOD,2.54,TRACKING
2201078,"05 Jul 2026  11:27:43",20418.1,GOOD,2.54,TRACKING
2201079,"05 Jul 2026  11:28:13",20417.6,GOOD,2.54,TRACKING
2201080,"05 Jul 2026  11:28:43",20417.2,GOOD,2.54,TRACKING
2201081,"05 Jul 2026  11:29:13",20417.6,GOOD,2.54,TRACKING
2201082,"05 Jul 2026  11:29:43",20417.5,GOOD,2.54,TRACKING
2201083,"05 Jul 2026  11:30:14",20417.4,GOOD,2.54,TRACKING
2201084,"05 Jul 2026  11:30:44",20417.1,GOOD,2.54,TRACKING
2201085,"05 Jul 2026  11:31:14",20417.5,GOOD,2.54,TRACKING
2201086,"05 Jul 2026  11:31:44",20417.7,GOOD,2.54,TRACKING
2201087,"05 Jul 2026  11:32:14",20418.0,GOOD,2.54,TRACKING
2201088,"05 Jul 2026  11:32:44",20418.7,GOOD,2.54,TRACKING
2201089,"05 Jul 2026  11:33:14",20418.3,GOOD,2.54,TRACKING
2201090,"05 Jul 2026  11:33:44",20418.4,GOOD,2.54,TRACKING
2201091,"05 Jul 2026  11:34:14",20417.8,GOOD,2.54,TRACKING
2201092,"05 Jul 2026  11:34:44",20417.7,GOOD,2.54,TRACKING
2201093,"05 Jul 2026  11:35:14",20418.1,GOOD,2.54,TRACKING
2201094,"05 Jul 2026  11:35:44",20418.2,GOOD,2.54,TRACKING
2201095,"05 Jul 2026  11:36:14",20418.5,GOOD,2.54,TRACKING
2201096,"05 Jul 2026  11:36:44",20418.9,GOOD,2.54,TRACKING
2201097,"05 Jul 2026  11:37:15",20418.5,GOOD,2.54,TRACKING
2201098,"05 Jul 2026  11:37:45",20418.9,GOOD,2.54,TRACKING
2201099,"05 Jul 2026  11:38:15",20419.2,GOOD,2.54,TRACKING
2201100,"05 Jul 2026  11:38:45",20419.0,GOOD,2.54,TRACKING
2201101,"05 Jul 2026  11:39:15",20418.8,GOOD,2.54,TRACKING
2201102,"05 Jul 2026  11:39:45",20418.9,GOOD,2.54,TRACKING
2201103,"05 Jul 2026  11:40:15",20419.3,GOOD,2.54,TRACKING
2201104,"05 Jul 2026  11:40:45",20419.8,GOOD,2.54,TRACKING
2201105,"05 Jul 2026  11:41:15",20419.7,GOOD,2.54,TRACKING
2201106,"05 Jul 2026  11:41:45",20419.9,GOOD,2.54,TRACKING
2201107,"05 Jul 2026  11:42:15",20419.8,GOOD,2.54,TRACKING
2201108,"05 Jul 2026  11:42:45",20419.7,GOOD,2.54,TRACKING
2201109,"05 Jul 2026  11:43:15",20419.6,GOOD,2.54,TRACKING
2201110,"05 Jul 2026  11:43:46",20419.2,GOOD,2.54,TRACKING
2201111,"05 Jul 2026  11:44:16",20419.0,GOOD,2.54,TRACKING
2201112,"05 Jul 2026  11:44:46",20419.3,GOOD,2.54,TRACKING
2201113,"05 Jul 2026  11:45:16",20419.8,GOOD,2.54,TRACKING
2201114,"05 Jul 2026  11:45:46",20419.4,GOOD,2.54,TRACKING
2201115,"05 Jul 2026  11:46:16",20419.9,GOOD,2.54,TRACKING
2201116,"05 Jul 2026  11:46:46",20420.0,GOOD,2.54,TRACKING
2201117,"05 Jul 2026  11:47:16",20419.3,GOOD,2.54,TRACKING
2201118,"05 Jul 2026  11:47:46",20420.1,GOOD,2.54,TRACKING
2201119,"05 Jul 2026  11:48:16",20421.4,GOOD,2.54,TRACKING
2201120,"05 Jul 2026  11:48:46",20421.6,GOOD,2.54,TRACKING
2201121,"05 Jul 2026  11:49:16",20421.1,GOOD,2.54,TRACKING
2201122,"05 Jul 2026  11:49:46",20420.5,GOOD,2.54,TRACKING
2201123,"05 Jul 2026  11:50:17",20420.4,GOOD,2.54,TRACKING
2201124,"05 Jul 2026  11:50:47",20420.6,GOOD,2.54,TRACKING
2201125,"05 Jul 2026  11:51:17",20420.7,GOOD,2.54,TRACKING
2201126,"05 Jul 2026  11:51:47",20420.3,GOOD,2.54,TRACKING
2201127,"05 Jul 2026  11:52:17",20420.3,GOOD,2.54,TRACKING
2201128,"05 Jul 2026  11:52:47",20420.4,GOOD,2.54,TRACKING
2201129,"05 Jul 2026  11:53:17",20420.7,GOOD,2.54,TRACKING
2201130,"05 Jul 2026  11:53:47",20420.5,GOOD,2.54,TRACKING
2201131,"05 Jul 2026  11:54:17",20420.1,GOOD,2.54,TRACKING
2201132,"05 Jul 2026  11:54:47",20420.6,GOOD,2.54,TRACKING
2201133,"05 Jul 2026  11:55:17",20420.6,GOOD,2.54,TRACKING
2201134,"05 Jul 2026  11:55:47",20420.6,GOOD,2.54,TRACKING
2201135,"05 Jul 2026  11:56:17",20420.5,GOOD,2.54,TRACKING
2201136,"05 Jul 2026  11:56:47",20420.3,GOOD,2.54,TRACKING
2201137,"05 Jul 2026  11:57:17",20420.5,GOOD,2.54,TRACKING
2201138,"05 Jul 2026  11:57:48",20420.8,GOOD,2.54,TRACKING
2201139,"05 Jul 2026  11:58:18",20421.0,GOOD,2.54,TRACKING
2201140,"05 Jul 2026  11:58:48",20421.1,GOOD,2.54,TRACKING
2201141,"05 Jul 2026  11:59:18",20420.6,GOOD,2.54,TRACKING
2201142,"05 Jul 2026  11:59:48",20421.3,GOOD,2.54,TRACKING
2201143,"05 Jul 2026  12:00:18",20421.1,GOOD,2.54,TRACKING
2201144,"05 Jul 2026  12:00:48",20420.8,GOOD,2.54,TRACKING
2201145,"05 Jul 2026  12:01:18",20420.7,GOOD,2.54,TRACKING
2201146,"05 Jul 2026  12:01:48",20420.5,GOOD,2.54,TRACKING
2201147,"05 Jul 2026  12:02:18",20421.0,GOOD,2.54,TRACKING
2201148,"05 Jul 2026  12:02:48",20420.9,GOOD,2.54,TRACKING
2201149,"05 Jul 2026  12:03:18",20420.8,GOOD,2.54,TRACKING
2201150,"05 Jul 2026  12:03:48",20421.4,GOOD,2.54,TRACKING
2201151,"05 Jul 2026  12:04:18",20421.2,GOOD,2.54,TRACKING
2201152,"05 Jul 2026  12:04:48",20421.1,GOOD,2.54,TRACKING
2201153,"05 Jul 2026  12:05:18",20421.2,GOOD,2.54,TRACKING
2201154,"05 Jul 2026  12:05:49",20421.4,GOOD,2.54,TRACKING
2201155,"05 Jul 2026  12:06:19",20422.0,GOOD,2.54,TRACKING
2201156,"05 Jul 2026  12:06:49",20421.7,GOOD,2.54,TRACKING
2201157,"05 Jul 2026  12:07:19",20421.9,GOOD,2.54,TRACKING
2201158,"05 Jul 2026  12:07:49",20423.1,GOOD,2.54,TRACKING
2201159,"05 Jul 2026  12:08:19",20423.0,GOOD,2.54,TRACKING
2201160,"05 Jul 2026  12:08:49",20422.5,GOOD,2.54,TRACKING
2201161,"05 Jul 2026  12:09:19",20423.0,GOOD,2.54,TRACKING
2201162,"05 Jul 2026  12:09:49",20422.6,GOOD,2.54,TRACKING
2201163,"05 Jul 2026  12:10:19",20422.8,GOOD,2.54,TRACKING
2201164,"05 Jul 2026  12:10:49",20422.3,GOOD,2.54,TRACKING
2201165,"05 Jul 2026  12:11:19",20422.4,GOOD,2.54,TRACKING
2201166,"05 Jul 2026  12:11:49",20423.2,GOOD,2.54,TRACKING
2201167,"05 Jul 2026  12:12:19",20423.3,GOOD,2.54,TRACKING
2201168,"05 Jul 2026  12:12:50",20423.4,GOOD,2.54,TRACKING
2201169,"05 Jul 2026  12:13:20",20422.9,GOOD,2.54,TRACKING
2201170,"05 Jul 2026  12:13:50",20422.9,GOOD,2.54,TRACKING
2201171,"05 Jul 2026  12:14:20",20423.4,GOOD,2.54,TRACKING
2201172,"05 Jul 2026  12:14:50",20423.5,GOOD,2.54,TRACKING
2201173,"05 Jul 2026  12:15:20",20422.9,GOOD,2.54,TRACKING
2201174,"05 Jul 2026  12:15:50",20423.6,GOOD,2.54,TRACKING
2201175,"05 Jul 2026  12:16:20",20423.9,GOOD,2.54,TRACKING
2201176,"05 Jul 2026  12:16:50",20423.6,GOOD,2.54,TRACKING
2201177,"05 Jul 2026  12:17:20",20423.3,GOOD,2.54,TRACKING
2201178,"05 Jul 2026  12:17:50",20423.6,GOOD,2.54,TRACKING
2201179,"05 Jul 2026  12:18:20",20423.8,GOOD,2.54,TRACKING
2201180,"05 Jul 2026  12:18:50",20423.3,GOOD,2.54,TRACKING
2201181,"05 Jul 2026  12:19:20",20423.5,GOOD,2.54,TRACKING
2201182,"05 Jul 2026  12:19:50",20424.3,GOOD,2.54,TRACKING
2201183,"05 Jul 2026  12:20:21",20424.5,GOOD,2.54,TRACKING
2201184,"05 Jul 2026  12:20:51",20424.5,GOOD,2.54,TRACKING
2201185,"05 Jul 2026  12:21:21",20424.6,GOOD,2.54,TRACKING
2201186,"05 Jul 2026  12:21:51",20424.8,GOOD,2.54,TRACKING
2201187,"05 Jul 2026  12:22:21",20424.2,GOOD,2.54,TRACKING
2201188,"05 Jul 2026  12:22:51",20424.3,GOOD,2.54,TRACKING
2201189,"05 Jul 2026  12:23:21",20424.4,GOOD,2.54,TRACKING
2201190,"05 Jul 2026  12:23:51",20424.0,GOOD,2.54,TRACKING
2201191,"05 Jul 2026  12:24:21",20424.0,GOOD,2.54,TRACKING
2201192,"05 Jul 2026  12:24:51",20424.2,GOOD,2.54,TRACKING
2201193,"05 Jul 2026  12:25:21",20424.2,GOOD,2.54,TRACKING
2201194,"05 Jul 2026  12:25:51",20424.9,GOOD,2.54,TRACKING
2201195,"05 Jul 2026  12:26:21",20424.0,GOOD,2.54,TRACKING
2201196,"05 Jul 2026  12:26:51",20424.4,GOOD,2.54,TRACKING
2201197,"05 Jul 2026  12:27:21",20425.0,GOOD,2.54,TRACKING
2201198,"05 Jul 2026  12:27:52",20425.7,GOOD,2.54,TRACKING
2201199,"05 Jul 2026  12:28:22",20425.5,GOOD,2.54,TRACKING
2201200,"05 Jul 2026  12:28:52",20425.2,GOOD,2.54,TRACKING
2201201,"05 Jul 2026  12:29:22",20425.8,GOOD,2.54,TRACKING
2201202,"05 Jul 2026  12:29:52",20425.6,GOOD,2.54,TRACKING
2201203,"05 Jul 2026  12:30:22",20425.0,GOOD,2.54,TRACKING
2201204,"05 Jul 2026  12:30:52",20425.4,GOOD,2.54,TRACKING
2201205,"05 Jul 2026  12:31:22",20425.4,GOOD,2.54,TRACKING
2201206,"05 Jul 2026  12:31:52",20425.6,GOOD,2.54,TRACKING
2201207,"05 Jul 2026  12:32:22",20425.4,GOOD,2.54,TRACKING
2201208,"05 Jul 2026  12:32:52",20425.4,GOOD,2.54,TRACKING
2201209,"05 Jul 2026  12:33:22",20425.6,GOOD,2.54,TRACKING
2201210,"05 Jul 2026  12:33:52",20426.1,GOOD,2.54,TRACKING
2201211,"05 Jul 2026  12:34:22",20425.5,GOOD,2.54,TRACKING
2201212,"05 Jul 2026  12:34:52",20425.9,GOOD,2.54,TRACKING
2201213,"05 Jul 2026  12:35:23",20425.9,GOOD,2.54,TRACKING
2201214,"05 Jul 2026  12:35:53",20426.2,GOOD,2.54,TRACKING
2201215,"05 Jul 2026  12:36:23",20425.2,GOOD,2.54,TRACKING
2201216,"05 Jul 2026  12:36:53",20425.6,GOOD,2.54,TRACKING
2201217,"05 Jul 2026  12:37:23",20425.4,GOOD,2.54,TRACKING
2201218,"05 Jul 2026  12:37:53",20426.0,GOOD,2.54,TRACKING
2201219,"05 Jul 2026  12:38:23",20426.6,GOOD,2.54,TRACKING
2201220,"05 Jul 2026  12:38:53",20426.7,GOOD,2.54,TRACKING
2201221,"05 Jul 2026  12:39:23",20427.0,GOOD,2.54,TRACKING
2201222,"05 Jul 2026  12:39:53",20426.6,GOOD,2.54,TRACKING
2201223,"05 Jul 2026  12:40:23",20426.9,GOOD,2.54,TRACKING
2201224,"05 Jul 2026  12:40:53",20426.5,GOOD,2.54,TRACKING
2201225,"05 Jul 2026  12:41:23",20426.6,GOOD,2.54,TRACKING
2201226,"05 Jul 2026  12:41:53",20426.7,GOOD,2.54,TRACKING
2201227,"05 Jul 2026  12:42:23",20426.8,GOOD,2.54,TRACKING
2201228,"05 Jul 2026  12:42:54",20426.4,GOOD,2.54,TRACKING
2201229,"05 Jul 2026  12:43:24",20426.2,GOOD,2.54,TRACKING
2201230,"05 Jul 2026  12:43:54",20426.1,GOOD,2.54,TRACKING
2201231,"05 Jul 2026  12:44:24",20426.9,GOOD,2.54,TRACKING
2201232,"05 Jul 2026  12:44:54",20426.5,GOOD,2.54,TRACKING
2201233,"05 Jul 2026  12:45:24",20427.5,GOOD,2.54,TRACKING
2201234,"05 Jul 2026  12:45:54",20427.4,GOOD,2.54,TRACKING
2201235,"05 Jul 2026  12:46:24",20427.2,GOOD,2.54,TRACKING
2201236,"05 Jul 2026  12:46:54",20427.3,GOOD,2.54,TRACKING
2201237,"05 Jul 2026  12:47:24",20427.2,GOOD,2.54,TRACKING
2201238,"05 Jul 2026  12:47:54",20427.1,GOOD,2.54,TRACKING
2201239,"05 Jul 2026  12:48:24",20427.2,GOOD,2.54,TRACKING
2201240,"05 Jul 2026  12:48:54",20427.3,GOOD,2.54,TRACKING
2201241,"05 Jul 2026  12:49:24",20427.7,GOOD,2.54,TRACKING
2201242,"05 Jul 2026  12:49:54",20427.8,GOOD,2.54,TRACKING
2201243,"05 Jul 2026  12:50:25",20427.7,GOOD,2.54,TRACKING
2201244,"05 Jul 2026  12:50:55",20428.3,GOOD,2.54,TRACKING
2201245,"05 Jul 2026  12:51:25",20428.6,GOOD,2.54,TRACKING
2201246,"05 Jul 2026  12:51:55",20428.9,GOOD,2.54,TRACKING
2201247,"05 Jul 2026  12:52:25",20428.7,GOOD,2.54,TRACKING
2201248,"05 Jul 2026  12:52:55",20428.2,GOOD,2.54,TRACKING
2201249,"05 Jul 2026  12:53:25",20427.5,GOOD,2.54,TRACKING
2201250,"05 Jul 2026  12:53:55",20427.9,GOOD,2.54,TRACKING
2201251,"05 Jul 2026  12:54:25",20428.1,GOOD,2.54,TRACKING
2201252,"05 Jul 2026  12:54:55",20428.3,GOOD,2.54,TRACKING
2201253,"05 Jul 2026  12:55:25",20428.0,GOOD,2.54,TRACKING
2201254,"05 Jul 2026  12:55:55",20428.5,GOOD,2.54,TRACKING
2201255,"05 Jul 2026  12:56:25",20428.9,GOOD,2.54,TRACKING
2201256,"05 Jul 2026  12:56:55",20428.2,GOOD,2.54,TRACKING
2201257,"05 Jul 2026  12:57:26",20428.6,GOOD,2.54,TRACKING
2201258,"05 Jul 2026  12:57:56",20428.8,GOOD,2.54,TRACKING
2201259,"05 Jul 2026  12:58:26",20429.1,GOOD,2.54,TRACKING
2201260,"05 Jul 2026  12:58:56",20428.9,GOOD,2.54,TRACKING
2201261,"05 Jul 2026  12:59:26",20429.3,GOOD,2.54,TRACKING
2201262,"05 Jul 2026  12:59:56",20429.5,GOOD,2.54,TRACKING
2201263,"05 Jul 2026  13:00:26",20429.7,GOOD,2.54,TRACKING
2201264,"05 Jul 2026  13:00:56",20429.2,GOOD,2.54,TRACKING
2201265,"05 Jul 2026  13:01:26",20429.1,GOOD,2.54,TRACKING
2201266,"05 Jul 2026  13:01:56",20429.0,GOOD,2.54,TRACKING
2201267,"05 Jul 2026  13:02:26",20429.1,GOOD,2.54,TRACKING
2201268,"05 Jul 2026  13:02:56",20428.8,GOOD,2.54,TRACKING
2201269,"05 Jul 2026  13:03:26",20429.2,GOOD,2.54,TRACKING
2201270,"05 Jul 2026  13:03:56",20429.5,GOOD,2.54,TRACKING
2201271,"05 Jul 2026  13:04:26",20430.4,GOOD,2.54,TRACKING
2201272,"05 Jul 2026  13:04:57",20430.7,GOOD,2.54,TRACKING
2201273,"05 Jul 2026  13:05:27",20431.1,GOOD,2.54,TRACKING
2201274,"05 Jul 2026  13:05:57",20430.5,GOOD,2.54,TRACKING
2201275,"05 Jul 2026  13:06:27",20430.7,GOOD,2.54,TRACKING
2201276,"05 Jul 2026  13:06:57",20430.1,GOOD,2.54,TRACKING
2201277,"05 Jul 2026  13:07:27",20429.7,GOOD,2.54,TRACKING
2201278,"05 Jul 2026  13:07:57",20429.9,GOOD,2.54,TRACKING
2201279,"05 Jul 2026  13:08:27",20429.2,GOOD,2.54,TRACKING
2201280,"05 Jul 2026  13:08:57",20429.0,GOOD,2.54,TRACKING
2201281,"05 Jul 2026  13:09:27",20429.5,GOOD,2.54,TRACKING
2201282,"05 Jul 2026  13:09:57",20430.3,GOOD,2.54,TRACKING
2201283,"05 Jul 2026  13:10:27",20430.4,GOOD,2.54,TRACKING
2201284,"05 Jul 2026  13:10:57",20429.7,GOOD,2.54,TRACKING
2201285,"05 Jul 2026  13:11:27",20430.4,GOOD,2.54,TRACKING
2201286,"05 Jul 2026  13:11:58",20430.7,GOOD,2.54,TRACKING
2201287,"05 Jul 2026  13:12:28",20430.8,GOOD,2.54,TRACKING
2201288,"05 Jul 2026  13:12:58",20431.1,GOOD,2.54,TRACKING
2201289,"05 Jul 2026  13:13:28",20430.3,GOOD,2.54,TRACKING
2201290,"05 Jul 2026  13:13:58",20430.9,GOOD,2.54,TRACKING
2201291,"05 Jul 2026  13:14:28",20431.2,GOOD,2.54,TRACKING
2201292,"05 Jul 2026  13:14:58",20431.0,GOOD,2.54,TRACKING
2201293,"05 Jul 2026  13:15:28",20431.2,GOOD,2.54,TRACKING
2201294,"05 Jul 2026  13:15:58",20431.3,GOOD,2.54,TRACKING
2201295,"05 Jul 2026  13:16:28",20432.1,GOOD,2.54,TRACKING
2201296,"05 Jul 2026  13:16:58",20432.1,GOOD,2.54,TRACKING
2201297,"05 Jul 2026  13:17:28",20431.9,GOOD,2.54,TRACKING
2201298,"05 Jul 2026  13:17:59",20431.3,GOOD,2.54,TRACKING
2201299,"05 Jul 2026  13:18:29",20431.1,GOOD,2.54,TRACKING
2201300,"05 Jul 2026  13:18:59",20431.1,GOOD,2.54,TRACKING
2201301,"05 Jul 2026  13:19:29",20430.8,GOOD,2.54,TRACKING
2201302,"05 Jul 2026  13:19:59",20431.3,GOOD,2.54,TRACKING
2201303,"05 Jul 2026  13:20:29",20431.6,GOOD,2.54,TRACKING
2201304,"05 Jul 2026  13:20:59",20431.2,GOOD,2.54,TRACKING
2201305,"05 Jul 2026  13:21:29",20431.4,GOOD,2.54,TRACKING
2201306,"05 Jul 2026  13:21:59",20431.5,GOOD,2.54,TRACKING
2201307,"05 Jul 2026  13:22:29",20431.8,GOOD,2.54,TRACKING
2201308,"05 Jul 2026  13:22:59",20431.9,GOOD,2.54,TRACKING
2201309,"05 Jul 2026  13:23:29",20432.0,GOOD,2.54,TRACKING
2201310,"05 Jul 2026  13:23:59",20432.2,GOOD,2.54,TRACKING
2201311,"05 Jul 2026  13:24:30",20431.5,GOOD,2.54,TRACKING
2201312,"05 Jul 2026  13:25:00",20431.7,GOOD,2.54,TRACKING
2201313,"05 Jul 2026  13:25:30",20432.1,GOOD,2.54,TRACKING
2201314,"05 Jul 2026  13:26:00",20432.1,GOOD,2.54,TRACKING
2201315,"05 Jul 2026  13:26:30",20431.8,GOOD,2.54,TRACKING
2201316,"05 Jul 2026  13:27:00",20431.8,GOOD,2.54,TRACKING
2201317,"05 Jul 2026  13:27:30",20431.4,GOOD,2.54,TRACKING
2201318,"05 Jul 2026  13:28:00",20431.6,GOOD,2.54,TRACKING
2201319,"05 Jul 2026  13:28:30",20431.9,GOOD,2.54,TRACKING
2201320,"05 Jul 2026  13:29:00",20431.9,GOOD,2.54,TRACKING
2201321,"05 Jul 2026  13:29:30",20431.5,GOOD,2.54,TRACKING
2201322,"05 Jul 2026  13:30:00",20432.2,GOOD,2.54,TRACKING
2201323,"05 Jul 2026  13:30:30",20432.3,GOOD,2.54,TRACKING
2201324,"05 Jul 2026  13:31:00",20433.6,GOOD,2.54,TRACKING
2201325,"05 Jul 2026  13:31:31",20433.0,GOOD,2.54,TRACKING
2201326,"05 Jul 2026  13:32:01",20433.5,GOOD,2.54,TRACKING
2201327,"05 Jul 2026  13:32:31",20432.6,GOOD,2.54,TRACKING
2201328,"05 Jul 2026  13:33:01",20432.8,GOOD,2.54,TRACKING
2201329,"05 Jul 2026  13:33:31",20432.9,GOOD,2.54,TRACKING
2201330,"05 Jul 2026  13:34:01",20433.2,GOOD,2.54,TRACKING
2201331,"05 Jul 2026  13:34:31",20433.2,GOOD,2.54,TRACKING
2201332,"05 Jul 2026  13:35:01",20433.6,GOOD,2.54,TRACKING
2201333,"05 Jul 2026  13:35:31",20434.1,GOOD,2.54,TRACKING
2201334,"05 Jul 2026  13:36:01",20433.9,GOOD,2.54,TRACKING
2201335,"05 Jul 2026  13:36:31",20433.9,GOOD,2.54,TRACKING
2201336,"05 Jul 2026  13:37:01",20434.0,GOOD,2.54,TRACKING
2201337,"05 Jul 2026  13:37:31",20434.6,GOOD,2.54,TRACKING
2201338,"05 Jul 2026  13:38:02",20433.3,GOOD,2.54,TRACKING
2201339,"05 Jul 2026  13:38:32",20434.7,GOOD,2.54,TRACKING
2201340,"05 Jul 2026  13:39:02",20435.2,GOOD,2.54,TRACKING
2201341,"05 Jul 2026  13:39:32",20435.5,GOOD,2.54,TRACKING
2201342,"05 Jul 2026  13:40:02",20435.1,GOOD,2.54,TRACKING
2201343,"05 Jul 2026  13:40:32",20434.9,GOOD,2.54,TRACKING
2201344,"05 Jul 2026  13:41:02",20434.9,GOOD,2.54,TRACKING
2201345,"05 Jul 2026  13:41:32",20434.7,GOOD,2.54,TRACKING
2201346,"05 Jul 2026  13:42:02",20434.1,GOOD,2.54,TRACKING
2201347,"05 Jul 2026  13:42:32",20434.0,GOOD,2.54,TRACKING
2201348,"05 Jul 2026  13:43:02",20434.6,GOOD,2.54,TRACKING
2201349,"05 Jul 2026  13:43:32",20434.5,GOOD,2.54,TRACKING
2201350,"05 Jul 2026  13:44:02",20434.4,GOOD,2.54,TRACKING
2201351,"05 Jul 2026  13:44:32",20434.2,GOOD,2.54,TRACKING
2201352,"05 Jul 2026  13:45:03",20433.8,GOOD,2.54,TRACKING
2201353,"05 Jul 2026  13:45:33",20434.4,GOOD,2.54,TRACKING
2201354,"05 Jul 2026  13:46:03",20434.5,GOOD,2.54,TRACKING
2201355,"05 Jul 2026  13:46:33",20434.5,GOOD,2.54,TRACKING
2201356,"05 Jul 2026  13:47:03",20434.1,GOOD,2.54,TRACKING
2201357,"05 Jul 2026  13:47:33",20434.4,GOOD,2.54,TRACKING
2201358,"05 Jul 2026  13:48:03",20434.3,GOOD,2.54,TRACKING
2201359,"05 Jul 2026  13:48:33",20434.0,GOOD,2.54,TRACKING
2201360,"05 Jul 2026  13:49:03",20434.6,GOOD,2.54,TRACKING
2201361,"05 Jul 2026  13:49:33",20434.7,GOOD,2.54,TRACKING
2201362,"05 Jul 2026  13:50:03",20435.5,GOOD,2.54,TRACKING
2201363,"05 Jul 2026  13:50:33",20434.9,GOOD,2.54,TRACKING
2201364,"05 Jul 2026  13:51:03",20435.1,GOOD,2.54,TRACKING
2201365,"05 Jul 2026  13:51:33",20435.4,GOOD,2.54,TRACKING
2201366,"05 Jul 2026  13:52:04",20436.1,GOOD,2.54,TRACKING
2201367,"05 Jul 2026  13:52:34",20435.5,GOOD,2.54,TRACKING
2201368,"05 Jul 2026  13:53:04",20435.7,GOOD,2.54,TRACKING
2201369,"05 Jul 2026  13:53:34",20436.1,GOOD,2.54,TRACKING
2201370,"05 Jul 2026  13:54:04",20436.1,GOOD,2.54,TRACKING
2201371,"05 Jul 2026  13:54:34",20435.4,GOOD,2.54,TRACKING
2201372,"05 Jul 2026  13:55:04",20435.9,GOOD,2.54,TRACKING
2201373,"05 Jul 2026  13:55:34",20435.4,GOOD,2.54,TRACKING
2201374,"05 Jul 2026  13:56:04",20435.2,GOOD,2.54,TRACKING
2201375,"05 Jul 2026  13:56:34",20435.6,GOOD,2.54,TRACKING
2201376,"05 Jul 2026  13:57:04",20436.1,GOOD,2.54,TRACKING
2201377,"05 Jul 2026  13:57:34",20436.2,GOOD,2.54,TRACKING
2201378,"05 Jul 2026  13:58:04",20436.6,GOOD,2.54,TRACKING
2201379,"05 Jul 2026  13:58:34",20437.1,GOOD,2.54,TRACKING
2201380,"05 Jul 2026  13:59:05",20437.2,GOOD,2.54,TRACKING
2201381,"05 Jul 2026  13:59:35",20436.7,GOOD,2.54,TRACKING
2201382,"05 Jul 2026  14:00:05",20436.9,GOOD,2.54,TRACKING
2201383,"05 Jul 2026  14:00:35",20436.9,GOOD,2.54,TRACKING
2201384,"05 Jul 2026  14:01:05",20436.5,GOOD,2.54,TRACKING
2201385,"05 Jul 2026  14:01:35",20436.1,GOOD,2.54,TRACKING
2201386,"05 Jul 2026  14:02:05",20436.7,GOOD,2.54,TRACKING
2201387,"05 Jul 2026  14:02:35",20437.0,GOOD,2.54,TRACKING
2201388,"05 Jul 2026  14:03:05",20436.5,GOOD,2.54,TRACKING
2201389,"05 Jul 2026  14:03:35",20436.7,GOOD,2.54,TRACKING
2201390,"05 Jul 2026  14:04:05",20437.1,GOOD,2.54,TRACKING
2201391,"05 Jul 2026  14:04:35",20437.5,GOOD,2.54,TRACKING
2201392,"05 Jul 2026  14:05:05",20437.8,GOOD,2.54,TRACKING
2201393,"05 Jul 2026  14:05:36",20438.2,GOOD,2.54,TRACKING
2201394,"05 Jul 2026  14:06:06",20437.8,GOOD,2.54,TRACKING
2201395,"05 Jul 2026  14:06:36",20437.7,GOOD,2.54,TRACKING
2201396,"05 Jul 2026  14:07:06",20438.5,GOOD,2.54,TRACKING
2201397,"05 Jul 2026  14:07:36",20437.5,GOOD,2.54,TRACKING
2201398,"05 Jul 2026  14:08:06",20437.4,GOOD,2.54,TRACKING
2201399,"05 Jul 2026  14:08:36",20437.4,GOOD,2.54,TRACKING
2201400,"05 Jul 2026  14:09:06",20436.8,GOOD,2.54,TRACKING
2201401,"05 Jul 2026  14:09:36",20437.5,GOOD,2.54,TRACKING
2201402,"05 Jul 2026  14:10:06",20437.5,GOOD,2.54,TRACKING
2201403,"05 Jul 2026  14:10:36",20437.5,GOOD,2.54,TRACKING
2201404,"05 Jul 2026  14:11:06",20437.3,GOOD,2.54,TRACKING
2201405,"05 Jul 2026  14:11:36",20436.9,GOOD,2.54,TRACKING
2201406,"05 Jul 2026  14:12:06",20437.6,GOOD,2.54,TRACKING
2201407,"05 Jul 2026  14:12:37",20438.1,GOOD,2.54,TRACKING
2201408,"05 Jul 2026  14:13:07",20437.8,GOOD,2.54,TRACKING
2201409,"05 Jul 2026  14:13:37",20437.7,GOOD,2.54,TRACKING
2201410,"05 Jul 2026  14:14:07",20437.6,GOOD,2.54,TRACKING
2201411,"05 Jul 2026  14:14:37",20437.6,GOOD,2.54,TRACKING
2201412,"05 Jul 2026  14:15:07",20437.8,GOOD,2.54,TRACKING
2201413,"05 Jul 2026  14:15:37",20437.6,GOOD,2.54,TRACKING
2201414,"05 Jul 2026  14:16:07",20437.4,GOOD,2.54,TRACKING
2201415,"05 Jul 2026  14:16:37",20438.2,GOOD,2.54,TRACKING
2201416,"05 Jul 2026  14:17:07",20438.6,GOOD,2.54,TRACKING
2201417,"05 Jul 2026  14:17:37",20438.7,GOOD,2.54,TRACKING
2201418,"05 Jul 2026  14:18:07",20438.3,GOOD,2.54,TRACKING
2201419,"05 Jul 2026  14:18:37",20438.7,GOOD,2.54,TRACKING
2201420,"05 Jul 2026  14:19:07",20439.0,GOOD,2.54,TRACKING
2201421,"05 Jul 2026  14:19:38",20439.1,GOOD,2.54,TRACKING
2201422,"05 Jul 2026  14:20:08",20438.7,GOOD,2.54,TRACKING
2201423,"05 Jul 2026  14:20:38",20439.5,GOOD,2.54,TRACKING
2201424,"05 Jul 2026  14:21:08",20439.8,GOOD,2.54,TRACKING
2201425,"05 Jul 2026  14:21:38",20439.7,GOOD,2.54,TRACKING
2201426,"05 Jul 2026  14:22:08",20439.8,GOOD,2.54,TRACKING
2201427,"05 Jul 2026  14:22:38",20439.6,GOOD,2.54,TRACKING
2201428,"05 Jul 2026  14:23:08",20438.9,GOOD,2.54,TRACKING
2201429,"05 Jul 2026  14:23:38",20439.2,GOOD,2.54,TRACKING
2201430,"05 Jul 2026  14:24:08",20438.5,GOOD,2.54,TRACKING
2201431,"05 Jul 2026  14:24:38",20439.2,GOOD,2.54,TRACKING
2201432,"05 Jul 2026  14:25:08",20439.5,GOOD,2.54,TRACKING
2201433,"05 Jul 2026  14:25:38",20439.5,GOOD,2.54,TRACKING
2201434,"05 Jul 2026  14:26:08",20440.0,GOOD,2.54,TRACKING
2201435,"05 Jul 2026  14:26:38",20439.3,GOOD,2.54,TRACKING
2201436,"05 Jul 2026  14:27:09",20439.5,GOOD,2.54,TRACKING
2201437,"05 Jul 2026  14:27:39",20440.0,GOOD,2.54,TRACKING
2201438,"05 Jul 2026  14:28:09",20440.0,GOOD,2.54,TRACKING
2201439,"05 Jul 2026  14:28:39",20439.5,GOOD,2.54,TRACKING
2201440,"05 Jul 2026  14:29:09",20439.9,GOOD,2.54,TRACKING
2201441,"05 Jul 2026  14:29:39",20440.2,GOOD,2.54,TRACKING
2201442,"05 Jul 2026  14:30:09",20440.0,GOOD,2.54,TRACKING
2201443,"05 Jul 2026  14:30:39",20440.2,GOOD,2.54,TRACKING
2201444,"05 Jul 2026  14:31:09",20440.5,GOOD,2.54,TRACKING
2201445,"05 Jul 2026  14:31:39",20440.5,GOOD,2.54,TRACKING
2201446,"05 Jul 2026  14:32:09",20440.0,GOOD,2.54,TRACKING
2201447,"05 Jul 2026  14:32:39",20440.2,GOOD,2.54,TRACKING
2201448,"05 Jul 2026  14:33:10",20440.3,GOOD,2.54,TRACKING
2201449,"05 Jul 2026  14:33:40",20440.2,GOOD,2.54,TRACKING
2201450,"05 Jul 2026  14:34:10",20440.3,GOOD,2.54,TRACKING
2201451,"05 Jul 2026  14:34:40",20440.5,GOOD,2.54,TRACKING
2201452,"05 Jul 2026  14:35:10",20440.9,GOOD,2.54,TRACKING
2201453,"05 Jul 2026  14:35:40",20440.9,GOOD,2.54,TRACKING
2201454,"05 Jul 2026  14:36:10",20441.5,GOOD,2.54,TRACKING
2201455,"05 Jul 2026  14:36:40",20441.8,GOOD,2.54,TRACKING
2201456,"05 Jul 2026  14:37:10",20442.0,GOOD,2.54,TRACKING
2201457,"05 Jul 2026  14:37:40",20441.1,GOOD,2.54,TRACKING
2201458,"05 Jul 2026  14:38:10",20441.1,GOOD,2.54,TRACKING
2201459,"05 Jul 2026  14:38:40",20441.1,GOOD,2.54,TRACKING
2201460,"05 Jul 2026  14:39:10",20440.7,GOOD,2.54,TRACKING
2201461,"05 Jul 2026  14:39:41",20441.2,GOOD,2.54,TRACKING
2201462,"05 Jul 2026  14:40:11",20441.8,GOOD,2.54,TRACKING
2201463,"05 Jul 2026  14:40:41",20442.1,GOOD,2.54,TRACKING
2201464,"05 Jul 2026  14:41:11",20442.5,GOOD,2.54,TRACKING
2201465,"05 Jul 2026  14:41:41",20442.9,GOOD,2.54,TRACKING
2201466,"05 Jul 2026  14:42:11",20442.3,GOOD,2.54,TRACKING
2201467,"05 Jul 2026  14:42:41",20441.7,GOOD,2.54,TRACKING
2201468,"05 Jul 2026  14:43:11",20441.9,GOOD,2.54,TRACKING
2201469,"05 Jul 2026  14:43:41",20441.7,GOOD,2.54,TRACKING
2201470,"05 Jul 2026  14:44:11",20441.8,GOOD,2.54,TRACKING
2201471,"05 Jul 2026  14:44:41",20441.7,GOOD,2.54,TRACKING
2201472,"05 Jul 2026  14:45:11",20441.6,GOOD,2.54,TRACKING
2201473,"05 Jul 2026  14:45:41",20441.1,GOOD,2.54,TRACKING
2201474,"05 Jul 2026  14:46:12",20441.3,GOOD,2.54,TRACKING
2201475,"05 Jul 2026  14:46:42",20441.7,GOOD,2.54,TRACKING
2201476,"05 Jul 2026  14:47:12",20441.4,GOOD,2.54,TRACKING
2201477,"05 Jul 2026  14:47:42",20441.7,GOOD,2.54,TRACKING
2201478,"05 Jul 2026  14:48:12",20442.5,GOOD,2.54,TRACKING
2201479,"05 Jul 2026  14:48:42",20442.7,GOOD,2.54,TRACKING
2201480,"05 Jul 2026  14:49:12",20442.5,GOOD,2.54,TRACKING
2201481,"05 Jul 2026  14:49:42",20442.9,GOOD,2.54,TRACKING
2201482,"05 Jul 2026  14:50:12",20442.8,GOOD,2.54,TRACKING
2201483,"05 Jul 2026  14:50:42",20443.2,GOOD,2.54,TRACKING
2201484,"05 Jul 2026  14:51:12",20442.7,GOOD,2.54,TRACKING
2201485,"05 Jul 2026  14:51:42",20442.6,GOOD,2.54,TRACKING
2201486,"05 Jul 2026  14:52:13",20442.6,GOOD,2.54,TRACKING
2201487,"05 Jul 2026  14:52:43",20443.0,GOOD,2.54,TRACKING
2201488,"05 Jul 2026  14:53:13",20443.2,GOOD,2.54,TRACKING
2201489,"05 Jul 2026  14:53:43",20443.5,GOOD,2.54,TRACKING
2201490,"05 Jul 2026  14:54:13",20443.9,GOOD,2.54,TRACKING
2201491,"05 Jul 2026  14:54:43",20443.8,GOOD,2.54,TRACKING
2201492,"05 Jul 2026  14:55:13",20443.3,GOOD,2.54,TRACKING
2201493,"05 Jul 2026  14:55:43",20443.4,GOOD,2.54,TRACKING
2201494,"05 Jul 2026  14:56:13",20444.2,GOOD,2.54,TRACKING
2201495,"05 Jul 2026  14:56:43",20443.9,GOOD,2.54,TRACKING
2201496,"05 Jul 2026  14:57:13",20443.3,GOOD,2.54,TRACKING
2201497,"05 Jul 2026  14:57:43",20443.3,GOOD,2.54,TRACKING
2201498,"05 Jul 2026  14:58:13",20443.2,GOOD,2.54,TRACKING
2201499,"05 Jul 2026  14:58:44",20443.5,GOOD,2.54,TRACKING
2201500,"05 Jul 2026  14:59:14",20442.9,GOOD,2.54,TRACKING
2201501,"05 Jul 2026  14:59:44",20443.0,GOOD,2.54,TRACKING
2201502,"05 Jul 2026  15:00:14",20442.9,GOOD,2.54,TRACKING
2201503,"05 Jul 2026  15:00:44",20444.1,GOOD,2.54,TRACKING
2201504,"05 Jul 2026  15:01:14",20444.6,GOOD,2.54,TRACKING
2201505,"05 Jul 2026  15:01:44",20444.4,GOOD,2.54,TRACKING
2201506,"05 Jul 2026  15:02:14",20443.8,GOOD,2.54,TRACKING
2201507,"05 Jul 2026  15:02:44",20444.3,GOOD,2.54,TRACKING
2201508,"05 Jul 2026  15:03:14",20444.9,GOOD,2.54,TRACKING
2201509,"05 Jul 2026  15:03:44",20445.2,GOOD,2.54,TRACKING
2201510,"05 Jul 2026  15:04:14",20445.5,GOOD,2.54,TRACKING
2201511,"05 Jul 2026  15:04:45",20446.1,GOOD,2.54,TRACKING
2201512,"05 Jul 2026  15:05:15",20445.4,GOOD,2.54,TRACKING
2201513,"05 Jul 2026  15:05:45",20445.2,GOOD,2.54,TRACKING
2201514,"05 Jul 2026  15:06:15",20445.5,GOOD,2.54,TRACKING
2201515,"05 Jul 2026  15:06:45",20445.2,GOOD,2.54,TRACKING
2201516,"05 Jul 2026  15:07:15",20445.8,GOOD,2.54,TRACKING
2201517,"05 Jul 2026  15:07:45",20445.7,GOOD,2.54,TRACKING
2201518,"05 Jul 2026  15:08:15",20445.6,GOOD,2.54,TRACKING
2201519,"05 Jul 2026  15:08:45",20445.8,GOOD,2.54,TRACKING
2201520,"05 Jul 2026  15:09:15",20445.2,GOOD,2.54,TRACKING
2201521,"05 Jul 2026  15:09:45",20444.7,GOOD,2.54,TRACKING
2201522,"05 Jul 2026  15:10:15",20444.6,GOOD,2.54,TRACKING
2201523,"05 Jul 2026  15:10:46",20444.5,GOOD,2.54,TRACKING
2201524,"05 Jul 2026  15:11:16",20445.7,GOOD,2.54,TRACKING
2201525,"05 Jul 2026  15:11:46",20445.7,GOOD,2.54,TRACKING
2201526,"05 Jul 2026  15:12:16",20445.4,GOOD,2.54,TRACKING
2201527,"05 Jul 2026  15:12:46",20445.8,GOOD,2.54,TRACKING
2201528,"05 Jul 2026  15:13:16",20445.5,GOOD,2.54,TRACKING
2201529,"05 Jul 2026  15:13:46",20445.5,GOOD,2.54,TRACKING
2201530,"05 Jul 2026  15:14:16",20445.6,GOOD,2.54,TRACKING
2201531,"05 Jul 2026  15:14:46",20444.8,GOOD,2.54,TRACKING
2201532,"05 Jul 2026  15:15:16",20444.9,GOOD,2.54,TRACKING
2201533,"05 Jul 2026  15:15:46",20444.9,GOOD,2.54,TRACKING
2201534,"05 Jul 2026  15:16:16",20445.3,GOOD,2.54,TRACKING
2201535,"05 Jul 2026  15:16:47",20445.7,GOOD,2.54,TRACKING
2201536,"05 Jul 2026  15:17:17",20445.2,GOOD,2.54,TRACKING
2201537,"05 Jul 2026  15:17:47",20445.8,GOOD,2.54,TRACKING
2201538,"05 Jul 2026  15:18:17",20446.0,GOOD,2.54,TRACKING
2201539,"05 Jul 2026  15:18:47",20445.4,GOOD,2.54,TRACKING
2201540,"05 Jul 2026  15:19:17",20445.9,GOOD,2.54,TRACKING
2201541,"05 Jul 2026  15:19:47",20445.6,GOOD,2.54,TRACKING
2201542,"05 Jul 2026  15:20:17",20445.9,GOOD,2.54,TRACKING
2201543,"05 Jul 2026  15:20:47",20445.6,GOOD,2.54,TRACKING
2201544,"05 Jul 2026  15:21:17",20445.9,GOOD,2.54,TRACKING
2201545,"05 Jul 2026  15:21:47",20445.7,GOOD,2.54,TRACKING
2201546,"05 Jul 2026  15:22:17",20445.8,GOOD,2.54,TRACKING
2201547,"05 Jul 2026  15:22:47",20446.3,GOOD,2.54,TRACKING
2201548,"05 Jul 2026  15:23:18",20446.7,GOOD,2.54,TRACKING
2201549,"05 Jul 2026  15:23:48",20446.3,GOOD,2.54,TRACKING
2201550,"05 Jul 2026  15:24:18",20447.0,GOOD,2.54,TRACKING
2201551,"05 Jul 2026  15:24:48",20447.5,GOOD,2.54,TRACKING
2201552,"05 Jul 2026  15:25:18",20447.6,GOOD,2.54,TRACKING
2201553,"05 Jul 2026  15:25:48",20447.4,GOOD,2.54,TRACKING
2201554,"05 Jul 2026  15:26:18",20446.7,GOOD,2.54,TRACKING
2201555,"05 Jul 2026  15:26:48",20447.0,GOOD,2.54,TRACKING
2201556,"05 Jul 2026  15:27:18",20447.2,GOOD,2.54,TRACKING
2201557,"05 Jul 2026  15:27:48",20447.0,GOOD,2.54,TRACKING
2201558,"05 Jul 2026  15:28:18",20447.0,GOOD,2.54,TRACKING
2201559,"05 Jul 2026  15:28:48",20447.3,GOOD,2.54,TRACKING
2201560,"05 Jul 2026  15:29:19",20447.0,GOOD,2.54,TRACKING
2201561,"05 Jul 2026  15:29:49",20446.8,GOOD,2.54,TRACKING
2201562,"05 Jul 2026  15:30:19",20447.3,GOOD,2.54,TRACKING
2201563,"05 Jul 2026  15:30:49",20447.3,GOOD,2.54,TRACKING
2201564,"05 Jul 2026  15:31:19",20446.7,GOOD,2.54,TRACKING
2201565,"05 Jul 2026  15:31:49",20448.0,GOOD,2.54,TRACKING
2201566,"05 Jul 2026  15:32:19",20448.6,GOOD,2.54,TRACKING
2201567,"05 Jul 2026  15:32:49",20448.4,GOOD,2.54,TRACKING
2201568,"05 Jul 2026  15:33:19",20448.3,GOOD,2.54,TRACKING
2201569,"05 Jul 2026  15:33:49",20448.2,GOOD,2.54,TRACKING
2201570,"05 Jul 2026  15:34:19",20447.8,GOOD,2.54,TRACKING
2201571,"05 Jul 2026  15:34:49",20447.6,GOOD,2.54,TRACKING
2201572,"05 Jul 2026  15:35:20",20448.6,GOOD,2.54,TRACKING
2201573,"05 Jul 2026  15:35:50",20448.7,GOOD,2.54,TRACKING
2201574,"05 Jul 2026  15:36:20",20448.5,GOOD,2.54,TRACKING
2201575,"05 Jul 2026  15:36:50",20448.8,GOOD,2.54,TRACKING
2201576,"05 Jul 2026  15:37:20",20448.2,GOOD,2.54,TRACKING
2201577,"05 Jul 2026  15:37:50",20448.5,GOOD,2.54,TRACKING
2201578,"05 Jul 2026  15:38:20",20448.5,GOOD,2.54,TRACKING
2201579,"05 Jul 2026  15:38:50",20448.0,GOOD,2.54,TRACKING
2201580,"05 Jul 2026  15:39:20",20448.1,GOOD,2.54,TRACKING
2201581,"05 Jul 2026  15:39:50",20447.8,GOOD,2.54,TRACKING
2201582,"05 Jul 2026  15:40:20",20448.3,GOOD,2.54,TRACKING
2201583,"05 Jul 2026  15:40:50",20448.3,GOOD,2.54,TRACKING
2201584,"05 Jul 2026  15:41:21",20448.6,GOOD,2.54,TRACKING
2201585,"05 Jul 2026  15:41:51",20449.0,GOOD,2.54,TRACKING
2201586,"05 Jul 2026  15:42:21",20448.3,GOOD,2.54,TRACKING
2201587,"05 Jul 2026  15:42:51",20448.6,GOOD,2.54,TRACKING
2201588,"05 Jul 2026  15:43:21",20448.4,GOOD,2.54,TRACKING
2201589,"05 Jul 2026  15:43:51",20448.4,GOOD,2.54,TRACKING
2201590,"05 Jul 2026  15:44:21",20448.5,GOOD,2.54,TRACKING
2201591,"05 Jul 2026  15:44:51",20448.8,GOOD,2.54,TRACKING
2201592,"05 Jul 2026  15:45:21",20449.1,GOOD,2.54,TRACKING
2201593,"05 Jul 2026  15:45:51",20449.7,GOOD,2.54,TRACKING
2201594,"05 Jul 2026  15:46:21",20449.9,GOOD,2.54,TRACKING
2201595,"05 Jul 2026  15:46:51",20450.3,GOOD,2.54,TRACKING
2201596,"05 Jul 2026  15:47:22",20449.5,GOOD,2.54,TRACKING
2201597,"05 Jul 2026  15:47:52",20449.6,GOOD,2.54,TRACKING
2201598,"05 Jul 2026  15:48:22",20449.9,GOOD,2.54,TRACKING
2201599,"05 Jul 2026  15:48:52",20449.2,GOOD,2.54,TRACKING
2201600,"05 Jul 2026  15:49:22",20448.9,GOOD,2.54,TRACKING
2201601,"05 Jul 2026  15:49:52",20449.7,GOOD,2.54,TRACKING
2201602,"05 Jul 2026  15:50:22",20449.8,GOOD,2.54,TRACKING
2201603,"05 Jul 2026  15:50:52",20450.0,GOOD,2.54,TRACKING
2201604,"05 Jul 2026  15:51:22",20450.7,GOOD,2.54,TRACKING
2201605,"05 Jul 2026  15:51:52",20451.3,GOOD,2.54,TRACKING
2201606,"05 Jul 2026  15:52:22",20451.7,GOOD,2.54,TRACKING
2201607,"05 Jul 2026  15:52:52",20451.3,GOOD,2.54,TRACKING
2201608,"05 Jul 2026  15:53:22",20450.8,GOOD,2.54,TRACKING
2201609,"05 Jul 2026  15:53:53",20450.7,GOOD,2.54,TRACKING
2201610,"05 Jul 2026  15:54:23",20450.5,GOOD,2.54,TRACKING
2201611,"05 Jul 2026  15:54:53",20450.0,GOOD,2.54,TRACKING
2201612,"05 Jul 2026  15:55:23",20450.7,GOOD,2.54,TRACKING
2201613,"05 Jul 2026  15:55:53",20450.5,GOOD,2.54,TRACKING
2201614,"05 Jul 2026  15:56:23",20450.3,GOOD,2.54,TRACKING
2201615,"05 Jul 2026  15:56:53",20449.6,GOOD,2.54,TRACKING
2201616,"05 Jul 2026  15:57:23",20450.0,GOOD,2.54,TRACKING
2201617,"05 Jul 2026  15:57:53",20449.9,GOOD,2.54,TRACKING
2201618,"05 Jul 2026  15:58:23",20450.1,GOOD,2.54,TRACKING
2201619,"05 Jul 2026  15:58:53",20450.4,GOOD,2.54,TRACKING
2201620,"05 Jul 2026  15:59:23",20450.1,GOOD,2.54,TRACKING
2201621,"05 Jul 2026  15:59:54",20451.1,GOOD,2.54,TRACKING
2201622,"05 Jul 2026  16:00:24",20452.1,GOOD,2.54,TRACKING
2201623,"05 Jul 2026  16:00:54",20451.6,GOOD,2.54,TRACKING
2201624,"05 Jul 2026  16:01:24",20452.3,GOOD,2.54,TRACKING
2201625,"05 Jul 2026  16:01:54",20451.7,GOOD,2.54,TRACKING
2201626,"05 Jul 2026  16:02:24",20452.1,GOOD,2.54,TRACKING
2201627,"05 Jul 2026  16:02:54",20451.7,GOOD,2.54,TRACKING
2201628,"05 Jul 2026  16:03:24",20451.2,GOOD,2.54,TRACKING
2201629,"05 Jul 2026  16:03:54",20450.8,GOOD,2.54,TRACKING
2201630,"05 Jul 2026  16:04:24",20451.1,GOOD,2.54,TRACKING
2201631,"05 Jul 2026  16:04:54",20452.0,GOOD,2.54,TRACKING
2201632,"05 Jul 2026  16:05:24",20451.7,GOOD,2.54,TRACKING
2201633,"05 Jul 2026  16:05:54",20452.1,GOOD,2.54,TRACKING
2201634,"05 Jul 2026  16:06:24",20452.4,GOOD,2.54,TRACKING
2201635,"05 Jul 2026  16:06:55",20451.4,GOOD,2.54,TRACKING
2201636,"05 Jul 2026  16:07:25",20452.0,GOOD,2.54,TRACKING
2201637,"05 Jul 2026  16:07:55",20452.3,GOOD,2.54,TRACKING
2201638,"05 Jul 2026  16:08:25",20452.6,GOOD,2.54,TRACKING
2201639,"05 Jul 2026  16:08:55",20452.5,GOOD,2.54,TRACKING
2201640,"05 Jul 2026  16:09:25",20452.2,GOOD,2.54,TRACKING
2201641,"05 Jul 2026  16:09:55",20452.6,GOOD,2.54,TRACKING
2201642,"05 Jul 2026  16:10:25",20452.7,GOOD,2.54,TRACKING
2201643,"05 Jul 2026  16:10:55",20452.7,GOOD,2.54,TRACKING
2201644,"05 Jul 2026  16:11:25",20452.1,GOOD,2.54,TRACKING
2201645,"05 Jul 2026  16:11:55",20451.9,GOOD,2.54,TRACKING
2201646,"05 Jul 2026  16:12:25",20451.0,GOOD,2.54,TRACKING
2201647,"05 Jul 2026  16:12:55",20451.9,GOOD,2.54,TRACKING
2201648,"05 Jul 2026  16:13:26",20452.4,GOOD,2.54,TRACKING
2201649,"05 Jul 2026  16:13:56",20452.3,GOOD,2.54,TRACKING
2201650,"05 Jul 2026  16:14:26",20452.6,GOOD,2.54,TRACKING
2201651,"05 Jul 2026  16:14:56",20453.6,GOOD,2.54,TRACKING
2201652,"05 Jul 2026  16:15:26",20454.0,GOOD,2.54,TRACKING
2201653,"05 Jul 2026  16:15:56",20454.2,GOOD,2.54,TRACKING
2201654,"05 Jul 2026  16:16:26",20453.6,GOOD,2.54,TRACKING
2201655,"05 Jul 2026  16:16:56",20453.1,GOOD,2.54,TRACKING
2201656,"05 Jul 2026  16:17:26",20452.6,GOOD,2.54,TRACKING
2201657,"05 Jul 2026  16:17:56",20452.4,GOOD,2.54,TRACKING
2201658,"05 Jul 2026  16:18:26",20452.5,GOOD,2.54,TRACKING
2201659,"05 Jul 2026  16:18:56",20452.7,GOOD,2.54,TRACKING
2201660,"05 Jul 2026  16:19:26",20453.3,GOOD,2.54,TRACKING
2201661,"05 Jul 2026  16:19:56",20452.9,GOOD,2.54,TRACKING
2201662,"05 Jul 2026  16:20:27",20453.0,GOOD,2.54,TRACKING
2201663,"05 Jul 2026  16:20:57",20452.9,GOOD,2.54,TRACKING
2201664,"05 Jul 2026  16:21:27",20453.2,GOOD,2.54,TRACKING
2201665,"05 Jul 2026  16:21:57",20452.5,GOOD,2.54,TRACKING
2201666,"05 Jul 2026  16:22:27",20453.1,GOOD,2.54,TRACKING
2201667,"05 Jul 2026  16:22:57",20452.7,GOOD,2.54,TRACKING
2201668,"05 Jul 2026  16:23:27",20452.1,GOOD,2.54,TRACKING
2201669,"05 Jul 2026  16:23:57",20452.7,GOOD,2.54,TRACKING
2201670,"05 Jul 2026  16:24:27",20452.6,GOOD,2.54,TRACKING
2201671,"05 Jul 2026  16:24:57",20452.5,GOOD,2.54,TRACKING
2201672,"05 Jul 2026  16:25:27",20453.5,GOOD,2.54,TRACKING
2201673,"05 Jul 2026  16:25:57",20453.6,GOOD,2.54,TRACKING
2201674,"05 Jul 2026  16:26:27",20453.3,GOOD,2.54,TRACKING
2201675,"05 Jul 2026  16:26:57",20453.4,GOOD,2.54,TRACKING
2201676,"05 Jul 2026  16:27:27",20454.1,GOOD,2.54,TRACKING
2201677,"05 Jul 2026  16:27:58",20453.8,GOOD,2.54,TRACKING
2201678,"05 Jul 2026  16:28:28",20453.7,GOOD,2.54,TRACKING
2201679,"05 Jul 2026  16:28:58",20454.3,GOOD,2.54,TRACKING
2201680,"05 Jul 2026  16:29:28",20454.3,GOOD,2.54,TRACKING
2201681,"05 Jul 2026  16:29:58",20453.5,GOOD,2.54,TRACKING
2201682,"05 Jul 2026  16:30:28",20453.9,GOOD,2.54,TRACKING
2201683,"05 Jul 2026  16:30:58",20454.5,GOOD,2.54,TRACKING
2201684,"05 Jul 2026  16:31:28",20454.3,GOOD,2.54,TRACKING
2201685,"05 Jul 2026  16:31:58",20454.2,GOOD,2.54,TRACKING
2201686,"05 Jul 2026  16:32:28",20454.2,GOOD,2.54,TRACKING
2201687,"05 Jul 2026  16:32:58",20454.2,GOOD,2.54,TRACKING
2201688,"05 Jul 2026  16:33:28",20454.4,GOOD,2.54,TRACKING
2201689,"05 Jul 2026  16:33:58",20454.8,GOOD,2.54,TRACKING
2201690,"05 Jul 2026  16:34:28",20455.2,GOOD,2.54,TRACKING
2201691,"05 Jul 2026  16:34:59",20455.6,GOOD,2.54,TRACKING
2201692,"05 Jul 2026  16:35:29",20455.2,GOOD,2.54,TRACKING
2201693,"05 Jul 2026  16:35:59",20454.8,GOOD,2.54,TRACKING
2201694,"05 Jul 2026  16:36:29",20455.0,GOOD,2.54,TRACKING
2201695,"05 Jul 2026  16:36:59",20453.7,GOOD,2.54,TRACKING
2201696,"05 Jul 2026  16:37:29",20454.3,GOOD,2.54,TRACKING
2201697,"05 Jul 2026  16:37:59",20455.2,GOOD,2.54,TRACKING
2201698,"05 Jul 2026  16:38:29",20454.4,GOOD,2.54,TRACKING
2201699,"05 Jul 2026  16:38:59",20454.9,GOOD,2.54,TRACKING
2201700,"05 Jul 2026  16:39:29",20455.2,GOOD,2.54,TRACKING
2201701,"05 Jul 2026  16:39:59",20456.1,GOOD,2.54,TRACKING
2201702,"05 Jul 2026  16:40:29",20455.7,GOOD,2.54,TRACKING
2201703,"05 Jul 2026  16:40:59",20455.3,GOOD,2.54,TRACKING
2201704,"05 Jul 2026  16:41:29",20455.4,GOOD,2.54,TRACKING
2201705,"05 Jul 2026  16:41:59",20455.4,GOOD,2.54,TRACKING
2201706,"05 Jul 2026  16:42:30",20455.0,GOOD,2.54,TRACKING
2201707,"05 Jul 2026  16:43:00",20455.8,GOOD,2.54,TRACKING
2201708,"05 Jul 2026  16:43:30",20456.2,GOOD,2.54,TRACKING
2201709,"05 Jul 2026  16:44:00",20455.6,GOOD,2.54,TRACKING
2201710,"05 Jul 2026  16:44:30",20454.9,GOOD,2.54,TRACKING
2201711,"05 Jul 2026  16:45:00",20455.6,GOOD,2.54,TRACKING
2201712,"05 Jul 2026  16:45:30",20455.4,GOOD,2.54,TRACKING
2201713,"05 Jul 2026  16:46:00",20455.7,GOOD,2.54,TRACKING
2201714,"05 Jul 2026  16:46:30",20455.0,GOOD,2.54,TRACKING
2201715,"05 Jul 2026  16:47:00",20455.4,GOOD,2.54,TRACKING
2201716,"05 Jul 2026  16:47:30",20455.9,GOOD,2.54,TRACKING
2201717,"05 Jul 2026  16:48:00",20456.0,GOOD,2.54,TRACKING
2201718,"05 Jul 2026  16:48:30",20456.1,GOOD,2.54,TRACKING
2201719,"05 Jul 2026  16:49:00",20457.3,GOOD,2.54,TRACKING
2201720,"05 Jul 2026  16:49:30",20456.8,GOOD,2.54,TRACKING
2201721,"05 Jul 2026  16:50:01",20456.2,GOOD,2.54,TRACKING
2201722,"05 Jul 2026  16:50:31",20456.5,GOOD,2.54,TRACKING
2201723,"05 Jul 2026  16:51:01",20457.1,GOOD,2.54,TRACKING
2201724,"05 Jul 2026  16:51:31",20456.5,GOOD,2.54,TRACKING
2201725,"05 Jul 2026  16:52:01",20456.9,GOOD,2.54,TRACKING
2201726,"05 Jul 2026  16:52:31",20456.3,GOOD,2.54,TRACKING
2201727,"05 Jul 2026  16:53:01",20456.2,GOOD,2.54,TRACKING
2201728,"05 Jul 2026  16:53:31",20455.5,GOOD,2.54,TRACKING
2201729,"05 Jul 2026  16:54:01",20456.2,GOOD,2.54,TRACKING
2201730,"05 Jul 2026  16:54:31",20456.4,GOOD,2.54,TRACKING
2201731,"05 Jul 2026  16:55:01",20456.6,GOOD,2.54,TRACKING
2201732,"05 Jul 2026  16:55:31",20457.5,GOOD,2.54,TRACKING
2201733,"05 Jul 2026  16:56:01",20457.5,GOOD,2.54,TRACKING
2201734,"05 Jul 2026  16:56:31",20457.5,GOOD,2.54,TRACKING
2201735,"05 Jul 2026  16:57:02",20457.4,GOOD,2.54,TRACKING
2201736,"05 Jul 2026  16:57:32",20457.7,GOOD,2.54,TRACKING
2201737,"05 Jul 2026  16:58:02",20458.9,GOOD,2.54,TRACKING
2201738,"05 Jul 2026  16:58:32",20459.0,GOOD,2.54,TRACKING
2201739,"05 Jul 2026  16:59:02",20458.3,GOOD,2.54,TRACKING
2201740,"05 Jul 2026  16:59:32",20457.8,GOOD,2.54,TRACKING
2201741,"05 Jul 2026  17:00:02",20457.6,GOOD,2.54,TRACKING
2201742,"05 Jul 2026  17:00:32",20457.4,GOOD,2.54,TRACKING
2201743,"05 Jul 2026  17:01:02",20457.6,GOOD,2.54,TRACKING
2201744,"05 Jul 2026  17:01:32",20457.7,GOOD,2.54,TRACKING
2201745,"05 Jul 2026  17:02:02",20457.6,GOOD,2.54,TRACKING
2201746,"05 Jul 2026  17:02:32",20457.6,GOOD,2.54,TRACKING
2201747,"05 Jul 2026  17:03:02",20457.8,GOOD,2.54,TRACKING
2201748,"05 Jul 2026  17:03:32",20457.9,GOOD,2.54,TRACKING
2201749,"05 Jul 2026  17:04:03",20457.9,GOOD,2.54,TRACKING
2201750,"05 Jul 2026  17:04:33",20457.5,GOOD,2.54,TRACKING
2201751,"05 Jul 2026  17:05:03",20455.3,GOOD,2.54,TRACKING
2201752,"05 Jul 2026  17:05:33",20457.1,GOOD,2.54,TRACKING
2201753,"05 Jul 2026  17:06:03",20457.0,GOOD,2.54,TRACKING
2201754,"05 Jul 2026  17:06:33",20457.4,GOOD,2.54,TRACKING
2201755,"05 Jul 2026  17:07:03",20457.8,GOOD,2.54,TRACKING
2201756,"05 Jul 2026  17:07:33",20458.6,GOOD,2.54,TRACKING
2201757,"05 Jul 2026  17:08:03",20458.8,GOOD,2.54,TRACKING
2201758,"05 Jul 2026  17:08:33",20458.8,GOOD,2.54,TRACKING
2201759,"05 Jul 2026  17:09:03",20458.1,GOOD,2.54,TRACKING
2201760,"05 Jul 2026  17:09:33",20458.2,GOOD,2.54,TRACKING
2201761,"05 Jul 2026  17:10:03",20458.4,GOOD,2.54,TRACKING
2201762,"05 Jul 2026  17:10:33",20457.3,GOOD,2.54,TRACKING
2201763,"05 Jul 2026  17:11:03",20457.7,GOOD,2.54,TRACKING
2201764,"05 Jul 2026  17:11:34",20458.3,GOOD,2.54,TRACKING
2201765,"05 Jul 2026  17:12:04",20458.3,GOOD,2.54,TRACKING
2201766,"05 Jul 2026  17:12:34",20458.4,GOOD,2.54,TRACKING
2201767,"05 Jul 2026  17:13:04",20458.4,GOOD,2.54,TRACKING
2201768,"05 Jul 2026  17:13:34",20458.4,GOOD,2.54,TRACKING
2201769,"05 Jul 2026  17:14:04",20459.1,GOOD,2.54,TRACKING
2201770,"05 Jul 2026  17:14:34",20458.5,GOOD,2.54,TRACKING
2201771,"05 Jul 2026  17:15:04",20458.4,GOOD,2.54,TRACKING
2201772,"05 Jul 2026  17:15:34",20458.2,GOOD,2.54,TRACKING
2201773,"05 Jul 2026  17:16:04",20458.2,GOOD,2.54,TRACKING
2201774,"05 Jul 2026  17:16:34",20458.9,GOOD,2.54,TRACKING
2201775,"05 Jul 2026  17:17:04",20458.2,GOOD,2.54,TRACKING
2201776,"05 Jul 2026  17:17:34",20459.0,GOOD,2.54,TRACKING
2201777,"05 Jul 2026  17:18:04",20459.0,GOOD,2.54,TRACKING
2201778,"05 Jul 2026  17:18:34",20459.8,GOOD,2.54,TRACKING
2201779,"05 Jul 2026  17:19:05",20459.8,GOOD,2.54,TRACKING
2201780,"05 Jul 2026  17:19:35",20459.3,GOOD,2.54,TRACKING
2201781,"05 Jul 2026  17:20:05",20459.2,GOOD,2.54,TRACKING
2201782,"05 Jul 2026  17:20:35",20459.4,GOOD,2.54,TRACKING
2201783,"05 Jul 2026  17:21:05",20459.6,GOOD,2.54,TRACKING
2201784,"05 Jul 2026  17:21:35",20459.1,GOOD,2.54,TRACKING
2201785,"05 Jul 2026  17:22:05",20458.9,GOOD,2.54,TRACKING
2201786,"05 Jul 2026  17:22:35",20458.8,GOOD,2.54,TRACKING
2201787,"05 Jul 2026  17:23:05",20458.8,GOOD,2.54,TRACKING
2201788,"05 Jul 2026  17:23:35",20459.2,GOOD,2.54,TRACKING
2201789,"05 Jul 2026  17:24:05",20459.0,GOOD,2.54,TRACKING
2201790,"05 Jul 2026  17:24:35",20459.1,GOOD,2.54,TRACKING
2201791,"05 Jul 2026  17:25:05",20459.2,GOOD,2.54,TRACKING
2201792,"05 Jul 2026  17:25:35",20459.4,GOOD,2.54,TRACKING
2201793,"05 Jul 2026  17:26:05",20459.4,GOOD,2.54,TRACKING
2201794,"05 Jul 2026  17:26:36",20459.5,GOOD,2.54,TRACKING
2201795,"05 Jul 2026  17:27:06",20459.6,GOOD,2.54,TRACKING
2201796,"05 Jul 2026  17:27:36",20459.9,GOOD,2.54,TRACKING
2201797,"05 Jul 2026  17:28:06",20460.2,GOOD,2.54,TRACKING
2201798,"05 Jul 2026  17:28:36",20460.4,GOOD,2.54,TRACKING
2201799,"05 Jul 2026  17:29:06",20461.0,GOOD,2.54,TRACKING
2201800,"05 Jul 2026  17:29:36",20460.7,GOOD,2.54,TRACKING
2201801,"05 Jul 2026  17:30:06",20460.4,GOOD,2.54,TRACKING
2201802,"05 Jul 2026  17:30:36",20460.5,GOOD,2.54,TRACKING
2201803,"05 Jul 2026  17:31:06",20459.7,GOOD,2.54,TRACKING
2201804,"05 Jul 2026  17:31:36",20460.7,GOOD,2.54,TRACKING
2201805,"05 Jul 2026  17:32:06",20461.1,GOOD,2.54,TRACKING
2201806,"05 Jul 2026  17:32:36",20460.6,GOOD,2.54,TRACKING
2201807,"05 Jul 2026  17:33:06",20460.9,GOOD,2.54,TRACKING
2201808,"05 Jul 2026  17:33:36",20461.2,GOOD,2.54,TRACKING
2201809,"05 Jul 2026  17:34:07",20460.8,GOOD,2.54,TRACKING
2201810,"05 Jul 2026  17:34:37",20461.1,GOOD,2.54,TRACKING
2201811,"05 Jul 2026  17:35:07",20461.5,GOOD,2.54,TRACKING
2201812,"05 Jul 2026  17:35:37",20460.8,GOOD,2.54,TRACKING
2201813,"05 Jul 2026  17:36:07",20461.9,GOOD,2.54,TRACKING
2201814,"05 Jul 2026  17:36:37",20462.2,GOOD,2.54,TRACKING
2201815,"05 Jul 2026  17:37:07",20462.4,GOOD,2.54,TRACKING
2201816,"05 Jul 2026  17:37:37",20461.9,GOOD,2.54,TRACKING
2201817,"05 Jul 2026  17:38:07",20461.4,GOOD,2.54,TRACKING
2201818,"05 Jul 2026  17:38:37",20462.0,GOOD,2.54,TRACKING
2201819,"05 Jul 2026  17:39:07",20462.0,GOOD,2.54,TRACKING
2201820,"05 Jul 2026  17:39:37",20461.7,GOOD,2.54,TRACKING
2201821,"05 Jul 2026  17:40:07",20461.7,GOOD,2.54,TRACKING
2201822,"05 Jul 2026  17:40:38",20461.6,GOOD,2.54,TRACKING
2201823,"05 Jul 2026  17:41:08",20462.3,GOOD,2.54,TRACKING
2201824,"05 Jul 2026  17:41:38",20461.9,GOOD,2.54,TRACKING
2201825,"05 Jul 2026  17:42:08",20462.1,GOOD,2.54,TRACKING
2201826,"05 Jul 2026  17:42:38",20462.3,GOOD,2.54,TRACKING
2201827,"05 Jul 2026  17:43:08",20461.1,GOOD,2.54,TRACKING
2201828,"05 Jul 2026  17:43:38",20461.4,GOOD,2.54,TRACKING
2201829,"05 Jul 2026  17:44:08",20461.7,GOOD,2.54,TRACKING
2201830,"05 Jul 2026  17:44:38",20461.9,GOOD,2.54,TRACKING
2201831,"05 Jul 2026  17:45:08",20462.3,GOOD,2.54,TRACKING
2201832,"05 Jul 2026  17:45:38",20462.5,GOOD,2.54,TRACKING
2201833,"05 Jul 2026  17:46:08",20462.4,GOOD,2.54,TRACKING
2201834,"05 Jul 2026  17:46:38",20463.1,GOOD,2.54,TRACKING
2201835,"05 Jul 2026  17:47:08",20462.9,GOOD,2.54,TRACKING
2201836,"05 Jul 2026  17:47:39",20462.9,GOOD,2.54,TRACKING
2201837,"05 Jul 2026  17:48:09",20462.9,GOOD,2.54,TRACKING
2201838,"05 Jul 2026  17:48:39",20462.5,GOOD,2.54,TRACKING
2201839,"05 Jul 2026  17:49:09",20462.9,GOOD,2.54,TRACKING
2201840,"05 Jul 2026  17:49:39",20463.3,GOOD,2.54,TRACKING
2201841,"05 Jul 2026  17:50:09",20463.7,GOOD,2.54,TRACKING
2201842,"05 Jul 2026  17:50:39",20463.7,GOOD,2.54,TRACKING
2201843,"05 Jul 2026  17:51:09",20463.5,GOOD,2.54,TRACKING
2201844,"05 Jul 2026  17:51:39",20464.0,GOOD,2.54,TRACKING
2201845,"05 Jul 2026  17:52:09",20463.6,GOOD,2.54,TRACKING
2201846,"05 Jul 2026  17:52:39",20463.7,GOOD,2.54,TRACKING
2201847,"05 Jul 2026  17:53:09",20463.7,GOOD,2.54,TRACKING
2201848,"05 Jul 2026  17:53:39",20463.7,GOOD,2.54,TRACKING
2201849,"05 Jul 2026  17:54:09",20463.4,GOOD,2.54,TRACKING
2201850,"05 Jul 2026  17:54:40",20463.4,GOOD,2.54,TRACKING
2201851,"05 Jul 2026  17:55:10",20463.6,GOOD,2.54,TRACKING
2201852,"05 Jul 2026  17:55:40",20463.9,GOOD,2.54,TRACKING
2201853,"05 Jul 2026  17:56:10",20463.3,GOOD,2.54,TRACKING
2201854,"05 Jul 2026  17:56:40",20463.5,GOOD,2.54,TRACKING
2201855,"05 Jul 2026  17:57:10",20463.5,GOOD,2.54,TRACKING
2201856,"05 Jul 2026  17:57:40",20463.8,GOOD,2.54,TRACKING
2201857,"05 Jul 2026  17:58:10",20464.0,GOOD,2.54,TRACKING
2201858,"05 Jul 2026  17:58:40",20463.4,GOOD,2.54,TRACKING
2201859,"05 Jul 2026  17:59:10",20464.0,GOOD,2.54,TRACKING
2201860,"05 Jul 2026  17:59:40",20464.2,GOOD,2.54,TRACKING
2201861,"05 Jul 2026  18:00:10",20463.8,GOOD,2.54,TRACKING
2201862,"05 Jul 2026  18:00:40",20464.3,GOOD,2.54,TRACKING
2201863,"05 Jul 2026  18:01:10",20464.6,GOOD,2.54,TRACKING
2201864,"05 Jul 2026  18:01:41",20464.7,GOOD,2.54,TRACKING
2201865,"05 Jul 2026  18:02:11",20465.0,GOOD,2.54,TRACKING
2201866,"05 Jul 2026  18:02:41",20465.0,GOOD,2.54,TRACKING
2201867,"05 Jul 2026  18:03:11",20465.1,GOOD,2.54,TRACKING
2201868,"05 Jul 2026  18:03:41",20464.6,GOOD,2.54,TRACKING
2201869,"05 Jul 2026  18:04:11",20464.9,GOOD,2.54,TRACKING
2201870,"05 Jul 2026  18:04:41",20464.1,GOOD,2.54,TRACKING
2201871,"05 Jul 2026  18:05:11",20463.8,GOOD,2.54,TRACKING
2201872,"05 Jul 2026  18:05:41",20464.3,GOOD,2.54,TRACKING
2201873,"05 Jul 2026  18:06:11",20464.9,GOOD,2.54,TRACKING
2201874,"05 Jul 2026  18:06:41",20464.9,GOOD,2.54,TRACKING
2201875,"05 Jul 2026  18:07:11",20464.3,GOOD,2.54,TRACKING
2201876,"05 Jul 2026  18:07:41",20464.4,GOOD,2.54,TRACKING
2201877,"05 Jul 2026  18:08:11",20464.7,GOOD,2.54,TRACKING
2201878,"05 Jul 2026  18:08:42",20465.0,GOOD,2.54,TRACKING
2201879,"05 Jul 2026  18:09:12",20464.2,GOOD,2.54,TRACKING
2201880,"05 Jul 2026  18:09:42",20464.8,GOOD,2.54,TRACKING
2201881,"05 Jul 2026  18:10:12",20465.5,GOOD,2.54,TRACKING
2201882,"05 Jul 2026  18:10:42",20465.6,GOOD,2.54,TRACKING
2201883,"05 Jul 2026  18:11:12",20465.7,GOOD,2.54,TRACKING
2201884,"05 Jul 2026  18:11:42",20465.1,GOOD,2.54,TRACKING
2201885,"05 Jul 2026  18:12:12",20465.2,GOOD,2.54,TRACKING
2201886,"05 Jul 2026  18:12:42",20465.7,GOOD,2.54,TRACKING
2201887,"05 Jul 2026  18:13:12",20466.1,GOOD,2.54,TRACKING
2201888,"05 Jul 2026  18:13:42",20465.7,GOOD,2.54,TRACKING
2201889,"05 Jul 2026  18:14:12",20465.5,GOOD,2.54,TRACKING
2201890,"05 Jul 2026  18:14:42",20466.3,GOOD,2.54,TRACKING
2201891,"05 Jul 2026  18:15:12",20466.0,GOOD,2.54,TRACKING
2201892,"05 Jul 2026  18:15:43",20466.8,GOOD,2.54,TRACKING
2201893,"05 Jul 2026  18:16:13",20466.6,GOOD,2.54,TRACKING
2201894,"05 Jul 2026  18:16:43",20466.4,GOOD,2.54,TRACKING
2201895,"05 Jul 2026  18:17:13",20465.7,GOOD,2.54,TRACKING
2201896,"05 Jul 2026  18:17:43",20466.1,GOOD,2.54,TRACKING
2201897,"05 Jul 2026  18:18:13",20466.8,GOOD,2.54,TRACKING
2201898,"05 Jul 2026  18:18:43",20466.8,GOOD,2.54,TRACKING
2201899,"05 Jul 2026  18:19:13",20466.7,GOOD,2.54,TRACKING
2201900,"05 Jul 2026  18:19:43",20466.6,GOOD,2.54,TRACKING
2201901,"05 Jul 2026  18:20:13",20466.6,GOOD,2.54,TRACKING
2201902,"05 Jul 2026  18:20:43",20467.4,GOOD,2.54,TRACKING
2201903,"05 Jul 2026  18:21:13",20466.9,GOOD,2.54,TRACKING
2201904,"05 Jul 2026  18:21:43",20467.1,GOOD,2.54,TRACKING
2201905,"05 Jul 2026  18:22:13",20467.2,GOOD,2.54,TRACKING
2201906,"05 Jul 2026  18:22:43",20468.1,GOOD,2.54,TRACKING
2201907,"05 Jul 2026  18:23:14",20467.7,GOOD,2.54,TRACKING
2201908,"05 Jul 2026  18:23:44",20467.9,GOOD,2.54,TRACKING
2201909,"05 Jul 2026  18:24:14",20468.1,GOOD,2.54,TRACKING
2201910,"05 Jul 2026  18:24:44",20467.1,GOOD,2.54,TRACKING
2201911,"05 Jul 2026  18:25:14",20467.4,GOOD,2.54,TRACKING
2201912,"05 Jul 2026  18:25:44",20467.7,GOOD,2.54,TRACKING
2201913,"05 Jul 2026  18:26:14",20467.7,GOOD,2.54,TRACKING
2201914,"05 Jul 2026  18:26:44",20467.6,GOOD,2.54,TRACKING
2201915,"05 Jul 2026  18:27:14",20468.2,GOOD,2.54,TRACKING
2201916,"05 Jul 2026  18:27:44",20467.9,GOOD,2.54,TRACKING
2201917,"05 Jul 2026  18:28:14",20468.1,GOOD,2.54,TRACKING
2201918,"05 Jul 2026  18:28:44",20468.4,GOOD,2.54,TRACKING
2201919,"05 Jul 2026  18:29:14",20467.5,GOOD,2.54,TRACKING
2201920,"05 Jul 2026  18:29:44",20467.9,GOOD,2.54,TRACKING
2201921,"05 Jul 2026  18:30:15",20467.8,GOOD,2.54,TRACKING
2201922,"05 Jul 2026  18:30:45",20468.3,GOOD,2.54,TRACKING
2201923,"05 Jul 2026  18:31:15",20467.9,GOOD,2.54,TRACKING
2201924,"05 Jul 2026  18:31:45",20468.5,GOOD,2.54,TRACKING
2201925,"05 Jul 2026  18:32:15",20469.2,GOOD,2.54,TRACKING
2201926,"05 Jul 2026  18:32:45",20469.0,GOOD,2.54,TRACKING
2201927,"05 Jul 2026  18:33:15",20469.5,GOOD,2.54,TRACKING
2201928,"05 Jul 2026  18:33:45",20469.4,GOOD,2.54,TRACKING
2201929,"05 Jul 2026  18:34:15",20468.6,GOOD,2.54,TRACKING
2201930,"05 Jul 2026  18:34:45",20468.7,GOOD,2.54,TRACKING
2201931,"05 Jul 2026  18:35:15",20468.8,GOOD,2.54,TRACKING
2201932,"05 Jul 2026  18:35:45",20468.3,GOOD,2.54,TRACKING
2201933,"05 Jul 2026  18:36:15",20468.6,GOOD,2.54,TRACKING
2201934,"05 Jul 2026  18:36:45",20469.2,GOOD,2.54,TRACKING
2201935,"05 Jul 2026  18:37:16",20469.6,GOOD,2.54,TRACKING
2201936,"05 Jul 2026  18:37:46",20470.2,GOOD,2.54,TRACKING
2201937,"05 Jul 2026  18:38:16",20470.0,GOOD,2.54,TRACKING
2201938,"05 Jul 2026  18:38:46",20469.9,GOOD,2.54,TRACKING
2201939,"05 Jul 2026  18:39:16",20469.1,GOOD,2.54,TRACKING
2201940,"05 Jul 2026  18:39:46",20469.1,GOOD,2.54,TRACKING
2201941,"05 Jul 2026  18:40:16",20469.2,GOOD,2.54,TRACKING
2201942,"05 Jul 2026  18:40:46",20468.3,GOOD,2.54,TRACKING
2201943,"05 Jul 2026  18:41:16",20469.2,GOOD,2.54,TRACKING
2201944,"05 Jul 2026  18:41:46",20469.4,GOOD,2.54,TRACKING
2201945,"05 Jul 2026  18:42:16",20469.6,GOOD,2.54,TRACKING
2201946,"05 Jul 2026  18:42:46",20470.8,GOOD,2.54,TRACKING
2201947,"05 Jul 2026  18:43:16",20470.6,GOOD,2.54,TRACKING
2201948,"05 Jul 2026  18:43:46",20471.6,GOOD,2.54,TRACKING
2201949,"05 Jul 2026  18:44:16",20471.2,GOOD,2.54,TRACKING
2201950,"05 Jul 2026  18:44:47",20471.5,GOOD,2.54,TRACKING
2201951,"05 Jul 2026  18:45:17",20471.5,GOOD,2.54,TRACKING
2201952,"05 Jul 2026  18:45:47",20471.6,GOOD,2.54,TRACKING
2201953,"05 Jul 2026  18:46:17",20472.2,GOOD,2.54,TRACKING
2201954,"05 Jul 2026  18:46:47",20471.2,GOOD,2.54,TRACKING
2201955,"05 Jul 2026  18:47:17",20470.8,GOOD,2.54,TRACKING
2201956,"05 Jul 2026  18:47:47",20470.1,GOOD,2.54,TRACKING
2201957,"05 Jul 2026  18:48:17",20470.5,GOOD,2.54,TRACKING
2201958,"05 Jul 2026  18:48:47",20471.1,GOOD,2.54,TRACKING
2201959,"05 Jul 2026  18:49:17",20471.8,GOOD,2.54,TRACKING
2201960,"05 Jul 2026  18:49:47",20472.6,GOOD,2.54,TRACKING
2201961,"05 Jul 2026  18:50:17",20471.8,GOOD,2.54,TRACKING
2201962,"05 Jul 2026  18:50:47",20471.5,GOOD,2.54,TRACKING
2201963,"05 Jul 2026  18:51:17",20471.7,GOOD,2.54,TRACKING
2201964,"05 Jul 2026  18:51:48",20471.2,GOOD,2.54,TRACKING
2201965,"05 Jul 2026  18:52:18",20471.5,GOOD,2.54,TRACKING
2201966,"05 Jul 2026  18:52:48",20471.9,GOOD,2.54,TRACKING
2201967,"05 Jul 2026  18:53:18",20471.3,GOOD,2.54,TRACKING
2201968,"05 Jul 2026  18:53:48",20471.1,GOOD,2.54,TRACKING
2201969,"05 Jul 2026  18:54:18",20471.2,GOOD,2.54,TRACKING
2201970,"05 Jul 2026  18:54:48",20471.1,GOOD,2.54,TRACKING
2201971,"05 Jul 2026  18:55:18",20470.6,GOOD,2.54,TRACKING
2201972,"05 Jul 2026  18:55:48",20471.6,GOOD,2.54,TRACKING
2201973,"05 Jul 2026  18:56:18",20471.2,GOOD,2.54,TRACKING
2201974,"05 Jul 2026  18:56:48",20471.4,GOOD,2.54,TRACKING
2201975,"05 Jul 2026  18:57:18",20471.8,GOOD,2.54,TRACKING
2201976,"05 Jul 2026  18:57:48",20472.1,GOOD,2.54,TRACKING
2201977,"05 Jul 2026  18:58:18",20471.7,GOOD,2.54,TRACKING
2201978,"05 Jul 2026  18:58:48",20472.3,GOOD,2.54,TRACKING
2201979,"05 Jul 2026  18:59:19",20472.6,GOOD,2.54,TRACKING
2201980,"05 Jul 2026  18:59:49",20472.7,GOOD,2.54,TRACKING
2201981,"05 Jul 2026  19:00:19",20472.6,GOOD,2.54,TRACKING
2201982,"05 Jul 2026  19:00:49",20471.8,GOOD,2.54,TRACKING
2201983,"05 Jul 2026  19:01:19",20471.8,GOOD,2.54,TRACKING
2201984,"05 Jul 2026  19:01:49",20473.7,GOOD,2.54,TRACKING
2201985,"05 Jul 2026  19:02:19",20473.7,GOOD,2.54,TRACKING
2201986,"05 Jul 2026  19:02:49",20473.5,GOOD,2.54,TRACKING
2201987,"05 Jul 2026  19:03:19",20473.9,GOOD,2.54,TRACKING
2201988,"05 Jul 2026  19:03:49",20473.0,GOOD,2.54,TRACKING
2201989,"05 Jul 2026  19:04:19",20472.8,GOOD,2.54,TRACKING
2201990,"05 Jul 2026  19:04:49",20472.0,GOOD,2.54,TRACKING
2201991,"05 Jul 2026  19:05:19",20472.3,GOOD,2.54,TRACKING
2201992,"05 Jul 2026  19:05:49",20473.0,GOOD,2.54,TRACKING
2201993,"05 Jul 2026  19:06:19",20472.8,GOOD,2.54,TRACKING
2201994,"05 Jul 2026  19:06:50",20472.4,GOOD,2.54,TRACKING
2201995,"05 Jul 2026  19:07:20",20472.1,GOOD,2.54,TRACKING
2201996,"05 Jul 2026  19:07:50",20473.0,GOOD,2.54,TRACKING
2201997,"05 Jul 2026  19:08:20",20472.7,GOOD,2.54,TRACKING
2201998,"05 Jul 2026  19:08:50",20472.9,GOOD,2.54,TRACKING
2201999,"05 Jul 2026  19:09:20",20473.6,GOOD,2.54,TRACKING
2202000,"05 Jul 2026  19:09:50",20472.8,GOOD,2.54,TRACKING
2202001,"05 Jul 2026  19:10:20",20472.8,GOOD,2.54,TRACKING
2202002,"05 Jul 2026  19:10:50",20473.2,GOOD,2.54,TRACKING
2202003,"05 Jul 2026  19:11:20",20473.3,GOOD,2.54,TRACKING
2202004,"05 Jul 2026  19:11:50",20473.3,GOOD,2.54,TRACKING
2202005,"05 Jul 2026  19:12:20",20473.5,GOOD,2.54,TRACKING
2202006,"05 Jul 2026  19:12:50",20473.8,GOOD,2.54,TRACKING
2202007,"05 Jul 2026  19:13:20",20473.6,GOOD,2.54,TRACKING
2202008,"05 Jul 2026  19:13:51",20473.8,GOOD,2.54,TRACKING
2202009,"05 Jul 2026  19:14:21",20473.4,GOOD,2.54,TRACKING
2202010,"05 Jul 2026  19:14:51",20473.5,GOOD,2.54,TRACKING
2202011,"05 Jul 2026  19:15:21",20474.0,GOOD,2.54,TRACKING
2202012,"05 Jul 2026  19:15:51",20473.6,GOOD,2.54,TRACKING
2202013,"05 Jul 2026  19:16:21",20474.4,GOOD,2.54,TRACKING
2202014,"05 Jul 2026  19:16:51",20474.8,GOOD,2.54,TRACKING
2202015,"05 Jul 2026  19:17:21",20475.1,GOOD,2.54,TRACKING
2202016,"05 Jul 2026  19:17:51",20474.5,GOOD,2.54,TRACKING
2202017,"05 Jul 2026  19:18:21",20474.8,GOOD,2.54,TRACKING
2202018,"05 Jul 2026  19:18:51",20474.6,GOOD,2.54,TRACKING
2202019,"05 Jul 2026  19:19:21",20474.4,GOOD,2.54,TRACKING
2202020,"05 Jul 2026  19:19:51",20474.4,GOOD,2.54,TRACKING
2202021,"05 Jul 2026  19:20:21",20474.5,GOOD,2.54,TRACKING
2202022,"05 Jul 2026  19:20:52",20474.9,GOOD,2.54,TRACKING
2202023,"05 Jul 2026  19:21:22",20475.9,GOOD,2.54,TRACKING
2202024,"05 Jul 2026  19:21:52",20476.0,GOOD,2.54,TRACKING
2202025,"05 Jul 2026  19:22:22",20475.7,GOOD,2.54,TRACKING
2202026,"05 Jul 2026  19:22:52",20476.2,GOOD,2.54,TRACKING
2202027,"05 Jul 2026  19:23:22",20476.0,GOOD,2.54,TRACKING
2202028,"05 Jul 2026  19:23:52",20476.0,GOOD,2.54,TRACKING
2202029,"05 Jul 2026  19:24:22",20475.5,GOOD,2.54,TRACKING
2202030,"05 Jul 2026  19:24:52",20475.5,GOOD,2.54,TRACKING
2202031,"05 Jul 2026  19:25:22",20475.6,GOOD,2.54,TRACKING
2202032,"05 Jul 2026  19:25:52",20475.8,GOOD,2.54,TRACKING
2202033,"05 Jul 2026  19:26:22",20475.8,GOOD,2.54,TRACKING
2202034,"05 Jul 2026  19:26:52",20476.0,GOOD,2.54,TRACKING
2202035,"05 Jul 2026  19:27:22",20474.9,GOOD,2.54,TRACKING
2202036,"05 Jul 2026  19:27:52",20475.3,GOOD,2.54,TRACKING
2202037,"05 Jul 2026  19:28:23",20475.2,GOOD,2.54,TRACKING
2202038,"05 Jul 2026  19:28:53",20475.6,GOOD,2.54,TRACKING
2202039,"05 Jul 2026  19:29:23",20476.1,GOOD,2.54,TRACKING
2202040,"05 Jul 2026  19:29:53",20475.9,GOOD,2.54,TRACKING
2202041,"05 Jul 2026  19:30:23",20475.8,GOOD,2.54,TRACKING
2202042,"05 Jul 2026  19:30:53",20475.6,GOOD,2.54,TRACKING
2202043,"05 Jul 2026  19:31:23",20475.8,GOOD,2.54,TRACKING
2202044,"05 Jul 2026  19:31:53",20475.3,GOOD,2.54,TRACKING
2202045,"05 Jul 2026  19:32:23",20475.9,GOOD,2.54,TRACKING
2202046,"05 Jul 2026  19:32:53",20475.7,GOOD,2.54,TRACKING
2202047,"05 Jul 2026  19:33:23",20475.8,GOOD,2.54,TRACKING
2202048,"05 Jul 2026  19:33:53",20477.2,GOOD,2.54,TRACKING
2202049,"05 Jul 2026  19:34:23",20477.1,GOOD,2.54,TRACKING
2202050,"05 Jul 2026  19:34:53",20476.7,GOOD,2.54,TRACKING
2202051,"05 Jul 2026  19:35:23",20476.5,GOOD,2.54,TRACKING
2202052,"05 Jul 2026  19:35:54",20476.5,GOOD,2.54,TRACKING
2202053,"05 Jul 2026  19:36:24",20476.0,GOOD,2.54,TRACKING
2202054,"05 Jul 2026  19:36:54",20475.9,GOOD,2.54,TRACKING
2202055,"05 Jul 2026  19:37:24",20476.6,GOOD,2.54,TRACKING
2202056,"05 Jul 2026  19:37:54",20476.3,GOOD,2.54,TRACKING
2202057,"05 Jul 2026  19:38:24",20476.0,GOOD,2.54,TRACKING
2202058,"05 Jul 2026  19:38:54",20476.4,GOOD,2.54,TRACKING
2202059,"05 Jul 2026  19:39:24",20476.5,GOOD,2.54,TRACKING
2202060,"05 Jul 2026  19:39:54",20476.2,GOOD,2.54,TRACKING
2202061,"05 Jul 2026  19:40:24",20476.7,GOOD,2.54,TRACKING
2202062,"05 Jul 2026  19:40:54",20477.3,GOOD,2.54,TRACKING
2202063,"05 Jul 2026  19:41:24",20477.8,GOOD,2.54,TRACKING
2202064,"05 Jul 2026  19:41:54",20477.9,GOOD,2.54,TRACKING
2202065,"05 Jul 2026  19:42:24",20478.1,GOOD,2.54,TRACKING
2202066,"05 Jul 2026  19:42:54",20477.4,GOOD,2.54,TRACKING
2202067,"05 Jul 2026  19:43:25",20477.7,GOOD,2.54,TRACKING
2202068,"05 Jul 2026  19:43:55",20477.4,GOOD,2.54,TRACKING
2202069,"05 Jul 2026  19:44:25",20476.5,GOOD,2.54,TRACKING
2202070,"05 Jul 2026  19:44:55",20477.4,GOOD,2.54,TRACKING
2202071,"05 Jul 2026  19:45:25",20478.1,GOOD,2.54,TRACKING
2202072,"05 Jul 2026  19:45:55",20478.2,GOOD,2.54,TRACKING
2202073,"05 Jul 2026  19:46:25",20478.1,GOOD,2.54,TRACKING
2202074,"05 Jul 2026  19:46:55",20477.7,GOOD,2.54,TRACKING
2202075,"05 Jul 2026  19:47:25",20478.0,GOOD,2.54,TRACKING
2202076,"05 Jul 2026  19:47:55",20477.7,GOOD,2.54,TRACKING
2202077,"05 Jul 2026  19:48:25",20478.2,GOOD,2.54,TRACKING
2202078,"05 Jul 2026  19:48:55",20478.6,GOOD,2.54,TRACKING
2202079,"05 Jul 2026  19:49:25",20478.1,GOOD,2.54,TRACKING
2202080,"05 Jul 2026  19:49:55",20477.4,GOOD,2.54,TRACKING
2202081,"05 Jul 2026  19:50:25",20479.2,GOOD,2.54,TRACKING
2202082,"05 Jul 2026  19:50:56",20478.8,GOOD,2.54,TRACKING
2202083,"05 Jul 2026  19:51:26",20478.7,GOOD,2.54,TRACKING
2202084,"05 Jul 2026  19:51:56",20478.5,GOOD,2.54,TRACKING
2202085,"05 Jul 2026  19:52:26",20477.9,GOOD,2.54,TRACKING
2202086,"05 Jul 2026  19:52:56",20478.0,GOOD,2.54,TRACKING
2202087,"05 Jul 2026  19:53:26",20477.9,GOOD,2.54,TRACKING
2202088,"05 Jul 2026  19:53:56",20478.1,GOOD,2.54,TRACKING
2202089,"05 Jul 2026  19:54:26",20478.2,GOOD,2.54,TRACKING
2202090,"05 Jul 2026  19:54:56",20478.2,GOOD,2.54,TRACKING
2202091,"05 Jul 2026  19:55:26",20478.6,GOOD,2.54,TRACKING
2202092,"05 Jul 2026  19:55:56",20478.9,GOOD,2.54,TRACKING
2202093,"05 Jul 2026  19:56:26",20478.3,GOOD,2.54,TRACKING
2202094,"05 Jul 2026  19:56:56",20479.1,GOOD,2.54,TRACKING
2202095,"05 Jul 2026  19:57:26",20479.3,GOOD,2.54,TRACKING
2202096,"05 Jul 2026  19:57:57",20478.8,GOOD,2.54,TRACKING
2202097,"05 Jul 2026  19:58:27",20479.3,GOOD,2.54,TRACKING
2202098,"05 Jul 2026  19:58:57",20478.9,GOOD,2.54,TRACKING
2202099,"05 Jul 2026  19:59:27",20478.4,GOOD,2.54,TRACKING
2202100,"05 Jul 2026  19:59:57",20478.5,GOOD,2.54,TRACKING
2202101,"05 Jul 2026  20:00:27",20478.0,GOOD,2.54,TRACKING
2202102,"05 Jul 2026  20:00:57",20478.9,GOOD,2.54,TRACKING
2202103,"05 Jul 2026  20:01:27",20478.9,GOOD,2.54,TRACKING
2202104,"05 Jul 2026  20:01:57",20479.3,GOOD,2.54,TRACKING
2202105,"05 Jul 2026  20:02:27",20480.2,GOOD,2.54,TRACKING
2202106,"05 Jul 2026  20:02:57",20479.8,GOOD,2.54,TRACKING
2202107,"05 Jul 2026  20:03:27",20479.5,GOOD,2.54,TRACKING
2202108,"05 Jul 2026  20:03:57",20479.4,GOOD,2.54,TRACKING
2202109,"05 Jul 2026  20:04:27",20478.4,GOOD,2.54,TRACKING
2202110,"05 Jul 2026  20:04:57",20479.0,GOOD,2.54,TRACKING
2202111,"05 Jul 2026  20:05:28",20479.2,GOOD,2.54,TRACKING
2202112,"05 Jul 2026  20:05:58",20479.1,GOOD,2.54,TRACKING
2202113,"05 Jul 2026  20:06:28",20479.5,GOOD,2.54,TRACKING
2202114,"05 Jul 2026  20:06:58",20479.5,GOOD,2.54,TRACKING
2202115,"05 Jul 2026  20:07:28",20479.6,GOOD,2.54,TRACKING
2202116,"05 Jul 2026  20:07:58",20480.1,GOOD,2.54,TRACKING
2202117,"05 Jul 2026  20:08:28",20480.6,GOOD,2.54,TRACKING
2202118,"05 Jul 2026  20:08:58",20480.0,GOOD,2.54,TRACKING
2202119,"05 Jul 2026  20:09:28",20480.2,GOOD,2.54,TRACKING
2202120,"05 Jul 2026  20:09:58",20480.8,GOOD,2.54,TRACKING
2202121,"05 Jul 2026  20:10:28",20480.3,GOOD,2.54,TRACKING
2202122,"05 Jul 2026  20:10:58",20479.8,GOOD,2.54,TRACKING
2202123,"05 Jul 2026  20:11:28",20480.3,GOOD,2.54,TRACKING
2202124,"05 Jul 2026  20:11:58",20480.0,GOOD,2.54,TRACKING
2202125,"05 Jul 2026  20:12:29",20480.9,GOOD,2.54,TRACKING
2202126,"05 Jul 2026  20:12:59",20480.4,GOOD,2.54,TRACKING
2202127,"05 Jul 2026  20:13:29",20480.5,GOOD,2.54,TRACKING
2202128,"05 Jul 2026  20:13:59",20480.2,GOOD,2.54,TRACKING
2202129,"05 Jul 2026  20:14:29",20480.3,GOOD,2.54,TRACKING
2202130,"05 Jul 2026  20:14:59",20479.7,GOOD,2.54,TRACKING
2202131,"05 Jul 2026  20:15:29",20480.2,GOOD,2.54,TRACKING
2202132,"05 Jul 2026  20:15:59",20480.9,GOOD,2.54,TRACKING
2202133,"05 Jul 2026  20:16:29",20481.4,GOOD,2.54,TRACKING
2202134,"05 Jul 2026  20:16:59",20481.8,GOOD,2.54,TRACKING
2202135,"05 Jul 2026  20:17:29",20481.2,GOOD,2.54,TRACKING
2202136,"05 Jul 2026  20:17:59",20481.4,GOOD,2.54,TRACKING
2202137,"05 Jul 2026  20:18:29",20480.6,GOOD,2.54,TRACKING
2202138,"05 Jul 2026  20:18:59",20481.2,GOOD,2.54,TRACKING
2202139,"05 Jul 2026  20:19:29",20480.5,GOOD,2.54,TRACKING
2202140,"05 Jul 2026  20:20:00",20480.9,GOOD,2.54,TRACKING
2202141,"05 Jul 2026  20:20:30",20480.8,GOOD,2.54,TRACKING
2202142,"05 Jul 2026  20:21:00",20480.9,GOOD,2.54,TRACKING
2202143,"05 Jul 2026  20:21:30",20481.1,GOOD,2.54,TRACKING
2202144,"05 Jul 2026  20:22:00",20481.4,GOOD,2.54,TRACKING
2202145,"05 Jul 2026  20:22:30",20480.9,GOOD,2.54,TRACKING
2202146,"05 Jul 2026  20:23:00",20480.7,GOOD,2.54,TRACKING
2202147,"05 Jul 2026  20:23:30",20480.4,GOOD,2.54,TRACKING
2202148,"05 Jul 2026  20:24:00",20481.3,GOOD,2.54,TRACKING
2202149,"05 Jul 2026  20:24:30",20480.6,GOOD,2.54,TRACKING
2202150,"05 Jul 2026  20:25:00",20480.9,GOOD,2.54,TRACKING
2202151,"05 Jul 2026  20:25:30",20481.1,GOOD,2.54,TRACKING
2202152,"05 Jul 2026  20:26:00",20481.7,GOOD,2.54,TRACKING
2202153,"05 Jul 2026  20:26:30",20481.5,GOOD,2.54,TRACKING
2202154,"05 Jul 2026  20:27:00",20482.1,GOOD,2.54,TRACKING
2202155,"05 Jul 2026  20:27:30",20481.8,GOOD,2.54,TRACKING
2202156,"05 Jul 2026  20:28:01",20481.5,GOOD,2.54,TRACKING
2202157,"05 Jul 2026  20:28:31",20481.9,GOOD,2.54,TRACKING
2202158,"05 Jul 2026  20:29:01",20481.6,GOOD,2.54,TRACKING
2202159,"05 Jul 2026  20:29:31",20481.4,GOOD,2.54,TRACKING
2202160,"05 Jul 2026  20:30:01",20482.6,GOOD,2.54,TRACKING
2202161,"05 Jul 2026  20:30:31",20483.2,GOOD,2.54,TRACKING
2202162,"05 Jul 2026  20:31:01",20483.3,GOOD,2.54,TRACKING
2202163,"05 Jul 2026  20:31:31",20482.6,GOOD,2.54,TRACKING
2202164,"05 Jul 2026  20:32:01",20482.6,GOOD,2.54,TRACKING
2202165,"05 Jul 2026  20:32:31",20483.0,GOOD,2.54,TRACKING
2202166,"05 Jul 2026  20:33:01",20482.2,GOOD,2.54,TRACKING
2202167,"05 Jul 2026  20:33:31",20481.1,GOOD,2.54,TRACKING
2202168,"05 Jul 2026  20:34:01",20481.4,GOOD,2.54,TRACKING
2202169,"05 Jul 2026  20:34:31",20482.0,GOOD,2.54,TRACKING
2202170,"05 Jul 2026  20:35:01",20482.1,GOOD,2.54,TRACKING
2202171,"05 Jul 2026  20:35:32",20482.0,GOOD,2.54,TRACKING
2202172,"05 Jul 2026  20:36:02",20482.4,GOOD,2.54,TRACKING
2202173,"05 Jul 2026  20:36:32",20482.5,GOOD,2.54,TRACKING
2202174,"05 Jul 2026  20:37:02",20482.6,GOOD,2.54,TRACKING
2202175,"05 Jul 2026  20:37:32",20482.2,GOOD,2.54,TRACKING
2202176,"05 Jul 2026  20:38:02",20481.8,GOOD,2.54,TRACKING
2202177,"05 Jul 2026  20:38:32",20481.8,GOOD,2.54,TRACKING
2202178,"05 Jul 2026  20:39:02",20482.1,GOOD,2.54,TRACKING
2202179,"05 Jul 2026  20:39:32",20482.6,GOOD,2.54,TRACKING
2202180,"05 Jul 2026  20:40:02",20483.3,GOOD,2.54,TRACKING
2202181,"05 Jul 2026  20:40:32",20483.6,GOOD,2.54,TRACKING
2202182,"05 Jul 2026  20:41:02",20484.2,GOOD,2.54,TRACKING
2202183,"05 Jul 2026  20:41:32",20483.7,GOOD,2.54,TRACKING
2202184,"05 Jul 2026  20:42:02",20483.2,GOOD,2.54,TRACKING
2202185,"05 Jul 2026  20:42:33",20483.1,GOOD,2.54,TRACKING
2202186,"05 Jul 2026  20:43:03",20483.6,GOOD,2.54,TRACKING
2202187,"05 Jul 2026  20:43:33",20483.6,GOOD,2.54,TRACKING
2202188,"05 Jul 2026  20:44:03",20483.6,GOOD,2.54,TRACKING
2202189,"05 Jul 2026  20:44:33",20482.6,GOOD,2.54,TRACKING
2202190,"05 Jul 2026  20:45:03",20482.6,GOOD,2.54,TRACKING
2202191,"05 Jul 2026  20:45:33",20482.9,GOOD,2.54,TRACKING
2202192,"05 Jul 2026  20:46:03",20483.5,GOOD,2.54,TRACKING
2202193,"05 Jul 2026  20:46:33",20484.3,GOOD,2.54,TRACKING
2202194,"05 Jul 2026  20:47:03",20484.0,GOOD,2.54,TRACKING
2202195,"05 Jul 2026  20:47:33",20483.7,GOOD,2.54,TRACKING
2202196,"05 Jul 2026  20:48:03",20483.4,GOOD,2.54,TRACKING
2202197,"05 Jul 2026  20:48:33",20483.2,GOOD,2.54,TRACKING
2202198,"05 Jul 2026  20:49:03",20483.3,GOOD,2.54,TRACKING
2202199,"05 Jul 2026  20:49:34",20483.5,GOOD,2.54,TRACKING
2202200,"05 Jul 2026  20:50:04",20483.1,GOOD,2.54,TRACKING
2202201,"05 Jul 2026  20:50:34",20484.0,GOOD,2.54,TRACKING
2202202,"05 Jul 2026  20:51:04",20483.3,GOOD,2.54,TRACKING
2202203,"05 Jul 2026  20:51:34",20483.4,GOOD,2.54,TRACKING
2202204,"05 Jul 2026  20:52:04",20484.1,GOOD,2.54,TRACKING
2202205,"05 Jul 2026  20:52:34",20483.6,GOOD,2.54,TRACKING
2202206,"05 Jul 2026  20:53:04",20484.1,GOOD,2.54,TRACKING
2202207,"05 Jul 2026  20:53:34",20484.3,GOOD,2.54,TRACKING
2202208,"05 Jul 2026  20:54:04",20484.3,GOOD,2.54,TRACKING
2202209,"05 Jul 2026  20:54:34",20484.7,GOOD,2.54,TRACKING
2202210,"05 Jul 2026  20:55:04",20484.7,GOOD,2.54,TRACKING
2202211,"05 Jul 2026  20:55:34",20484.2,GOOD,2.54,TRACKING
2202212,"05 Jul 2026  20:56:04",20484.1,GOOD,2.54,TRACKING
2202213,"05 Jul 2026  20:56:35",20483.5,GOOD,2.54,TRACKING
2202214,"05 Jul 2026  20:57:05",20484.1,GOOD,2.54,TRACKING
2202215,"05 Jul 2026  20:57:35",20484.3,GOOD,2.54,TRACKING
2202216,"05 Jul 2026  20:58:05",20484.4,GOOD,2.54,TRACKING
2202217,"05 Jul 2026  20:58:35",20484.3,GOOD,2.54,TRACKING
2202218,"05 Jul 2026  20:59:05",20484.1,GOOD,2.54,TRACKING
2202219,"05 Jul 2026  20:59:35",20484.1,GOOD,2.54,TRACKING
2202220,"05 Jul 2026  21:00:05",20484.2,GOOD,2.54,TRACKING
2202221,"05 Jul 2026  21:00:35",20484.1,GOOD,2.54,TRACKING
2202222,"05 Jul 2026  21:01:05",20483.2,GOOD,2.54,TRACKING
2202223,"05 Jul 2026  21:01:35",20481.9,GOOD,2.54,TRACKING
2202224,"05 Jul 2026  21:02:05",20483.3,GOOD,2.54,TRACKING
2202225,"05 Jul 2026  21:02:35",20484.5,GOOD,2.54,TRACKING
2202226,"05 Jul 2026  21:03:05",20484.4,GOOD,2.54,TRACKING
2202227,"05 Jul 2026  21:03:35",20484.9,GOOD,2.54,TRACKING
2202228,"05 Jul 2026  21:04:06",20484.6,GOOD,2.54,TRACKING
2202229,"05 Jul 2026  21:04:36",20484.9,GOOD,2.54,TRACKING
2202230,"05 Jul 2026  21:05:06",20485.7,GOOD,2.54,TRACKING
2202231,"05 Jul 2026  21:05:36",20485.7,GOOD,2.54,TRACKING
2202232,"05 Jul 2026  21:06:06",20485.6,GOOD,2.54,TRACKING
2202233,"05 Jul 2026  21:06:36",20485.0,GOOD,2.54,TRACKING
2202234,"05 Jul 2026  21:07:06",20485.2,GOOD,2.54,TRACKING
2202235,"05 Jul 2026  21:07:36",20484.5,GOOD,2.54,TRACKING
2202236,"05 Jul 2026  21:08:06",20485.8,GOOD,2.54,TRACKING
2202237,"05 Jul 2026  21:08:36",20486.0,GOOD,2.54,TRACKING
2202238,"05 Jul 2026  21:09:06",20486.1,GOOD,2.54,TRACKING
2202239,"05 Jul 2026  21:09:36",20485.6,GOOD,2.54,TRACKING
2202240,"05 Jul 2026  21:10:06",20486.1,GOOD,2.54,TRACKING
2202241,"05 Jul 2026  21:10:36",20485.8,GOOD,2.54,TRACKING
2202242,"05 Jul 2026  21:11:06",20486.3,GOOD,2.54,TRACKING
2202243,"05 Jul 2026  21:11:36",20486.7,GOOD,2.54,TRACKING
2202244,"05 Jul 2026  21:12:07",20486.1,GOOD,2.54,TRACKING
2202245,"05 Jul 2026  21:12:37",20486.4,GOOD,2.54,TRACKING
2202246,"05 Jul 2026  21:13:07",20486.5,GOOD,2.54,TRACKING
2202247,"05 Jul 2026  21:13:37",20486.6,GOOD,2.54,TRACKING
2202248,"05 Jul 2026  21:14:07",20486.7,GOOD,2.54,TRACKING
2202249,"05 Jul 2026  21:14:37",20486.6,GOOD,2.54,TRACKING
2202250,"05 Jul 2026  21:15:07",20486.7,GOOD,2.54,TRACKING
2202251,"05 Jul 2026  21:15:37",20486.1,GOOD,2.54,TRACKING
2202252,"05 Jul 2026  21:16:07",20486.8,GOOD,2.54,TRACKING
2202253,"05 Jul 2026  21:16:37",20487.1,GOOD,2.54,TRACKING
2202254,"05 Jul 2026  21:17:07",20486.3,GOOD,2.54,TRACKING
2202255,"05 Jul 2026  21:17:37",20486.3,GOOD,2.54,TRACKING
2202256,"05 Jul 2026  21:18:07",20487.2,GOOD,2.54,TRACKING
2202257,"05 Jul 2026  21:18:37",20486.6,GOOD,2.54,TRACKING
2202258,"05 Jul 2026  21:19:07",20486.9,GOOD,2.54,TRACKING
2202259,"05 Jul 2026  21:19:38",20486.0,GOOD,2.54,TRACKING
2202260,"05 Jul 2026  21:20:08",20485.9,GOOD,2.54,TRACKING
2202261,"05 Jul 2026  21:20:38",20485.3,GOOD,2.54,TRACKING
2202262,"05 Jul 2026  21:21:08",20485.8,GOOD,2.54,TRACKING
2202263,"05 Jul 2026  21:21:38",20486.5,GOOD,2.54,TRACKING
2202264,"05 Jul 2026  21:22:08",20485.7,GOOD,2.54,TRACKING
2202265,"05 Jul 2026  21:22:38",20486.1,GOOD,2.54,TRACKING
2202266,"05 Jul 2026  21:23:08",20486.0,GOOD,2.54,TRACKING
2202267,"05 Jul 2026  21:23:38",20486.8,GOOD,2.54,TRACKING
2202268,"05 Jul 2026  21:24:08",20486.3,GOOD,2.54,TRACKING
2202269,"05 Jul 2026  21:24:38",20486.5,GOOD,2.54,TRACKING
2202270,"05 Jul 2026  21:25:08",20487.1,GOOD,2.54,TRACKING
2202271,"05 Jul 2026  21:25:38",20487.6,GOOD,2.54,TRACKING
2202272,"05 Jul 2026  21:26:08",20487.5,GOOD,2.54,TRACKING
2202273,"05 Jul 2026  21:26:39",20486.7,GOOD,2.54,TRACKING
2202274,"05 Jul 2026  21:27:09",20487.7,GOOD,2.54,TRACKING
2202275,"05 Jul 2026  21:27:39",20487.9,GOOD,2.54,TRACKING
2202276,"05 Jul 2026  21:28:09",20488.1,GOOD,2.54,TRACKING
2202277,"05 Jul 2026  21:28:39",20487.9,GOOD,2.54,TRACKING
2202278,"05 Jul 2026  21:29:09",20487.5,GOOD,2.54,TRACKING
2202279,"05 Jul 2026  21:29:39",20488.2,GOOD,2.54,TRACKING
2202280,"05 Jul 2026  21:30:09",20488.2,GOOD,2.54,TRACKING
2202281,"05 Jul 2026  21:30:39",20487.8,GOOD,2.54,TRACKING
2202282,"05 Jul 2026  21:31:09",20486.9,GOOD,2.54,TRACKING
2202283,"05 Jul 2026  21:31:39",20487.4,GOOD,2.54,TRACKING
2202284,"05 Jul 2026  21:32:09",20487.9,GOOD,2.54,TRACKING
2202285,"05 Jul 2026  21:32:39",20488.5,GOOD,2.54,TRACKING
2202286,"05 Jul 2026  21:33:09",20488.8,GOOD,2.54,TRACKING
2202287,"05 Jul 2026  21:33:39",20488.6,GOOD,2.54,TRACKING
2202288,"05 Jul 2026  21:34:10",20488.4,GOOD,2.54,TRACKING
2202289,"05 Jul 2026  21:34:40",20487.9,GOOD,2.54,TRACKING
2202290,"05 Jul 2026  21:35:10",20488.1,GOOD,2.54,TRACKING
2202291,"05 Jul 2026  21:35:40",20488.6,GOOD,2.54,TRACKING
2202292,"05 Jul 2026  21:36:10",20488.6,GOOD,2.54,TRACKING
2202293,"05 Jul 2026  21:36:40",20488.2,GOOD,2.54,TRACKING
2202294,"05 Jul 2026  21:37:10",20488.0,GOOD,2.54,TRACKING
2202295,"05 Jul 2026  21:37:40",20488.1,GOOD,2.54,TRACKING
2202296,"05 Jul 2026  21:38:10",20488.3,GOOD,2.54,TRACKING
2202297,"05 Jul 2026  21:38:40",20488.7,GOOD,2.54,TRACKING
2202298,"05 Jul 2026  21:39:10",20488.5,GOOD,2.54,TRACKING
2202299,"05 Jul 2026  21:39:40",20488.5,GOOD,2.54,TRACKING
2202300,"05 Jul 2026  21:40:10",20489.0,GOOD,2.54,TRACKING
2202301,"05 Jul 2026  21:40:40",20489.0,GOOD,2.54,TRACKING
2202302,"05 Jul 2026  21:41:10",20488.9,GOOD,2.54,TRACKING
2202303,"05 Jul 2026  21:41:41",20488.9,GOOD,2.54,TRACKING
2202304,"05 Jul 2026  21:42:11",20488.8,GOOD,2.54,TRACKING
2202305,"05 Jul 2026  21:42:41",20489.1,GOOD,2.54,TRACKING
2202306,"05 Jul 2026  21:43:11",20488.8,GOOD,2.54,TRACKING
2202307,"05 Jul 2026  21:43:41",20488.6,GOOD,2.54,TRACKING
2202308,"05 Jul 2026  21:44:11",20489.9,GOOD,2.54,TRACKING
2202309,"05 Jul 2026  21:44:41",20491.4,GOOD,2.54,TRACKING
2202310,"05 Jul 2026  21:45:11",20491.6,GOOD,2.54,TRACKING
2202311,"05 Jul 2026  21:45:41",20491.7,GOOD,2.54,TRACKING
2202312,"05 Jul 2026  21:46:11",20491.6,GOOD,2.54,TRACKING
2202313,"05 Jul 2026  21:46:41",20490.8,GOOD,2.54,TRACKING
2202314,"05 Jul 2026  21:47:11",20490.6,GOOD,2.54,TRACKING
2202315,"05 Jul 2026  21:47:41",20491.1,GOOD,2.54,TRACKING
2202316,"05 Jul 2026  21:48:11",20490.7,GOOD,2.54,TRACKING
2202317,"05 Jul 2026  21:48:41",20490.6,GOOD,2.54,TRACKING
2202318,"05 Jul 2026  21:49:12",20490.8,GOOD,2.54,TRACKING
2202319,"05 Jul 2026  21:49:42",20490.9,GOOD,2.54,TRACKING
2202320,"05 Jul 2026  21:50:12",20491.3,GOOD,2.54,TRACKING
2202321,"05 Jul 2026  21:50:42",20490.6,GOOD,2.54,TRACKING
2202322,"05 Jul 2026  21:51:12",20490.6,GOOD,2.54,TRACKING
2202323,"05 Jul 2026  21:51:42",20490.1,GOOD,2.54,TRACKING
2202324,"05 Jul 2026  21:52:12",20490.0,GOOD,2.54,TRACKING
2202325,"05 Jul 2026  21:52:42",20490.0,GOOD,2.54,TRACKING
2202326,"05 Jul 2026  21:53:12",20489.8,GOOD,2.54,TRACKING
2202327,"05 Jul 2026  21:53:42",20490.3,GOOD,2.54,TRACKING
2202328,"05 Jul 2026  21:54:12",20490.2,GOOD,2.54,TRACKING
2202329,"05 Jul 2026  21:54:42",20490.5,GOOD,2.54,TRACKING
2202330,"05 Jul 2026  21:55:12",20491.5,GOOD,2.54,TRACKING
2202331,"05 Jul 2026  21:55:42",20490.8,GOOD,2.54,TRACKING
2202332,"05 Jul 2026  21:56:12",20490.4,GOOD,2.54,TRACKING
2202333,"05 Jul 2026  21:56:43",20490.9,GOOD,2.54,TRACKING
2202334,"05 Jul 2026  21:57:13",20491.4,GOOD,2.54,TRACKING
2202335,"05 Jul 2026  21:57:43",20491.7,GOOD,2.54,TRACKING
2202336,"05 Jul 2026  21:58:13",20491.7,GOOD,2.54,TRACKING
2202337,"05 Jul 2026  21:58:43",20491.2,GOOD,2.54,TRACKING
2202338,"05 Jul 2026  21:59:13",20490.9,GOOD,2.54,TRACKING
2202339,"05 Jul 2026  21:59:43",20491.4,GOOD,2.54,TRACKING
2202340,"05 Jul 2026  22:00:13",20491.6,GOOD,2.54,TRACKING
2202341,"05 Jul 2026  22:00:43",20491.2,GOOD,2.54,TRACKING
2202342,"05 Jul 2026  22:01:13",20490.6,GOOD,2.54,TRACKING
2202343,"05 Jul 2026  22:01:43",20490.9,GOOD,2.54,TRACKING
2202344,"05 Jul 2026  22:02:13",20491.1,GOOD,2.54,TRACKING
2202345,"05 Jul 2026  22:02:43",20490.7,GOOD,2.54,TRACKING
2202346,"05 Jul 2026  22:03:13",20491.0,GOOD,2.54,TRACKING
2202347,"05 Jul 2026  22:03:44",20491.4,GOOD,2.54,TRACKING
2202348,"05 Jul 2026  22:04:14",20491.5,GOOD,2.54,TRACKING
2202349,"05 Jul 2026  22:04:44",20492.1,GOOD,2.54,TRACKING
2202350,"05 Jul 2026  22:05:14",20492.4,GOOD,2.54,TRACKING
2202351,"05 Jul 2026  22:05:44",20493.1,GOOD,2.54,TRACKING
2202352,"05 Jul 2026  22:06:14",20493.2,GOOD,2.54,TRACKING
2202353,"05 Jul 2026  22:06:44",20492.9,GOOD,2.54,TRACKING
2202354,"05 Jul 2026  22:07:14",20493.6,GOOD,2.54,TRACKING
2202355,"05 Jul 2026  22:07:44",20492.8,GOOD,2.54,TRACKING
2202356,"05 Jul 2026  22:08:14",20492.7,GOOD,2.54,TRACKING
2202357,"05 Jul 2026  22:08:44",20492.2,GOOD,2.54,TRACKING
2202358,"05 Jul 2026  22:09:14",20493.1,GOOD,2.54,TRACKING
2202359,"05 Jul 2026  22:09:44",20492.2,GOOD,2.54,TRACKING
2202360,"05 Jul 2026  22:10:14",20492.0,GOOD,2.54,TRACKING
2202361,"05 Jul 2026  22:10:44",20492.2,GOOD,2.54,TRACKING
2202362,"05 Jul 2026  22:11:15",20492.6,GOOD,2.54,TRACKING
2202363,"05 Jul 2026  22:11:45",20492.5,GOOD,2.54,TRACKING
2202364,"05 Jul 2026  22:12:15",20492.1,GOOD,2.54,TRACKING
2202365,"05 Jul 2026  22:12:45",20493.0,GOOD,2.54,TRACKING
2202366,"05 Jul 2026  22:13:15",20493.0,GOOD,2.54,TRACKING
2202367,"05 Jul 2026  22:13:45",20492.9,GOOD,2.54,TRACKING
2202368,"05 Jul 2026  22:14:15",20493.9,GOOD,2.54,TRACKING
2202369,"05 Jul 2026  22:14:45",20493.9,GOOD,2.54,TRACKING
2202370,"05 Jul 2026  22:15:15",20493.7,GOOD,2.54,TRACKING
2202371,"05 Jul 2026  22:15:45",20494.0,GOOD,2.54,TRACKING
2202372,"05 Jul 2026  22:16:15",20494.4,GOOD,2.54,TRACKING
2202373,"05 Jul 2026  22:16:45",20493.8,GOOD,2.54,TRACKING
2202374,"05 Jul 2026  22:17:15",20493.5,GOOD,2.54,TRACKING
2202375,"05 Jul 2026  22:17:45",20493.8,GOOD,2.54,TRACKING
2202376,"05 Jul 2026  22:18:16",20493.3,GOOD,2.54,TRACKING
2202377,"05 Jul 2026  22:18:46",20493.2,GOOD,2.54,TRACKING
2202378,"05 Jul 2026  22:19:16",20493.7,GOOD,2.54,TRACKING
2202379,"05 Jul 2026  22:19:46",20495.2,GOOD,2.54,TRACKING
2202380,"05 Jul 2026  22:20:16",20494.7,GOOD,2.54,TRACKING
2202381,"05 Jul 2026  22:20:46",20493.5,GOOD,2.54,TRACKING
2202382,"05 Jul 2026  22:21:16",20493.6,GOOD,2.54,TRACKING
2202383,"05 Jul 2026  22:21:46",20493.8,GOOD,2.54,TRACKING
2202384,"05 Jul 2026  22:22:16",20493.6,GOOD,2.54,TRACKING
2202385,"05 Jul 2026  22:22:46",20493.6,GOOD,2.54,TRACKING
2202386,"05 Jul 2026  22:23:16",20493.8,GOOD,2.54,TRACKING
2202387,"05 Jul 2026  22:23:46",20494.5,GOOD,2.54,TRACKING
2202388,"05 Jul 2026  22:24:16",20495.6,GOOD,2.54,TRACKING
2202389,"05 Jul 2026  22:24:46",20495.1,GOOD,2.54,TRACKING
2202390,"05 Jul 2026  22:25:17",20496.0,GOOD,2.54,TRACKING
2202391,"05 Jul 2026  22:25:47",20495.8,GOOD,2.54,TRACKING
2202392,"05 Jul 2026  22:26:17",20495.3,GOOD,2.54,TRACKING
2202393,"05 Jul 2026  22:26:47",20494.9,GOOD,2.54,TRACKING
2202394,"05 Jul 2026  22:27:17",20494.7,GOOD,2.54,TRACKING
2202395,"05 Jul 2026  22:27:47",20494.8,GOOD,2.54,TRACKING
2202396,"05 Jul 2026  22:28:17",20494.8,GOOD,2.54,TRACKING
2202397,"05 Jul 2026  22:28:47",20495.0,GOOD,2.54,TRACKING
2202398,"05 Jul 2026  22:29:17",20495.5,GOOD,2.54,TRACKING
2202399,"05 Jul 2026  22:29:47",20495.1,GOOD,2.54,TRACKING
2202400,"05 Jul 2026  22:30:17",20496.2,GOOD,2.54,TRACKING
2202401,"05 Jul 2026  22:30:47",20495.6,GOOD,2.54,TRACKING
2202402,"05 Jul 2026  22:31:17",20494.9,GOOD,2.54,TRACKING
2202403,"05 Jul 2026  22:31:47",20495.2,GOOD,2.54,TRACKING
2202404,"05 Jul 2026  22:32:17",20495.6,GOOD,2.54,TRACKING
2202405,"05 Jul 2026  22:32:47",20495.1,GOOD,2.54,TRACKING
2202406,"05 Jul 2026  22:33:17",20495.5,GOOD,2.54,TRACKING
2202407,"05 Jul 2026  22:33:48",20494.7,GOOD,2.54,TRACKING
2202408,"05 Jul 2026  22:34:18",20495.0,GOOD,2.54,TRACKING
2202409,"05 Jul 2026  22:34:48",20495.0,GOOD,2.54,TRACKING
2202410,"05 Jul 2026  22:35:18",20495.5,GOOD,2.54,TRACKING
2202411,"05 Jul 2026  22:35:48",20495.4,GOOD,2.54,TRACKING
2202412,"05 Jul 2026  22:36:18",20495.4,GOOD,2.54,TRACKING
2202413,"05 Jul 2026  22:36:48",20495.1,GOOD,2.54,TRACKING
2202414,"05 Jul 2026  22:37:18",20495.6,GOOD,2.54,TRACKING
2202415,"05 Jul 2026  22:37:48",20495.5,GOOD,2.54,TRACKING
2202416,"05 Jul 2026  22:38:18",20495.9,GOOD,2.54,TRACKING
2202417,"05 Jul 2026  22:38:48",20495.9,GOOD,2.54,TRACKING
2202418,"05 Jul 2026  22:39:18",20496.5,GOOD,2.54,TRACKING
2202419,"05 Jul 2026  22:39:48",20496.6,GOOD,2.54,TRACKING
2202420,"05 Jul 2026  22:40:18",20496.1,GOOD,2.54,TRACKING
2202421,"05 Jul 2026  22:40:48",20495.6,GOOD,2.54,TRACKING
2202422,"05 Jul 2026  22:41:18",20496.5,GOOD,2.54,TRACKING
2202423,"05 Jul 2026  22:41:49",20495.8,GOOD,2.54,TRACKING
2202424,"05 Jul 2026  22:42:19",20495.8,GOOD,2.54,TRACKING
2202425,"05 Jul 2026  22:42:49",20496.0,GOOD,2.54,TRACKING
2202426,"05 Jul 2026  22:43:19",20495.7,GOOD,2.54,TRACKING
2202427,"05 Jul 2026  22:43:49",20496.4,GOOD,2.54,TRACKING
2202428,"05 Jul 2026  22:44:19",20496.2,GOOD,2.54,TRACKING
2202429,"05 Jul 2026  22:44:49",20496.3,GOOD,2.54,TRACKING
2202430,"05 Jul 2026  22:45:19",20496.1,GOOD,2.54,TRACKING
2202431,"05 Jul 2026  22:45:49",20496.6,GOOD,2.54,TRACKING
2202432,"05 Jul 2026  22:46:19",20496.5,GOOD,2.54,TRACKING
2202433,"05 Jul 2026  22:46:49",20496.9,GOOD,2.54,TRACKING
2202434,"05 Jul 2026  22:47:19",20497.5,GOOD,2.54,TRACKING
2202435,"05 Jul 2026  22:47:49",20497.9,GOOD,2.54,TRACKING
2202436,"05 Jul 2026  22:48:19",20497.4,GOOD,2.54,TRACKING
2202437,"05 Jul 2026  22:48:49",20497.1,GOOD,2.54,TRACKING
2202438,"05 Jul 2026  22:49:19",20496.7,GOOD,2.54,TRACKING
2202439,"05 Jul 2026  22:49:49",20497.5,GOOD,2.54,TRACKING
2202440,"05 Jul 2026  22:50:20",20497.1,GOOD,2.54,TRACKING
2202441,"05 Jul 2026  22:50:50",20497.2,GOOD,2.54,TRACKING
2202442,"05 Jul 2026  22:51:20",20496.6,GOOD,2.54,TRACKING
2202443,"05 Jul 2026  22:51:50",20497.2,GOOD,2.54,TRACKING
2202444,"05 Jul 2026  22:52:20",20498.8,GOOD,2.54,TRACKING
2202445,"05 Jul 2026  22:52:50",20499.3,GOOD,2.54,TRACKING
2202446,"05 Jul 2026  22:53:20",20498.4,GOOD,2.54,TRACKING
2202447,"05 Jul 2026  22:53:50",20497.9,GOOD,2.54,TRACKING
2202448,"05 Jul 2026  22:54:20",20497.7,GOOD,2.54,TRACKING
2202449,"05 Jul 2026  22:54:50",20498.4,GOOD,2.54,TRACKING
2202450,"05 Jul 2026  22:55:20",20498.9,GOOD,2.54,TRACKING
2202451,"05 Jul 2026  22:55:50",20498.1,GOOD,2.54,TRACKING
2202452,"05 Jul 2026  22:56:20",20498.1,GOOD,2.54,TRACKING
2202453,"05 Jul 2026  22:56:50",20497.9,GOOD,2.54,TRACKING
2202454,"05 Jul 2026  22:57:20",20498.4,GOOD,2.54,TRACKING
2202455,"05 Jul 2026  22:57:50",20498.2,GOOD,2.54,TRACKING
2202456,"05 Jul 2026  22:58:21",20497.7,GOOD,2.54,TRACKING
2202457,"05 Jul 2026  22:58:51",20497.4,GOOD,2.54,TRACKING
2202458,"05 Jul 2026  22:59:21",20497.5,GOOD,2.54,TRACKING
2202459,"05 Jul 2026  22:59:51",20498.8,GOOD,2.54,TRACKING
2202460,"05 Jul 2026  23:00:21",20498.6,GOOD,2.54,TRACKING
2202461,"05 Jul 2026  23:00:51",20498.5,GOOD,2.54,TRACKING
2202462,"05 Jul 2026  23:01:21",20498.5,GOOD,2.54,TRACKING
2202463,"05 Jul 2026  23:01:51",20499.1,GOOD,2.54,TRACKING
2202464,"05 Jul 2026  23:02:21",20499.0,GOOD,2.54,TRACKING
2202465,"05 Jul 2026  23:02:51",20499.4,GOOD,2.54,TRACKING
2202466,"05 Jul 2026  23:03:21",20499.0,GOOD,2.54,TRACKING
2202467,"05 Jul 2026  23:03:51",20498.9,GOOD,2.54,TRACKING
2202468,"05 Jul 2026  23:04:21",20499.0,GOOD,2.54,TRACKING
2202469,"05 Jul 2026  23:04:51",20498.9,GOOD,2.54,TRACKING
2202470,"05 Jul 2026  23:05:21",20498.9,GOOD,2.54,TRACKING
2202471,"05 Jul 2026  23:05:52",20498.1,GOOD,2.54,TRACKING
2202472,"05 Jul 2026  23:06:22",20498.6,GOOD,2.54,TRACKING
2202473,"05 Jul 2026  23:06:52",20499.4,GOOD,2.54,TRACKING
2202474,"05 Jul 2026  23:07:22",20499.4,GOOD,2.54,TRACKING
2202475,"05 Jul 2026  23:07:52",20499.8,GOOD,2.54,TRACKING
2202476,"05 Jul 2026  23:08:22",20499.1,GOOD,2.54,TRACKING
2202477,"05 Jul 2026  23:08:52",20498.6,GOOD,2.54,TRACKING
2202478,"05 Jul 2026  23:09:22",20499.4,GOOD,2.54,TRACKING
2202479,"05 Jul 2026  23:09:52",20499.0,GOOD,2.54,TRACKING
2202480,"05 Jul 2026  23:10:22",20499.4,GOOD,2.54,TRACKING
2202481,"05 Jul 2026  23:10:52",20499.3,GOOD,2.54,TRACKING
2202482,"05 Jul 2026  23:11:22",20498.2,GOOD,2.54,TRACKING
2202483,"05 Jul 2026  23:11:52",20499.8,GOOD,2.54,TRACKING
2202484,"05 Jul 2026  23:12:22",20499.8,GOOD,2.54,TRACKING
2202485,"05 Jul 2026  23:12:52",20500.5,GOOD,2.54,TRACKING
2202486,"05 Jul 2026  23:13:23",20500.4,GOOD,2.54,TRACKING
2202487,"05 Jul 2026  23:13:53",20500.2,GOOD,2.54,TRACKING
2202488,"05 Jul 2026  23:14:23",20500.8,GOOD,2.54,TRACKING
2202489,"05 Jul 2026  23:14:53",20501.5,GOOD,2.54,TRACKING
2202490,"05 Jul 2026  23:15:23",20501.5,GOOD,2.54,TRACKING
2202491,"05 Jul 2026  23:15:53",20501.2,GOOD,2.54,TRACKING
2202492,"05 Jul 2026  23:16:23",20500.9,GOOD,2.54,TRACKING
2202493,"05 Jul 2026  23:16:53",20500.4,GOOD,2.54,TRACKING
2202494,"05 Jul 2026  23:17:23",20500.6,GOOD,2.54,TRACKING
2202495,"05 Jul 2026  23:17:53",20500.9,GOOD,2.54,TRACKING
2202496,"05 Jul 2026  23:18:23",20501.1,GOOD,2.54,TRACKING
2202497,"05 Jul 2026  23:18:53",20501.0,GOOD,2.54,TRACKING
2202498,"05 Jul 2026  23:19:23",20500.9,GOOD,2.54,TRACKING
2202499,"05 Jul 2026  23:19:53",20500.9,GOOD,2.54,TRACKING
2202500,"05 Jul 2026  23:20:23",20501.1,GOOD,2.54,TRACKING
2202501,"05 Jul 2026  23:20:54",20501.6,GOOD,2.54,TRACKING
2202502,"05 Jul 2026  23:21:24",20501.6,GOOD,2.54,TRACKING
2202503,"05 Jul 2026  23:21:54",20501.3,GOOD,2.54,TRACKING
2202504,"05 Jul 2026  23:22:24",20501.3,GOOD,2.54,TRACKING
2202505,"05 Jul 2026  23:22:54",20501.6,GOOD,2.54,TRACKING
2202506,"05 Jul 2026  23:23:24",20500.9,GOOD,2.54,TRACKING
2202507,"05 Jul 2026  23:23:54",20500.7,GOOD,2.54,TRACKING
2202508,"05 Jul 2026  23:24:24",20500.9,GOOD,2.54,TRACKING
2202509,"05 Jul 2026  23:24:54",20501.3,GOOD,2.54,TRACKING
2202510,"05 Jul 2026  23:25:24",20501.4,GOOD,2.54,TRACKING
2202511,"05 Jul 2026  23:25:54",20501.5,GOOD,2.54,TRACKING
2202512,"05 Jul 2026  23:26:24",20501.4,GOOD,2.54,TRACKING
2202513,"05 Jul 2026  23:26:54",20501.8,GOOD,2.54,TRACKING
2202514,"05 Jul 2026  23:27:24",20501.4,GOOD,2.54,TRACKING
2202515,"05 Jul 2026  23:27:54",20501.7,GOOD,2.54,TRACKING
2202516,"05 Jul 2026  23:28:25",20501.4,GOOD,2.54,TRACKING
2202517,"05 Jul 2026  23:28:55",20501.8,GOOD,2.54,TRACKING
2202518,"05 Jul 2026  23:29:25",20501.6,GOOD,2.54,TRACKING
2202519,"05 Jul 2026  23:29:55",20501.0,GOOD,2.54,TRACKING
2202520,"05 Jul 2026  23:30:25",20501.8,GOOD,2.54,TRACKING
2202521,"05 Jul 2026  23:30:55",20502.1,GOOD,2.54,TRACKING
2202522,"05 Jul 2026  23:31:25",20501.8,GOOD,2.54,TRACKING
2202523,"05 Jul 2026  23:31:55",20502.2,GOOD,2.54,TRACKING
2202524,"05 Jul 2026  23:32:25",20502.1,GOOD,2.54,TRACKING
2202525,"05 Jul 2026  23:32:55",20502.3,GOOD,2.54,TRACKING
2202526,"05 Jul 2026  23:33:25",20502.2,GOOD,2.54,TRACKING
2202527,"05 Jul 2026  23:33:55",20501.9,GOOD,2.54,TRACKING
2202528,"05 Jul 2026  23:34:25",20502.1,GOOD,2.54,TRACKING
2202529,"05 Jul 2026  23:34:55",20502.7,GOOD,2.54,TRACKING
2202530,"05 Jul 2026  23:35:25",20503.5,GOOD,2.54,TRACKING
2202531,"05 Jul 2026  23:35:56",20503.0,GOOD,2.54,TRACKING
2202532,"05 Jul 2026  23:36:26",20502.7,GOOD,2.54,TRACKING
2202533,"05 Jul 2026  23:36:56",20502.9,GOOD,2.54,TRACKING
2202534,"05 Jul 2026  23:37:26",20503.6,GOOD,2.54,TRACKING
2202535,"05 Jul 2026  23:37:56",20503.3,GOOD,2.54,TRACKING
2202536,"05 Jul 2026  23:38:26",20502.7,GOOD,2.54,TRACKING
2202537,"05 Jul 2026  23:38:56",20502.3,GOOD,2.54,TRACKING
2202538,"05 Jul 2026  23:39:26",20502.2,GOOD,2.54,TRACKING
2202539,"05 Jul 2026  23:39:56",20501.9,GOOD,2.54,TRACKING
2202540,"05 Jul 2026  23:40:26",20501.9,GOOD,2.54,TRACKING
2202541,"05 Jul 2026  23:40:56",20501.7,GOOD,2.54,TRACKING
2202542,"05 Jul 2026  23:41:26",20502.9,GOOD,2.54,TRACKING
2202543,"05 Jul 2026  23:41:56",20503.2,GOOD,2.54,TRACKING
2202544,"05 Jul 2026  23:42:26",20503.1,GOOD,2.54,TRACKING
2202545,"05 Jul 2026  23:42:57",20503.1,GOOD,2.54,TRACKING
2202546,"05 Jul 2026  23:43:27",20504.1,GOOD,2.54,TRACKING
2202547,"05 Jul 2026  23:43:57",20504.2,GOOD,2.54,TRACKING
2202548,"05 Jul 2026  23:44:27",20502.0,GOOD,2.54,TRACKING
2202549,"05 Jul 2026  23:44:57",20503.9,GOOD,2.54,TRACKING
2202550,"05 Jul 2026  23:45:27",20504.0,GOOD,2.54,TRACKING
2202551,"05 Jul 2026  23:45:57",20504.0,GOOD,2.54,TRACKING
2202552,"05 Jul 2026  23:46:27",20504.0,GOOD,2.54,TRACKING
2202553,"05 Jul 2026  23:46:57",20503.4,GOOD,2.54,TRACKING
2202554,"05 Jul 2026  23:47:27",20504.2,GOOD,2.54,TRACKING
2202555,"05 Jul 2026  23:47:57",20504.5,GOOD,2.54,TRACKING
2202556,"05 Jul 2026  23:48:27",20503.9,GOOD,2.54,TRACKING
2202557,"05 Jul 2026  23:48:57",20503.7,GOOD,2.54,TRACKING
2202558,"05 Jul 2026  23:49:27",20502.7,GOOD,2.54,TRACKING
2202559,"05 Jul 2026  23:49:57",20503.7,GOOD,2.54,TRACKING
2202560,"05 Jul 2026  23:50:27",20503.7,GOOD,2.54,TRACKING
2202561,"05 Jul 2026  23:50:58",20503.9,GOOD,2.54,TRACKING
2202562,"05 Jul 2026  23:51:28",20504.0,GOOD,2.54,TRACKING
2202563,"05 Jul 2026  23:51:58",20503.5,GOOD,2.54,TRACKING
2202564,"05 Jul 2026  23:52:28",20503.6,GOOD,2.54,TRACKING
2202565,"05 Jul 2026  23:52:58",20504.2,GOOD,2.54,TRACKING
2202566,"05 Jul 2026  23:53:28",20504.1,GOOD,2.54,TRACKING
2202567,"05 Jul 2026  23:53:58",20504.0,GOOD,2.54,TRACKING
2202568,"05 Jul 2026  23:54:28",20504.2,GOOD,2.54,TRACKING
2202569,"05 Jul 2026  23:54:58",20504.9,GOOD,2.54,TRACKING
2202570,"05 Jul 2026  23:55:28",20505.0,GOOD,2.54,TRACKING
2202571,"05 Jul 2026  23:55:58",20505.2,GOOD,2.54,TRACKING
2202572,"05 Jul 2026  23:56:28",20504.9,GOOD,2.54,TRACKING
2202573,"05 Jul 2026  23:56:58",20504.1,GOOD,2.54,TRACKING
2202574,"05 Jul 2026  23:57:28",20504.8,GOOD,2.54,TRACKING
2202575,"05 Jul 2026  23:57:58",20505.7,GOOD,2.54,TRACKING
2202576,"05 Jul 2026  23:58:28",20505.4,GOOD,2.54,TRACKING
2202577,"05 Jul 2026  23:58:58",20504.6,GOOD,2.54,TRACKING
2202578,"05 Jul 2026  23:59:29",20504.6,GOOD,2.54,TRACKING
2202579,"05 Jul 2026  23:59:59",20505.5,GOOD,2.54,TRACKING
2202580,"06 Jul 2026  00:00:29",20505.3,GOOD,2.54,TRACKING
2202581,"06 Jul 2026  00:00:59",20505.1,GOOD,2.54,TRACKING
2202582,"06 Jul 2026  00:01:29",20506.1,GOOD,2.54,TRACKING
2202583,"06 Jul 2026  00:01:59",20505.6,GOOD,2.54,TRACKING
2202584,"06 Jul 2026  00:02:29",20506.3,GOOD,2.54,TRACKING
2202585,"06 Jul 2026  00:02:59",20505.7,GOOD,2.54,TRACKING
2202586,"06 Jul 2026  00:03:29",20506.3,GOOD,2.54,TRACKING
2202587,"06 Jul 2026  00:03:59",20505.4,GOOD,2.54,TRACKING
2202588,"06 Jul 2026  00:04:29",20505.1,GOOD,2.54,TRACKING
2202589,"06 Jul 2026  00:04:59",20504.6,GOOD,2.54,TRACKING
2202590,"06 Jul 2026  00:05:29",20504.3,GOOD,2.54,TRACKING
2202591,"06 Jul 2026  00:05:59",20506.4,GOOD,2.54,TRACKING
2202592,"06 Jul 2026  00:06:29",20506.9,GOOD,2.54,TRACKING
2202593,"06 Jul 2026  00:06:59",20505.3,GOOD,2.54,TRACKING
2202594,"06 Jul 2026  00:07:30",20506.9,GOOD,2.54,TRACKING
2202595,"06 Jul 2026  00:08:00",20507.1,GOOD,2.54,TRACKING
2202596,"06 Jul 2026  00:08:30",20506.6,GOOD,2.54,TRACKING
2202597,"06 Jul 2026  00:09:00",20506.2,GOOD,2.54,TRACKING
2202598,"06 Jul 2026  00:09:30",20507.1,GOOD,2.54,TRACKING
2202599,"06 Jul 2026  00:10:00",20507.9,GOOD,2.54,TRACKING
2202600,"06 Jul 2026  00:10:30",20507.2,GOOD,2.54,TRACKING
2202601,"06 Jul 2026  00:11:00",20506.4,GOOD,2.54,TRACKING
2202602,"06 Jul 2026  00:11:30",20506.4,GOOD,2.54,TRACKING
2202603,"06 Jul 2026  00:12:00",20507.0,GOOD,2.54,TRACKING
2202604,"06 Jul 2026  00:12:30",20506.4,GOOD,2.54,TRACKING
2202605,"06 Jul 2026  00:13:00",20506.9,GOOD,2.54,TRACKING
2202606,"06 Jul 2026  00:13:30",20506.7,GOOD,2.54,TRACKING
2202607,"06 Jul 2026  00:14:00",20507.3,GOOD,2.54,TRACKING
2202608,"06 Jul 2026  00:14:30",20507.1,GOOD,2.54,TRACKING
2202609,"06 Jul 2026  00:15:01",20506.8,GOOD,2.54,TRACKING
2202610,"06 Jul 2026  00:15:31",20507.0,GOOD,2.54,TRACKING
2202611,"06 Jul 2026  00:16:01",20507.2,GOOD,2.54,TRACKING
2202612,"06 Jul 2026  00:16:31",20507.0,GOOD,2.54,TRACKING
2202613,"06 Jul 2026  00:17:01",20506.9,GOOD,2.54,TRACKING
2202614,"06 Jul 2026  00:17:31",20506.8,GOOD,2.54,TRACKING
2202615,"06 Jul 2026  00:18:01",20508.9,GOOD,2.54,TRACKING
2202616,"06 Jul 2026  00:18:31",20508.3,GOOD,2.54,TRACKING
2202617,"06 Jul 2026  00:19:01",20508.7,GOOD,2.54,TRACKING
2202618,"06 Jul 2026  00:19:31",20508.0,GOOD,2.54,TRACKING
2202619,"06 Jul 2026  00:20:01",20508.4,GOOD,2.54,TRACKING
2202620,"06 Jul 2026  00:20:31",20508.3,GOOD,2.54,TRACKING
2202621,"06 Jul 2026  00:21:01",20507.9,GOOD,2.54,TRACKING
2202622,"06 Jul 2026  00:21:32",20507.5,GOOD,2.54,TRACKING
2202623,"06 Jul 2026  00:22:02",20508.1,GOOD,2.54,TRACKING
2202624,"06 Jul 2026  00:22:32",20507.5,GOOD,2.54,TRACKING
2202625,"06 Jul 2026  00:23:02",20507.5,GOOD,2.54,TRACKING
2202626,"06 Jul 2026  00:23:32",20507.5,GOOD,2.54,TRACKING
2202627,"06 Jul 2026  00:24:02",20507.5,GOOD,2.54,TRACKING
2202628,"06 Jul 2026  00:24:32",20507.3,GOOD,2.54,TRACKING
2202629,"06 Jul 2026  00:25:02",20507.6,GOOD,2.54,TRACKING
2202630,"06 Jul 2026  00:25:32",20507.2,GOOD,2.54,TRACKING
2202631,"06 Jul 2026  00:26:02",20507.8,GOOD,2.54,TRACKING
2202632,"06 Jul 2026  00:26:32",20508.1,GOOD,2.54,TRACKING
2202633,"06 Jul 2026  00:27:02",20508.3,GOOD,2.54,TRACKING
2202634,"06 Jul 2026  00:27:32",20507.8,GOOD,2.54,TRACKING
2202635,"06 Jul 2026  00:28:02",20508.3,GOOD,2.54,TRACKING
2202636,"06 Jul 2026  00:28:32",20507.6,GOOD,2.54,TRACKING
2202637,"06 Jul 2026  00:29:02",20507.4,GOOD,2.54,TRACKING
2202638,"06 Jul 2026  00:29:33",20507.4,GOOD,2.54,TRACKING
2202639,"06 Jul 2026  00:30:03",20508.6,GOOD,2.54,TRACKING
2202640,"06 Jul 2026  00:30:33",20508.9,GOOD,2.54,TRACKING
2202641,"06 Jul 2026  00:31:03",20508.3,GOOD,2.54,TRACKING
2202642,"06 Jul 2026  00:31:33",20507.8,GOOD,2.54,TRACKING
2202643,"06 Jul 2026  00:32:03",20508.5,GOOD,2.54,TRACKING
2202644,"06 Jul 2026  00:32:33",20508.0,GOOD,2.54,TRACKING
2202645,"06 Jul 2026  00:33:03",20508.3,GOOD,2.54,TRACKING
2202646,"06 Jul 2026  00:33:33",20508.8,GOOD,2.54,TRACKING
2202647,"06 Jul 2026  00:34:03",20508.6,GOOD,2.54,TRACKING
2202648,"06 Jul 2026  00:34:33",20508.4,GOOD,2.54,TRACKING
2202649,"06 Jul 2026  00:35:03",20508.2,GOOD,2.54,TRACKING
2202650,"06 Jul 2026  00:35:33",20508.2,GOOD,2.54,TRACKING
2202651,"06 Jul 2026  00:36:03",20508.3,GOOD,2.54,TRACKING
2202652,"06 Jul 2026  00:36:33",20508.1,GOOD,2.54,TRACKING
2202653,"06 Jul 2026  00:37:04",20509.2,GOOD,2.54,TRACKING
2202654,"06 Jul 2026  00:37:34",20509.6,GOOD,2.54,TRACKING
2202655,"06 Jul 2026  00:38:04",20508.6,GOOD,2.54,TRACKING
2202656,"06 Jul 2026  00:38:34",20508.9,GOOD,2.54,TRACKING
2202657,"06 Jul 2026  00:39:04",20508.5,GOOD,2.54,TRACKING
2202658,"06 Jul 2026  00:39:34",20509.1,GOOD,2.54,TRACKING
2202659,"06 Jul 2026  00:40:04",20509.4,GOOD,2.54,TRACKING
2202660,"06 Jul 2026  00:40:34",20509.4,GOOD,2.54,TRACKING
2202661,"06 Jul 2026  00:41:04",20509.4,GOOD,2.54,TRACKING
2202662,"06 Jul 2026  00:41:34",20509.5,GOOD,2.54,TRACKING
2202663,"06 Jul 2026  00:42:04",20509.7,GOOD,2.54,TRACKING
2202664,"06 Jul 2026  00:42:34",20509.2,GOOD,2.54,TRACKING
2202665,"06 Jul 2026  00:43:04",20510.2,GOOD,2.54,TRACKING
2202666,"06 Jul 2026  00:43:34",20510.1,GOOD,2.54,TRACKING
2202667,"06 Jul 2026  00:44:04",20510.1,GOOD,2.54,TRACKING
2202668,"06 Jul 2026  00:44:35",20510.0,GOOD,2.54,TRACKING
2202669,"06 Jul 2026  00:45:05",20510.4,GOOD,2.54,TRACKING
2202670,"06 Jul 2026  00:45:35",20510.6,GOOD,2.54,TRACKING
2202671,"06 Jul 2026  00:46:05",20510.6,GOOD,2.54,TRACKING
2202672,"06 Jul 2026  00:46:35",20510.3,GOOD,2.54,TRACKING
2202673,"06 Jul 2026  00:47:05",20510.1,GOOD,2.54,TRACKING
2202674,"06 Jul 2026  00:47:35",20510.3,GOOD,2.54,TRACKING
2202675,"06 Jul 2026  00:48:05",20509.3,GOOD,2.54,TRACKING
2202676,"06 Jul 2026  00:48:35",20509.2,GOOD,2.54,TRACKING
2202677,"06 Jul 2026  00:49:05",20509.8,GOOD,2.54,TRACKING
2202678,"06 Jul 2026  00:49:35",20510.3,GOOD,2.54,TRACKING
2202679,"06 Jul 2026  00:50:05",20510.3,GOOD,2.54,TRACKING
2202680,"06 Jul 2026  00:50:35",20510.1,GOOD,2.54,TRACKING
2202681,"06 Jul 2026  00:51:05",20510.9,GOOD,2.54,TRACKING
2202682,"06 Jul 2026  00:51:36",20511.1,GOOD,2.54,TRACKING
2202683,"06 Jul 2026  00:52:06",20511.3,GOOD,2.54,TRACKING
2202684,"06 Jul 2026  00:52:36",20510.4,GOOD,2.54,TRACKING
2202685,"06 Jul 2026  00:53:06",20510.6,GOOD,2.54,TRACKING
2202686,"06 Jul 2026  00:53:36",20511.2,GOOD,2.54,TRACKING
2202687,"06 Jul 2026  00:54:06",20510.4,GOOD,2.54,TRACKING
2202688,"06 Jul 2026  00:54:36",20510.5,GOOD,2.54,TRACKING
2202689,"06 Jul 2026  00:55:06",20510.5,GOOD,2.54,TRACKING
2202690,"06 Jul 2026  00:55:36",20511.1,GOOD,2.54,TRACKING
2202691,"06 Jul 2026  00:56:06",20510.5,GOOD,2.54,TRACKING
2202692,"06 Jul 2026  00:56:36",20510.9,GOOD,2.54,TRACKING
2202693,"06 Jul 2026  00:57:06",20510.7,GOOD,2.54,TRACKING
2202694,"06 Jul 2026  00:57:36",20511.1,GOOD,2.54,TRACKING
2202695,"06 Jul 2026  00:58:06",20510.9,GOOD,2.54,TRACKING
2202696,"06 Jul 2026  00:58:37",20511.7,GOOD,2.54,TRACKING
2202697,"06 Jul 2026  00:59:07",20511.9,GOOD,2.54,TRACKING
2202698,"06 Jul 2026  00:59:37",20512.3,GOOD,2.54,TRACKING
2202699,"06 Jul 2026  01:00:07",20512.7,GOOD,2.54,TRACKING
2202700,"06 Jul 2026  01:00:37",20512.2,GOOD,2.54,TRACKING
2202701,"06 Jul 2026  01:01:07",20511.6,GOOD,2.54,TRACKING
2202702,"06 Jul 2026  01:01:37",20512.6,GOOD,2.54,TRACKING
2202703,"06 Jul 2026  01:02:07",20512.5,GOOD,2.54,TRACKING
2202704,"06 Jul 2026  01:02:37",20511.9,GOOD,2.54,TRACKING
2202705,"06 Jul 2026  01:03:07",20512.1,GOOD,2.54,TRACKING
2202706,"06 Jul 2026  01:03:37",20511.9,GOOD,2.54,TRACKING
2202707,"06 Jul 2026  01:04:07",20511.8,GOOD,2.54,TRACKING
2202708,"06 Jul 2026  01:04:37",20512.6,GOOD,2.54,TRACKING
2202709,"06 Jul 2026  01:05:07",20512.5,GOOD,2.54,TRACKING
2202710,"06 Jul 2026  01:05:37",20512.1,GOOD,2.54,TRACKING
2202711,"06 Jul 2026  01:06:08",20512.1,GOOD,2.54,TRACKING
2202712,"06 Jul 2026  01:06:38",20513.5,GOOD,2.54,TRACKING
2202713,"06 Jul 2026  01:07:08",20511.3,GOOD,2.54,TRACKING
2202714,"06 Jul 2026  01:07:38",20511.7,GOOD,2.54,TRACKING
2202715,"06 Jul 2026  01:08:08",20511.6,GOOD,2.54,TRACKING
2202716,"06 Jul 2026  01:08:38",20512.1,GOOD,2.54,TRACKING
2202717,"06 Jul 2026  01:09:08",20511.7,GOOD,2.54,TRACKING
2202718,"06 Jul 2026  01:09:38",20511.8,GOOD,2.54,TRACKING
2202719,"06 Jul 2026  01:10:08",20511.5,GOOD,2.54,TRACKING
2202720,"06 Jul 2026  01:10:38",20511.4,GOOD,2.54,TRACKING
2202721,"06 Jul 2026  01:11:08",20511.8,GOOD,2.54,TRACKING
2202722,"06 Jul 2026  01:11:38",20512.1,GOOD,2.54,TRACKING
2202723,"06 Jul 2026  01:12:08",20511.8,GOOD,2.54,TRACKING
2202724,"06 Jul 2026  01:12:38",20511.4,GOOD,2.54,TRACKING
2202725,"06 Jul 2026  01:13:08",20510.2,GOOD,2.54,TRACKING
2202726,"06 Jul 2026  01:13:38",20511.9,GOOD,2.54,TRACKING
2202727,"06 Jul 2026  01:14:08",20512.2,GOOD,2.54,TRACKING
2202728,"06 Jul 2026  01:14:39",20511.7,GOOD,2.54,TRACKING
2202729,"06 Jul 2026  01:15:09",20511.8,GOOD,2.54,TRACKING
2202730,"06 Jul 2026  01:15:39",20512.1,GOOD,2.54,TRACKING
2202731,"06 Jul 2026  01:16:09",20511.4,GOOD,2.54,TRACKING
2202732,"06 Jul 2026  01:16:39",20511.7,GOOD,2.54,TRACKING
2202733,"06 Jul 2026  01:17:09",20512.5,GOOD,2.54,TRACKING
2202734,"06 Jul 2026  01:17:39",20512.3,GOOD,2.54,TRACKING
2202735,"06 Jul 2026  01:18:09",20512.4,GOOD,2.54,TRACKING
2202736,"06 Jul 2026  01:18:39",20512.1,GOOD,2.54,TRACKING
2202737,"06 Jul 2026  01:19:09",20512.7,GOOD,2.54,TRACKING
2202738,"06 Jul 2026  01:19:39",20512.5,GOOD,2.54,TRACKING
2202739,"06 Jul 2026  01:20:09",20512.3,GOOD,2.54,TRACKING
2202740,"06 Jul 2026  01:20:39",20512.8,GOOD,2.54,TRACKING
2202741,"06 Jul 2026  01:21:09",20512.3,GOOD,2.54,TRACKING
2202742,"06 Jul 2026  01:21:39",20512.4,GOOD,2.54,TRACKING
2202743,"06 Jul 2026  01:22:10",20512.8,GOOD,2.54,TRACKING
2202744,"06 Jul 2026  01:22:40",20512.1,GOOD,2.54,TRACKING
2202745,"06 Jul 2026  01:23:10",20512.4,GOOD,2.54,TRACKING
2202746,"06 Jul 2026  01:23:40",20512.1,GOOD,2.54,TRACKING
2202747,"06 Jul 2026  01:24:10",20513.1,GOOD,2.54,TRACKING
2202748,"06 Jul 2026  01:24:40",20514.4,GOOD,2.54,TRACKING
2202749,"06 Jul 2026  01:25:10",20513.4,GOOD,2.54,TRACKING
2202750,"06 Jul 2026  01:25:40",20514.0,GOOD,2.54,TRACKING
2202751,"06 Jul 2026  01:26:10",20513.7,GOOD,2.54,TRACKING
2202752,"06 Jul 2026  01:26:40",20512.3,GOOD,2.54,TRACKING
2202753,"06 Jul 2026  01:27:10",20513.3,GOOD,2.54,TRACKING
2202754,"06 Jul 2026  01:27:40",20513.3,GOOD,2.54,TRACKING
2202755,"06 Jul 2026  01:28:10",20513.0,GOOD,2.54,TRACKING
2202756,"06 Jul 2026  01:28:40",20513.7,GOOD,2.54,TRACKING
2202757,"06 Jul 2026  01:29:11",20514.4,GOOD,2.54,TRACKING
2202758,"06 Jul 2026  01:29:41",20514.3,GOOD,2.54,TRACKING
2202759,"06 Jul 2026  01:30:11",20513.9,GOOD,2.54,TRACKING
2202760,"06 Jul 2026  01:30:41",20513.8,GOOD,2.54,TRACKING
2202761,"06 Jul 2026  01:31:11",20513.7,GOOD,2.54,TRACKING
2202762,"06 Jul 2026  01:31:41",20512.9,GOOD,2.54,TRACKING
2202763,"06 Jul 2026  01:32:11",20513.9,GOOD,2.54,TRACKING
2202764,"06 Jul 2026  01:32:41",20514.9,GOOD,2.54,TRACKING
2202765,"06 Jul 2026  01:33:11",20513.8,GOOD,2.54,TRACKING
2202766,"06 Jul 2026  01:33:41",20514.7,GOOD,2.54,TRACKING
2202767,"06 Jul 2026  01:34:11",20514.1,GOOD,2.54,TRACKING
2202768,"06 Jul 2026  01:34:41",20513.8,GOOD,2.54,TRACKING
2202769,"06 Jul 2026  01:35:11",20513.9,GOOD,2.54,TRACKING
2202770,"06 Jul 2026  01:35:41",20513.3,GOOD,2.54,TRACKING
2202771,"06 Jul 2026  01:36:12",20514.1,GOOD,2.54,TRACKING
2202772,"06 Jul 2026  01:36:42",20514.2,GOOD,2.54,TRACKING
2202773,"06 Jul 2026  01:37:12",20514.1,GOOD,2.54,TRACKING
2202774,"06 Jul 2026  01:37:42",20514.3,GOOD,2.54,TRACKING
2202775,"06 Jul 2026  01:38:12",20514.6,GOOD,2.54,TRACKING
2202776,"06 Jul 2026  01:38:42",20513.9,GOOD,2.54,TRACKING
2202777,"06 Jul 2026  01:39:12",20513.8,GOOD,2.54,TRACKING
2202778,"06 Jul 2026  01:39:42",20514.4,GOOD,2.54,TRACKING
2202779,"06 Jul 2026  01:40:12",20514.4,GOOD,2.54,TRACKING
2202780,"06 Jul 2026  01:40:42",20514.2,GOOD,2.54,TRACKING
2202781,"06 Jul 2026  01:41:12",20514.6,GOOD,2.54,TRACKING
2202782,"06 Jul 2026  01:41:42",20513.8,GOOD,2.54,TRACKING
2202783,"06 Jul 2026  01:42:12",20512.3,GOOD,2.54,TRACKING
2202784,"06 Jul 2026  01:42:42",20512.6,GOOD,2.54,TRACKING
2202785,"06 Jul 2026  01:43:13",20514.5,GOOD,2.54,TRACKING
2202786,"06 Jul 2026  01:43:43",20515.4,GOOD,2.54,TRACKING
2202787,"06 Jul 2026  01:44:13",20516.1,GOOD,2.54,TRACKING
2202788,"06 Jul 2026  01:44:43",20514.9,GOOD,2.54,TRACKING
2202789,"06 Jul 2026  01:45:13",20514.9,GOOD,2.54,TRACKING
2202790,"06 Jul 2026  01:45:43",20514.5,GOOD,2.54,TRACKING
2202791,"06 Jul 2026  01:46:13",20514.0,GOOD,2.54,TRACKING
2202792,"06 Jul 2026  01:46:43",20514.9,GOOD,2.54,TRACKING
2202793,"06 Jul 2026  01:47:13",20515.1,GOOD,2.54,TRACKING
2202794,"06 Jul 2026  01:47:43",20513.5,GOOD,2.54,TRACKING
2202795,"06 Jul 2026  01:48:13",20515.6,GOOD,2.54,TRACKING
2202796,"06 Jul 2026  01:48:43",20515.0,GOOD,2.54,TRACKING
2202797,"06 Jul 2026  01:49:13",20514.7,GOOD,2.54,TRACKING
2202798,"06 Jul 2026  01:49:43",20516.0,GOOD,2.54,TRACKING
2202799,"06 Jul 2026  01:50:14",20514.2,GOOD,2.54,TRACKING
2202800,"06 Jul 2026  01:50:44",20515.4,GOOD,2.54,TRACKING
2202801,"06 Jul 2026  01:51:14",20515.9,GOOD,2.54,TRACKING
2202802,"06 Jul 2026  01:51:44",20515.3,GOOD,2.54,TRACKING
2202803,"06 Jul 2026  01:52:14",20515.6,GOOD,2.54,TRACKING
2202804,"06 Jul 2026  01:52:44",20512.4,GOOD,2.54,TRACKING
2202805,"06 Jul 2026  01:53:14",20515.4,GOOD,2.54,TRACKING
2202806,"06 Jul 2026  01:53:44",20515.8,GOOD,2.54,TRACKING
2202807,"06 Jul 2026  01:54:14",20515.9,GOOD,2.54,TRACKING
2202808,"06 Jul 2026  01:54:44",20516.3,GOOD,2.54,TRACKING
2202809,"06 Jul 2026  01:55:14",20515.7,GOOD,2.54,TRACKING
2202810,"06 Jul 2026  01:55:44",20515.0,GOOD,2.54,TRACKING
2202811,"06 Jul 2026  01:56:14",20514.7,GOOD,2.54,TRACKING
2202812,"06 Jul 2026  01:56:45",20515.3,GOOD,2.54,TRACKING
2202813,"06 Jul 2026  01:57:15",20515.6,GOOD,2.54,TRACKING
2202814,"06 Jul 2026  01:57:45",20513.3,GOOD,2.54,TRACKING
2202815,"06 Jul 2026  01:58:15",20515.6,GOOD,2.54,TRACKING
2202816,"06 Jul 2026  01:58:45",20515.9,GOOD,2.54,TRACKING
2202817,"06 Jul 2026  01:59:15",20514.7,GOOD,2.54,TRACKING
2202818,"06 Jul 2026  01:59:45",20514.1,GOOD,2.54,TRACKING
2202819,"06 Jul 2026  02:00:15",20515.9,GOOD,2.54,TRACKING
2202820,"06 Jul 2026  02:00:45",20517.0,GOOD,2.54,TRACKING
2202821,"06 Jul 2026  02:01:15",20516.2,GOOD,2.54,TRACKING
2202822,"06 Jul 2026  02:01:45",20514.8,GOOD,2.54,TRACKING
2202823,"06 Jul 2026  02:02:15",20514.1,GOOD,2.54,TRACKING
2202824,"06 Jul 2026  02:02:45",20514.0,GOOD,2.54,TRACKING
2202825,"06 Jul 2026  02:03:16",20516.7,GOOD,2.54,TRACKING
2202826,"06 Jul 2026  02:03:46",20516.5,GOOD,2.54,TRACKING
2202827,"06 Jul 2026  02:04:16",20517.0,GOOD,2.54,TRACKING
2202828,"06 Jul 2026  02:04:46",20517.2,GOOD,2.54,TRACKING
2202829,"06 Jul 2026  02:05:16",20515.5,GOOD,2.54,TRACKING
2202830,"06 Jul 2026  02:05:46",20516.5,GOOD,2.54,TRACKING
2202831,"06 Jul 2026  02:06:16",20517.5,GOOD,2.54,TRACKING
2202832,"06 Jul 2026  02:06:46",20517.8,GOOD,2.54,TRACKING
2202833,"06 Jul 2026  02:07:16",20516.5,GOOD,2.54,TRACKING
2202834,"06 Jul 2026  02:07:46",20516.8,GOOD,2.54,TRACKING
2202835,"06 Jul 2026  02:08:16",20517.4,GOOD,2.54,TRACKING
2202836,"06 Jul 2026  02:08:46",20516.9,GOOD,2.54,TRACKING
2202837,"06 Jul 2026  02:09:16",20516.5,GOOD,2.54,TRACKING
2202838,"06 Jul 2026  02:09:46",20515.4,GOOD,2.54,TRACKING
2202839,"06 Jul 2026  02:10:17",20517.0,GOOD,2.54,TRACKING
2202840,"06 Jul 2026  02:10:47",20517.8,GOOD,2.54,TRACKING
2202841,"06 Jul 2026  02:11:17",20516.7,GOOD,2.54,TRACKING
2202842,"06 Jul 2026  02:11:47",20517.3,GOOD,2.54,TRACKING
2202843,"06 Jul 2026  02:12:17",20517.9,GOOD,2.54,TRACKING
2202844,"06 Jul 2026  02:12:47",20517.2,GOOD,2.54,TRACKING
2202845,"06 Jul 2026  02:13:17",20516.1,GOOD,2.54,TRACKING
2202846,"06 Jul 2026  02:13:47",20516.4,GOOD,2.54,TRACKING
2202847,"06 Jul 2026  02:14:17",20517.0,GOOD,2.54,TRACKING
2202848,"06 Jul 2026  02:14:47",20516.9,GOOD,2.54,TRACKING
2202849,"06 Jul 2026  02:15:17",20516.2,GOOD,2.54,TRACKING
2202850,"06 Jul 2026  02:15:47",20516.4,GOOD,2.54,TRACKING
2202851,"06 Jul 2026  02:16:17",20515.8,GOOD,2.54,TRACKING
2202852,"06 Jul 2026  02:16:47",20516.2,GOOD,2.54,TRACKING
2202853,"06 Jul 2026  02:17:17",20518.2,GOOD,2.54,TRACKING
2202854,"06 Jul 2026  02:17:48",20517.1,GOOD,2.54,TRACKING
2202855,"06 Jul 2026  02:18:18",20518.6,GOOD,2.54,TRACKING
2202856,"06 Jul 2026  02:18:48",20518.7,GOOD,2.54,TRACKING
2202857,"06 Jul 2026  02:19:18",20518.2,GOOD,2.54,TRACKING
2202858,"06 Jul 2026  02:19:48",20517.8,GOOD,2.54,TRACKING
2202859,"06 Jul 2026  02:20:18",20518.1,GOOD,2.54,TRACKING
2202860,"06 Jul 2026  02:20:48",20518.2,GOOD,2.54,TRACKING
2202861,"06 Jul 2026  02:21:18",20517.6,GOOD,2.54,TRACKING
2202862,"06 Jul 2026  02:21:48",20517.7,GOOD,2.54,TRACKING
2202863,"06 Jul 2026  02:22:18",20517.9,GOOD,2.54,TRACKING
2202864,"06 Jul 2026  02:22:48",20516.6,GOOD,2.54,TRACKING
2202865,"06 Jul 2026  02:23:18",20517.3,GOOD,2.54,TRACKING
2202866,"06 Jul 2026  02:23:48",20517.4,GOOD,2.54,TRACKING
2202867,"06 Jul 2026  02:24:18",20517.9,GOOD,2.54,TRACKING
2202868,"06 Jul 2026  02:24:49",20517.7,GOOD,2.54,TRACKING
2202869,"06 Jul 2026  02:25:19",20518.3,GOOD,2.54,TRACKING
2202870,"06 Jul 2026  02:25:49",20517.0,GOOD,2.54,TRACKING
2202871,"06 Jul 2026  02:26:19",20517.7,GOOD,2.54,TRACKING
2202872,"06 Jul 2026  02:26:49",20518.2,GOOD,2.54,TRACKING
2202873,"06 Jul 2026  02:27:19",20518.7,GOOD,2.54,TRACKING
2202874,"06 Jul 2026  02:27:49",20516.2,GOOD,2.54,TRACKING
2202875,"06 Jul 2026  02:28:19",20518.1,GOOD,2.54,TRACKING
2202876,"06 Jul 2026  02:28:49",20516.9,GOOD,2.54,TRACKING
2202877,"06 Jul 2026  02:29:19",20518.1,GOOD,2.54,TRACKING
2202878,"06 Jul 2026  02:29:49",20516.8,GOOD,2.54,TRACKING
2202879,"06 Jul 2026  02:30:19",20518.5,GOOD,2.54,TRACKING
2202880,"06 Jul 2026  02:30:49",20518.5,GOOD,2.54,TRACKING
2202881,"06 Jul 2026  02:31:20",20516.5,GOOD,2.54,TRACKING
2202882,"06 Jul 2026  02:31:50",20516.6,GOOD,2.54,TRACKING
2202883,"06 Jul 2026  02:32:20",20518.2,GOOD,2.54,TRACKING
2202884,"06 Jul 2026  02:32:50",20519.9,GOOD,2.54,TRACKING
2202885,"06 Jul 2026  02:33:20",20519.8,GOOD,2.54,TRACKING
2202886,"06 Jul 2026  02:33:50",20519.1,GOOD,2.54,TRACKING
2202887,"06 Jul 2026  02:34:20",20518.8,GOOD,2.54,TRACKING
2202888,"06 Jul 2026  02:34:50",20518.6,GOOD,2.54,TRACKING
2202889,"06 Jul 2026  02:35:20",20517.0,GOOD,2.54,TRACKING
2202890,"06 Jul 2026  02:35:50",20519.2,GOOD,2.54,TRACKING
2202891,"06 Jul 2026  02:36:20",20519.3,GOOD,2.54,TRACKING
2202892,"06 Jul 2026  02:36:50",20518.9,GOOD,2.54,TRACKING
2202893,"06 Jul 2026  02:37:20",20519.1,GOOD,2.54,TRACKING
2202894,"06 Jul 2026  02:37:50",20520.3,GOOD,2.54,TRACKING
2202895,"06 Jul 2026  02:38:21",20519.8,GOOD,2.54,TRACKING
2202896,"06 Jul 2026  02:38:51",20519.6,GOOD,2.54,TRACKING
2202897,"06 Jul 2026  02:39:21",20519.9,GOOD,2.54,TRACKING
2202898,"06 Jul 2026  02:39:51",20519.4,GOOD,2.54,TRACKING
2202899,"06 Jul 2026  02:40:21",20519.0,GOOD,2.54,TRACKING
2202900,"06 Jul 2026  02:40:51",20519.9,GOOD,2.54,TRACKING
2202901,"06 Jul 2026  02:41:21",20518.9,GOOD,2.54,TRACKING
2202902,"06 Jul 2026  02:41:51",20518.4,GOOD,2.54,TRACKING
2202903,"06 Jul 2026  02:42:21",20517.5,GOOD,2.54,TRACKING
2202904,"06 Jul 2026  02:42:51",20518.6,GOOD,2.54,TRACKING
2202905,"06 Jul 2026  02:43:21",20520.3,GOOD,2.54,TRACKING
2202906,"06 Jul 2026  02:43:51",20517.6,GOOD,2.54,TRACKING
2202907,"06 Jul 2026  02:44:21",20518.9,GOOD,2.54,TRACKING
2202908,"06 Jul 2026  02:44:51",20519.5,GOOD,2.54,TRACKING
2202909,"06 Jul 2026  02:45:22",20519.5,GOOD,2.54,TRACKING
2202910,"06 Jul 2026  02:45:52",20519.1,GOOD,2.54,TRACKING
2202911,"06 Jul 2026  02:46:22",20519.0,GOOD,2.54,TRACKING
2202912,"06 Jul 2026  02:46:52",20520.1,GOOD,2.54,TRACKING
2202913,"06 Jul 2026  02:47:22",20520.2,GOOD,2.54,TRACKING
2202914,"06 Jul 2026  02:47:52",20520.3,GOOD,2.54,TRACKING
2202915,"06 Jul 2026  02:48:22",20520.6,GOOD,2.54,TRACKING
2202916,"06 Jul 2026  02:48:52",20520.5,GOOD,2.54,TRACKING
2202917,"06 Jul 2026  02:49:22",20520.5,GOOD,2.54,TRACKING
2202918,"06 Jul 2026  02:49:52",20519.9,GOOD,2.54,TRACKING
2202919,"06 Jul 2026  02:50:22",20519.9,GOOD,2.54,TRACKING
2202920,"06 Jul 2026  02:50:52",20519.8,GOOD,2.54,TRACKING
2202921,"06 Jul 2026  02:51:22",20519.7,GOOD,2.54,TRACKING
2202922,"06 Jul 2026  02:51:52",20519.6,GOOD,2.54,TRACKING
2202923,"06 Jul 2026  02:52:22",20520.0,GOOD,2.54,TRACKING
2202924,"06 Jul 2026  02:52:53",20520.4,GOOD,2.54,TRACKING
2202925,"06 Jul 2026  02:53:23",20519.2,GOOD,2.54,TRACKING
2202926,"06 Jul 2026  02:53:53",20519.2,GOOD,2.54,TRACKING
2202927,"06 Jul 2026  02:54:23",20520.2,GOOD,2.54,TRACKING
2202928,"06 Jul 2026  02:54:53",20519.3,GOOD,2.54,TRACKING
2202929,"06 Jul 2026  02:55:23",20520.7,GOOD,2.54,TRACKING
2202930,"06 Jul 2026  02:55:53",20520.5,GOOD,2.54,TRACKING
2202931,"06 Jul 2026  02:56:23",20520.5,GOOD,2.54,TRACKING
2202932,"06 Jul 2026  02:56:53",20520.1,GOOD,2.54,TRACKING
2202933,"06 Jul 2026  02:57:23",20518.5,GOOD,2.54,TRACKING
2202934,"06 Jul 2026  02:57:53",20519.1,GOOD,2.54,TRACKING
2202935,"06 Jul 2026  02:58:23",20519.5,GOOD,2.54,TRACKING
2202936,"06 Jul 2026  02:58:53",20520.5,GOOD,2.54,TRACKING
2202937,"06 Jul 2026  02:59:23",20520.9,GOOD,2.54,TRACKING
2202938,"06 Jul 2026  02:59:53",20520.9,GOOD,2.54,TRACKING
2202939,"06 Jul 2026  03:00:24",20520.5,GOOD,2.54,TRACKING
2202940,"06 Jul 2026  03:00:54",20521.9,GOOD,2.54,TRACKING
2202941,"06 Jul 2026  03:01:24",20522.2,GOOD,2.54,TRACKING
2202942,"06 Jul 2026  03:01:54",20521.2,GOOD,2.54,TRACKING
2202943,"06 Jul 2026  03:02:24",20521.6,GOOD,2.54,TRACKING
2202944,"06 Jul 2026  03:02:54",20519.6,GOOD,2.54,TRACKING
2202945,"06 Jul 2026  03:03:24",20521.2,GOOD,2.54,TRACKING
2202946,"06 Jul 2026  03:03:54",20520.4,GOOD,2.54,TRACKING
2202947,"06 Jul 2026  03:04:24",20521.0,GOOD,2.54,TRACKING
2202948,"06 Jul 2026  03:04:54",20522.0,GOOD,2.54,TRACKING
2202949,"06 Jul 2026  03:05:24",20521.7,GOOD,2.54,TRACKING
2202950,"06 Jul 2026  03:05:54",20520.4,GOOD,2.54,TRACKING
2202951,"06 Jul 2026  03:06:24",20521.0,GOOD,2.54,TRACKING
2202952,"06 Jul 2026  03:06:54",20521.0,GOOD,2.54,TRACKING
2202953,"06 Jul 2026  03:07:24",20519.3,GOOD,2.54,TRACKING
2202954,"06 Jul 2026  03:07:55",20521.4,GOOD,2.54,TRACKING
2202955,"06 Jul 2026  03:08:25",20522.4,GOOD,2.54,TRACKING
2202956,"06 Jul 2026  03:08:55",20522.0,GOOD,2.54,TRACKING
2202957,"06 Jul 2026  03:09:25",20520.3,GOOD,2.54,TRACKING
2202958,"06 Jul 2026  03:09:55",20520.6,GOOD,2.54,TRACKING
2202959,"06 Jul 2026  03:10:25",20522.4,GOOD,2.54,TRACKING
2202960,"06 Jul 2026  03:10:55",20521.4,GOOD,2.54,TRACKING
2202961,"06 Jul 2026  03:11:25",20521.1,GOOD,2.54,TRACKING
2202962,"06 Jul 2026  03:11:55",20521.0,GOOD,2.54,TRACKING
2202963,"06 Jul 2026  03:12:25",20522.2,GOOD,2.54,TRACKING
2202964,"06 Jul 2026  03:12:55",20521.6,GOOD,2.54,TRACKING
2202965,"06 Jul 2026  03:13:25",20521.4,GOOD,2.54,TRACKING
2202966,"06 Jul 2026  03:13:55",20521.3,GOOD,2.54,TRACKING
2202967,"06 Jul 2026  03:14:26",20521.8,GOOD,2.54,TRACKING
2202968,"06 Jul 2026  03:14:56",20520.2,GOOD,2.54,TRACKING
2202969,"06 Jul 2026  03:15:26",20521.2,GOOD,2.54,TRACKING
2202970,"06 Jul 2026  03:15:56",20522.1,GOOD,2.54,TRACKING
2202971,"06 Jul 2026  03:16:26",20522.6,GOOD,2.54,TRACKING
2202972,"06 Jul 2026  03:16:56",20523.2,GOOD,2.54,TRACKING
2202973,"06 Jul 2026  03:17:26",20524.1,GOOD,2.54,TRACKING
2202974,"06 Jul 2026  03:17:56",20523.2,GOOD,2.54,TRACKING
2202975,"06 Jul 2026  03:18:26",20523.0,GOOD,2.54,TRACKING
2202976,"06 Jul 2026  03:18:56",20522.4,GOOD,2.54,TRACKING
2202977,"06 Jul 2026  03:19:26",20521.8,GOOD,2.54,TRACKING
2202978,"06 Jul 2026  03:19:56",20522.1,GOOD,2.54,TRACKING
2202979,"06 Jul 2026  03:20:26",20521.8,GOOD,2.54,TRACKING
2202980,"06 Jul 2026  03:20:57",20521.6,GOOD,2.54,TRACKING
2202981,"06 Jul 2026  03:21:27",20521.7,GOOD,2.54,TRACKING
2202982,"06 Jul 2026  03:21:57",20521.7,GOOD,2.54,TRACKING
2202983,"06 Jul 2026  03:22:27",20519.0,GOOD,2.54,TRACKING
2202984,"06 Jul 2026  03:22:57",20522.1,GOOD,2.54,TRACKING
2202985,"06 Jul 2026  03:23:27",20523.1,GOOD,2.54,TRACKING
2202986,"06 Jul 2026  03:23:57",20522.9,GOOD,2.54,TRACKING
2202987,"06 Jul 2026  03:24:27",20522.0,GOOD,2.54,TRACKING
2202988,"06 Jul 2026  03:24:57",20522.9,GOOD,2.54,TRACKING
2202989,"06 Jul 2026  03:25:27",20523.0,GOOD,2.54,TRACKING
2202990,"06 Jul 2026  03:25:57",20521.7,GOOD,2.54,TRACKING
2202991,"06 Jul 2026  03:26:27",20520.5,GOOD,2.54,TRACKING
2202992,"06 Jul 2026  03:26:57",20522.3,GOOD,2.54,TRACKING
2202993,"06 Jul 2026  03:27:28",20524.5,GOOD,2.54,TRACKING
2202994,"06 Jul 2026  03:27:58",20523.7,GOOD,2.54,TRACKING
2202995,"06 Jul 2026  03:28:28",20524.5,GOOD,2.54,TRACKING
2202996,"06 Jul 2026  03:28:58",20523.2,GOOD,2.54,TRACKING
2202997,"06 Jul 2026  03:29:28",20523.7,GOOD,2.54,TRACKING
2202998,"06 Jul 2026  03:29:58",20523.1,GOOD,2.54,TRACKING
2202999,"06 Jul 2026  03:30:28",20520.5,GOOD,2.54,TRACKING
2203000,"06 Jul 2026  03:30:58",20522.8,GOOD,2.54,TRACKING
2203001,"06 Jul 2026  03:31:28",20524.4,GOOD,2.54,TRACKING
2203002,"06 Jul 2026  03:31:58",20524.5,GOOD,2.54,TRACKING
2203003,"06 Jul 2026  03:32:28",20523.9,GOOD,2.54,TRACKING
2203004,"06 Jul 2026  03:32:58",20522.9,GOOD,2.54,TRACKING
2203005,"06 Jul 2026  03:33:28",20521.2,GOOD,2.54,TRACKING
2203006,"06 Jul 2026  03:33:59",20521.0,GOOD,2.54,TRACKING
2203007,"06 Jul 2026  03:34:29",20522.2,GOOD,2.54,TRACKING
2203008,"06 Jul 2026  03:34:59",20523.7,GOOD,2.54,TRACKING
2203009,"06 Jul 2026  03:35:29",20522.9,GOOD,2.54,TRACKING
2203010,"06 Jul 2026  03:35:59",20524.5,GOOD,2.54,TRACKING
2203011,"06 Jul 2026  03:36:29",20523.5,GOOD,2.54,TRACKING
2203012,"06 Jul 2026  03:36:59",20522.5,GOOD,2.54,TRACKING
2203013,"06 Jul 2026  03:37:29",20522.7,GOOD,2.54,TRACKING
2203014,"06 Jul 2026  03:37:59",20524.7,GOOD,2.54,TRACKING
2203015,"06 Jul 2026  03:38:29",20524.9,GOOD,2.54,TRACKING
2203016,"06 Jul 2026  03:38:59",20524.6,GOOD,2.54,TRACKING
2203017,"06 Jul 2026  03:39:29",20525.1,GOOD,2.54,TRACKING
2203018,"06 Jul 2026  03:39:59",20524.4,GOOD,2.54,TRACKING
2203019,"06 Jul 2026  03:40:29",20524.2,GOOD,2.54,TRACKING
2203020,"06 Jul 2026  03:41:00",20524.4,GOOD,2.54,TRACKING
2203021,"06 Jul 2026  03:41:30",20523.7,GOOD,2.54,TRACKING
2203022,"06 Jul 2026  03:42:00",20523.8,GOOD,2.54,TRACKING
2203023,"06 Jul 2026  03:42:30",20523.8,GOOD,2.54,TRACKING
2203024,"06 Jul 2026  03:43:00",20524.1,GOOD,2.54,TRACKING
2203025,"06 Jul 2026  03:43:30",20523.9,GOOD,2.54,TRACKING
2203026,"06 Jul 2026  03:44:00",20522.7,GOOD,2.54,TRACKING
2203027,"06 Jul 2026  03:44:30",20524.0,GOOD,2.54,TRACKING
2203028,"06 Jul 2026  03:45:00",20523.9,GOOD,2.54,TRACKING
2203029,"06 Jul 2026  03:45:30",20523.9,GOOD,2.54,TRACKING
2203030,"06 Jul 2026  03:46:00",20522.5,GOOD,2.54,TRACKING
2203031,"06 Jul 2026  03:46:30",20523.2,GOOD,2.54,TRACKING
2203032,"06 Jul 2026  03:47:00",20524.1,GOOD,2.54,TRACKING
2203033,"06 Jul 2026  03:47:30",20524.9,GOOD,2.54,TRACKING
2203034,"06 Jul 2026  03:48:01",20524.9,GOOD,2.54,TRACKING
2203035,"06 Jul 2026  03:48:31",20525.2,GOOD,2.54,TRACKING
2203036,"06 Jul 2026  03:49:01",20524.1,GOOD,2.54,TRACKING
2203037,"06 Jul 2026  03:49:31",20524.8,GOOD,2.54,TRACKING
2203038,"06 Jul 2026  03:50:01",20524.0,GOOD,2.54,TRACKING
2203039,"06 Jul 2026  03:50:31",20524.1,GOOD,2.54,TRACKING
2203040,"06 Jul 2026  03:51:01",20525.8,GOOD,2.54,TRACKING
2203041,"06 Jul 2026  03:51:31",20525.1,GOOD,2.54,TRACKING
2203042,"06 Jul 2026  03:52:01",20524.6,GOOD,2.54,TRACKING
2203043,"06 Jul 2026  03:52:31",20524.8,GOOD,2.54,TRACKING
2203044,"06 Jul 2026  03:53:01",20525.3,GOOD,2.54,TRACKING
2203045,"06 Jul 2026  03:53:31",20525.2,GOOD,2.54,TRACKING
2203046,"06 Jul 2026  03:54:01",20525.4,GOOD,2.54,TRACKING
2203047,"06 Jul 2026  03:54:31",20525.1,GOOD,2.54,TRACKING
2203048,"06 Jul 2026  03:55:01",20524.2,GOOD,2.54,TRACKING
2203049,"06 Jul 2026  03:55:32",20524.2,GOOD,2.54,TRACKING
2203050,"06 Jul 2026  03:56:02",20523.9,GOOD,2.54,TRACKING
2203051,"06 Jul 2026  03:56:32",20524.9,GOOD,2.54,TRACKING
2203052,"06 Jul 2026  03:57:02",20526.5,GOOD,2.54,TRACKING
2203053,"06 Jul 2026  03:57:32",20525.8,GOOD,2.54,TRACKING
2203054,"06 Jul 2026  03:58:02",20524.2,GOOD,2.54,TRACKING
2203055,"06 Jul 2026  03:58:32",20524.7,GOOD,2.54,TRACKING
2203056,"06 Jul 2026  03:59:02",20527.1,GOOD,2.54,TRACKING
2203057,"06 Jul 2026  03:59:32",20527.0,GOOD,2.54,TRACKING
2203058,"06 Jul 2026  04:00:02",20526.3,GOOD,2.54,TRACKING
2203059,"06 Jul 2026  04:00:32",20526.3,GOOD,2.54,TRACKING
2203060,"06 Jul 2026  04:01:02",20526.3,GOOD,2.54,TRACKING
2203061,"06 Jul 2026  04:01:32",20525.6,GOOD,2.54,TRACKING
2203062,"06 Jul 2026  04:02:03",20525.2,GOOD,2.54,TRACKING
2203063,"06 Jul 2026  04:02:33",20525.9,GOOD,2.54,TRACKING
2203064,"06 Jul 2026  04:03:03",20525.8,GOOD,2.54,TRACKING
2203065,"06 Jul 2026  04:03:33",20524.6,GOOD,2.54,TRACKING
2203066,"06 Jul 2026  04:04:03",20525.0,GOOD,2.54,TRACKING
2203067,"06 Jul 2026  04:04:33",20525.9,GOOD,2.54,TRACKING
2203068,"06 Jul 2026  04:05:03",20526.1,GOOD,2.54,TRACKING
2203069,"06 Jul 2026  04:05:33",20526.6,GOOD,2.54,TRACKING
2203070,"06 Jul 2026  04:06:03",20525.7,GOOD,2.54,TRACKING
2203071,"06 Jul 2026  04:06:33",20524.5,GOOD,2.54,TRACKING
2203072,"06 Jul 2026  04:07:03",20526.2,GOOD,2.54,TRACKING
2203073,"06 Jul 2026  04:07:33",20525.9,GOOD,2.54,TRACKING
2203074,"06 Jul 2026  04:08:03",20526.5,GOOD,2.54,TRACKING
2203075,"06 Jul 2026  04:08:33",20526.3,GOOD,2.54,TRACKING
2203076,"06 Jul 2026  04:09:03",20526.4,GOOD,2.54,TRACKING
2203077,"06 Jul 2026  04:09:34",20526.3,GOOD,2.54,TRACKING
2203078,"06 Jul 2026  04:10:04",20526.3,GOOD,2.54,TRACKING
2203079,"06 Jul 2026  04:10:34",20526.4,GOOD,2.54,TRACKING
2203080,"06 Jul 2026  04:11:04",20526.7,GOOD,2.54,TRACKING
2203081,"06 Jul 2026  04:11:34",20524.8,GOOD,2.54,TRACKING
2203082,"06 Jul 2026  04:12:04",20526.3,GOOD,2.54,TRACKING
2203083,"06 Jul 2026  04:12:34",20525.6,GOOD,2.54,TRACKING
2203084,"06 Jul 2026  04:13:04",20526.6,GOOD,2.54,TRACKING
2203085,"06 Jul 2026  04:13:34",20525.8,GOOD,2.54,TRACKING
2203086,"06 Jul 2026  04:14:04",20525.3,GOOD,2.54,TRACKING
2203087,"06 Jul 2026  04:14:34",20527.3,GOOD,2.54,TRACKING
2203088,"06 Jul 2026  04:15:04",20525.7,GOOD,2.54,TRACKING
2203089,"06 Jul 2026  04:15:34",20526.8,GOOD,2.54,TRACKING
2203090,"06 Jul 2026  04:16:05",20528.4,GOOD,2.54,TRACKING
2203091,"06 Jul 2026  04:16:35",20528.7,GOOD,2.54,TRACKING
2203092,"06 Jul 2026  04:17:05",20527.6,GOOD,2.54,TRACKING
2203093,"06 Jul 2026  04:17:35",20525.9,GOOD,2.54,TRACKING
2203094,"06 Jul 2026  04:18:05",20526.5,GOOD,2.54,TRACKING
2203095,"06 Jul 2026  04:18:35",20525.0,GOOD,2.54,TRACKING
2203096,"06 Jul 2026  04:19:05",20525.2,GOOD,2.54,TRACKING
2203097,"06 Jul 2026  04:19:35",20527.4,GOOD,2.54,TRACKING
2203098,"06 Jul 2026  04:20:05",20526.7,GOOD,2.54,TRACKING
2203099,"06 Jul 2026  04:20:35",20526.4,GOOD,2.54,TRACKING
2203100,"06 Jul 2026  04:21:05",20527.3,GOOD,2.54,TRACKING
2203101,"06 Jul 2026  04:21:35",20526.0,GOOD,2.54,TRACKING
2203102,"06 Jul 2026  04:22:05",20527.1,GOOD,2.54,TRACKING
2203103,"06 Jul 2026  04:22:35",20528.0,GOOD,2.54,TRACKING
2203104,"06 Jul 2026  04:23:05",20528.4,GOOD,2.54,TRACKING
2203105,"06 Jul 2026  04:23:36",20528.4,GOOD,2.54,TRACKING
2203106,"06 Jul 2026  04:24:06",20526.4,GOOD,2.54,TRACKING
2203107,"06 Jul 2026  04:24:36",20525.5,GOOD,2.54,TRACKING
2203108,"06 Jul 2026  04:25:06",20528.0,GOOD,2.54,TRACKING
2203109,"06 Jul 2026  04:25:36",20527.4,GOOD,2.54,TRACKING
2203110,"06 Jul 2026  04:26:06",20525.9,GOOD,2.54,TRACKING
2203111,"06 Jul 2026  04:26:36",20526.5,GOOD,2.54,TRACKING
2203112,"06 Jul 2026  04:27:06",20527.1,GOOD,2.54,TRACKING
2203113,"06 Jul 2026  04:27:36",20528.4,GOOD,2.54,TRACKING
2203114,"06 Jul 2026  04:28:06",20529.6,GOOD,2.54,TRACKING
2203115,"06 Jul 2026  04:28:36",20529.5,GOOD,2.54,TRACKING
2203116,"06 Jul 2026  04:29:06",20530.2,GOOD,2.54,TRACKING
2203117,"06 Jul 2026  04:29:36",20529.6,GOOD,2.54,TRACKING
2203118,"06 Jul 2026  04:30:06",20528.7,GOOD,2.54,TRACKING
2203119,"06 Jul 2026  04:30:36",20529.6,GOOD,2.54,TRACKING
2203120,"06 Jul 2026  04:31:07",20528.5,GOOD,2.54,TRACKING
2203121,"06 Jul 2026  04:31:37",20527.9,GOOD,2.54,TRACKING
2203122,"06 Jul 2026  04:32:07",20529.7,GOOD,2.54,TRACKING
2203123,"06 Jul 2026  04:32:37",20528.9,GOOD,2.54,TRACKING
2203124,"06 Jul 2026  04:33:07",20529.1,GOOD,2.54,TRACKING
2203125,"06 Jul 2026  04:33:37",20528.2,GOOD,2.54,TRACKING
2203126,"06 Jul 2026  04:34:07",20528.6,GOOD,2.54,TRACKING
2203127,"06 Jul 2026  04:34:37",20528.6,GOOD,2.54,TRACKING
2203128,"06 Jul 2026  04:35:07",20528.3,GOOD,2.54,TRACKING
2203129,"06 Jul 2026  04:35:37",20528.7,GOOD,2.54,TRACKING
2203130,"06 Jul 2026  04:36:07",20526.2,GOOD,2.54,TRACKING
2203131,"06 Jul 2026  04:36:37",20528.2,GOOD,2.54,TRACKING
2203132,"06 Jul 2026  04:37:07",20528.3,GOOD,2.54,TRACKING
2203133,"06 Jul 2026  04:37:37",20528.6,GOOD,2.54,TRACKING
2203134,"06 Jul 2026  04:38:07",20527.1,GOOD,2.54,TRACKING
2203135,"06 Jul 2026  04:38:38",20527.4,GOOD,2.54,TRACKING
2203136,"06 Jul 2026  04:39:08",20526.8,GOOD,2.54,TRACKING
2203137,"06 Jul 2026  04:39:38",20526.2,GOOD,2.54,TRACKING
2203138,"06 Jul 2026  04:40:08",20526.6,GOOD,2.54,TRACKING
2203139,"06 Jul 2026  04:40:38",20528.1,GOOD,2.54,TRACKING
2203140,"06 Jul 2026  04:41:08",20526.7,GOOD,2.54,TRACKING
2203141,"06 Jul 2026  04:41:38",20527.6,GOOD,2.54,TRACKING
2203142,"06 Jul 2026  04:42:08",20529.8,GOOD,2.54,TRACKING
2203143,"06 Jul 2026  04:42:38",20530.7,GOOD,2.54,TRACKING
2203144,"06 Jul 2026  04:43:08",20528.5,GOOD,2.54,TRACKING
2203145,"06 Jul 2026  04:43:38",20529.6,GOOD,2.54,TRACKING
2203146,"06 Jul 2026  04:44:08",20528.1,GOOD,2.54,TRACKING
2203147,"06 Jul 2026  04:44:38",20529.0,GOOD,2.54,TRACKING
2203148,"06 Jul 2026  04:45:08",20530.1,GOOD,2.54,TRACKING
2203149,"06 Jul 2026  04:45:39",20529.4,GOOD,2.54,TRACKING
2203150,"06 Jul 2026  04:46:09",20528.5,GOOD,2.54,TRACKING
2203151,"06 Jul 2026  04:46:39",20528.3,GOOD,2.54,TRACKING
2203152,"06 Jul 2026  04:47:09",20528.4,GOOD,2.54,TRACKING
2203153,"06 Jul 2026  04:47:39",20530.3,GOOD,2.54,TRACKING
2203154,"06 Jul 2026  04:48:09",20528.7,GOOD,2.54,TRACKING
2203155,"06 Jul 2026  04:48:39",20528.9,GOOD,2.54,TRACKING
2203156,"06 Jul 2026  04:49:09",20527.7,GOOD,2.54,TRACKING
2203157,"06 Jul 2026  04:49:39",20528.7,GOOD,2.54,TRACKING
2203158,"06 Jul 2026  04:50:09",20529.5,GOOD,2.54,TRACKING
2203159,"06 Jul 2026  04:50:39",20530.5,GOOD,2.54,TRACKING
2203160,"06 Jul 2026  04:51:09",20531.1,GOOD,2.54,TRACKING
2203161,"06 Jul 2026  04:51:39",20530.7,GOOD,2.54,TRACKING
2203162,"06 Jul 2026  04:52:10",20529.5,GOOD,2.54,TRACKING
2203163,"06 Jul 2026  04:52:40",20531.2,GOOD,2.54,TRACKING
2203164,"06 Jul 2026  04:53:10",20532.1,GOOD,2.54,TRACKING
2203165,"06 Jul 2026  04:53:40",20531.6,GOOD,2.54,TRACKING
2203166,"06 Jul 2026  04:54:10",20531.4,GOOD,2.54,TRACKING
2203167,"06 Jul 2026  04:54:40",20530.9,GOOD,2.54,TRACKING
2203168,"06 Jul 2026  04:55:10",20529.3,GOOD,2.54,TRACKING
2203169,"06 Jul 2026  04:55:40",20528.2,GOOD,2.54,TRACKING
2203170,"06 Jul 2026  04:56:10",20532.3,GOOD,2.54,TRACKING
2203171,"06 Jul 2026  04:56:40",20532.9,GOOD,2.54,TRACKING
2203172,"06 Jul 2026  04:57:10",20531.1,GOOD,2.54,TRACKING
2203173,"06 Jul 2026  04:57:40",20530.2,GOOD,2.54,TRACKING
2203174,"06 Jul 2026  04:58:10",20529.9,GOOD,2.54,TRACKING
2203175,"06 Jul 2026  04:58:41",20532.7,GOOD,2.54,TRACKING
2203176,"06 Jul 2026  04:59:11",20532.6,GOOD,2.54,TRACKING
2203177,"06 Jul 2026  04:59:41",20530.6,GOOD,2.54,TRACKING
2203178,"06 Jul 2026  05:00:11",20529.7,GOOD,2.54,TRACKING
2203179,"06 Jul 2026  05:00:41",20530.8,GOOD,2.54,TRACKING
2203180,"06 Jul 2026  05:01:11",20530.4,GOOD,2.54,TRACKING
2203181,"06 Jul 2026  05:01:41",20530.7,GOOD,2.54,TRACKING
2203182,"06 Jul 2026  05:02:11",20530.1,GOOD,2.54,TRACKING
2203183,"06 Jul 2026  05:02:41",20530.3,GOOD,2.54,TRACKING
2203184,"06 Jul 2026  05:03:11",20531.2,GOOD,2.54,TRACKING
2203185,"06 Jul 2026  05:03:41",20531.3,GOOD,2.54,TRACKING
2203186,"06 Jul 2026  05:04:11",20531.7,GOOD,2.54,TRACKING
2203187,"06 Jul 2026  05:04:42",20531.3,GOOD,2.54,TRACKING
2203188,"06 Jul 2026  05:05:12",20532.2,GOOD,2.54,TRACKING
2203189,"06 Jul 2026  05:05:42",20531.9,GOOD,2.54,TRACKING
2203190,"06 Jul 2026  05:06:12",20530.6,GOOD,2.54,TRACKING
2203191,"06 Jul 2026  05:06:42",20530.3,GOOD,2.54,TRACKING
2203192,"06 Jul 2026  05:07:12",20530.5,GOOD,2.54,TRACKING
2203193,"06 Jul 2026  05:07:42",20529.5,GOOD,2.54,TRACKING
2203194,"06 Jul 2026  05:08:12",20530.4,GOOD,2.54,TRACKING
2203195,"06 Jul 2026  05:08:42",20532.5,GOOD,2.54,TRACKING
2203196,"06 Jul 2026  05:09:12",20533.2,GOOD,2.54,TRACKING
2203197,"06 Jul 2026  05:09:42",20533.7,GOOD,2.54,TRACKING
2203198,"06 Jul 2026  05:10:12",20533.0,GOOD,2.54,TRACKING
2203199,"06 Jul 2026  05:10:43",20532.4,GOOD,2.54,TRACKING
2203200,"06 Jul 2026  05:11:13",20530.9,GOOD,2.54,TRACKING
2203201,"06 Jul 2026  05:11:43",20531.2,GOOD,2.54,TRACKING
2203202,"06 Jul 2026  05:12:13",20531.5,GOOD,2.54,TRACKING
2203203,"06 Jul 2026  05:12:43",20531.5,GOOD,2.54,TRACKING
2203204,"06 Jul 2026  05:13:13",20530.8,GOOD,2.54,TRACKING
2203205,"06 Jul 2026  05:13:43",20532.3,GOOD,2.54,TRACKING
2203206,"06 Jul 2026  05:14:13",20532.6,GOOD,2.54,TRACKING
2203207,"06 Jul 2026  05:14:43",20532.5,GOOD,2.54,TRACKING
2203208,"06 Jul 2026  05:15:13",20532.7,GOOD,2.54,TRACKING
2203209,"06 Jul 2026  05:15:43",20530.9,GOOD,2.54,TRACKING
2203210,"06 Jul 2026  05:16:13",20532.9,GOOD,2.54,TRACKING
2203211,"06 Jul 2026  05:16:44",20531.5,GOOD,2.54,TRACKING
2203212,"06 Jul 2026  05:17:14",20532.1,GOOD,2.54,TRACKING
2203213,"06 Jul 2026  05:17:44",20531.4,GOOD,2.54,TRACKING
2203214,"06 Jul 2026  05:18:14",20531.4,GOOD,2.54,TRACKING
2203215,"06 Jul 2026  05:18:44",20531.1,GOOD,2.54,TRACKING
2203216,"06 Jul 2026  05:19:14",20531.2,GOOD,2.54,TRACKING
2203217,"06 Jul 2026  05:19:44",20531.5,GOOD,2.54,TRACKING
2203218,"06 Jul 2026  05:20:14",20530.7,GOOD,2.54,TRACKING
2203219,"06 Jul 2026  05:20:44",20531.9,GOOD,2.54,TRACKING
2203220,"06 Jul 2026  05:21:14",20534.2,GOOD,2.54,TRACKING
2203221,"06 Jul 2026  05:21:44",20533.7,GOOD,2.54,TRACKING
2203222,"06 Jul 2026  05:22:14",20533.0,GOOD,2.54,TRACKING
2203223,"06 Jul 2026  05:22:45",20532.3,GOOD,2.54,TRACKING
2203224,"06 Jul 2026  05:23:15",20532.9,GOOD,2.54,TRACKING
2203225,"06 Jul 2026  05:23:45",20531.8,GOOD,2.54,TRACKING
2203226,"06 Jul 2026  05:24:15",20530.9,GOOD,2.54,TRACKING
2203227,"06 Jul 2026  05:24:45",20532.7,GOOD,2.54,TRACKING
2203228,"06 Jul 2026  05:25:15",20533.4,GOOD,2.54,TRACKING
2203229,"06 Jul 2026  05:25:45",20535.2,GOOD,2.54,TRACKING
2203230,"06 Jul 2026  05:26:15",20536.2,GOOD,2.54,TRACKING
2203231,"06 Jul 2026  05:26:45",20536.8,GOOD,2.54,TRACKING
2203232,"06 Jul 2026  05:27:15",20535.0,GOOD,2.54,TRACKING
2203233,"06 Jul 2026  05:27:45",20535.2,GOOD,2.54,TRACKING
2203234,"06 Jul 2026  05:28:15",20535.0,GOOD,2.54,TRACKING
2203235,"06 Jul 2026  05:28:45",20532.8,GOOD,2.54,TRACKING
2203236,"06 Jul 2026  05:29:15",20533.6,GOOD,2.54,TRACKING
2203237,"06 Jul 2026  05:29:45",20534.0,GOOD,2.54,TRACKING
2203238,"06 Jul 2026  05:30:16",20534.9,GOOD,2.54,TRACKING
2203239,"06 Jul 2026  05:30:46",20535.5,GOOD,2.54,TRACKING
2203240,"06 Jul 2026  05:31:16",20536.1,GOOD,2.54,TRACKING
2203241,"06 Jul 2026  05:31:46",20533.7,GOOD,2.54,TRACKING
2203242,"06 Jul 2026  05:32:16",20533.2,GOOD,2.54,TRACKING
2203243,"06 Jul 2026  05:32:46",20532.3,GOOD,2.54,TRACKING
2203244,"06 Jul 2026  05:33:16",20532.0,GOOD,2.54,TRACKING
2203245,"06 Jul 2026  05:33:46",20533.8,GOOD,2.54,TRACKING
2203246,"06 Jul 2026  05:34:16",20535.8,GOOD,2.54,TRACKING
2203247,"06 Jul 2026  05:34:46",20534.3,GOOD,2.54,TRACKING
2203248,"06 Jul 2026  05:35:16",20533.7,GOOD,2.54,TRACKING
2203249,"06 Jul 2026  05:35:46",20532.6,GOOD,2.54,TRACKING
2203250,"06 Jul 2026  05:36:16",20533.3,GOOD,2.54,TRACKING
2203251,"06 Jul 2026  05:36:46",20534.3,GOOD,2.54,TRACKING
2203252,"06 Jul 2026  05:37:16",20536.2,GOOD,2.54,TRACKING
2203253,"06 Jul 2026  05:37:47",20536.3,GOOD,2.54,TRACKING
2203254,"06 Jul 2026  05:38:17",20534.2,GOOD,2.54,TRACKING
2203255,"06 Jul 2026  05:38:47",20535.2,GOOD,2.54,TRACKING
2203256,"06 Jul 2026  05:39:17",20534.4,GOOD,2.54,TRACKING
2203257,"06 Jul 2026  05:39:47",20533.6,GOOD,2.54,TRACKING
2203258,"06 Jul 2026  05:40:17",20535.5,GOOD,2.54,TRACKING
2203259,"06 Jul 2026  05:40:47",20535.0,GOOD,2.54,TRACKING
2203260,"06 Jul 2026  05:41:17",20534.3,GOOD,2.54,TRACKING
2203261,"06 Jul 2026  05:41:47",20533.8,GOOD,2.54,TRACKING
2203262,"06 Jul 2026  05:42:17",20534.0,GOOD,2.54,TRACKING
2203263,"06 Jul 2026  05:42:47",20534.8,GOOD,2.54,TRACKING
2203264,"06 Jul 2026  05:43:17",20534.1,GOOD,2.54,TRACKING
2203265,"06 Jul 2026  05:43:47",20534.2,GOOD,2.54,TRACKING
2203266,"06 Jul 2026  05:44:17",20535.3,GOOD,2.54,TRACKING
2203267,"06 Jul 2026  05:44:47",20536.7,GOOD,2.54,TRACKING
2203268,"06 Jul 2026  05:45:18",20536.1,GOOD,2.54,TRACKING
2203269,"06 Jul 2026  05:45:48",20536.5,GOOD,2.54,TRACKING
2203270,"06 Jul 2026  05:46:18",20535.6,GOOD,2.54,TRACKING
2203271,"06 Jul 2026  05:46:48",20534.8,GOOD,2.54,TRACKING
2203272,"06 Jul 2026  05:47:18",20533.6,GOOD,2.54,TRACKING
2203273,"06 Jul 2026  05:47:48",20534.1,GOOD,2.54,TRACKING
2203274,"06 Jul 2026  05:48:18",20534.5,GOOD,2.54,TRACKING
2203275,"06 Jul 2026  05:48:48",20534.6,GOOD,2.54,TRACKING
2203276,"06 Jul 2026  05:49:18",20536.4,GOOD,2.54,TRACKING
2203277,"06 Jul 2026  05:49:48",20536.6,GOOD,2.54,TRACKING
2203278,"06 Jul 2026  05:50:18",20536.1,GOOD,2.54,TRACKING
2203279,"06 Jul 2026  05:50:48",20537.7,GOOD,2.54,TRACKING
2203280,"06 Jul 2026  05:51:18",20534.6,GOOD,2.54,TRACKING
2203281,"06 Jul 2026  05:51:48",20534.8,GOOD,2.54,TRACKING
2203282,"06 Jul 2026  05:52:18",20536.6,GOOD,2.54,TRACKING
2203283,"06 Jul 2026  05:52:49",20534.2,GOOD,2.54,TRACKING
2203284,"06 Jul 2026  05:53:19",20535.1,GOOD,2.54,TRACKING
2203285,"06 Jul 2026  05:53:49",20535.7,GOOD,2.54,TRACKING
2203286,"06 Jul 2026  05:54:19",20534.8,GOOD,2.54,TRACKING
2203287,"06 Jul 2026  05:54:49",20536.4,GOOD,2.54,TRACKING
2203288,"06 Jul 2026  05:55:19",20536.9,GOOD,2.54,TRACKING
2203289,"06 Jul 2026  05:55:49",20536.4,GOOD,2.54,TRACKING
2203290,"06 Jul 2026  05:56:19",20536.4,GOOD,2.54,TRACKING
2203291,"06 Jul 2026  05:56:49",20536.6,GOOD,2.54,TRACKING
2203292,"06 Jul 2026  05:57:19",20536.9,GOOD,2.54,TRACKING
2203293,"06 Jul 2026  05:57:49",20536.1,GOOD,2.54,TRACKING
2203294,"06 Jul 2026  05:58:19",20535.3,GOOD,2.54,TRACKING
2203295,"06 Jul 2026  05:58:49",20536.3,GOOD,2.54,TRACKING
2203296,"06 Jul 2026  05:59:19",20535.8,GOOD,2.54,TRACKING
2203297,"06 Jul 2026  05:59:49",20534.7,GOOD,2.54,TRACKING
2203298,"06 Jul 2026  06:00:20",20536.0,GOOD,2.54,TRACKING
2203299,"06 Jul 2026  06:00:50",20535.5,GOOD,2.54,TRACKING
2203300,"06 Jul 2026  06:01:20",20536.0,GOOD,2.54,TRACKING
2203301,"06 Jul 2026  06:01:50",20535.7,GOOD,2.54,TRACKING
2203302,"06 Jul 2026  06:02:20",20536.4,GOOD,2.54,TRACKING
2203303,"06 Jul 2026  06:02:50",20537.0,GOOD,2.54,TRACKING
2203304,"06 Jul 2026  06:03:20",20535.2,GOOD,2.54,TRACKING
2203305,"06 Jul 2026  06:03:50",20536.4,GOOD,2.54,TRACKING
2203306,"06 Jul 2026  06:04:20",20537.3,GOOD,2.54,TRACKING
2203307,"06 Jul 2026  06:04:50",20538.6,GOOD,2.54,TRACKING
2203308,"06 Jul 2026  06:05:20",20539.2,GOOD,2.54,TRACKING
2203309,"06 Jul 2026  06:05:50",20538.1,GOOD,2.54,TRACKING
2203310,"06 Jul 2026  06:06:20",20537.3,GOOD,2.54,TRACKING
2203311,"06 Jul 2026  06:06:50",20538.4,GOOD,2.54,TRACKING
2203312,"06 Jul 2026  06:07:21",20536.2,GOOD,2.54,TRACKING
2203313,"06 Jul 2026  06:07:51",20537.8,GOOD,2.54,TRACKING
2203314,"06 Jul 2026  06:08:21",20537.8,GOOD,2.54,TRACKING
2203315,"06 Jul 2026  06:08:51",20538.9,GOOD,2.54,TRACKING
2203316,"06 Jul 2026  06:09:21",20538.2,GOOD,2.54,TRACKING
2203317,"06 Jul 2026  06:09:51",20538.4,GOOD,2.54,TRACKING
2203318,"06 Jul 2026  06:10:21",20538.2,GOOD,2.54,TRACKING
2203319,"06 Jul 2026  06:10:51",20537.4,GOOD,2.54,TRACKING
2203320,"06 Jul 2026  06:11:21",20538.5,GOOD,2.54,TRACKING
2203321,"06 Jul 2026  06:11:51",20537.8,GOOD,2.54,TRACKING
2203322,"06 Jul 2026  06:12:21",20538.2,GOOD,2.54,TRACKING
2203323,"06 Jul 2026  06:12:51",20537.9,GOOD,2.54,TRACKING
2203324,"06 Jul 2026  06:13:21",20537.5,GOOD,2.54,TRACKING
2203325,"06 Jul 2026  06:13:51",20536.9,GOOD,2.54,TRACKING
2203326,"06 Jul 2026  06:14:22",20536.6,GOOD,2.54,TRACKING
2203327,"06 Jul 2026  06:14:52",20536.8,GOOD,2.54,TRACKING
2203328,"06 Jul 2026  06:15:22",20537.8,GOOD,2.54,TRACKING
2203329,"06 Jul 2026  06:15:52",20538.8,GOOD,2.54,TRACKING
2203330,"06 Jul 2026  06:16:22",20537.0,GOOD,2.54,TRACKING
2203331,"06 Jul 2026  06:16:52",20538.7,GOOD,2.54,TRACKING
2203332,"06 Jul 2026  06:17:22",20538.7,GOOD,2.54,TRACKING
2203333,"06 Jul 2026  06:17:52",20538.0,GOOD,2.54,TRACKING
2203334,"06 Jul 2026  06:18:22",20538.1,GOOD,2.54,TRACKING
2203335,"06 Jul 2026  06:18:52",20536.9,GOOD,2.54,TRACKING
2203336,"06 Jul 2026  06:19:22",20536.7,GOOD,2.54,TRACKING
2203337,"06 Jul 2026  06:19:52",20538.0,GOOD,2.54,TRACKING
2203338,"06 Jul 2026  06:20:22",20537.5,GOOD,2.54,TRACKING
2203339,"06 Jul 2026  06:20:52",20538.7,GOOD,2.54,TRACKING
2203340,"06 Jul 2026  06:21:23",20538.7,GOOD,2.54,TRACKING
2203341,"06 Jul 2026  06:21:53",20537.8,GOOD,2.54,TRACKING
2203342,"06 Jul 2026  06:22:23",20540.2,GOOD,2.54,TRACKING
2203343,"06 Jul 2026  06:22:53",20538.9,GOOD,2.54,TRACKING
2203344,"06 Jul 2026  06:23:23",20538.9,GOOD,2.54,TRACKING
2203345,"06 Jul 2026  06:23:53",20539.3,GOOD,2.54,TRACKING
2203346,"06 Jul 2026  06:24:23",20540.3,GOOD,2.54,TRACKING
2203347,"06 Jul 2026  06:24:53",20539.5,GOOD,2.54,TRACKING
2203348,"06 Jul 2026  06:25:23",20538.7,GOOD,2.54,TRACKING
2203349,"06 Jul 2026  06:25:53",20538.7,GOOD,2.54,TRACKING
2203350,"06 Jul 2026  06:26:23",20539.2,GOOD,2.54,TRACKING
2203351,"06 Jul 2026  06:26:53",20539.5,GOOD,2.54,TRACKING
2203352,"06 Jul 2026  06:27:23",20539.1,GOOD,2.54,TRACKING
2203353,"06 Jul 2026  06:27:53",20538.4,GOOD,2.54,TRACKING
2203354,"06 Jul 2026  06:28:23",20540.2,GOOD,2.54,TRACKING
2203355,"06 Jul 2026  06:28:53",20539.7,GOOD,2.54,TRACKING
2203356,"06 Jul 2026  06:29:24",20540.2,GOOD,2.54,TRACKING
2203357,"06 Jul 2026  06:29:54",20540.1,GOOD,2.54,TRACKING
2203358,"06 Jul 2026  06:30:24",20539.5,GOOD,2.54,TRACKING
2203359,"06 Jul 2026  06:30:54",20538.8,GOOD,2.54,TRACKING
2203360,"06 Jul 2026  06:31:24",20538.3,GOOD,2.54,TRACKING
2203361,"06 Jul 2026  06:31:54",20537.6,GOOD,2.54,TRACKING
2203362,"06 Jul 2026  06:32:24",20539.1,GOOD,2.54,TRACKING
2203363,"06 Jul 2026  06:32:54",20539.8,GOOD,2.54,TRACKING
2203364,"06 Jul 2026  06:33:24",20539.8,GOOD,2.54,TRACKING
2203365,"06 Jul 2026  06:33:54",20539.6,GOOD,2.54,TRACKING
2203366,"06 Jul 2026  06:34:24",20539.8,GOOD,2.54,TRACKING
2203367,"06 Jul 2026  06:34:54",20540.2,GOOD,2.54,TRACKING
2203368,"06 Jul 2026  06:35:24",20538.7,GOOD,2.54,TRACKING
2203369,"06 Jul 2026  06:35:54",20539.0,GOOD,2.54,TRACKING
2203370,"06 Jul 2026  06:36:24",20538.6,GOOD,2.54,TRACKING
2203371,"06 Jul 2026  06:36:54",20539.7,GOOD,2.54,TRACKING
2203372,"06 Jul 2026  06:37:24",20538.3,GOOD,2.54,TRACKING
2203373,"06 Jul 2026  06:37:55",20539.5,GOOD,2.54,TRACKING
2203374,"06 Jul 2026  06:38:25",20539.7,GOOD,2.54,TRACKING
2203375,"06 Jul 2026  06:38:55",20540.0,GOOD,2.54,TRACKING
2203376,"06 Jul 2026  06:39:25",20539.2,GOOD,2.54,TRACKING
2203377,"06 Jul 2026  06:39:55",20539.8,GOOD,2.54,TRACKING
2203378,"06 Jul 2026  06:40:25",20540.2,GOOD,2.54,TRACKING
2203379,"06 Jul 2026  06:40:55",20540.4,GOOD,2.54,TRACKING
2203380,"06 Jul 2026  06:41:25",20540.4,GOOD,2.54,TRACKING
2203381,"06 Jul 2026  06:41:55",20539.7,GOOD,2.54,TRACKING
2203382,"06 Jul 2026  06:42:25",20539.9,GOOD,2.54,TRACKING
2203383,"06 Jul 2026  06:42:55",20539.6,GOOD,2.54,TRACKING
2203384,"06 Jul 2026  06:43:25",20538.3,GOOD,2.54,TRACKING
2203385,"06 Jul 2026  06:43:55",20539.7,GOOD,2.54,TRACKING
2203386,"06 Jul 2026  06:44:25",20541.8,GOOD,2.54,TRACKING
2203387,"06 Jul 2026  06:44:55",20540.2,GOOD,2.54,TRACKING
2203388,"06 Jul 2026  06:45:25",20540.2,GOOD,2.54,TRACKING
2203389,"06 Jul 2026  06:45:55",20540.3,GOOD,2.54,TRACKING
2203390,"06 Jul 2026  06:46:26",20541.5,GOOD,2.54,TRACKING
2203391,"06 Jul 2026  06:46:56",20541.6,GOOD,2.54,TRACKING
2203392,"06 Jul 2026  06:47:26",20542.4,GOOD,2.54,TRACKING
2203393,"06 Jul 2026  06:47:56",20542.9,GOOD,2.54,TRACKING
2203394,"06 Jul 2026  06:48:26",20542.5,GOOD,2.54,TRACKING
2203395,"06 Jul 2026  06:48:56",20541.1,GOOD,2.54,TRACKING
2203396,"06 Jul 2026  06:49:26",20540.3,GOOD,2.54,TRACKING
2203397,"06 Jul 2026  06:49:56",20542.8,GOOD,2.54,TRACKING
2203398,"06 Jul 2026  06:50:26",20542.0,GOOD,2.54,TRACKING
2203399,"06 Jul 2026  06:50:56",20541.8,GOOD,2.54,TRACKING
2203400,"06 Jul 2026  06:51:26",20541.9,GOOD,2.54,TRACKING
2203401,"06 Jul 2026  06:51:56",20539.9,GOOD,2.54,TRACKING
2203402,"06 Jul 2026  06:52:26",20540.1,GOOD,2.54,TRACKING
2203403,"06 Jul 2026  06:52:56",20539.7,GOOD,2.54,TRACKING
2203404,"06 Jul 2026  06:53:26",20541.5,GOOD,2.54,TRACKING
2203405,"06 Jul 2026  06:53:57",20542.3,GOOD,2.54,TRACKING
2203406,"06 Jul 2026  06:54:27",20542.9,GOOD,2.54,TRACKING
2203407,"06 Jul 2026  06:54:57",20540.9,GOOD,2.54,TRACKING
2203408,"06 Jul 2026  06:55:27",20540.2,GOOD,2.54,TRACKING
2203409,"06 Jul 2026  06:55:57",20541.1,GOOD,2.54,TRACKING
2203410,"06 Jul 2026  06:56:27",20544.0,GOOD,2.54,TRACKING
2203411,"06 Jul 2026  06:56:57",20544.4,GOOD,2.54,TRACKING
2203412,"06 Jul 2026  06:57:27",20545.0,GOOD,2.54,TRACKING
2203413,"06 Jul 2026  06:57:57",20543.8,GOOD,2.54,TRACKING
2203414,"06 Jul 2026  06:58:27",20542.4,GOOD,2.54,TRACKING
2203415,"06 Jul 2026  06:58:57",20542.5,GOOD,2.54,TRACKING
2203416,"06 Jul 2026  06:59:27",20544.0,GOOD,2.54,TRACKING
2203417,"06 Jul 2026  06:59:57",20544.5,GOOD,2.54,TRACKING
2203418,"06 Jul 2026  07:00:27",20543.4,GOOD,2.54,TRACKING
2203419,"06 Jul 2026  07:00:58",20543.3,GOOD,2.54,TRACKING
2203420,"06 Jul 2026  07:01:28",20543.1,GOOD,2.54,TRACKING
2203421,"06 Jul 2026  07:01:58",20543.7,GOOD,2.54,TRACKING
2203422,"06 Jul 2026  07:02:28",20543.1,GOOD,2.54,TRACKING
2203423,"06 Jul 2026  07:02:58",20541.9,GOOD,2.54,TRACKING
2203424,"06 Jul 2026  07:03:28",20542.7,GOOD,2.54,TRACKING
2203425,"06 Jul 2026  07:03:58",20541.4,GOOD,2.54,TRACKING
2203426,"06 Jul 2026  07:04:28",20542.8,GOOD,2.54,TRACKING
2203427,"06 Jul 2026  07:04:58",20542.3,GOOD,2.54,TRACKING
2203428,"06 Jul 2026  07:05:28",20541.7,GOOD,2.54,TRACKING
2203429,"06 Jul 2026  07:05:58",20543.2,GOOD,2.54,TRACKING
2203430,"06 Jul 2026  07:06:28",20543.9,GOOD,2.54,TRACKING
2203431,"06 Jul 2026  07:06:58",20544.8,GOOD,2.54,TRACKING
2203432,"06 Jul 2026  07:07:28",20544.0,GOOD,2.54,TRACKING
2203433,"06 Jul 2026  07:07:58",20544.5,GOOD,2.54,TRACKING
2203434,"06 Jul 2026  07:08:28",20544.2,GOOD,2.54,TRACKING
2203435,"06 Jul 2026  07:08:58",20543.7,GOOD,2.54,TRACKING
2203436,"06 Jul 2026  07:09:29",20543.7,GOOD,2.54,TRACKING
2203437,"06 Jul 2026  07:09:59",20543.4,GOOD,2.54,TRACKING
2203438,"06 Jul 2026  07:10:29",20542.4,GOOD,2.54,TRACKING
2203439,"06 Jul 2026  07:10:59",20543.5,GOOD,2.54,TRACKING
2203440,"06 Jul 2026  07:11:29",20543.2,GOOD,2.54,TRACKING
2203441,"06 Jul 2026  07:11:59",20543.4,GOOD,2.54,TRACKING
2203442,"06 Jul 2026  07:12:29",20543.3,GOOD,2.54,TRACKING
2203443,"06 Jul 2026  07:12:59",20543.7,GOOD,2.54,TRACKING
2203444,"06 Jul 2026  07:13:29",20543.1,GOOD,2.54,TRACKING
2203445,"06 Jul 2026  07:13:59",20542.9,GOOD,2.54,TRACKING
2203446,"06 Jul 2026  07:14:29",20542.0,GOOD,2.54,TRACKING
2203447,"06 Jul 2026  07:14:59",20544.8,GOOD,2.54,TRACKING
2203448,"06 Jul 2026  07:15:29",20544.5,GOOD,2.54,TRACKING
2203449,"06 Jul 2026  07:15:59",20542.5,GOOD,2.54,TRACKING
2203450,"06 Jul 2026  07:16:29",20544.2,GOOD,2.54,TRACKING
2203451,"06 Jul 2026  07:17:00",20543.5,GOOD,2.54,TRACKING
2203452,"06 Jul 2026  07:17:30",20544.6,GOOD,2.54,TRACKING
2203453,"06 Jul 2026  07:18:00",20545.5,GOOD,2.54,TRACKING
2203454,"06 Jul 2026  07:18:30",20545.3,GOOD,2.54,TRACKING
2203455,"06 Jul 2026  07:19:00",20544.9,GOOD,2.54,TRACKING
2203456,"06 Jul 2026  07:19:30",20545.6,GOOD,2.54,TRACKING
2203457,"06 Jul 2026  07:20:00",20545.9,GOOD,2.54,TRACKING
2203458,"06 Jul 2026  07:20:30",20544.9,GOOD,2.54,TRACKING
2203459,"06 Jul 2026  07:21:00",20544.6,GOOD,2.54,TRACKING
2203460,"06 Jul 2026  07:21:30",20543.9,GOOD,2.54,TRACKING
2203461,"06 Jul 2026  07:22:00",20544.5,GOOD,2.54,TRACKING
2203462,"06 Jul 2026  07:22:30",20545.8,GOOD,2.54,TRACKING
2203463,"06 Jul 2026  07:23:00",20546.0,GOOD,2.54,TRACKING
2203464,"06 Jul 2026  07:23:30",20546.1,GOOD,2.54,TRACKING
2203465,"06 Jul 2026  07:24:00",20545.6,GOOD,2.54,TRACKING
2203466,"06 Jul 2026  07:24:30",20546.5,GOOD,2.54,TRACKING
2203467,"06 Jul 2026  07:25:01",20546.4,GOOD,2.54,TRACKING
2203468,"06 Jul 2026  07:25:31",20546.3,GOOD,2.54,TRACKING
2203469,"06 Jul 2026  07:26:01",20546.8,GOOD,2.54,TRACKING
2203470,"06 Jul 2026  07:26:31",20545.3,GOOD,2.54,TRACKING
2203471,"06 Jul 2026  07:27:01",20544.4,GOOD,2.54,TRACKING
2203472,"06 Jul 2026  07:27:31",20545.4,GOOD,2.54,TRACKING
2203473,"06 Jul 2026  07:28:01",20546.9,GOOD,2.54,TRACKING
2203474,"06 Jul 2026  07:28:31",20547.2,GOOD,2.54,TRACKING
2203475,"06 Jul 2026  07:29:01",20546.0,GOOD,2.54,TRACKING
2203476,"06 Jul 2026  07:29:31",20546.2,GOOD,2.54,TRACKING
2203477,"06 Jul 2026  07:30:01",20545.8,GOOD,2.54,TRACKING
2203478,"06 Jul 2026  07:30:31",20546.1,GOOD,2.54,TRACKING
2203479,"06 Jul 2026  07:31:01",20546.4,GOOD,2.54,TRACKING
2203480,"06 Jul 2026  07:31:31",20545.7,GOOD,2.54,TRACKING
2203481,"06 Jul 2026  07:32:01",20546.1,GOOD,2.54,TRACKING
2203482,"06 Jul 2026  07:32:31",20545.4,GOOD,2.54,TRACKING
2203483,"06 Jul 2026  07:33:02",20545.0,GOOD,2.54,TRACKING
2203484,"06 Jul 2026  07:33:32",20546.9,GOOD,2.54,TRACKING
2203485,"06 Jul 2026  07:34:02",20546.5,GOOD,2.54,TRACKING
2203486,"06 Jul 2026  07:34:32",20547.1,GOOD,2.54,TRACKING
2203487,"06 Jul 2026  07:35:02",20547.6,GOOD,2.54,TRACKING
2203488,"06 Jul 2026  07:35:32",20546.8,GOOD,2.54,TRACKING
2203489,"06 Jul 2026  07:36:02",20546.1,GOOD,2.54,TRACKING
2203490,"06 Jul 2026  07:36:32",20546.5,GOOD,2.54,TRACKING
2203491,"06 Jul 2026  07:37:02",20546.8,GOOD,2.54,TRACKING
2203492,"06 Jul 2026  07:37:32",20546.9,GOOD,2.54,TRACKING
2203493,"06 Jul 2026  07:38:02",20546.6,GOOD,2.54,TRACKING
2203494,"06 Jul 2026  07:38:32",20546.7,GOOD,2.54,TRACKING
2203495,"06 Jul 2026  07:39:02",20547.7,GOOD,2.54,TRACKING
2203496,"06 Jul 2026  07:39:32",20547.7,GOOD,2.54,TRACKING
2203497,"06 Jul 2026  07:40:02",20547.8,GOOD,2.54,TRACKING
2203498,"06 Jul 2026  07:40:33",20550.1,GOOD,2.54,TRACKING
2203499,"06 Jul 2026  07:41:03",20550.8,GOOD,2.54,TRACKING
2203500,"06 Jul 2026  07:41:33",20548.9,GOOD,2.54,TRACKING
2203501,"06 Jul 2026  07:42:03",20547.8,GOOD,2.54,TRACKING
2203502,"06 Jul 2026  07:42:33",20548.0,GOOD,2.54,TRACKING
2203503,"06 Jul 2026  07:43:03",20548.3,GOOD,2.54,TRACKING
2203504,"06 Jul 2026  07:43:33",20547.1,GOOD,2.54,TRACKING
2203505,"06 Jul 2026  07:44:03",20547.6,GOOD,2.54,TRACKING
2203506,"06 Jul 2026  07:44:33",20548.4,GOOD,2.54,TRACKING
2203507,"06 Jul 2026  07:45:03",20547.6,GOOD,2.54,TRACKING
2203508,"06 Jul 2026  07:45:33",20548.3,GOOD,2.54,TRACKING
2203509,"06 Jul 2026  07:46:03",20550.0,GOOD,2.54,TRACKING
2203510,"06 Jul 2026  07:46:33",20550.4,GOOD,2.54,TRACKING
2203511,"06 Jul 2026  07:47:03",20549.0,GOOD,2.54,TRACKING
2203512,"06 Jul 2026  07:47:34",20548.0,GOOD,2.54,TRACKING
2203513,"06 Jul 2026  07:48:04",20547.2,GOOD,2.54,TRACKING
2203514,"06 Jul 2026  07:48:34",20548.1,GOOD,2.54,TRACKING
2203515,"06 Jul 2026  07:49:04",20549.5,GOOD,2.54,TRACKING
2203516,"06 Jul 2026  07:49:34",20548.1,GOOD,2.54,TRACKING
2203517,"06 Jul 2026  07:50:04",20548.7,GOOD,2.54,TRACKING
2203518,"06 Jul 2026  07:50:34",20547.0,GOOD,2.54,TRACKING
2203519,"06 Jul 2026  07:51:04",20548.6,GOOD,2.54,TRACKING
2203520,"06 Jul 2026  07:51:34",20547.9,GOOD,2.54,TRACKING
2203521,"06 Jul 2026  07:52:04",20549.2,GOOD,2.54,TRACKING
2203522,"06 Jul 2026  07:52:34",20549.2,GOOD,2.54,TRACKING
2203523,"06 Jul 2026  07:53:04",20549.1,GOOD,2.54,TRACKING
2203524,"06 Jul 2026  07:53:34",20548.1,GOOD,2.54,TRACKING
2203525,"06 Jul 2026  07:54:04",20548.7,GOOD,2.54,TRACKING
2203526,"06 Jul 2026  07:54:34",20548.8,GOOD,2.54,TRACKING
2203527,"06 Jul 2026  07:55:05",20547.9,GOOD,2.54,TRACKING
2203528,"06 Jul 2026  07:55:35",20548.4,GOOD,2.54,TRACKING
2203529,"06 Jul 2026  07:56:05",20549.5,GOOD,2.54,TRACKING
2203530,"06 Jul 2026  07:56:35",20549.3,GOOD,2.54,TRACKING
2203531,"06 Jul 2026  07:57:05",20548.5,GOOD,2.54,TRACKING
2203532,"06 Jul 2026  07:57:35",20548.9,GOOD,2.54,TRACKING
2203533,"06 Jul 2026  07:58:05",20548.2,GOOD,2.54,TRACKING
2203534,"06 Jul 2026  07:58:35",20549.2,GOOD,2.54,TRACKING
2203535,"06 Jul 2026  07:59:05",20548.9,GOOD,2.54,TRACKING
2203536,"06 Jul 2026  07:59:35",20548.6,GOOD,2.54,TRACKING
2203537,"06 Jul 2026  08:00:05",20548.3,GOOD,2.54,TRACKING
2203538,"06 Jul 2026  08:00:35",20548.2,GOOD,2.54,TRACKING
2203539,"06 Jul 2026  08:01:05",20549.3,GOOD,2.54,TRACKING
2203540,"06 Jul 2026  08:01:35",20547.8,GOOD,2.54,TRACKING
2203541,"06 Jul 2026  08:02:06",20549.0,GOOD,2.54,TRACKING
2203542,"06 Jul 2026  08:02:36",20548.3,GOOD,2.54,TRACKING
2203543,"06 Jul 2026  08:03:06",20549.4,GOOD,2.54,TRACKING
2203544,"06 Jul 2026  08:03:36",20549.1,GOOD,2.54,TRACKING
2203545,"06 Jul 2026  08:04:06",20549.1,GOOD,2.54,TRACKING
2203546,"06 Jul 2026  08:04:36",20549.5,GOOD,2.54,TRACKING
2203547,"06 Jul 2026  08:05:06",20549.0,GOOD,2.54,TRACKING
2203548,"06 Jul 2026  08:05:36",20549.0,GOOD,2.54,TRACKING
2203549,"06 Jul 2026  08:06:06",20548.2,GOOD,2.54,TRACKING
2203550,"06 Jul 2026  08:06:36",20549.8,GOOD,2.54,TRACKING
2203551,"06 Jul 2026  08:07:06",20549.2,GOOD,2.54,TRACKING
2203552,"06 Jul 2026  08:07:36",20549.7,GOOD,2.54,TRACKING
2203553,"06 Jul 2026  08:08:06",20555.5,GOOD,2.54,TRACKING
2203554,"06 Jul 2026  08:08:36",20554.2,GOOD,2.54,TRACKING
2203555,"06 Jul 2026  08:09:06",20559.0,GOOD,2.54,TRACKING
2203556,"06 Jul 2026  08:09:37",20560.1,GOOD,2.54,TRACKING
2203557,"06 Jul 2026  08:10:07",20567.2,GOOD,2.54,TRACKING
2203558,"06 Jul 2026  08:10:37",20584.7,GOOD,2.54,TRACKING
2203559,"06 Jul 2026  08:11:07",20585.5,GOOD,2.54,TRACKING
2203560,"06 Jul 2026  08:11:37",20586.9,GOOD,2.54,TRACKING
2203561,"06 Jul 2026  08:12:07",20590.2,GOOD,2.54,TRACKING
2203562,"06 Jul 2026  08:12:37",20589.9,GOOD,2.54,TRACKING
2203563,"06 Jul 2026  08:13:07",20607.6,GOOD,2.54,TRACKING
2203564,"06 Jul 2026  08:13:37",20619.0,GOOD,2.54,TRACKING
2203565,"06 Jul 2026  08:14:07",20637.3,GOOD,2.54,TRACKING
2203566,"06 Jul 2026  08:14:37",20635.7,GOOD,2.54,TRACKING
2203567,"06 Jul 2026  08:15:07",20643.2,GOOD,2.54,TRACKING
2203568,"06 Jul 2026  08:15:37",20669.9,GOOD,2.54,TRACKING
2203569,"06 Jul 2026  08:16:07",20672.1,GOOD,2.54,TRACKING
2203570,"06 Jul 2026  08:16:37",20671.3,GOOD,2.54,TRACKING
2203571,"06 Jul 2026  08:17:08",20689.3,GOOD,2.54,TRACKING
2203572,"06 Jul 2026  08:17:38",20682.0,GOOD,2.54,TRACKING
2203573,"06 Jul 2026  08:18:08",20684.0,GOOD,2.54,TRACKING
2203574,"06 Jul 2026  08:18:38",20695.4,GOOD,2.54,TRACKING
2203575,"06 Jul 2026  08:19:08",20701.5,GOOD,2.54,TRACKING
2203576,"06 Jul 2026  08:19:38",20707.3,GOOD,2.54,TRACKING
2203577,"06 Jul 2026  08:20:08",20688.9,GOOD,2.54,TRACKING
2203578,"06 Jul 2026  08:20:38",20680.6,GOOD,2.54,TRACKING
2203579,"06 Jul 2026  08:21:08",20668.3,GOOD,2.54,TRACKING
2203580,"06 Jul 2026  08:21:38",20642.2,GOOD,2.54,TRACKING
2203581,"06 Jul 2026  08:22:08",20654.8,GOOD,2.54,TRACKING
2203582,"06 Jul 2026  08:22:38",20636.0,GOOD,2.54,TRACKING
2203583,"06 Jul 2026  08:23:08",20635.5,GOOD,2.54,TRACKING
2203584,"06 Jul 2026  08:23:38",20633.6,GOOD,2.54,TRACKING
2203585,"06 Jul 2026  08:24:08",20631.6,GOOD,2.54,TRACKING
2203586,"06 Jul 2026  08:24:38",20629.5,GOOD,2.54,TRACKING
2203587,"06 Jul 2026  08:25:08",20634.6,GOOD,2.54,TRACKING
2203588,"06 Jul 2026  08:25:38",20634.3,GOOD,2.54,TRACKING
2203589,"06 Jul 2026  08:26:08",20629.8,GOOD,2.54,TRACKING
2203590,"06 Jul 2026  08:26:39",20631.2,GOOD,2.54,TRACKING
2203591,"06 Jul 2026  08:27:09",20635.1,GOOD,2.54,TRACKING
2203592,"06 Jul 2026  08:27:39",20644.4,GOOD,2.54,TRACKING
2203593,"06 Jul 2026  08:28:09",20669.4,GOOD,2.54,TRACKING
2203594,"06 Jul 2026  08:28:39",20674.9,GOOD,2.54,TRACKING
2203595,"06 Jul 2026  08:29:09",20686.0,GOOD,2.54,TRACKING
2203596,"06 Jul 2026  08:29:39",20696.2,GOOD,2.54,TRACKING
2203597,"06 Jul 2026  08:30:09",20689.6,GOOD,2.54,TRACKING
2203598,"06 Jul 2026  08:30:39",20700.4,GOOD,2.54,TRACKING
2203599,"06 Jul 2026  08:31:09",20707.8,GOOD,2.54,TRACKING
2203600,"06 Jul 2026  08:31:39",20728.2,GOOD,2.54,TRACKING
2203601,"06 Jul 2026  08:32:09",20717.9,GOOD,2.54,TRACKING
2203602,"06 Jul 2026  08:32:39",20702.0,GOOD,2.54,TRACKING
2203603,"06 Jul 2026  08:33:09",20686.3,GOOD,2.54,TRACKING
2203604,"06 Jul 2026  08:33:39",20691.5,GOOD,2.54,TRACKING
2203605,"06 Jul 2026  08:34:09",20689.4,GOOD,2.54,TRACKING
2203606,"06 Jul 2026  08:34:39",20684.3,GOOD,2.54,TRACKING
2203607,"06 Jul 2026  08:35:09",20689.4,GOOD,2.54,TRACKING
2203608,"06 Jul 2026  08:35:40",20685.5,GOOD,2.54,TRACKING
2203609,"06 Jul 2026  08:36:10",20680.0,GOOD,2.54,TRACKING
2203610,"06 Jul 2026  08:36:40",20670.9,GOOD,2.54,TRACKING
2203611,"06 Jul 2026  08:37:10",20669.2,GOOD,2.54,TRACKING
2203612,"06 Jul 2026  08:37:40",20669.8,GOOD,2.54,TRACKING
2203613,"06 Jul 2026  08:38:10",20669.9,GOOD,2.54,TRACKING
2203614,"06 Jul 2026  08:38:40",20666.4,GOOD,2.54,TRACKING
2203615,"06 Jul 2026  08:39:10",20662.0,GOOD,2.54,TRACKING
2203616,"06 Jul 2026  08:39:40",20659.1,GOOD,2.54,TRACKING
2203617,"06 Jul 2026  08:40:10",20671.7,GOOD,2.54,TRACKING
2203618,"06 Jul 2026  08:40:40",20684.6,GOOD,2.54,TRACKING
2203619,"06 Jul 2026  08:41:10",20700.7,GOOD,2.54,TRACKING
2203620,"06 Jul 2026  08:41:40",20713.6,GOOD,2.54,TRACKING
2203621,"06 Jul 2026  08:42:10",20715.3,GOOD,2.54,TRACKING
2203622,"06 Jul 2026  08:42:40",20731.2,GOOD,2.54,TRACKING
2203623,"06 Jul 2026  08:43:10",20748.2,GOOD,2.54,TRACKING
2203624,"06 Jul 2026  08:43:40",20727.2,GOOD,2.54,TRACKING
2203625,"06 Jul 2026  08:44:11",20709.7,GOOD,2.54,TRACKING
2203626,"06 Jul 2026  08:44:41",20705.6,GOOD,2.54,TRACKING
2203627,"06 Jul 2026  08:45:11",20698.6,GOOD,2.54,TRACKING
2203628,"06 Jul 2026  08:45:41",20682.4,GOOD,2.54,TRACKING
2203629,"06 Jul 2026  08:46:11",20628.1,GOOD,2.54,TRACKING
2203630,"06 Jul 2026  08:46:41",20609.4,GOOD,2.54,TRACKING
2203631,"06 Jul 2026  08:47:11",20602.9,GOOD,2.54,TRACKING
2203632,"06 Jul 2026  08:47:41",20598.8,GOOD,2.54,TRACKING
2203633,"06 Jul 2026  08:48:11",20597.4,GOOD,2.54,TRACKING
2203634,"06 Jul 2026  08:48:41",20596.3,GOOD,2.54,TRACKING
2203635,"06 Jul 2026  08:49:11",20597.3,GOOD,2.54,TRACKING
2203636,"06 Jul 2026  08:49:41",20598.6,GOOD,2.54,TRACKING
2203637,"06 Jul 2026  08:50:11",20598.9,GOOD,2.54,TRACKING
2203638,"06 Jul 2026  08:50:41",20597.8,GOOD,2.54,TRACKING
2203639,"06 Jul 2026  08:51:11",20599.9,GOOD,2.54,TRACKING
2203640,"06 Jul 2026  08:51:41",20600.9,GOOD,2.54,TRACKING
2203641,"06 Jul 2026  08:52:11",20601.1,GOOD,2.54,TRACKING
2203642,"06 Jul 2026  08:52:41",20597.7,GOOD,2.54,TRACKING
2203643,"06 Jul 2026  08:53:11",20596.7,GOOD,2.54,TRACKING
2203644,"06 Jul 2026  08:53:41",20593.0,GOOD,2.54,TRACKING
2203645,"06 Jul 2026  08:54:11",20595.5,GOOD,2.54,TRACKING
2203646,"06 Jul 2026  08:54:41",20592.9,GOOD,2.54,TRACKING
2203647,"06 Jul 2026  08:55:12",20591.3,GOOD,2.54,TRACKING
2203648,"06 Jul 2026  08:55:42",20592.8,GOOD,2.54,TRACKING
2203649,"06 Jul 2026  08:56:12",20587.5,GOOD,2.54,TRACKING
2203650,"06 Jul 2026  08:56:42",20585.2,GOOD,2.54,TRACKING
2203651,"06 Jul 2026  08:57:12",20584.3,GOOD,2.54,TRACKING
2203652,"06 Jul 2026  08:57:42",20582.0,GOOD,2.54,TRACKING
2203653,"06 Jul 2026  08:58:12",20584.6,GOOD,2.54,TRACKING
2203654,"06 Jul 2026  08:58:42",20579.8,GOOD,2.54,TRACKING
2203655,"06 Jul 2026  08:59:12",20581.4,GOOD,2.54,TRACKING
2203656,"06 Jul 2026  08:59:42",20585.6,GOOD,2.54,TRACKING
2203657,"06 Jul 2026  09:00:12",20565.4,GOOD,2.54,TRACKING
2203658,"06 Jul 2026  09:00:42",20565.7,GOOD,2.54,TRACKING
2203659,"06 Jul 2026  09:01:12",20568.1,GOOD,2.54,TRACKING
2203660,"06 Jul 2026  09:01:42",20565.0,GOOD,2.54,TRACKING
2203661,"06 Jul 2026  09:02:12",20564.0,GOOD,2.54,TRACKING
2203662,"06 Jul 2026  09:02:42",20563.3,GOOD,2.54,TRACKING
2203663,"06 Jul 2026  09:03:12",20560.1,GOOD,2.54,TRACKING
2203664,"06 Jul 2026  09:03:42",20559.2,GOOD,2.54,TRACKING
2203665,"06 Jul 2026  09:04:12",20559.4,GOOD,2.54,TRACKING
2203666,"06 Jul 2026  09:04:42",20558.2,GOOD,2.54,TRACKING
2203667,"06 Jul 2026  09:05:12",20558.3,GOOD,2.54,TRACKING
2203668,"06 Jul 2026  09:05:42",20558.0,GOOD,2.54,TRACKING
2203669,"06 Jul 2026  09:06:12",20558.0,GOOD,2.54,TRACKING
2203670,"06 Jul 2026  09:06:43",20553.5,GOOD,2.54,TRACKING
2203671,"06 Jul 2026  09:07:13",20556.4,GOOD,2.54,TRACKING
2203672,"06 Jul 2026  09:07:43",20556.0,GOOD,2.54,TRACKING
2203673,"06 Jul 2026  09:08:13",20552.7,GOOD,2.54,TRACKING
2203674,"06 Jul 2026  09:08:43",20553.9,GOOD,2.54,TRACKING
2203675,"06 Jul 2026  09:09:13",20554.5,GOOD,2.54,TRACKING
2203676,"06 Jul 2026  09:09:43",20556.4,GOOD,2.54,TRACKING
2203677,"06 Jul 2026  09:10:13",20558.4,GOOD,2.54,TRACKING
2203678,"06 Jul 2026  09:10:43",20563.1,GOOD,2.54,TRACKING
2203679,"06 Jul 2026  09:11:13",20558.5,GOOD,2.54,TRACKING
2203680,"06 Jul 2026  09:11:43",20563.7,GOOD,2.54,TRACKING
2203681,"06 Jul 2026  09:12:13",20562.9,GOOD,2.54,TRACKING
2203682,"06 Jul 2026  09:12:43",20559.1,GOOD,2.54,TRACKING
2203683,"06 Jul 2026  09:13:13",20560.5,GOOD,2.54,TRACKING
2203684,"06 Jul 2026  09:13:43",20557.4,GOOD,2.54,TRACKING
2203685,"06 Jul 2026  09:14:13",20552.8,GOOD,2.54,TRACKING
2203686,"06 Jul 2026  09:14:43",20553.1,GOOD,2.54,TRACKING
2203687,"06 Jul 2026  09:15:13",20553.8,GOOD,2.54,TRACKING
2203688,"06 Jul 2026  09:15:43",20553.3,GOOD,2.54,TRACKING
2203689,"06 Jul 2026  09:16:13",20551.3,GOOD,2.54,TRACKING
2203690,"06 Jul 2026  09:16:44",20549.6,GOOD,2.54,TRACKING
2203691,"06 Jul 2026  09:17:14",20549.0,GOOD,2.54,TRACKING
2203692,"06 Jul 2026  09:17:44",20544.6,GOOD,2.54,TRACKING
2203693,"06 Jul 2026  09:18:14",20544.7,GOOD,2.54,TRACKING
2203694,"06 Jul 2026  09:18:44",20547.1,GOOD,2.54,TRACKING
2203695,"06 Jul 2026  09:19:14",20548.9,GOOD,2.54,TRACKING
2203696,"06 Jul 2026  09:19:44",20547.9,GOOD,2.54,TRACKING
2203697,"06 Jul 2026  09:20:14",20550.1,GOOD,2.54,TRACKING
2203698,"06 Jul 2026  09:20:44",20554.8,GOOD,2.54,TRACKING
2203699,"06 Jul 2026  09:21:14",20557.7,GOOD,2.54,TRACKING
2203700,"06 Jul 2026  09:21:44",20564.7,GOOD,2.54,TRACKING
2203701,"06 Jul 2026  09:22:14",20567.2,GOOD,2.54,TRACKING
2203702,"06 Jul 2026  09:22:44",20576.3,GOOD,2.54,TRACKING
2203703,"06 Jul 2026  09:23:14",20579.7,GOOD,2.54,TRACKING
2203704,"06 Jul 2026  09:23:44",20585.6,GOOD,2.54,TRACKING
2203705,"06 Jul 2026  09:24:14",20590.7,GOOD,2.54,TRACKING
2203706,"06 Jul 2026  09:24:44",20602.1,GOOD,2.54,TRACKING
2203707,"06 Jul 2026  09:25:14",20574.3,GOOD,2.54,TRACKING
2203708,"06 Jul 2026  09:25:44",20565.4,GOOD,2.54,TRACKING
2203709,"06 Jul 2026  09:26:14",20558.3,GOOD,2.54,TRACKING
2203710,"06 Jul 2026  09:26:44",20555.4,GOOD,2.54,TRACKING
2203711,"06 Jul 2026  09:27:14",20553.8,GOOD,2.54,TRACKING
2203712,"06 Jul 2026  09:27:44",20551.6,GOOD,2.54,TRACKING
2203713,"06 Jul 2026  09:28:14",20554.1,GOOD,2.54,TRACKING
2203714,"06 Jul 2026  09:28:45",20551.9,GOOD,2.54,TRACKING
2203715,"06 Jul 2026  09:29:15",20551.1,GOOD,2.54,TRACKING
2203716,"06 Jul 2026  09:29:45",20550.4,GOOD,2.54,TRACKING
2203717,"06 Jul 2026  09:30:15",20550.8,GOOD,2.54,TRACKING
2203718,"06 Jul 2026  09:30:45",20549.3,GOOD,2.54,TRACKING
2203719,"06 Jul 2026  09:31:15",20550.4,GOOD,2.54,TRACKING
2203720,"06 Jul 2026  09:31:45",20549.9,GOOD,2.54,TRACKING
2203721,"06 Jul 2026  09:32:15",20547.6,GOOD,2.54,TRACKING
2203722,"06 Jul 2026  09:32:45",20546.6,GOOD,2.54,TRACKING
2203723,"06 Jul 2026  09:33:15",20551.1,GOOD,2.54,TRACKING
2203724,"06 Jul 2026  09:33:45",20553.8,GOOD,2.54,TRACKING
2203725,"06 Jul 2026  09:34:15",20555.3,GOOD,2.54,TRACKING
2203726,"06 Jul 2026  09:34:45",20553.9,GOOD,2.54,TRACKING
2203727,"06 Jul 2026  09:35:15",20552.3,GOOD,2.54,TRACKING
2203728,"06 Jul 2026  09:35:45",20553.1,GOOD,2.54,TRACKING
2203729,"06 Jul 2026  09:36:15",20553.3,GOOD,2.54,TRACKING
2203730,"06 Jul 2026  09:36:45",20545.1,GOOD,2.54,TRACKING
2203731,"06 Jul 2026  09:37:15",20548.8,GOOD,2.54,TRACKING
2203732,"06 Jul 2026  09:37:45",20550.6,GOOD,2.54,TRACKING
2203733,"06 Jul 2026  09:38:15",20551.3,GOOD,2.54,TRACKING
2203734,"06 Jul 2026  09:38:45",20549.6,GOOD,2.54,TRACKING
2203735,"06 Jul 2026  09:39:15",20546.5,GOOD,2.54,TRACKING
2203736,"06 Jul 2026  09:39:45",20550.0,GOOD,2.54,TRACKING
2203737,"06 Jul 2026  09:40:15",20551.2,GOOD,2.54,TRACKING
2203738,"06 Jul 2026  09:40:46",20547.3,GOOD,2.54,TRACKING
2203739,"06 Jul 2026  09:41:16",20547.7,GOOD,2.54,TRACKING
2203740,"06 Jul 2026  09:41:46",20549.1,GOOD,2.54,TRACKING
2203741,"06 Jul 2026  09:42:16",20548.3,GOOD,2.54,TRACKING
2203742,"06 Jul 2026  09:42:46",20549.5,GOOD,2.54,TRACKING
2203743,"06 Jul 2026  09:43:16",20548.1,GOOD,2.54,TRACKING
2203744,"06 Jul 2026  09:43:46",20546.4,GOOD,2.54,TRACKING
2203745,"06 Jul 2026  09:44:16",20544.5,GOOD,2.54,TRACKING
2203746,"06 Jul 2026  09:44:46",20547.3,GOOD,2.54,TRACKING
2203747,"06 Jul 2026  09:45:16",20546.1,GOOD,2.54,TRACKING
2203748,"06 Jul 2026  09:45:46",20547.6,GOOD,2.54,TRACKING
2203749,"06 Jul 2026  09:46:16",20551.8,GOOD,2.54,TRACKING
2203750,"06 Jul 2026  09:46:46",20554.5,GOOD,2.54,TRACKING
2203751,"06 Jul 2026  09:47:16",20555.1,GOOD,2.54,TRACKING
2203752,"06 Jul 2026  09:47:46",20555.2,GOOD,2.54,TRACKING
2203753,"06 Jul 2026  09:48:16",20558.2,GOOD,2.54,TRACKING
2203754,"06 Jul 2026  09:48:46",20559.3,GOOD,2.54,TRACKING
2203755,"06 Jul 2026  09:49:16",20553.6,GOOD,2.54,TRACKING
2203756,"06 Jul 2026  09:49:46",20553.5,GOOD,2.54,TRACKING
2203757,"06 Jul 2026  09:50:16",20550.6,GOOD,2.54,TRACKING
2203758,"06 Jul 2026  09:50:46",20551.2,GOOD,2.54,TRACKING
2203759,"06 Jul 2026  09:51:16",20552.8,GOOD,2.54,TRACKING
2203760,"06 Jul 2026  09:51:46",20549.7,GOOD,2.54,TRACKING
2203761,"06 Jul 2026  09:52:16",20549.3,GOOD,2.54,TRACKING
2203762,"06 Jul 2026  09:52:46",20550.0,GOOD,2.54,TRACKING
2203763,"06 Jul 2026  09:53:17",20549.4,GOOD,2.54,TRACKING
2203764,"06 Jul 2026  09:53:47",20549.6,GOOD,2.54,TRACKING
2203765,"06 Jul 2026  09:54:17",20548.1,GOOD,2.54,TRACKING
2203766,"06 Jul 2026  09:54:47",20548.1,GOOD,2.54,TRACKING
2203767,"06 Jul 2026  09:55:17",20547.2,GOOD,2.54,TRACKING
2203768,"06 Jul 2026  09:55:47",20546.1,GOOD,2.54,TRACKING
2203769,"06 Jul 2026  09:56:17",20548.1,GOOD,2.54,TRACKING
2203770,"06 Jul 2026  09:56:47",20549.2,GOOD,2.54,TRACKING
2203771,"06 Jul 2026  09:57:17",20552.3,GOOD,2.54,TRACKING
2203772,"06 Jul 2026  09:57:47",20553.5,GOOD,2.54,TRACKING
2203773,"06 Jul 2026  09:58:17",20556.5,GOOD,2.54,TRACKING
2203774,"06 Jul 2026  09:58:47",20557.1,GOOD,2.54,TRACKING
2203775,"06 Jul 2026  09:59:17",20557.5,GOOD,2.54,TRACKING
2203776,"06 Jul 2026  09:59:47",20555.5,GOOD,2.54,TRACKING
2203777,"06 Jul 2026  10:00:17",20553.6,GOOD,2.54,TRACKING
2203778,"06 Jul 2026  10:00:47",20553.6,GOOD,2.54,TRACKING
2203779,"06 Jul 2026  10:01:17",20551.3,GOOD,2.54,TRACKING
2203780,"06 Jul 2026  10:01:47",20550.1,GOOD,2.54,TRACKING
2203781,"06 Jul 2026  10:02:17",20551.4,GOOD,2.54,TRACKING
2203782,"06 Jul 2026  10:02:47",20550.6,GOOD,2.54,TRACKING
2203783,"06 Jul 2026  10:03:17",20548.2,GOOD,2.54,TRACKING
2203784,"06 Jul 2026  10:03:47",20549.9,GOOD,2.54,TRACKING
2203785,"06 Jul 2026  10:04:17",20547.8,GOOD,2.54,TRACKING
2203786,"06 Jul 2026  10:04:47",20547.6,GOOD,2.54,TRACKING
2203787,"06 Jul 2026  10:05:18",20550.1,GOOD,2.54,TRACKING
2203788,"06 Jul 2026  10:05:48",20547.4,GOOD,2.54,TRACKING
2203789,"06 Jul 2026  10:06:18",20548.5,GOOD,2.54,TRACKING
2203790,"06 Jul 2026  10:06:48",20549.5,GOOD,2.54,TRACKING
2203791,"06 Jul 2026  10:07:18",20549.6,GOOD,2.54,TRACKING
2203792,"06 Jul 2026  10:07:48",20551.2,GOOD,2.54,TRACKING
2203793,"06 Jul 2026  10:08:18",20555.4,GOOD,2.54,TRACKING
2203794,"06 Jul 2026  10:08:48",20553.2,GOOD,2.54,TRACKING
2203795,"06 Jul 2026  10:09:18",20553.7,GOOD,2.54,TRACKING
2203796,"06 Jul 2026  10:09:48",20557.0,GOOD,2.54,TRACKING
2203797,"06 Jul 2026  10:10:18",20556.4,GOOD,2.54,TRACKING
2203798,"06 Jul 2026  10:10:48",20554.1,GOOD,2.54,TRACKING
2203799,"06 Jul 2026  10:11:18",20550.8,GOOD,2.54,TRACKING
2203800,"06 Jul 2026  10:11:48",20549.5,GOOD,2.54,TRACKING
2203801,"06 Jul 2026  10:12:18",20551.7,GOOD,2.54,TRACKING
2203802,"06 Jul 2026  10:12:48",20547.7,GOOD,2.54,TRACKING
2203803,"06 Jul 2026  10:13:18",20548.3,GOOD,2.54,TRACKING
2203804,"06 Jul 2026  10:13:48",20549.0,GOOD,2.54,TRACKING
2203805,"06 Jul 2026  10:14:18",20549.0,GOOD,2.54,TRACKING
2203806,"06 Jul 2026  10:14:48",20549.8,GOOD,2.54,TRACKING
2203807,"06 Jul 2026  10:15:18",20547.7,GOOD,2.54,TRACKING
2203808,"06 Jul 2026  10:15:48",20548.5,GOOD,2.54,TRACKING
2203809,"06 Jul 2026  10:16:18",20546.1,GOOD,2.54,TRACKING
2203810,"06 Jul 2026  10:16:48",20546.9,GOOD,2.54,TRACKING
2203811,"06 Jul 2026  10:17:19",20548.5,GOOD,2.54,TRACKING
2203812,"06 Jul 2026  10:17:49",20549.5,GOOD,2.54,TRACKING
2203813,"06 Jul 2026  10:18:19",20546.0,GOOD,2.54,TRACKING
2203814,"06 Jul 2026  10:18:49",20546.6,GOOD,2.54,TRACKING
2203815,"06 Jul 2026  10:19:19",20544.0,GOOD,2.54,TRACKING
2203816,"06 Jul 2026  10:19:49",20543.6,GOOD,2.54,TRACKING
2203817,"06 Jul 2026  10:20:19",20543.1,GOOD,2.54,TRACKING
2203818,"06 Jul 2026  10:20:49",20543.3,GOOD,2.54,TRACKING
2203819,"06 Jul 2026  10:21:19",20541.0,GOOD,2.54,TRACKING
2203820,"06 Jul 2026  10:21:49",20541.5,GOOD,2.54,TRACKING
2203821,"06 Jul 2026  10:22:19",20541.2,GOOD,2.54,TRACKING
2203822,"06 Jul 2026  10:22:49",20542.5,GOOD,2.54,TRACKING
2203823,"06 Jul 2026  10:23:19",20541.9,GOOD,2.54,TRACKING
2203824,"06 Jul 2026  10:23:49",20543.3,GOOD,2.54,TRACKING
2203825,"06 Jul 2026  10:24:19",20543.9,GOOD,2.54,TRACKING
2203826,"06 Jul 2026  10:24:49",20543.6,GOOD,2.54,TRACKING
2203827,"06 Jul 2026  10:25:19",20546.7,GOOD,2.54,TRACKING
2203828,"06 Jul 2026  10:25:49",20549.3,GOOD,2.54,TRACKING
2203829,"06 Jul 2026  10:26:19",20551.5,GOOD,2.54,TRACKING
2203830,"06 Jul 2026  10:26:49",20552.8,GOOD,2.54,TRACKING
2203831,"06 Jul 2026  10:27:19",20554.3,GOOD,2.54,TRACKING
2203832,"06 Jul 2026  10:27:49",20559.0,GOOD,2.54,TRACKING
2203833,"06 Jul 2026  10:28:19",20552.2,GOOD,2.54,TRACKING
2203834,"06 Jul 2026  10:28:49",20557.8,GOOD,2.54,TRACKING
2203835,"06 Jul 2026  10:29:19",20557.7,GOOD,2.54,TRACKING
2203836,"06 Jul 2026  10:29:49",20556.2,GOOD,2.54,TRACKING
2203837,"06 Jul 2026  10:30:20",20551.6,GOOD,2.54,TRACKING
2203838,"06 Jul 2026  10:30:50",20554.8,GOOD,2.54,TRACKING
2203839,"06 Jul 2026  10:31:20",20554.0,GOOD,2.54,TRACKING
2203840,"06 Jul 2026  10:31:50",20552.3,GOOD,2.54,TRACKING
2203841,"06 Jul 2026  10:32:20",20550.8,GOOD,2.54,TRACKING
2203842,"06 Jul 2026  10:32:50",20552.8,GOOD,2.54,TRACKING
2203843,"06 Jul 2026  10:33:20",20552.4,GOOD,2.54,TRACKING
2203844,"06 Jul 2026  10:33:50",20551.2,GOOD,2.54,TRACKING
2203845,"06 Jul 2026  10:34:20",20548.8,GOOD,2.54,TRACKING
2203846,"06 Jul 2026  10:34:50",20550.6,GOOD,2.54,TRACKING
2203847,"06 Jul 2026  10:35:20",20546.7,GOOD,2.54,TRACKING
2203848,"06 Jul 2026  10:35:50",20549.1,GOOD,2.54,TRACKING
2203849,"06 Jul 2026  10:36:20",20548.9,GOOD,2.54,TRACKING
2203850,"06 Jul 2026  10:36:50",20548.5,GOOD,2.54,TRACKING
2203851,"06 Jul 2026  10:37:20",20554.8,GOOD,2.54,TRACKING
2203852,"06 Jul 2026  10:37:50",20556.4,GOOD,2.54,TRACKING
2203853,"06 Jul 2026  10:38:20",20550.8,GOOD,2.54,TRACKING
2203854,"06 Jul 2026  10:38:50",20555.2,GOOD,2.54,TRACKING
2203855,"06 Jul 2026  10:39:20",20557.8,GOOD,2.54,TRACKING
2203856,"06 Jul 2026  10:39:50",20556.0,GOOD,2.54,TRACKING
2203857,"06 Jul 2026  10:40:20",20557.5,GOOD,2.54,TRACKING
2203858,"06 Jul 2026  10:40:50",20574.8,GOOD,2.54,TRACKING
2203859,"06 Jul 2026  10:41:20",20578.1,GOOD,2.54,TRACKING
2203860,"06 Jul 2026  10:41:50",20582.5,GOOD,2.54,TRACKING
2203861,"06 Jul 2026  10:42:21",20580.7,GOOD,2.54,TRACKING
2203862,"06 Jul 2026  10:42:51",20585.1,GOOD,2.54,TRACKING
2203863,"06 Jul 2026  10:43:21",20593.0,GOOD,2.54,TRACKING
2203864,"06 Jul 2026  10:43:51",20600.6,GOOD,2.54,TRACKING
2203865,"06 Jul 2026  10:44:21",20601.7,GOOD,2.54,TRACKING
2203866,"06 Jul 2026  10:44:51",20617.4,GOOD,2.54,TRACKING
2203867,"06 Jul 2026  10:45:21",20618.4,GOOD,2.54,TRACKING
2203868,"06 Jul 2026  10:45:51",20620.0,GOOD,2.54,TRACKING
2203869,"06 Jul 2026  10:46:21",20628.2,GOOD,2.54,TRACKING
2203870,"06 Jul 2026  10:46:51",20623.0,GOOD,2.54,TRACKING
2203871,"06 Jul 2026  10:47:21",20628.0,GOOD,2.54,TRACKING
2203872,"06 Jul 2026  10:47:51",20623.1,GOOD,2.54,TRACKING
2203873,"06 Jul 2026  10:48:21",20625.4,GOOD,2.54,TRACKING
2203874,"06 Jul 2026  10:48:51",20623.1,GOOD,2.54,TRACKING
2203875,"06 Jul 2026  10:49:21",20642.2,GOOD,2.54,TRACKING
2203876,"06 Jul 2026  10:49:51",20651.4,GOOD,2.54,TRACKING
2203877,"06 Jul 2026  10:50:21",20634.1,GOOD,2.54,TRACKING
2203878,"06 Jul 2026  10:50:51",20633.4,GOOD,2.54,TRACKING
2203879,"06 Jul 2026  10:51:21",20638.1,GOOD,2.54,TRACKING
2203880,"06 Jul 2026  10:51:51",20624.8,GOOD,2.54,TRACKING
2203881,"06 Jul 2026  10:52:22",20610.3,GOOD,2.54,TRACKING
2203882,"06 Jul 2026  10:52:51",20605.9,GOOD,2.54,TRACKING
2203883,"06 Jul 2026  10:53:22",20605.6,GOOD,2.54,TRACKING
2203884,"06 Jul 2026  10:53:52",20602.8,GOOD,2.54,TRACKING
2203885,"06 Jul 2026  10:54:22",20609.0,GOOD,2.54,TRACKING
2203886,"06 Jul 2026  10:54:52",20543.2,GOOD,2.54,TRACKING
2203887,"06 Jul 2026  10:55:22",20541.2,GOOD,2.54,TRACKING
2203888,"06 Jul 2026  10:55:52",20538.6,GOOD,2.54,TRACKING
2203889,"06 Jul 2026  10:56:22",20538.3,GOOD,2.54,TRACKING
2203890,"06 Jul 2026  10:56:52",20537.0,GOOD,2.54,TRACKING
2203891,"06 Jul 2026  10:57:22",20535.6,GOOD,2.54,TRACKING
2203892,"06 Jul 2026  10:57:52",20528.9,GOOD,2.54,TRACKING
2203893,"06 Jul 2026  10:58:22",20530.6,GOOD,2.54,TRACKING
2203894,"06 Jul 2026  10:58:52",20524.6,GOOD,2.54,TRACKING
2203895,"06 Jul 2026  10:59:22",20526.1,GOOD,2.54,TRACKING
2203896,"06 Jul 2026  10:59:52",20521.4,GOOD,2.54,TRACKING
2203897,"06 Jul 2026  11:00:22",20525.2,GOOD,2.54,TRACKING
2203898,"06 Jul 2026  11:00:52",20521.1,GOOD,2.54,TRACKING
2203899,"06 Jul 2026  11:01:22",20520.6,GOOD,2.54,TRACKING
2203900,"06 Jul 2026  11:01:52",20521.8,GOOD,2.54,TRACKING
2203901,"06 Jul 2026  11:02:22",20517.0,GOOD,2.54,TRACKING
2203902,"06 Jul 2026  11:02:52",20517.8,GOOD,2.54,TRACKING
2203903,"06 Jul 2026  11:03:23",20519.2,GOOD,2.54,TRACKING
2203904,"06 Jul 2026  11:03:53",20515.3,GOOD,2.54,TRACKING
2203905,"06 Jul 2026  11:04:23",20513.2,GOOD,2.54,TRACKING
2203906,"06 Jul 2026  11:04:53",20513.2,GOOD,2.54,TRACKING
2203907,"06 Jul 2026  11:05:23",20512.6,GOOD,2.54,TRACKING
2203908,"06 Jul 2026  11:05:53",20512.0,GOOD,2.54,TRACKING
2203909,"06 Jul 2026  11:06:23",20512.7,GOOD,2.54,TRACKING
2203910,"06 Jul 2026  11:06:53",20513.0,GOOD,2.54,TRACKING
2203911,"06 Jul 2026  11:07:23",20515.4,GOOD,2.54,TRACKING
2203912,"06 Jul 2026  11:07:53",20515.6,GOOD,2.54,TRACKING
2203913,"06 Jul 2026  11:08:23",20517.3,GOOD,2.54,TRACKING
2203914,"06 Jul 2026  11:08:53",20517.9,GOOD,2.54,TRACKING
2203915,"06 Jul 2026  11:09:23",20518.7,GOOD,2.54,TRACKING
2203916,"06 Jul 2026  11:09:53",20519.4,GOOD,2.54,TRACKING
2203917,"06 Jul 2026  11:10:23",20519.4,GOOD,2.54,TRACKING
2203918,"06 Jul 2026  11:10:53",20517.9,GOOD,2.54,TRACKING
2203919,"06 Jul 2026  11:11:23",20517.7,GOOD,2.54,TRACKING
2203920,"06 Jul 2026  11:11:53",20511.6,GOOD,2.54,TRACKING
2203921,"06 Jul 2026  11:12:23",20513.5,GOOD,2.54,TRACKING
2203922,"06 Jul 2026  11:12:53",20510.9,GOOD,2.54,TRACKING
2203923,"06 Jul 2026  11:13:23",20511.0,GOOD,2.54,TRACKING
2203924,"06 Jul 2026  11:13:54",20509.6,GOOD,2.54,TRACKING
2203925,"06 Jul 2026  11:14:24",20510.5,GOOD,2.54,TRACKING
2203926,"06 Jul 2026  11:14:54",20508.1,GOOD,2.54,TRACKING
2203927,"06 Jul 2026  11:15:24",20509.9,GOOD,2.54,TRACKING
2203928,"06 Jul 2026  11:15:54",20508.8,GOOD,2.54,TRACKING
2203929,"06 Jul 2026  11:16:24",20507.3,GOOD,2.54,TRACKING
2203930,"06 Jul 2026  11:16:54",20506.2,GOOD,2.54,TRACKING
2203931,"06 Jul 2026  11:17:24",20508.5,GOOD,2.54,TRACKING
2203932,"06 Jul 2026  11:17:54",20509.4,GOOD,2.54,TRACKING
2203933,"06 Jul 2026  11:18:24",20511.1,GOOD,2.54,TRACKING
2203934,"06 Jul 2026  11:18:54",20512.5,GOOD,2.54,TRACKING
2203935,"06 Jul 2026  11:19:24",20512.1,GOOD,2.54,TRACKING
2203936,"06 Jul 2026  11:19:54",20516.6,GOOD,2.54,TRACKING
2203937,"06 Jul 2026  11:20:24",20517.1,GOOD,2.54,TRACKING
2203938,"06 Jul 2026  11:20:54",20516.8,GOOD,2.54,TRACKING
2203939,"06 Jul 2026  11:21:24",20512.4,GOOD,2.54,TRACKING
2203940,"06 Jul 2026  11:21:54",20511.7,GOOD,2.54,TRACKING
2203941,"06 Jul 2026  11:22:24",20509.9,GOOD,2.54,TRACKING
2203942,"06 Jul 2026  11:22:54",20507.9,GOOD,2.54,TRACKING
2203943,"06 Jul 2026  11:23:24",20510.9,GOOD,2.54,TRACKING
2203944,"06 Jul 2026  11:23:54",20510.3,GOOD,2.54,TRACKING
2203945,"06 Jul 2026  11:24:24",20506.5,GOOD,2.54,TRACKING
2203946,"06 Jul 2026  11:24:55",20508.4,GOOD,2.54,TRACKING
2203947,"06 Jul 2026  11:25:25",20506.4,GOOD,2.54,TRACKING
2203948,"06 Jul 2026  11:25:55",20508.4,GOOD,2.54,TRACKING
2203949,"06 Jul 2026  11:26:25",20505.9,GOOD,2.54,TRACKING
2203950,"06 Jul 2026  11:26:55",20505.7,GOOD,2.54,TRACKING
2203951,"06 Jul 2026  11:27:25",20503.8,GOOD,2.54,TRACKING
2203952,"06 Jul 2026  11:27:55",20504.7,GOOD,2.54,TRACKING
2203953,"06 Jul 2026  11:28:25",20504.3,GOOD,2.54,TRACKING
2203954,"06 Jul 2026  11:28:55",20508.0,GOOD,2.54,TRACKING
2203955,"06 Jul 2026  11:29:25",20508.0,GOOD,2.54,TRACKING
2203956,"06 Jul 2026  11:29:55",20510.6,GOOD,2.54,TRACKING
2203957,"06 Jul 2026  11:30:25",20510.2,GOOD,2.54,TRACKING
2203958,"06 Jul 2026  11:30:55",20511.4,GOOD,2.54,TRACKING
2203959,"06 Jul 2026  11:31:25",20505.9,GOOD,2.54,TRACKING
2203960,"06 Jul 2026  11:31:55",20509.3,GOOD,2.54,TRACKING
2203961,"06 Jul 2026  11:32:25",20505.5,GOOD,2.54,TRACKING
2203962,"06 Jul 2026  11:32:55",20506.1,GOOD,2.54,TRACKING
2203963,"06 Jul 2026  11:33:25",20506.1,GOOD,2.54,TRACKING
2203964,"06 Jul 2026  11:33:55",20507.4,GOOD,2.54,TRACKING
2203965,"06 Jul 2026  11:34:25",20504.0,GOOD,2.54,TRACKING
2203966,"06 Jul 2026  11:34:56",20499.1,GOOD,2.54,TRACKING
2203967,"06 Jul 2026  11:35:26",20499.4,GOOD,2.54,TRACKING
2203968,"06 Jul 2026  11:35:56",20496.4,GOOD,2.54,TRACKING
2203969,"06 Jul 2026  11:36:26",20495.1,GOOD,2.54,TRACKING
2203970,"06 Jul 2026  11:36:56",20496.2,GOOD,2.54,TRACKING
2203971,"06 Jul 2026  11:37:26",20498.1,GOOD,2.54,TRACKING
2203972,"06 Jul 2026  11:37:56",20497.9,GOOD,2.54,TRACKING
2203973,"06 Jul 2026  11:38:26",20497.8,GOOD,2.54,TRACKING
2203974,"06 Jul 2026  11:38:56",20499.9,GOOD,2.54,TRACKING
2203975,"06 Jul 2026  11:39:26",20500.9,GOOD,2.54,TRACKING
2203976,"06 Jul 2026  11:39:56",20505.6,GOOD,2.54,TRACKING
2203977,"06 Jul 2026  11:40:26",20504.8,GOOD,2.54,TRACKING
2203978,"06 Jul 2026  11:40:56",20509.3,GOOD,2.54,TRACKING
2203979,"06 Jul 2026  11:41:26",20509.5,GOOD,2.54,TRACKING
2203980,"06 Jul 2026  11:41:56",20506.1,GOOD,2.54,TRACKING
2203981,"06 Jul 2026  11:42:26",20505.6,GOOD,2.54,TRACKING
2203982,"06 Jul 2026  11:42:56",20506.3,GOOD,2.54,TRACKING
2203983,"06 Jul 2026  11:43:26",20502.7,GOOD,2.54,TRACKING
2203984,"06 Jul 2026  11:43:56",20502.8,GOOD,2.54,TRACKING
2203985,"06 Jul 2026  11:44:26",20500.2,GOOD,2.54,TRACKING
2203986,"06 Jul 2026  11:44:57",20498.3,GOOD,2.54,TRACKING
2203987,"06 Jul 2026  11:45:27",20499.9,GOOD,2.54,TRACKING
2203988,"06 Jul 2026  11:45:57",20498.4,GOOD,2.54,TRACKING
2203989,"06 Jul 2026  11:46:27",20498.3,GOOD,2.54,TRACKING
2203990,"06 Jul 2026  11:46:57",20499.1,GOOD,2.54,TRACKING
2203991,"06 Jul 2026  11:47:27",20499.1,GOOD,2.54,TRACKING
2203992,"06 Jul 2026  11:47:57",20497.5,GOOD,2.54,TRACKING
2203993,"06 Jul 2026  11:48:27",20497.4,GOOD,2.54,TRACKING
2203994,"06 Jul 2026  11:48:57",20498.5,GOOD,2.54,TRACKING
2203995,"06 Jul 2026  11:49:27",20499.9,GOOD,2.54,TRACKING
2203996,"06 Jul 2026  11:49:57",20500.1,GOOD,2.54,TRACKING
2203997,"06 Jul 2026  11:50:27",20500.1,GOOD,2.54,TRACKING
2203998,"06 Jul 2026  11:50:57",20499.8,GOOD,2.54,TRACKING
2203999,"06 Jul 2026  11:51:27",20501.1,GOOD,2.54,TRACKING
2204000,"06 Jul 2026  11:51:57",20499.8,GOOD,2.54,TRACKING
2204001,"06 Jul 2026  11:52:27",20504.6,GOOD,2.54,TRACKING
2204002,"06 Jul 2026  11:52:57",20503.3,GOOD,2.54,TRACKING
2204003,"06 Jul 2026  11:53:27",20493.3,GOOD,2.54,TRACKING
2204004,"06 Jul 2026  11:53:57",20492.2,GOOD,2.54,TRACKING
2204005,"06 Jul 2026  11:54:28",20494.7,GOOD,2.54,TRACKING
2204006,"06 Jul 2026  11:54:58",20492.8,GOOD,2.54,TRACKING
2204007,"06 Jul 2026  11:55:28",20490.1,GOOD,2.54,TRACKING
2204008,"06 Jul 2026  11:55:58",20482.9,GOOD,2.54,TRACKING
2204009,"06 Jul 2026  11:56:28",20483.8,GOOD,2.54,TRACKING
2204010,"06 Jul 2026  11:56:58",20489.2,GOOD,2.54,TRACKING
2204011,"06 Jul 2026  11:57:28",20485.9,GOOD,2.54,TRACKING
2204012,"06 Jul 2026  11:57:58",20484.9,GOOD,2.54,TRACKING
2204013,"06 Jul 2026  11:58:28",20486.3,GOOD,2.54,TRACKING
2204014,"06 Jul 2026  11:58:58",20482.4,GOOD,2.54,TRACKING
2204015,"06 Jul 2026  11:59:28",20481.5,GOOD,2.54,TRACKING
2204016,"06 Jul 2026  11:59:58",20481.2,GOOD,2.54,TRACKING
2204017,"06 Jul 2026  12:00:28",20478.8,GOOD,2.54,TRACKING
2204018,"06 Jul 2026  12:00:58",20485.7,GOOD,2.54,TRACKING
2204019,"06 Jul 2026  12:01:28",20488.5,GOOD,2.54,TRACKING
2204020,"06 Jul 2026  12:01:58",20495.5,GOOD,2.54,TRACKING
2204021,"06 Jul 2026  12:02:28",20498.2,GOOD,2.54,TRACKING
2204022,"06 Jul 2026  12:02:58",20500.9,GOOD,2.54,TRACKING
2204023,"06 Jul 2026  12:03:28",20502.5,GOOD,2.54,TRACKING
2204024,"06 Jul 2026  12:03:59",20505.1,GOOD,2.54,TRACKING
2204025,"06 Jul 2026  12:04:29",20504.1,GOOD,2.54,TRACKING
2204026,"06 Jul 2026  12:04:59",20497.2,GOOD,2.54,TRACKING
2204027,"06 Jul 2026  12:05:29",20495.1,GOOD,2.54,TRACKING
2204028,"06 Jul 2026  12:05:59",20490.7,GOOD,2.54,TRACKING
2204029,"06 Jul 2026  12:06:29",20492.3,GOOD,2.54,TRACKING
2204030,"06 Jul 2026  12:06:59",20486.8,GOOD,2.54,TRACKING
2204031,"06 Jul 2026  12:07:29",20492.5,GOOD,2.54,TRACKING
2204032,"06 Jul 2026  12:07:59",20491.8,GOOD,2.54,TRACKING
2204033,"06 Jul 2026  12:08:29",20490.5,GOOD,2.54,TRACKING
2204034,"06 Jul 2026  12:08:59",20489.7,GOOD,2.54,TRACKING
2204035,"06 Jul 2026  12:09:29",20485.4,GOOD,2.54,TRACKING
2204036,"06 Jul 2026  12:09:59",20486.7,GOOD,2.54,TRACKING
2204037,"06 Jul 2026  12:10:29",20488.9,GOOD,2.54,TRACKING
2204038,"06 Jul 2026  12:10:59",20485.6,GOOD,2.54,TRACKING
2204039,"06 Jul 2026  12:11:29",20485.7,GOOD,2.54,TRACKING
2204040,"06 Jul 2026  12:11:59",20485.1,GOOD,2.54,TRACKING
2204041,"06 Jul 2026  12:12:29",20489.5,GOOD,2.54,TRACKING
2204042,"06 Jul 2026  12:12:59",20490.5,GOOD,2.54,TRACKING
2204043,"06 Jul 2026  12:13:30",20489.0,GOOD,2.54,TRACKING
2204044,"06 Jul 2026  12:14:00",20492.1,GOOD,2.54,TRACKING
2204045,"06 Jul 2026  12:14:30",20491.0,GOOD,2.54,TRACKING
2204046,"06 Jul 2026  12:15:00",20492.0,GOOD,2.54,TRACKING
2204047,"06 Jul 2026  12:15:30",20495.3,GOOD,2.54,TRACKING
2204048,"06 Jul 2026  12:16:00",20497.8,GOOD,2.54,TRACKING
2204049,"06 Jul 2026  12:16:30",20467.6,GOOD,2.54,TRACKING
2204050,"06 Jul 2026  12:17:00",20468.0,GOOD,2.54,TRACKING
2204051,"06 Jul 2026  12:17:30",20467.1,GOOD,2.54,TRACKING
2204052,"06 Jul 2026  12:18:00",20464.9,GOOD,2.54,TRACKING
2204053,"06 Jul 2026  12:18:30",20463.9,GOOD,2.54,TRACKING
2204054,"06 Jul 2026  12:19:00",20463.7,GOOD,2.54,TRACKING
2204055,"06 Jul 2026  12:19:30",20463.7,GOOD,2.54,TRACKING
2204056,"06 Jul 2026  12:20:00",20462.1,GOOD,2.54,TRACKING
2204057,"06 Jul 2026  12:20:31",20460.4,GOOD,2.54,TRACKING
2204058,"06 Jul 2026  12:21:01",20463.4,GOOD,2.54,TRACKING
2204059,"06 Jul 2026  12:21:31",20460.0,GOOD,2.54,TRACKING
2204060,"06 Jul 2026  12:22:01",20461.3,GOOD,2.54,TRACKING
2204061,"06 Jul 2026  12:22:31",20461.7,GOOD,2.54,TRACKING
2204062,"06 Jul 2026  12:23:01",20460.5,GOOD,2.54,TRACKING
2204063,"06 Jul 2026  12:23:31",20460.4,GOOD,2.54,TRACKING
2204064,"06 Jul 2026  12:24:01",20462.9,GOOD,2.54,TRACKING
2204065,"06 Jul 2026  12:24:31",20468.2,GOOD,2.54,TRACKING
2204066,"06 Jul 2026  12:25:01",20467.8,GOOD,2.54,TRACKING
2204067,"06 Jul 2026  12:25:31",20468.1,GOOD,2.54,TRACKING
2204068,"06 Jul 2026  12:26:01",20471.9,GOOD,2.54,TRACKING
2204069,"06 Jul 2026  12:26:31",20471.2,GOOD,2.54,TRACKING
2204070,"06 Jul 2026  12:27:01",20472.5,GOOD,2.54,TRACKING
2204071,"06 Jul 2026  12:27:32",20469.2,GOOD,2.54,TRACKING
2204072,"06 Jul 2026  12:28:02",20464.7,GOOD,2.54,TRACKING
2204073,"06 Jul 2026  12:28:32",20467.9,GOOD,2.54,TRACKING
2204074,"06 Jul 2026  12:29:02",20466.1,GOOD,2.54,TRACKING
2204075,"06 Jul 2026  12:29:32",20468.6,GOOD,2.54,TRACKING
2204076,"06 Jul 2026  12:30:02",20468.7,GOOD,2.54,TRACKING
2204077,"06 Jul 2026  12:30:32",20464.8,GOOD,2.54,TRACKING
2204078,"06 Jul 2026  12:31:02",20468.2,GOOD,2.54,TRACKING
2204079,"06 Jul 2026  12:31:32",20467.4,GOOD,2.54,TRACKING
2204080,"06 Jul 2026  12:32:02",20465.7,GOOD,2.54,TRACKING
2204081,"06 Jul 2026  12:32:32",20467.2,GOOD,2.54,TRACKING
2204082,"06 Jul 2026  12:33:02",20462.8,GOOD,2.54,TRACKING
2204083,"06 Jul 2026  12:33:32",20464.5,GOOD,2.54,TRACKING
2204084,"06 Jul 2026  12:34:03",20465.7,GOOD,2.54,TRACKING
2204085,"06 Jul 2026  12:34:33",20465.9,GOOD,2.54,TRACKING
2204086,"06 Jul 2026  12:35:03",20468.4,GOOD,2.54,TRACKING
