ts,grams,quality,sigma,gas_pct,gas_g,alert_level,cylinder_state
"26 Jun 2026  16:40:31",-2.6,GOOD,5.99,,,,UNINSTALLED
"26 Jun 2026  16:41:01",5.0,GOOD,5.99,,,,UNINSTALLED
"26 Jun 2026  16:41:31",4.4,GOOD,5.99,,,,UNINSTALLED
"26 Jun 2026  16:42:01",30.9,GOOD,5.99,,,,UNINSTALLED
"26 Jun 2026  16:42:31",8.2,GOOD,5.99,,,,UNINSTALLED
"26 Jun 2026  16:43:01",-2.5,GOOD,5.99,,,,UNINSTALLED
"26 Jun 2026  16:43:31",6.5,GOOD,5.99,,,,UNINSTALLED
"26 Jun 2026  16:44:01",8.0,GOOD,5.99,,,,UNINSTALLED
"26 Jun 2026  16:44:31",20024.4,GOOD,5.99,,,,UNINSTALLED
"26 Jun 2026  16:45:01",20028.6,GOOD,5.99,,,,UNINSTALLED
"26 Jun 2026  16:45:31",20021.4,GOOD,5.99,,,,UNINSTALLED
"26 Jun 2026  16:46:01",20024.7,GOOD,5.99,,,,UNINSTALLED
"26 Jun 2026  16:46:31",20034.1,GOOD,5.99,,,,BOOTSTRAP_ANCHOR
"26 Jun 2026  16:47:01",20034.3,GOOD,5.99,,,,BOOTSTRAP_ANCHOR
"26 Jun 2026  16:47:31",20030.5,GOOD,5.99,,,,BOOTSTRAP_ANCHOR
"26 Jun 2026  16:48:01",20033.9,GOOD,5.99,,,,BOOTSTRAP_ANCHOR
"26 Jun 2026  16:48:31",20036.0,GOOD,5.99,,,,BOOTSTRAP_ANCHOR
"26 Jun 2026  16:49:01",20038.1,GOOD,5.99,,,,BOOTSTRAP_ANCHOR
"26 Jun 2026  16:49:31",20036.2,GOOD,5.99,,,,BOOTSTRAP_ANCHOR
"26 Jun 2026  16:50:01",20047.6,GOOD,5.99,,,,BOOTSTRAP_ANCHOR
"26 Jun 2026  16:50:31",20047.0,GOOD,5.99,,,,BOOTSTRAP_ANCHOR
"26 Jun 2026  16:51:31",20048.2,GOOD,5.99,,,,BOOTSTRAP_ANCHOR
"26 Jun 2026  16:52:01",20050.8,GOOD,5.99,,,,BOOTSTRAP_ANCHOR
"26 Jun 2026  16:52:32",20051.7,GOOD,5.99,,,,BOOTSTRAP_ANCHOR
"26 Jun 2026  16:53:02",20045.6,GOOD,5.99,,,,BOOTSTRAP_ANCHOR
"26 Jun 2026  16:53:32",20035.4,GOOD,5.99,,,,TRACKING
"26 Jun 2026  16:54:02",20032.5,GOOD,5.99,,,,BOOTSTRAP_ANCHOR
"26 Jun 2026  16:54:32",20038.8,GOOD,5.99,,,,BOOTSTRAP_ANCHOR
"26 Jun 2026  16:55:02",20033.6,GOOD,5.99,,,,BOOTSTRAP_ANCHOR
"26 Jun 2026  16:55:32",20034.0,GOOD,5.99,,,,BOOTSTRAP_ANCHOR
"26 Jun 2026  16:56:02",20030.9,GOOD,5.99,,,,BOOTSTRAP_ANCHOR
"26 Jun 2026  16:56:32",20030.2,GOOD,5.99,,,,TRACKING
"26 Jun 2026  16:57:02",20026.4,GOOD,5.99,,,,BOOTSTRAP_ANCHOR
"26 Jun 2026  16:57:32",20028.0,GOOD,5.99,,,,BOOTSTRAP_ANCHOR
"26 Jun 2026  16:58:02",20027.5,GOOD,5.99,,,,BOOTSTRAP_ANCHOR
"26 Jun 2026  16:58:32",20028.6,GOOD,5.99,,,,BOOTSTRAP_ANCHOR
"26 Jun 2026  16:59:02",20028.7,GOOD,5.99,,,,BOOTSTRAP_ANCHOR
"26 Jun 2026  17:00:32",20036.6,GOOD,5.99,,,,BOOTSTRAP_ANCHOR
"26 Jun 2026  17:01:02",20042.3,GOOD,5.99,,,,BOOTSTRAP_ANCHOR
"26 Jun 2026  17:01:32",20039.4,GOOD,5.99,,,,BOOTSTRAP_ANCHOR
"26 Jun 2026  17:02:02",20046.6,GOOD,5.99,,,,BOOTSTRAP_ANCHOR
"26 Jun 2026  17:02:32",20053.7,GOOD,5.99,,,,BOOTSTRAP_ANCHOR
"26 Jun 2026  17:03:32",20057.2,GOOD,5.99,100.5,4558.7,NONE,TRACKING
"26 Jun 2026  17:04:02",20052.7,GOOD,5.99,100.4,4554.2,NONE,TRACKING
"26 Jun 2026  17:04:32",20040.9,GOOD,5.99,100.2,4542.4,NONE,TRACKING
"26 Jun 2026  17:05:02",20044.6,GOOD,5.99,100.2,4546.1,NONE,TRACKING
"26 Jun 2026  17:05:33",20047.6,GOOD,5.99,100.3,4549.1,NONE,TRACKING
"26 Jun 2026  17:06:03",20058.1,GOOD,5.99,100.5,4559.6,NONE,TRACKING
"26 Jun 2026  17:06:33",20029.0,GOOD,5.99,99.9,4530.5,NONE,TRACKING
"26 Jun 2026  17:07:03",20039.5,GOOD,5.99,100.1,4541.0,NONE,TRACKING
"26 Jun 2026  17:07:33",20039.3,GOOD,5.99,100.1,4540.8,NONE,TRACKING
"26 Jun 2026  17:08:03",20033.7,GOOD,5.99,100.0,4535.2,NONE,TRACKING
"26 Jun 2026  17:08:33",20030.1,GOOD,5.99,99.9,4531.6,NONE,TRACKING
"26 Jun 2026  17:09:03",20031.9,GOOD,5.99,100.0,4533.4,NONE,TRACKING
"26 Jun 2026  17:09:33",20034.4,GOOD,5.99,100.0,4535.9,NONE,TRACKING
"26 Jun 2026  17:10:03",20027.7,GOOD,5.99,99.9,4529.2,NONE,TRACKING
"26 Jun 2026  17:10:33",20025.8,GOOD,5.99,99.8,4527.3,NONE,TRACKING
"26 Jun 2026  17:11:03",20044.2,GOOD,5.99,100.2,4545.7,NONE,TRACKING
"26 Jun 2026  17:11:33",20046.5,GOOD,5.99,100.3,4548.0,NONE,TRACKING
"26 Jun 2026  17:12:03",20039.1,GOOD,5.99,100.1,4540.6,NONE,TRACKING
"26 Jun 2026  17:12:33",20036.7,GOOD,5.99,100.1,4538.2,NONE,TRACKING
"26 Jun 2026  17:13:03",20040.3,GOOD,5.99,100.1,4541.8,NONE,TRACKING
"26 Jun 2026  17:13:33",20050.6,GOOD,5.99,100.4,4552.1,NONE,TRACKING
"26 Jun 2026  17:14:03",20042.1,GOOD,5.99,100.2,4543.6,NONE,TRACKING
"26 Jun 2026  17:14:33",20044.7,GOOD,5.99,100.2,4546.2,NONE,TRACKING
"26 Jun 2026  17:15:03",20046.1,GOOD,5.99,100.3,4547.6,NONE,TRACKING
"26 Jun 2026  17:15:33",20046.0,GOOD,5.99,100.3,4547.5,NONE,TRACKING
"26 Jun 2026  17:16:03",20030.3,GOOD,5.99,99.9,4531.8,NONE,TRACKING
"26 Jun 2026  17:16:33",20043.0,GOOD,5.99,100.2,4544.5,NONE,TRACKING
"26 Jun 2026  17:17:03",20064.0,GOOD,5.99,100.7,4565.5,NONE,TRACKING
"26 Jun 2026  17:17:33",20097.3,GOOD,5.99,101.4,4598.8,NONE,TRACKING
"26 Jun 2026  17:18:03",20170.7,GOOD,5.99,103.0,4672.2,NONE,TRACKING
"26 Jun 2026  17:18:33",20173.2,GOOD,5.99,103.1,4674.7,NONE,TRACKING
"26 Jun 2026  17:19:03",20183.8,GOOD,5.99,103.3,4685.3,NONE,TRACKING
"26 Jun 2026  17:19:33",20205.9,GOOD,5.99,103.8,4707.4,NONE,TRACKING
"26 Jun 2026  17:20:03",20188.7,GOOD,5.99,103.4,4690.2,NONE,TRACKING
"26 Jun 2026  17:20:33",20186.2,GOOD,5.99,103.4,4687.7,NONE,TRACKING
"26 Jun 2026  17:21:03",20204.3,GOOD,5.99,103.8,4705.8,NONE,TRACKING
"26 Jun 2026  17:21:33",20200.8,GOOD,5.99,103.7,4702.3,NONE,TRACKING
"26 Jun 2026  17:22:03",20205.3,GOOD,5.99,103.8,4706.8,NONE,TRACKING
"26 Jun 2026  17:22:33",20172.1,GOOD,5.99,103.1,4673.6,NONE,TRACKING
"26 Jun 2026  17:23:03",20160.4,GOOD,5.99,102.8,4661.9,NONE,TRACKING
"26 Jun 2026  17:23:33",20160.0,GOOD,5.99,102.8,4661.5,NONE,TRACKING
"26 Jun 2026  17:24:03",20146.3,GOOD,5.99,102.5,4647.8,NONE,TRACKING
"26 Jun 2026  17:24:33",20189.1,GOOD,5.99,103.4,4690.6,NONE,TRACKING
"26 Jun 2026  17:25:03",20172.7,GOOD,5.99,103.1,4674.2,NONE,TRACKING
"26 Jun 2026  17:25:33",20209.0,GOOD,5.99,103.9,4710.5,NONE,TRACKING
"26 Jun 2026  17:26:03",20200.3,GOOD,5.99,103.7,4701.8,NONE,TRACKING
"26 Jun 2026  17:26:33",20195.3,GOOD,5.99,103.6,4696.8,NONE,TRACKING
"26 Jun 2026  17:27:03",20202.2,GOOD,5.99,103.7,4703.7,NONE,TRACKING
"26 Jun 2026  17:27:33",20179.5,GOOD,5.99,103.2,4681.0,NONE,TRACKING
"26 Jun 2026  17:28:03",20221.5,GOOD,5.99,104.1,4723.0,NONE,TRACKING
"26 Jun 2026  17:28:33",20211.5,GOOD,5.99,103.9,4713.0,NONE,TRACKING
"26 Jun 2026  17:29:03",20221.5,GOOD,5.99,104.1,4723.0,NONE,TRACKING
"26 Jun 2026  17:29:33",20239.4,GOOD,5.99,104.5,4740.9,NONE,TRACKING
"26 Jun 2026  17:30:03",20212.5,GOOD,5.99,103.9,4714.0,NONE,TRACKING
"26 Jun 2026  17:30:34",20193.0,GOOD,5.99,103.5,4694.5,NONE,TRACKING
"26 Jun 2026  17:31:04",20166.3,GOOD,5.99,102.9,4667.8,NONE,TRACKING
"26 Jun 2026  17:31:34",20159.3,GOOD,5.99,102.8,4660.8,NONE,TRACKING
"26 Jun 2026  17:32:04",20177.8,GOOD,5.99,103.2,4679.3,NONE,TRACKING
"26 Jun 2026  17:32:34",20202.0,GOOD,5.99,103.7,4703.5,NONE,TRACKING
"26 Jun 2026  17:33:04",20212.1,GOOD,5.99,103.9,4713.6,NONE,TRACKING
"26 Jun 2026  17:33:34",20220.9,GOOD,5.99,104.1,4722.4,NONE,TRACKING
"26 Jun 2026  17:34:04",20232.6,GOOD,5.99,104.4,4734.1,NONE,TRACKING
"26 Jun 2026  17:34:34",20231.1,GOOD,5.99,104.4,4732.6,NONE,TRACKING
"26 Jun 2026  17:35:04",20239.6,GOOD,5.99,104.5,4741.1,NONE,TRACKING
"26 Jun 2026  17:35:34",20239.2,GOOD,5.99,104.5,4740.7,NONE,TRACKING
"26 Jun 2026  17:36:04",20129.2,GOOD,5.99,102.1,4630.7,NONE,TRACKING
"26 Jun 2026  17:36:34",20110.4,GOOD,5.99,101.7,4611.9,NONE,TRACKING
"26 Jun 2026  17:37:04",20149.6,GOOD,5.99,102.6,4651.1,NONE,TRACKING
"26 Jun 2026  17:37:34",20153.6,GOOD,5.99,102.6,4655.1,NONE,TRACKING
"26 Jun 2026  17:38:04",20153.1,GOOD,5.99,102.6,4654.6,NONE,TRACKING
"26 Jun 2026  17:38:34",20166.0,GOOD,5.99,102.9,4667.5,NONE,TRACKING
"26 Jun 2026  17:39:04",20167.9,GOOD,5.99,103.0,4669.4,NONE,TRACKING
"26 Jun 2026  17:39:35",20153.9,GOOD,5.99,102.7,4655.4,NONE,TRACKING
"26 Jun 2026  17:40:05",20177.1,GOOD,5.99,103.2,4678.6,NONE,TRACKING
"26 Jun 2026  17:40:35",20168.0,GOOD,5.99,103.0,4669.5,NONE,TRACKING
"26 Jun 2026  17:41:05",20161.0,GOOD,5.99,102.8,4662.5,NONE,TRACKING
"26 Jun 2026  17:41:35",20184.4,GOOD,5.99,103.3,4685.9,NONE,TRACKING
"26 Jun 2026  17:42:05",20149.8,GOOD,5.99,102.6,4651.3,NONE,TRACKING
"26 Jun 2026  17:42:35",20161.4,GOOD,5.99,102.8,4662.9,NONE,TRACKING
"26 Jun 2026  17:43:05",20143.9,GOOD,5.99,102.4,4645.4,NONE,TRACKING
"26 Jun 2026  17:43:35",20128.0,GOOD,5.99,102.1,4629.5,NONE,TRACKING
"26 Jun 2026  17:44:05",20146.3,GOOD,5.99,102.5,4647.8,NONE,TRACKING
"26 Jun 2026  17:44:35",20161.5,GOOD,5.99,102.8,4663.0,NONE,TRACKING
"26 Jun 2026  17:45:06",20183.6,GOOD,5.99,103.3,4685.1,NONE,TRACKING
"26 Jun 2026  17:45:36",20222.5,GOOD,5.99,104.2,4724.0,NONE,TRACKING
"26 Jun 2026  17:46:06",20237.6,GOOD,5.99,104.5,4739.1,NONE,TRACKING
"26 Jun 2026  17:46:36",20234.3,GOOD,5.99,104.4,4735.8,NONE,TRACKING
"26 Jun 2026  17:47:06",20175.3,GOOD,5.99,103.1,4676.8,NONE,TRACKING
"26 Jun 2026  17:47:36",20134.4,GOOD,5.99,102.2,4635.9,NONE,TRACKING
"26 Jun 2026  17:48:06",20111.2,GOOD,5.99,101.7,4612.7,NONE,TRACKING
"26 Jun 2026  17:48:36",20096.0,GOOD,5.99,101.4,4597.5,NONE,TRACKING
"26 Jun 2026  17:49:06",20092.7,GOOD,5.99,101.3,4594.2,NONE,TRACKING
"26 Jun 2026  17:49:36",20089.2,GOOD,5.99,101.2,4590.7,NONE,TRACKING
"26 Jun 2026  17:50:06",20083.0,GOOD,5.99,101.1,4584.5,NONE,TRACKING
"26 Jun 2026  17:50:37",20081.2,GOOD,5.99,101.1,4582.7,NONE,TRACKING
"26 Jun 2026  17:51:07",20076.4,GOOD,5.99,100.9,4577.9,NONE,TRACKING
"26 Jun 2026  17:51:37",20074.5,GOOD,5.99,100.9,4576.0,NONE,TRACKING
"26 Jun 2026  17:52:07",20073.0,GOOD,5.99,100.9,4574.5,NONE,TRACKING
"26 Jun 2026  17:52:37",20071.3,GOOD,5.99,100.8,4572.8,NONE,TRACKING
"26 Jun 2026  17:53:07",20067.0,GOOD,5.99,100.7,4568.5,NONE,TRACKING
"26 Jun 2026  17:53:37",20065.3,GOOD,5.99,100.7,4566.8,NONE,TRACKING
"26 Jun 2026  17:54:07",20064.3,GOOD,5.99,100.7,4565.8,NONE,TRACKING
"26 Jun 2026  17:54:37",20062.4,GOOD,5.99,100.6,4563.9,NONE,TRACKING
"26 Jun 2026  17:55:07",20061.6,GOOD,5.99,100.6,4563.1,NONE,TRACKING
"26 Jun 2026  17:55:37",20062.4,GOOD,5.99,100.6,4563.9,NONE,TRACKING
"26 Jun 2026  17:56:07",20060.5,GOOD,5.99,100.6,4562.0,NONE,TRACKING
"26 Jun 2026  17:56:37",20058.3,GOOD,5.99,100.5,4559.8,NONE,TRACKING
"26 Jun 2026  17:57:07",20057.2,GOOD,5.99,100.5,4558.7,NONE,TRACKING
"26 Jun 2026  17:57:37",20056.0,GOOD,5.99,100.5,4557.5,NONE,TRACKING
"26 Jun 2026  17:58:07",20053.7,GOOD,5.99,100.4,4555.2,NONE,TRACKING
"26 Jun 2026  17:58:37",20051.8,GOOD,5.99,100.4,4553.3,NONE,TRACKING
"26 Jun 2026  17:59:07",20049.8,GOOD,5.99,100.4,4551.3,NONE,TRACKING
"26 Jun 2026  17:59:37",20048.0,GOOD,5.99,100.3,4549.5,NONE,TRACKING
"26 Jun 2026  18:00:07",20046.7,GOOD,5.99,100.3,4548.2,NONE,TRACKING
"26 Jun 2026  18:00:38",20044.8,GOOD,5.99,100.2,4546.3,NONE,TRACKING
"26 Jun 2026  18:01:08",20042.8,GOOD,5.99,100.2,4544.3,NONE,TRACKING
"26 Jun 2026  18:01:38",20041.9,GOOD,5.99,100.2,4543.4,NONE,TRACKING
"26 Jun 2026  18:02:08",20041.1,GOOD,5.99,100.2,4542.6,NONE,TRACKING
"26 Jun 2026  18:02:38",20039.8,GOOD,5.99,100.1,4541.3,NONE,TRACKING
"26 Jun 2026  18:03:08",20039.1,GOOD,5.99,100.1,4540.6,NONE,TRACKING
"26 Jun 2026  18:03:38",20036.6,GOOD,5.99,100.1,4538.1,NONE,TRACKING
"26 Jun 2026  18:04:08",20036.1,GOOD,5.99,100.1,4537.6,NONE,TRACKING
"26 Jun 2026  18:04:38",20034.4,GOOD,5.99,100.0,4535.9,NONE,TRACKING
"26 Jun 2026  18:05:08",20033.9,GOOD,5.99,100.0,4535.4,NONE,TRACKING
"26 Jun 2026  18:05:38",20032.6,GOOD,5.99,100.0,4534.1,NONE,TRACKING
"26 Jun 2026  18:06:08",20030.8,GOOD,5.99,99.9,4532.3,NONE,TRACKING
"26 Jun 2026  18:06:38",20030.2,GOOD,5.99,99.9,4531.7,NONE,TRACKING
"26 Jun 2026  18:07:08",20028.8,GOOD,5.99,99.9,4530.3,NONE,TRACKING
"26 Jun 2026  18:07:38",20026.8,GOOD,5.99,99.9,4528.3,NONE,TRACKING
"26 Jun 2026  18:08:08",20026.0,GOOD,5.99,99.8,4527.5,NONE,TRACKING
"26 Jun 2026  18:08:38",20025.6,GOOD,5.99,99.8,4527.1,NONE,TRACKING
"26 Jun 2026  18:09:08",20024.9,GOOD,5.99,99.8,4526.4,NONE,TRACKING
"26 Jun 2026  18:09:38",20023.1,GOOD,5.99,99.8,4524.6,NONE,TRACKING
"26 Jun 2026  18:10:08",20021.4,GOOD,5.99,99.7,4522.9,NONE,TRACKING
"26 Jun 2026  18:10:38",20020.0,GOOD,5.99,99.7,4521.5,NONE,TRACKING
"26 Jun 2026  18:11:08",20019.4,GOOD,5.99,99.7,4520.9,NONE,TRACKING
"26 Jun 2026  18:11:38",20017.9,GOOD,5.99,99.7,4519.4,NONE,TRACKING
"26 Jun 2026  18:12:08",20016.3,GOOD,5.99,99.6,4517.8,NONE,TRACKING
"26 Jun 2026  18:12:38",20016.2,GOOD,5.99,99.6,4517.7,NONE,TRACKING
"26 Jun 2026  18:13:08",20014.2,GOOD,5.99,99.6,4515.7,NONE,TRACKING
"26 Jun 2026  18:13:38",20013.2,GOOD,5.99,99.6,4514.7,NONE,TRACKING
"26 Jun 2026  18:14:08",20012.5,GOOD,5.99,99.5,4514.0,NONE,TRACKING
"26 Jun 2026  18:14:38",20011.6,GOOD,5.99,99.5,4513.1,NONE,TRACKING
"26 Jun 2026  18:15:08",20010.3,GOOD,5.99,99.5,4511.8,NONE,TRACKING
"26 Jun 2026  18:15:38",20008.4,GOOD,5.99,99.4,4509.9,NONE,TRACKING
"26 Jun 2026  18:16:08",20006.6,GOOD,5.99,99.4,4508.1,NONE,TRACKING
"26 Jun 2026  18:16:38",20005.9,GOOD,5.99,99.4,4507.4,NONE,TRACKING
"26 Jun 2026  18:17:08",20004.7,GOOD,5.99,99.4,4506.2,NONE,TRACKING
"26 Jun 2026  18:17:38",20004.3,GOOD,5.99,99.4,4505.8,NONE,TRACKING
"26 Jun 2026  18:18:08",20001.5,GOOD,5.99,99.3,4503.0,NONE,TRACKING
"26 Jun 2026  18:18:38",20001.6,GOOD,5.99,99.3,4503.1,NONE,TRACKING
"26 Jun 2026  18:19:08",20000.1,GOOD,5.99,99.3,4501.6,NONE,TRACKING
"26 Jun 2026  18:19:38",20000.1,GOOD,5.99,99.3,4501.6,NONE,TRACKING
"26 Jun 2026  18:20:08",19999.2,GOOD,5.99,99.2,4500.7,NONE,TRACKING
"26 Jun 2026  18:20:38",19998.2,GOOD,5.99,99.2,4499.7,NONE,TRACKING
"26 Jun 2026  18:21:08",19997.4,GOOD,5.99,99.2,4498.9,NONE,TRACKING
"26 Jun 2026  18:21:38",19995.5,GOOD,5.99,99.2,4497.0,NONE,TRACKING
"26 Jun 2026  18:22:08",19994.5,GOOD,5.99,99.1,4496.0,NONE,TRACKING
"26 Jun 2026  18:22:38",19993.9,GOOD,5.99,99.1,4495.4,NONE,TRACKING
"26 Jun 2026  18:23:08",19993.3,GOOD,5.99,99.1,4494.8,NONE,TRACKING
"26 Jun 2026  18:23:38",19992.0,GOOD,5.99,99.1,4493.5,NONE,TRACKING
"26 Jun 2026  18:24:08",19991.8,GOOD,5.99,99.1,4493.3,NONE,TRACKING
"26 Jun 2026  18:24:38",19990.2,GOOD,5.99,99.0,4491.7,NONE,TRACKING
"26 Jun 2026  18:25:08",19989.2,GOOD,5.99,99.0,4490.7,NONE,TRACKING
"26 Jun 2026  18:25:38",19990.0,GOOD,5.99,99.0,4491.5,NONE,TRACKING
"26 Jun 2026  18:26:08",19988.4,GOOD,5.99,99.0,4489.9,NONE,TRACKING
"26 Jun 2026  18:26:38",19987.8,GOOD,5.99,99.0,4489.3,NONE,TRACKING
"26 Jun 2026  18:27:08",19987.8,GOOD,5.99,99.0,4489.3,NONE,TRACKING
"26 Jun 2026  18:27:38",19986.3,GOOD,5.99,99.0,4487.8,NONE,TRACKING
"26 Jun 2026  18:28:08",19985.3,GOOD,5.99,98.9,4486.8,NONE,TRACKING
"26 Jun 2026  18:28:38",19984.0,GOOD,5.99,98.9,4485.5,NONE,TRACKING
"26 Jun 2026  18:29:08",19982.4,GOOD,5.99,98.9,4483.9,NONE,TRACKING
"26 Jun 2026  18:29:38",19982.6,GOOD,5.99,98.9,4484.1,NONE,TRACKING
"26 Jun 2026  18:30:08",19981.7,GOOD,5.99,98.9,4483.2,NONE,TRACKING
"26 Jun 2026  18:30:38",19980.8,GOOD,5.99,98.8,4482.3,NONE,TRACKING
"26 Jun 2026  18:31:08",19980.5,GOOD,5.99,98.8,4482.0,NONE,TRACKING
"26 Jun 2026  18:31:38",19978.5,GOOD,5.99,98.8,4480.0,NONE,TRACKING
"26 Jun 2026  18:32:08",19977.4,GOOD,5.99,98.8,4478.9,NONE,TRACKING
"26 Jun 2026  18:32:38",19977.0,GOOD,5.99,98.8,4478.5,NONE,TRACKING
"26 Jun 2026  18:33:08",19977.7,GOOD,5.99,98.8,4479.2,NONE,TRACKING
"26 Jun 2026  18:33:38",19976.6,GOOD,5.99,98.7,4478.1,NONE,TRACKING
"26 Jun 2026  18:34:08",19975.6,GOOD,5.99,98.7,4477.1,NONE,TRACKING
"26 Jun 2026  18:34:38",19975.3,GOOD,5.99,98.7,4476.8,NONE,TRACKING
"26 Jun 2026  18:35:08",19974.5,GOOD,5.99,98.7,4476.0,NONE,TRACKING
"26 Jun 2026  18:35:38",19974.3,GOOD,5.99,98.7,4475.8,NONE,TRACKING
"26 Jun 2026  18:36:08",19973.3,GOOD,5.99,98.7,4474.8,NONE,TRACKING
"26 Jun 2026  18:36:38",19973.2,GOOD,5.99,98.7,4474.7,NONE,TRACKING
"26 Jun 2026  18:37:08",19972.3,GOOD,5.99,98.7,4473.8,NONE,TRACKING
"26 Jun 2026  18:37:38",19970.7,GOOD,5.99,98.6,4472.2,NONE,TRACKING
"26 Jun 2026  18:38:08",19970.0,GOOD,5.99,98.6,4471.5,NONE,TRACKING
"26 Jun 2026  18:38:38",19969.9,GOOD,5.99,98.6,4471.4,NONE,TRACKING
"26 Jun 2026  18:39:08",19969.5,GOOD,5.99,98.6,4471.0,NONE,TRACKING
"26 Jun 2026  18:39:38",19968.1,GOOD,5.99,98.6,4469.6,NONE,TRACKING
"26 Jun 2026  18:40:08",19967.5,GOOD,5.99,98.5,4469.0,NONE,TRACKING
"26 Jun 2026  18:40:38",19967.0,GOOD,5.99,98.5,4468.5,NONE,TRACKING
"26 Jun 2026  18:41:08",19966.3,GOOD,5.99,98.5,4467.8,NONE,TRACKING
"26 Jun 2026  18:41:38",19965.1,GOOD,5.99,98.5,4466.6,NONE,TRACKING
"26 Jun 2026  18:42:08",19964.1,GOOD,5.99,98.5,4465.6,NONE,TRACKING
"26 Jun 2026  18:42:38",19964.2,GOOD,5.99,98.5,4465.7,NONE,TRACKING
"26 Jun 2026  18:43:08",19963.2,GOOD,5.99,98.4,4464.7,NONE,TRACKING
"26 Jun 2026  18:43:38",19963.1,GOOD,5.99,98.4,4464.6,NONE,TRACKING
"26 Jun 2026  18:44:08",19963.0,GOOD,5.99,98.4,4464.5,NONE,TRACKING
"26 Jun 2026  18:44:38",19962.7,GOOD,5.99,98.4,4464.2,NONE,TRACKING
"26 Jun 2026  18:45:08",19962.2,GOOD,5.99,98.4,4463.7,NONE,TRACKING
"26 Jun 2026  18:45:38",19961.8,GOOD,5.99,98.4,4463.3,NONE,TRACKING
"26 Jun 2026  18:46:08",19961.0,GOOD,5.99,98.4,4462.5,NONE,TRACKING
"26 Jun 2026  18:46:38",19960.0,GOOD,5.99,98.4,4461.5,NONE,TRACKING
"26 Jun 2026  18:47:08",19959.0,GOOD,5.99,98.4,4460.5,NONE,TRACKING
"26 Jun 2026  18:47:38",19956.9,GOOD,5.99,98.3,4458.4,NONE,TRACKING
"26 Jun 2026  18:48:08",19956.7,GOOD,5.99,98.3,4458.2,NONE,TRACKING
"26 Jun 2026  18:48:38",19956.8,GOOD,5.99,98.3,4458.3,NONE,TRACKING
"26 Jun 2026  18:49:08",19955.8,GOOD,5.99,98.3,4457.3,NONE,TRACKING
"26 Jun 2026  18:49:38",19955.2,GOOD,5.99,98.3,4456.7,NONE,TRACKING
"26 Jun 2026  18:50:08",19954.7,GOOD,5.99,98.3,4456.2,NONE,TRACKING
"26 Jun 2026  18:50:39",19954.4,GOOD,5.99,98.3,4455.9,NONE,TRACKING
"26 Jun 2026  18:51:09",19954.0,GOOD,5.99,98.2,4455.5,NONE,TRACKING
"26 Jun 2026  18:51:39",19954.8,GOOD,5.99,98.3,4456.3,NONE,TRACKING
"26 Jun 2026  18:52:09",19952.7,GOOD,5.99,98.2,4454.2,NONE,TRACKING
"26 Jun 2026  18:52:39",19952.2,GOOD,5.99,98.2,4453.7,NONE,TRACKING
"26 Jun 2026  18:53:09",19951.9,GOOD,5.99,98.2,4453.4,NONE,TRACKING
"26 Jun 2026  18:53:39",19951.0,GOOD,5.99,98.2,4452.5,NONE,TRACKING
"26 Jun 2026  18:54:09",19951.1,GOOD,5.99,98.2,4452.6,NONE,TRACKING
"26 Jun 2026  18:54:39",19950.5,GOOD,5.99,98.2,4452.0,NONE,TRACKING
"26 Jun 2026  18:55:09",19950.3,GOOD,5.99,98.2,4451.8,NONE,TRACKING
"26 Jun 2026  18:55:39",19949.6,GOOD,5.99,98.1,4451.1,NONE,TRACKING
"26 Jun 2026  18:56:09",19949.0,GOOD,5.99,98.1,4450.5,NONE,TRACKING
"26 Jun 2026  18:56:39",19948.1,GOOD,5.99,98.1,4449.6,NONE,TRACKING
"26 Jun 2026  18:57:09",19948.5,GOOD,5.99,98.1,4450.0,NONE,TRACKING
"26 Jun 2026  18:57:39",19947.5,GOOD,5.99,98.1,4449.0,NONE,TRACKING
"26 Jun 2026  18:58:09",19947.9,GOOD,5.99,98.1,4449.4,NONE,TRACKING
"26 Jun 2026  18:58:39",19948.1,GOOD,5.99,98.1,4449.6,NONE,TRACKING
"26 Jun 2026  18:59:09",19947.4,GOOD,5.99,98.1,4448.9,NONE,TRACKING
"26 Jun 2026  18:59:39",19947.8,GOOD,5.99,98.1,4449.3,NONE,TRACKING
"26 Jun 2026  19:00:09",19946.9,GOOD,5.99,98.1,4448.4,NONE,TRACKING
"26 Jun 2026  19:00:39",19946.3,GOOD,5.99,98.1,4447.8,NONE,TRACKING
"26 Jun 2026  19:01:09",19946.6,GOOD,5.99,98.1,4448.1,NONE,TRACKING
"26 Jun 2026  19:01:39",19946.2,GOOD,5.99,98.1,4447.7,NONE,TRACKING
"26 Jun 2026  19:02:09",19944.5,GOOD,5.99,98.0,4446.0,NONE,TRACKING
"26 Jun 2026  19:02:39",19944.9,GOOD,5.99,98.0,4446.4,NONE,TRACKING
"26 Jun 2026  19:03:09",19944.3,GOOD,5.99,98.0,4445.8,NONE,TRACKING
"26 Jun 2026  19:03:39",19943.6,GOOD,5.99,98.0,4445.1,NONE,TRACKING
"26 Jun 2026  19:04:09",19941.3,GOOD,5.99,98.0,4442.8,NONE,TRACKING
"26 Jun 2026  19:04:39",19941.0,GOOD,5.99,98.0,4442.5,NONE,TRACKING
"26 Jun 2026  19:05:09",19940.9,GOOD,5.99,98.0,4442.4,NONE,TRACKING
"26 Jun 2026  19:05:39",19940.6,GOOD,5.99,98.0,4442.1,NONE,TRACKING
"26 Jun 2026  19:06:09",19940.2,GOOD,5.99,97.9,4441.7,NONE,TRACKING
"26 Jun 2026  19:06:39",19940.1,GOOD,5.99,97.9,4441.6,NONE,TRACKING
"26 Jun 2026  19:07:09",19940.1,GOOD,5.99,97.9,4441.6,NONE,TRACKING
"26 Jun 2026  19:07:39",19939.6,GOOD,5.99,97.9,4441.1,NONE,TRACKING
"26 Jun 2026  19:08:09",19938.8,GOOD,5.99,97.9,4440.3,NONE,TRACKING
"26 Jun 2026  19:08:39",19938.5,GOOD,5.99,97.9,4440.0,NONE,TRACKING
"26 Jun 2026  19:09:09",19939.2,GOOD,5.99,97.9,4440.7,NONE,TRACKING
"26 Jun 2026  19:09:39",19939.9,GOOD,5.99,97.9,4441.4,NONE,TRACKING
"26 Jun 2026  19:10:09",19939.4,GOOD,5.99,97.9,4440.9,NONE,TRACKING
"26 Jun 2026  19:10:39",19940.9,GOOD,5.99,98.0,4442.4,NONE,TRACKING
"26 Jun 2026  19:11:09",19939.3,GOOD,5.99,97.9,4440.8,NONE,TRACKING
"26 Jun 2026  19:11:39",19939.8,GOOD,5.99,97.9,4441.3,NONE,TRACKING
"26 Jun 2026  19:12:09",19939.9,GOOD,5.99,97.9,4441.4,NONE,TRACKING
"26 Jun 2026  19:12:39",19940.8,GOOD,5.99,98.0,4442.3,NONE,TRACKING
"26 Jun 2026  19:13:09",19940.7,GOOD,5.99,98.0,4442.2,NONE,TRACKING
"26 Jun 2026  19:13:39",19939.2,GOOD,5.99,97.9,4440.7,NONE,TRACKING
"26 Jun 2026  19:14:09",19938.2,GOOD,5.99,97.9,4439.7,NONE,TRACKING
"26 Jun 2026  19:14:39",19939.6,GOOD,5.99,97.9,4441.1,NONE,TRACKING
"26 Jun 2026  19:15:09",19938.0,GOOD,5.99,97.9,4439.5,NONE,TRACKING
"26 Jun 2026  19:15:39",19936.9,GOOD,5.99,97.9,4438.4,NONE,TRACKING
"26 Jun 2026  19:16:09",19936.2,GOOD,5.99,97.9,4437.7,NONE,TRACKING
"26 Jun 2026  19:16:39",19936.8,GOOD,5.99,97.9,4438.3,NONE,TRACKING
"26 Jun 2026  19:17:09",19937.3,GOOD,5.99,97.9,4438.8,NONE,TRACKING
"26 Jun 2026  19:17:39",19937.7,GOOD,5.99,97.9,4439.2,NONE,TRACKING
"26 Jun 2026  19:18:09",19938.2,GOOD,5.99,97.9,4439.7,NONE,TRACKING
"26 Jun 2026  19:18:39",19938.4,GOOD,5.99,97.9,4439.9,NONE,TRACKING
"26 Jun 2026  19:19:09",19937.6,GOOD,5.99,97.9,4439.1,NONE,TRACKING
"26 Jun 2026  19:19:39",19936.1,GOOD,5.99,97.9,4437.6,NONE,TRACKING
"26 Jun 2026  19:20:09",19935.3,GOOD,5.99,97.8,4436.8,NONE,TRACKING
"26 Jun 2026  19:20:39",19934.9,GOOD,5.99,97.8,4436.4,NONE,TRACKING
"26 Jun 2026  19:21:09",19932.9,GOOD,5.99,97.8,4434.4,NONE,TRACKING
"26 Jun 2026  19:21:39",19931.8,GOOD,5.99,97.8,4433.3,NONE,TRACKING
"26 Jun 2026  19:22:09",19933.0,GOOD,5.99,97.8,4434.5,NONE,TRACKING
"26 Jun 2026  19:22:39",19931.7,GOOD,5.99,97.8,4433.2,NONE,TRACKING
"26 Jun 2026  19:23:09",19930.6,GOOD,5.99,97.7,4432.1,NONE,TRACKING
"26 Jun 2026  19:23:39",19931.9,GOOD,5.99,97.8,4433.4,NONE,TRACKING
"26 Jun 2026  19:24:09",19931.9,GOOD,5.99,97.8,4433.4,NONE,TRACKING
"26 Jun 2026  19:24:39",19932.7,GOOD,5.99,97.8,4434.2,NONE,TRACKING
"26 Jun 2026  19:25:09",19932.8,GOOD,5.99,97.8,4434.3,NONE,TRACKING
"26 Jun 2026  19:25:39",19933.2,GOOD,5.99,97.8,4434.7,NONE,TRACKING
"26 Jun 2026  19:26:09",19933.6,GOOD,5.99,97.8,4435.1,NONE,TRACKING
"26 Jun 2026  19:26:39",19933.4,GOOD,5.99,97.8,4434.9,NONE,TRACKING
"26 Jun 2026  19:27:09",19933.7,GOOD,5.99,97.8,4435.2,NONE,TRACKING
"26 Jun 2026  19:27:39",19933.0,GOOD,5.99,97.8,4434.5,NONE,TRACKING
"26 Jun 2026  19:28:09",19932.3,GOOD,5.99,97.8,4433.8,NONE,TRACKING
"26 Jun 2026  19:28:39",19932.4,GOOD,5.99,97.8,4433.9,NONE,TRACKING
"26 Jun 2026  19:29:09",19932.6,GOOD,5.99,97.8,4434.1,NONE,TRACKING
"26 Jun 2026  19:29:39",19931.9,GOOD,5.99,97.8,4433.4,NONE,TRACKING
"26 Jun 2026  19:30:09",19931.5,GOOD,5.99,97.8,4433.0,NONE,TRACKING
"26 Jun 2026  19:30:39",19928.6,GOOD,5.99,97.7,4430.1,NONE,TRACKING
"26 Jun 2026  19:31:09",19931.1,GOOD,5.99,97.7,4432.6,NONE,TRACKING
"26 Jun 2026  19:31:40",19930.8,GOOD,5.99,97.7,4432.3,NONE,TRACKING
"26 Jun 2026  19:32:10",19930.9,GOOD,5.99,97.7,4432.4,NONE,TRACKING
"26 Jun 2026  19:32:40",19931.5,GOOD,5.99,97.8,4433.0,NONE,TRACKING
"26 Jun 2026  19:33:10",19931.0,GOOD,5.99,97.7,4432.5,NONE,TRACKING
"26 Jun 2026  19:33:40",19930.9,GOOD,5.99,97.7,4432.4,NONE,TRACKING
"26 Jun 2026  19:34:10",19930.7,GOOD,5.99,97.7,4432.2,NONE,TRACKING
"26 Jun 2026  19:34:40",19932.4,GOOD,5.99,97.8,4433.9,NONE,TRACKING
"26 Jun 2026  19:35:10",19932.3,GOOD,5.99,97.8,4433.8,NONE,TRACKING
"26 Jun 2026  19:35:40",19931.7,GOOD,5.99,97.8,4433.2,NONE,TRACKING
"26 Jun 2026  19:36:10",19931.7,GOOD,5.99,97.8,4433.2,NONE,TRACKING
"26 Jun 2026  19:36:40",19930.1,GOOD,5.99,97.7,4431.6,NONE,TRACKING
"26 Jun 2026  19:37:10",19930.4,GOOD,5.99,97.7,4431.9,NONE,TRACKING
"26 Jun 2026  19:37:40",19928.7,GOOD,5.99,97.7,4430.2,NONE,TRACKING
"26 Jun 2026  19:38:10",19927.9,GOOD,5.99,97.7,4429.4,NONE,TRACKING
"26 Jun 2026  19:38:40",19928.8,GOOD,5.99,97.7,4430.3,NONE,TRACKING
"26 Jun 2026  19:39:10",19930.2,GOOD,5.99,97.7,4431.7,NONE,TRACKING
"26 Jun 2026  19:39:40",19928.6,GOOD,5.99,97.7,4430.1,NONE,TRACKING
"26 Jun 2026  19:40:10",19930.0,GOOD,5.99,97.7,4431.5,NONE,TRACKING
"26 Jun 2026  19:40:40",19929.2,GOOD,5.99,97.7,4430.7,NONE,TRACKING
"26 Jun 2026  19:41:10",19929.0,GOOD,5.99,97.7,4430.5,NONE,TRACKING
"26 Jun 2026  19:41:40",19930.3,GOOD,5.99,97.7,4431.8,NONE,TRACKING
"26 Jun 2026  19:42:10",19929.8,GOOD,5.99,97.7,4431.3,NONE,TRACKING
"26 Jun 2026  19:42:40",19930.4,GOOD,5.99,97.7,4431.9,NONE,TRACKING
"26 Jun 2026  19:43:10",19929.8,GOOD,5.99,97.7,4431.3,NONE,TRACKING
"26 Jun 2026  19:43:40",19929.8,GOOD,5.99,97.7,4431.3,NONE,TRACKING
"26 Jun 2026  19:44:10",19929.8,GOOD,5.99,97.7,4431.3,NONE,TRACKING
"26 Jun 2026  19:44:40",19929.1,GOOD,5.99,97.7,4430.6,NONE,TRACKING
"26 Jun 2026  19:45:10",19930.0,GOOD,5.99,97.7,4431.5,NONE,TRACKING
"26 Jun 2026  19:45:40",19930.6,GOOD,5.99,97.7,4432.1,NONE,TRACKING
"26 Jun 2026  19:46:10",19929.1,GOOD,5.99,97.7,4430.6,NONE,TRACKING
"26 Jun 2026  19:46:40",19930.7,GOOD,5.99,97.7,4432.2,NONE,TRACKING
"26 Jun 2026  19:47:10",19929.7,GOOD,5.99,97.7,4431.2,NONE,TRACKING
"26 Jun 2026  19:47:40",19930.5,GOOD,5.99,97.7,4432.0,NONE,TRACKING
"26 Jun 2026  19:48:10",19929.9,GOOD,5.99,97.7,4431.4,NONE,TRACKING
"26 Jun 2026  19:48:40",19930.5,GOOD,5.99,97.7,4432.0,NONE,TRACKING
"26 Jun 2026  19:49:10",19930.7,GOOD,5.99,97.7,4432.2,NONE,TRACKING
"26 Jun 2026  19:49:40",19930.6,GOOD,5.99,97.7,4432.1,NONE,TRACKING
"26 Jun 2026  19:50:10",19930.5,GOOD,5.99,97.7,4432.0,NONE,TRACKING
"26 Jun 2026  19:50:40",19930.9,GOOD,5.99,97.7,4432.4,NONE,TRACKING
"26 Jun 2026  19:51:10",19931.2,GOOD,5.99,97.7,4432.7,NONE,TRACKING
"26 Jun 2026  19:51:40",19930.2,GOOD,5.99,97.7,4431.7,NONE,TRACKING
"26 Jun 2026  19:52:10",19930.7,GOOD,5.99,97.7,4432.2,NONE,TRACKING
"26 Jun 2026  19:52:40",19931.3,GOOD,5.99,97.7,4432.8,NONE,TRACKING
"26 Jun 2026  19:53:10",19930.9,GOOD,5.99,97.7,4432.4,NONE,TRACKING
"26 Jun 2026  19:53:40",19930.1,GOOD,5.99,97.7,4431.6,NONE,TRACKING
"26 Jun 2026  19:54:10",19927.5,GOOD,5.99,97.7,4429.0,NONE,TRACKING
"26 Jun 2026  19:54:40",19926.3,GOOD,5.99,97.6,4427.8,NONE,TRACKING
"26 Jun 2026  19:55:10",19927.5,GOOD,5.99,97.7,4429.0,NONE,TRACKING
"26 Jun 2026  19:55:40",19928.7,GOOD,5.99,97.7,4430.2,NONE,TRACKING
"26 Jun 2026  19:56:11",19928.0,GOOD,5.99,97.7,4429.5,NONE,TRACKING
"26 Jun 2026  19:56:41",19926.7,GOOD,5.99,97.6,4428.2,NONE,TRACKING
"26 Jun 2026  19:57:11",19928.0,GOOD,5.99,97.7,4429.5,NONE,TRACKING
"26 Jun 2026  19:57:41",19930.0,GOOD,5.99,97.7,4431.5,NONE,TRACKING
"26 Jun 2026  19:58:11",19928.3,GOOD,5.99,97.7,4429.8,NONE,TRACKING
"26 Jun 2026  19:58:41",19928.5,GOOD,5.99,97.7,4430.0,NONE,TRACKING
"26 Jun 2026  19:59:11",19929.4,GOOD,5.99,97.7,4430.9,NONE,TRACKING
"26 Jun 2026  19:59:41",19928.6,GOOD,5.99,97.7,4430.1,NONE,TRACKING
"26 Jun 2026  20:00:11",19929.1,GOOD,5.99,97.7,4430.6,NONE,TRACKING
"26 Jun 2026  20:00:41",19928.4,GOOD,5.99,97.7,4429.9,NONE,TRACKING
"26 Jun 2026  20:01:11",19927.7,GOOD,5.99,97.7,4429.2,NONE,TRACKING
"26 Jun 2026  20:01:41",19928.3,GOOD,5.99,97.7,4429.8,NONE,TRACKING
"26 Jun 2026  20:02:11",19928.2,GOOD,5.99,97.7,4429.7,NONE,TRACKING
"26 Jun 2026  20:02:41",19928.8,GOOD,5.99,97.7,4430.3,NONE,TRACKING
"26 Jun 2026  20:03:11",19928.9,GOOD,5.99,97.7,4430.4,NONE,TRACKING
"26 Jun 2026  20:03:41",19928.6,GOOD,5.99,97.7,4430.1,NONE,TRACKING
"26 Jun 2026  20:04:11",19928.7,GOOD,5.99,97.7,4430.2,NONE,TRACKING
"26 Jun 2026  20:04:41",19927.5,GOOD,5.99,97.7,4429.0,NONE,TRACKING
"26 Jun 2026  20:05:11",19928.5,GOOD,5.99,97.7,4430.0,NONE,TRACKING
"26 Jun 2026  20:05:41",19926.8,GOOD,5.99,97.6,4428.3,NONE,TRACKING
"26 Jun 2026  20:06:11",19928.0,GOOD,5.99,97.7,4429.5,NONE,TRACKING
"26 Jun 2026  20:06:41",19928.8,GOOD,5.99,97.7,4430.3,NONE,TRACKING
"26 Jun 2026  20:07:11",19928.5,GOOD,5.99,97.7,4430.0,NONE,TRACKING
"26 Jun 2026  20:07:41",19928.5,GOOD,5.99,97.7,4430.0,NONE,TRACKING
"26 Jun 2026  20:08:11",19927.3,GOOD,5.99,97.7,4428.8,NONE,TRACKING
"26 Jun 2026  20:08:41",19928.6,GOOD,5.99,97.7,4430.1,NONE,TRACKING
"26 Jun 2026  20:09:11",19929.4,GOOD,5.99,97.7,4430.9,NONE,TRACKING
"26 Jun 2026  20:09:41",19928.7,GOOD,5.99,97.7,4430.2,NONE,TRACKING
"26 Jun 2026  20:10:11",19928.6,GOOD,5.99,97.7,4430.1,NONE,TRACKING
"26 Jun 2026  20:10:41",19929.2,GOOD,5.99,97.7,4430.7,NONE,TRACKING
"26 Jun 2026  20:11:11",19928.1,GOOD,5.99,97.7,4429.6,NONE,TRACKING
"26 Jun 2026  20:11:41",19927.1,GOOD,5.99,97.7,4428.6,NONE,TRACKING
"26 Jun 2026  20:12:11",19928.1,GOOD,5.99,97.7,4429.6,NONE,TRACKING
"26 Jun 2026  20:12:41",19927.7,GOOD,5.99,97.7,4429.2,NONE,TRACKING
"26 Jun 2026  20:13:11",19928.8,GOOD,5.99,97.7,4430.3,NONE,TRACKING
"26 Jun 2026  20:13:41",19930.1,GOOD,5.99,97.7,4431.6,NONE,TRACKING
"26 Jun 2026  20:14:11",19927.9,GOOD,5.99,97.7,4429.4,NONE,TRACKING
"26 Jun 2026  20:14:41",19927.3,GOOD,5.99,97.7,4428.8,NONE,TRACKING
"26 Jun 2026  20:15:11",19928.0,GOOD,5.99,97.7,4429.5,NONE,TRACKING
"26 Jun 2026  20:15:41",19928.9,GOOD,5.99,97.7,4430.4,NONE,TRACKING
"26 Jun 2026  20:16:11",19927.4,GOOD,5.99,97.7,4428.9,NONE,TRACKING
"26 Jun 2026  20:16:41",19928.2,GOOD,5.99,97.7,4429.7,NONE,TRACKING
"26 Jun 2026  20:17:11",19928.9,GOOD,5.99,97.7,4430.4,NONE,TRACKING
"26 Jun 2026  20:17:41",19929.1,GOOD,5.99,97.7,4430.6,NONE,TRACKING
"26 Jun 2026  20:18:11",19928.9,GOOD,5.99,97.7,4430.4,NONE,TRACKING
"26 Jun 2026  20:18:41",19928.8,GOOD,5.99,97.7,4430.3,NONE,TRACKING
"26 Jun 2026  20:19:11",19929.9,GOOD,5.99,97.7,4431.4,NONE,TRACKING
"26 Jun 2026  20:19:41",19929.5,GOOD,5.99,97.7,4431.0,NONE,TRACKING
"26 Jun 2026  20:20:11",19927.7,GOOD,5.99,97.7,4429.2,NONE,TRACKING
"26 Jun 2026  20:20:42",19928.7,GOOD,5.99,97.7,4430.2,NONE,TRACKING
"26 Jun 2026  20:21:12",19928.7,GOOD,5.99,97.7,4430.2,NONE,TRACKING
"26 Jun 2026  20:21:42",19928.9,GOOD,5.99,97.7,4430.4,NONE,TRACKING
"26 Jun 2026  20:22:12",19928.1,GOOD,5.99,97.7,4429.6,NONE,TRACKING
"26 Jun 2026  20:22:42",19927.6,GOOD,5.99,97.7,4429.1,NONE,TRACKING
"26 Jun 2026  20:23:12",19928.6,GOOD,5.99,97.7,4430.1,NONE,TRACKING
"26 Jun 2026  20:23:42",19928.4,GOOD,5.99,97.7,4429.9,NONE,TRACKING
"26 Jun 2026  20:24:12",19928.6,GOOD,5.99,97.7,4430.1,NONE,TRACKING
"26 Jun 2026  20:24:42",19928.0,GOOD,5.99,97.7,4429.5,NONE,TRACKING
"26 Jun 2026  20:25:12",19929.3,GOOD,5.99,97.7,4430.8,NONE,TRACKING
"26 Jun 2026  20:25:42",19929.3,GOOD,5.99,97.7,4430.8,NONE,TRACKING
"26 Jun 2026  20:26:12",19928.6,GOOD,5.99,97.7,4430.1,NONE,TRACKING
"26 Jun 2026  20:26:42",19929.0,GOOD,5.99,97.7,4430.5,NONE,TRACKING
"26 Jun 2026  20:27:12",19929.6,GOOD,5.99,97.7,4431.1,NONE,TRACKING
"26 Jun 2026  20:27:42",19928.9,GOOD,5.99,97.7,4430.4,NONE,TRACKING
"26 Jun 2026  20:28:12",19928.9,GOOD,5.99,97.7,4430.4,NONE,TRACKING
"26 Jun 2026  20:28:42",19928.1,GOOD,5.99,97.7,4429.6,NONE,TRACKING
"26 Jun 2026  20:29:12",19928.9,GOOD,5.99,97.7,4430.4,NONE,TRACKING
"26 Jun 2026  20:29:42",19929.1,GOOD,5.99,97.7,4430.6,NONE,TRACKING
"26 Jun 2026  20:30:12",19929.2,GOOD,5.99,97.7,4430.7,NONE,TRACKING
"26 Jun 2026  20:30:42",19928.2,GOOD,5.99,97.7,4429.7,NONE,TRACKING
"26 Jun 2026  20:31:12",19930.0,GOOD,5.99,97.7,4431.5,NONE,TRACKING
"26 Jun 2026  20:31:42",19931.1,GOOD,5.99,97.7,4432.6,NONE,TRACKING
"26 Jun 2026  20:32:12",19928.5,GOOD,5.99,97.7,4430.0,NONE,TRACKING
"26 Jun 2026  20:32:42",19926.5,GOOD,5.99,97.6,4428.0,NONE,TRACKING
"26 Jun 2026  20:33:12",19928.3,GOOD,5.99,97.7,4429.8,NONE,TRACKING
"26 Jun 2026  20:33:42",19928.1,GOOD,5.99,97.7,4429.6,NONE,TRACKING
"26 Jun 2026  20:34:12",19927.8,GOOD,5.99,97.7,4429.3,NONE,TRACKING
"26 Jun 2026  20:34:42",19926.6,GOOD,5.99,97.6,4428.1,NONE,TRACKING
"26 Jun 2026  20:35:12",19927.9,GOOD,5.99,97.7,4429.4,NONE,TRACKING
"26 Jun 2026  20:35:42",19928.7,GOOD,5.99,97.7,4430.2,NONE,TRACKING
"26 Jun 2026  20:36:12",19927.4,GOOD,5.99,97.7,4428.9,NONE,TRACKING
"26 Jun 2026  20:36:42",19928.4,GOOD,5.99,97.7,4429.9,NONE,TRACKING
"26 Jun 2026  20:37:12",19929.2,GOOD,5.99,97.7,4430.7,NONE,TRACKING
"26 Jun 2026  20:37:42",19928.9,GOOD,5.99,97.7,4430.4,NONE,TRACKING
"26 Jun 2026  20:38:12",19928.6,GOOD,5.99,97.7,4430.1,NONE,TRACKING
"26 Jun 2026  20:38:42",19929.0,GOOD,5.99,97.7,4430.5,NONE,TRACKING
"26 Jun 2026  20:39:12",19930.3,GOOD,5.99,97.7,4431.8,NONE,TRACKING
"26 Jun 2026  20:39:42",19929.6,GOOD,5.99,97.7,4431.1,NONE,TRACKING
"26 Jun 2026  20:40:12",19929.6,GOOD,5.99,97.7,4431.1,NONE,TRACKING
"26 Jun 2026  20:40:42",19928.8,GOOD,5.99,97.7,4430.3,NONE,TRACKING
"26 Jun 2026  20:41:12",19929.0,GOOD,5.99,97.7,4430.5,NONE,TRACKING
"26 Jun 2026  20:41:42",19929.2,GOOD,5.99,97.7,4430.7,NONE,TRACKING
"26 Jun 2026  20:42:12",19928.6,GOOD,5.99,97.7,4430.1,NONE,TRACKING
"26 Jun 2026  20:42:42",19931.0,GOOD,5.99,97.7,4432.5,NONE,TRACKING
"26 Jun 2026  20:43:12",19929.8,GOOD,5.99,97.7,4431.3,NONE,TRACKING
"26 Jun 2026  20:43:42",19928.9,GOOD,5.99,97.7,4430.4,NONE,TRACKING
"26 Jun 2026  20:44:12",19929.9,GOOD,5.99,97.7,4431.4,NONE,TRACKING
"26 Jun 2026  20:44:43",19929.3,GOOD,5.99,97.7,4430.8,NONE,TRACKING
"26 Jun 2026  20:45:13",19927.2,GOOD,5.99,97.7,4428.7,NONE,TRACKING
"26 Jun 2026  20:45:43",19928.4,GOOD,5.99,97.7,4429.9,NONE,TRACKING
"26 Jun 2026  20:46:13",19927.9,GOOD,5.99,97.7,4429.4,NONE,TRACKING
"26 Jun 2026  20:46:43",19928.4,GOOD,5.99,97.7,4429.9,NONE,TRACKING
"26 Jun 2026  20:47:13",19929.5,GOOD,5.99,97.7,4431.0,NONE,TRACKING
"26 Jun 2026  20:47:43",19928.5,GOOD,5.99,97.7,4430.0,NONE,TRACKING
"26 Jun 2026  20:48:13",19928.1,GOOD,5.99,97.7,4429.6,NONE,TRACKING
"26 Jun 2026  20:48:43",19928.4,GOOD,5.99,97.7,4429.9,NONE,TRACKING
"26 Jun 2026  20:49:13",19929.8,GOOD,5.99,97.7,4431.3,NONE,TRACKING
"26 Jun 2026  20:49:43",19930.9,GOOD,5.99,97.7,4432.4,NONE,TRACKING
"26 Jun 2026  20:50:13",19931.6,GOOD,5.99,97.8,4433.1,NONE,TRACKING
"26 Jun 2026  20:50:43",19930.9,GOOD,5.99,97.7,4432.4,NONE,TRACKING
"26 Jun 2026  20:51:13",19930.7,GOOD,5.99,97.7,4432.2,NONE,TRACKING
"26 Jun 2026  20:51:43",19929.3,GOOD,5.99,97.7,4430.8,NONE,TRACKING
"26 Jun 2026  20:52:13",19930.7,GOOD,5.99,97.7,4432.2,NONE,TRACKING
"26 Jun 2026  20:52:43",19931.0,GOOD,5.99,97.7,4432.5,NONE,TRACKING
"26 Jun 2026  20:53:13",19931.6,GOOD,5.99,97.8,4433.1,NONE,TRACKING
"26 Jun 2026  20:53:43",19932.2,GOOD,5.99,97.8,4433.7,NONE,TRACKING
"26 Jun 2026  20:54:13",19932.2,GOOD,5.99,97.8,4433.7,NONE,TRACKING
"26 Jun 2026  20:54:43",19932.1,GOOD,5.99,97.8,4433.6,NONE,TRACKING
"26 Jun 2026  20:55:13",19932.7,GOOD,5.99,97.8,4434.2,NONE,TRACKING
"26 Jun 2026  20:55:43",19932.5,GOOD,5.99,97.8,4434.0,NONE,TRACKING
"26 Jun 2026  20:56:13",19931.3,GOOD,5.99,97.7,4432.8,NONE,TRACKING
"26 Jun 2026  20:56:43",19933.0,GOOD,5.99,97.8,4434.5,NONE,TRACKING
"26 Jun 2026  20:57:13",19932.9,GOOD,5.99,97.8,4434.4,NONE,TRACKING
"26 Jun 2026  20:57:43",19933.3,GOOD,5.99,97.8,4434.8,NONE,TRACKING
"26 Jun 2026  20:58:13",19932.8,GOOD,5.99,97.8,4434.3,NONE,TRACKING
"26 Jun 2026  20:58:43",19931.2,GOOD,5.99,97.7,4432.7,NONE,TRACKING
"26 Jun 2026  20:59:13",19930.6,GOOD,5.99,97.7,4432.1,NONE,TRACKING
"26 Jun 2026  20:59:43",19932.4,GOOD,5.99,97.8,4433.9,NONE,TRACKING
"26 Jun 2026  21:00:13",19933.1,GOOD,5.99,97.8,4434.6,NONE,TRACKING
"26 Jun 2026  21:00:43",19932.9,GOOD,5.99,97.8,4434.4,NONE,TRACKING
"26 Jun 2026  21:01:13",19932.8,GOOD,5.99,97.8,4434.3,NONE,TRACKING
"26 Jun 2026  21:01:43",19932.5,GOOD,5.99,97.8,4434.0,NONE,TRACKING
"26 Jun 2026  21:02:13",19932.5,GOOD,5.99,97.8,4434.0,NONE,TRACKING
"26 Jun 2026  21:02:43",19931.8,GOOD,5.99,97.8,4433.3,NONE,TRACKING
"26 Jun 2026  21:03:13",19932.4,GOOD,5.99,97.8,4433.9,NONE,TRACKING
"26 Jun 2026  21:03:43",19929.9,GOOD,5.99,97.7,4431.4,NONE,TRACKING
"26 Jun 2026  21:04:13",19929.4,GOOD,5.99,97.7,4430.9,NONE,TRACKING
"26 Jun 2026  21:04:43",19930.1,GOOD,5.99,97.7,4431.6,NONE,TRACKING
"26 Jun 2026  21:05:13",19930.7,GOOD,5.99,97.7,4432.2,NONE,TRACKING
"26 Jun 2026  21:05:43",19930.8,GOOD,5.99,97.7,4432.3,NONE,TRACKING
"26 Jun 2026  21:06:13",19932.9,GOOD,5.99,97.8,4434.4,NONE,TRACKING
"26 Jun 2026  21:06:43",19932.9,GOOD,5.99,97.8,4434.4,NONE,TRACKING
"26 Jun 2026  21:07:13",19932.4,GOOD,5.99,97.8,4433.9,NONE,TRACKING
"26 Jun 2026  21:07:43",19931.8,GOOD,5.99,97.8,4433.3,NONE,TRACKING
"26 Jun 2026  21:08:13",19932.5,GOOD,5.99,97.8,4434.0,NONE,TRACKING
"26 Jun 2026  21:08:43",19934.0,GOOD,5.99,97.8,4435.5,NONE,TRACKING
"26 Jun 2026  21:09:14",19933.9,GOOD,5.99,97.8,4435.4,NONE,TRACKING
"26 Jun 2026  21:09:44",19933.3,GOOD,5.99,97.8,4434.8,NONE,TRACKING
"26 Jun 2026  21:10:14",19932.3,GOOD,5.99,97.8,4433.8,NONE,TRACKING
"26 Jun 2026  21:10:44",19933.5,GOOD,5.99,97.8,4435.0,NONE,TRACKING
"26 Jun 2026  21:11:14",19933.7,GOOD,5.99,97.8,4435.2,NONE,TRACKING
"26 Jun 2026  21:11:44",19934.4,GOOD,5.99,97.8,4435.9,NONE,TRACKING
"26 Jun 2026  21:12:14",19933.6,GOOD,5.99,97.8,4435.1,NONE,TRACKING
"26 Jun 2026  21:12:44",19933.2,GOOD,5.99,97.8,4434.7,NONE,TRACKING
"26 Jun 2026  21:13:14",19933.2,GOOD,5.99,97.8,4434.7,NONE,TRACKING
"26 Jun 2026  21:13:44",19934.2,GOOD,5.99,97.8,4435.7,NONE,TRACKING
"26 Jun 2026  21:14:14",19934.3,GOOD,5.99,97.8,4435.8,NONE,TRACKING
"26 Jun 2026  21:14:44",19934.8,GOOD,5.99,97.8,4436.3,NONE,TRACKING
"26 Jun 2026  21:15:14",19934.6,GOOD,5.99,97.8,4436.1,NONE,TRACKING
"26 Jun 2026  21:15:44",19933.2,GOOD,5.99,97.8,4434.7,NONE,TRACKING
"26 Jun 2026  21:16:14",19934.1,GOOD,5.99,97.8,4435.6,NONE,TRACKING
"26 Jun 2026  21:16:44",19934.4,GOOD,5.99,97.8,4435.9,NONE,TRACKING
"26 Jun 2026  21:17:14",19934.6,GOOD,5.99,97.8,4436.1,NONE,TRACKING
"26 Jun 2026  21:17:44",19934.6,GOOD,5.99,97.8,4436.1,NONE,TRACKING
"26 Jun 2026  21:18:14",19934.1,GOOD,5.99,97.8,4435.6,NONE,TRACKING
"26 Jun 2026  21:18:44",19935.5,GOOD,5.99,97.8,4437.0,NONE,TRACKING
"26 Jun 2026  21:19:14",19935.3,GOOD,5.99,97.8,4436.8,NONE,TRACKING
"26 Jun 2026  21:19:44",19935.6,GOOD,5.99,97.8,4437.1,NONE,TRACKING
"26 Jun 2026  21:20:14",19935.6,GOOD,5.99,97.8,4437.1,NONE,TRACKING
"26 Jun 2026  21:20:44",19933.3,GOOD,5.99,97.8,4434.8,NONE,TRACKING
"26 Jun 2026  21:21:14",19933.2,GOOD,5.99,97.8,4434.7,NONE,TRACKING
"26 Jun 2026  21:21:44",19933.3,GOOD,5.99,97.8,4434.8,NONE,TRACKING
"26 Jun 2026  21:22:14",19934.4,GOOD,5.99,97.8,4435.9,NONE,TRACKING
"26 Jun 2026  21:22:44",19934.4,GOOD,5.99,97.8,4435.9,NONE,TRACKING
"26 Jun 2026  21:23:14",19933.3,GOOD,5.99,97.8,4434.8,NONE,TRACKING
"26 Jun 2026  21:23:44",19932.5,GOOD,5.99,97.8,4434.0,NONE,TRACKING
"26 Jun 2026  21:24:14",19933.4,GOOD,5.99,97.8,4434.9,NONE,TRACKING
"26 Jun 2026  21:24:44",19933.2,GOOD,5.99,97.8,4434.7,NONE,TRACKING
"26 Jun 2026  21:25:14",19933.6,GOOD,5.99,97.8,4435.1,NONE,TRACKING
"26 Jun 2026  21:25:44",19934.4,GOOD,5.99,97.8,4435.9,NONE,TRACKING
"26 Jun 2026  21:26:14",19934.6,GOOD,5.99,97.8,4436.1,NONE,TRACKING
"26 Jun 2026  21:26:44",19934.7,GOOD,5.99,97.8,4436.2,NONE,TRACKING
"26 Jun 2026  21:27:14",19936.0,GOOD,5.99,97.9,4437.5,NONE,TRACKING
"26 Jun 2026  21:27:44",19934.9,GOOD,5.99,97.8,4436.4,NONE,TRACKING
"26 Jun 2026  21:28:14",19934.4,GOOD,5.99,97.8,4435.9,NONE,TRACKING
"26 Jun 2026  21:28:44",19935.6,GOOD,5.99,97.8,4437.1,NONE,TRACKING
"26 Jun 2026  21:29:14",19935.9,GOOD,5.99,97.8,4437.4,NONE,TRACKING
"26 Jun 2026  21:29:44",19936.3,GOOD,5.99,97.9,4437.8,NONE,TRACKING
"26 Jun 2026  21:30:14",19936.1,GOOD,5.99,97.9,4437.6,NONE,TRACKING
"26 Jun 2026  21:30:44",19935.8,GOOD,5.99,97.8,4437.3,NONE,TRACKING
"26 Jun 2026  21:31:14",19936.0,GOOD,5.99,97.9,4437.5,NONE,TRACKING
"26 Jun 2026  21:31:44",19935.3,GOOD,5.99,97.8,4436.8,NONE,TRACKING
"26 Jun 2026  21:32:14",19935.5,GOOD,5.99,97.8,4437.0,NONE,TRACKING
"26 Jun 2026  21:32:44",19935.8,GOOD,5.99,97.8,4437.3,NONE,TRACKING
"26 Jun 2026  21:33:15",19936.3,GOOD,5.99,97.9,4437.8,NONE,TRACKING
"26 Jun 2026  21:33:45",19935.6,GOOD,5.99,97.8,4437.1,NONE,TRACKING
"26 Jun 2026  21:34:15",19935.6,GOOD,5.99,97.8,4437.1,NONE,TRACKING
"26 Jun 2026  21:34:45",19936.3,GOOD,5.99,97.9,4437.8,NONE,TRACKING
"26 Jun 2026  21:35:15",19936.3,GOOD,5.99,97.9,4437.8,NONE,TRACKING
"26 Jun 2026  21:35:45",19936.5,GOOD,5.99,97.9,4438.0,NONE,TRACKING
"26 Jun 2026  21:36:15",19935.0,GOOD,5.99,97.8,4436.5,NONE,TRACKING
"26 Jun 2026  21:36:45",19936.0,GOOD,5.99,97.9,4437.5,NONE,TRACKING
"26 Jun 2026  21:37:15",19935.2,GOOD,5.99,97.8,4436.7,NONE,TRACKING
"26 Jun 2026  21:37:45",19936.2,GOOD,5.99,97.9,4437.7,NONE,TRACKING
"26 Jun 2026  21:38:15",19934.8,GOOD,5.99,97.8,4436.3,NONE,TRACKING
"26 Jun 2026  21:38:45",19934.6,GOOD,5.99,97.8,4436.1,NONE,TRACKING
"26 Jun 2026  21:39:15",19936.1,GOOD,5.99,97.9,4437.6,NONE,TRACKING
"26 Jun 2026  21:39:45",19937.2,GOOD,5.99,97.9,4438.7,NONE,TRACKING
"26 Jun 2026  21:40:15",19935.7,GOOD,5.99,97.8,4437.2,NONE,TRACKING
"26 Jun 2026  21:40:45",19935.9,GOOD,5.99,97.8,4437.4,NONE,TRACKING
"26 Jun 2026  21:41:15",19936.9,GOOD,5.99,97.9,4438.4,NONE,TRACKING
"26 Jun 2026  21:41:45",19936.2,GOOD,5.99,97.9,4437.7,NONE,TRACKING
"26 Jun 2026  21:42:15",19936.7,GOOD,5.99,97.9,4438.2,NONE,TRACKING
"26 Jun 2026  21:42:45",19937.6,GOOD,5.99,97.9,4439.1,NONE,TRACKING
"26 Jun 2026  21:43:15",19937.4,GOOD,5.99,97.9,4438.9,NONE,TRACKING
"26 Jun 2026  21:43:45",19936.9,GOOD,5.99,97.9,4438.4,NONE,TRACKING
"26 Jun 2026  21:44:15",19936.7,GOOD,5.99,97.9,4438.2,NONE,TRACKING
"26 Jun 2026  21:44:45",19938.2,GOOD,5.99,97.9,4439.7,NONE,TRACKING
"26 Jun 2026  21:45:15",19938.1,GOOD,5.99,97.9,4439.6,NONE,TRACKING
"26 Jun 2026  21:45:45",19938.7,GOOD,5.99,97.9,4440.2,NONE,TRACKING
"26 Jun 2026  21:46:15",19937.6,GOOD,5.99,97.9,4439.1,NONE,TRACKING
"26 Jun 2026  21:46:45",19937.5,GOOD,5.99,97.9,4439.0,NONE,TRACKING
"26 Jun 2026  21:47:15",19937.9,GOOD,5.99,97.9,4439.4,NONE,TRACKING
"26 Jun 2026  21:47:45",19939.0,GOOD,5.99,97.9,4440.5,NONE,TRACKING
"26 Jun 2026  21:48:15",19938.4,GOOD,5.99,97.9,4439.9,NONE,TRACKING
"26 Jun 2026  21:48:45",19938.7,GOOD,5.99,97.9,4440.2,NONE,TRACKING
"26 Jun 2026  21:49:15",19938.9,GOOD,5.99,97.9,4440.4,NONE,TRACKING
"26 Jun 2026  21:49:45",19938.4,GOOD,5.99,97.9,4439.9,NONE,TRACKING
"26 Jun 2026  21:50:15",19937.7,GOOD,5.99,97.9,4439.2,NONE,TRACKING
"26 Jun 2026  21:50:45",19939.5,GOOD,5.99,97.9,4441.0,NONE,TRACKING
"26 Jun 2026  21:51:15",19938.4,GOOD,5.99,97.9,4439.9,NONE,TRACKING
"26 Jun 2026  21:51:45",19939.0,GOOD,5.99,97.9,4440.5,NONE,TRACKING
"26 Jun 2026  21:52:15",19939.5,GOOD,5.99,97.9,4441.0,NONE,TRACKING
"26 Jun 2026  21:52:45",19939.2,GOOD,5.99,97.9,4440.7,NONE,TRACKING
"26 Jun 2026  21:53:16",19939.2,GOOD,5.99,97.9,4440.7,NONE,TRACKING
"26 Jun 2026  21:53:46",19940.2,GOOD,5.99,97.9,4441.7,NONE,TRACKING
"26 Jun 2026  21:54:16",19939.9,GOOD,5.99,97.9,4441.4,NONE,TRACKING
"26 Jun 2026  21:54:46",19938.9,GOOD,5.99,97.9,4440.4,NONE,TRACKING
"26 Jun 2026  21:55:16",19937.8,GOOD,5.99,97.9,4439.3,NONE,TRACKING
"26 Jun 2026  21:55:46",19938.7,GOOD,5.99,97.9,4440.2,NONE,TRACKING
"26 Jun 2026  21:56:16",19939.5,GOOD,5.99,97.9,4441.0,NONE,TRACKING
"26 Jun 2026  21:56:46",19938.5,GOOD,5.99,97.9,4440.0,NONE,TRACKING
"26 Jun 2026  21:57:16",19938.4,GOOD,5.99,97.9,4439.9,NONE,TRACKING
"26 Jun 2026  21:57:46",19937.3,GOOD,5.99,97.9,4438.8,NONE,TRACKING
"26 Jun 2026  21:58:16",19937.5,GOOD,5.99,97.9,4439.0,NONE,TRACKING
"26 Jun 2026  21:58:46",19937.7,GOOD,5.99,97.9,4439.2,NONE,TRACKING
"26 Jun 2026  21:59:16",19938.5,GOOD,5.99,97.9,4440.0,NONE,TRACKING
"26 Jun 2026  21:59:46",19939.2,GOOD,5.99,97.9,4440.7,NONE,TRACKING
"26 Jun 2026  22:00:16",19938.8,GOOD,5.99,97.9,4440.3,NONE,TRACKING
"26 Jun 2026  22:00:46",19938.8,GOOD,5.99,97.9,4440.3,NONE,TRACKING
"26 Jun 2026  22:01:16",19938.6,GOOD,5.99,97.9,4440.1,NONE,TRACKING
"26 Jun 2026  22:01:46",19938.7,GOOD,5.99,97.9,4440.2,NONE,TRACKING
"26 Jun 2026  22:02:16",19938.6,GOOD,5.99,97.9,4440.1,NONE,TRACKING
"26 Jun 2026  22:02:46",19939.2,GOOD,5.99,97.9,4440.7,NONE,TRACKING
"26 Jun 2026  22:03:16",19939.8,GOOD,5.99,97.9,4441.3,NONE,TRACKING
"26 Jun 2026  22:03:46",19939.6,GOOD,5.99,97.9,4441.1,NONE,TRACKING
"26 Jun 2026  22:04:16",19940.3,GOOD,5.99,97.9,4441.8,NONE,TRACKING
"26 Jun 2026  22:04:46",19941.2,GOOD,5.99,98.0,4442.7,NONE,TRACKING
"26 Jun 2026  22:05:16",19939.5,GOOD,5.99,97.9,4441.0,NONE,TRACKING
"26 Jun 2026  22:05:46",19939.7,GOOD,5.99,97.9,4441.2,NONE,TRACKING
"26 Jun 2026  22:06:16",19939.4,GOOD,5.99,97.9,4440.9,NONE,TRACKING
"26 Jun 2026  22:06:46",19939.9,GOOD,5.99,97.9,4441.4,NONE,TRACKING
"26 Jun 2026  22:07:16",19940.5,GOOD,5.99,97.9,4442.0,NONE,TRACKING
"26 Jun 2026  22:07:46",19940.2,GOOD,5.99,97.9,4441.7,NONE,TRACKING
"26 Jun 2026  22:08:16",19940.6,GOOD,5.99,98.0,4442.1,NONE,TRACKING
"26 Jun 2026  22:08:46",19939.7,GOOD,5.99,97.9,4441.2,NONE,TRACKING
"26 Jun 2026  22:09:16",19940.7,GOOD,5.99,98.0,4442.2,NONE,TRACKING
"26 Jun 2026  22:09:46",19941.1,GOOD,5.99,98.0,4442.6,NONE,TRACKING
"26 Jun 2026  22:10:16",19941.7,GOOD,5.99,98.0,4443.2,NONE,TRACKING
"26 Jun 2026  22:10:46",19941.5,GOOD,5.99,98.0,4443.0,NONE,TRACKING
"26 Jun 2026  22:11:16",19941.6,GOOD,5.99,98.0,4443.1,NONE,TRACKING
"26 Jun 2026  22:11:46",19941.8,GOOD,5.99,98.0,4443.3,NONE,TRACKING
"26 Jun 2026  22:12:16",19940.9,GOOD,5.99,98.0,4442.4,NONE,TRACKING
"26 Jun 2026  22:12:46",19941.3,GOOD,5.99,98.0,4442.8,NONE,TRACKING
"26 Jun 2026  22:13:16",19942.9,GOOD,5.99,98.0,4444.4,NONE,TRACKING
"26 Jun 2026  22:13:46",19941.3,GOOD,5.99,98.0,4442.8,NONE,TRACKING
"26 Jun 2026  22:14:16",19941.7,GOOD,5.99,98.0,4443.2,NONE,TRACKING
"26 Jun 2026  22:14:47",19941.3,GOOD,5.99,98.0,4442.8,NONE,TRACKING
"26 Jun 2026  22:15:17",19941.8,GOOD,5.99,98.0,4443.3,NONE,TRACKING
"26 Jun 2026  22:15:47",19941.4,GOOD,5.99,98.0,4442.9,NONE,TRACKING
"26 Jun 2026  22:16:17",19941.8,GOOD,5.99,98.0,4443.3,NONE,TRACKING
"26 Jun 2026  22:16:47",19941.7,GOOD,5.99,98.0,4443.2,NONE,TRACKING
"26 Jun 2026  22:17:17",19941.3,GOOD,5.99,98.0,4442.8,NONE,TRACKING
"26 Jun 2026  22:17:47",19941.1,GOOD,5.99,98.0,4442.6,NONE,TRACKING
"26 Jun 2026  22:18:17",19942.0,GOOD,5.99,98.0,4443.5,NONE,TRACKING
"26 Jun 2026  22:18:47",19942.0,GOOD,5.99,98.0,4443.5,NONE,TRACKING
"26 Jun 2026  22:19:17",19942.5,GOOD,5.99,98.0,4444.0,NONE,TRACKING
"26 Jun 2026  22:19:47",19941.9,GOOD,5.99,98.0,4443.4,NONE,TRACKING
"26 Jun 2026  22:20:17",19941.4,GOOD,5.99,98.0,4442.9,NONE,TRACKING
"26 Jun 2026  22:20:47",19941.3,GOOD,5.99,98.0,4442.8,NONE,TRACKING
"26 Jun 2026  22:21:17",19941.2,GOOD,5.99,98.0,4442.7,NONE,TRACKING
"26 Jun 2026  22:21:47",19942.3,GOOD,5.99,98.0,4443.8,NONE,TRACKING
"26 Jun 2026  22:22:17",19942.2,GOOD,5.99,98.0,4443.7,NONE,TRACKING
"26 Jun 2026  22:22:47",19943.1,GOOD,5.99,98.0,4444.6,NONE,TRACKING
"26 Jun 2026  22:23:17",19942.3,GOOD,5.99,98.0,4443.8,NONE,TRACKING
"26 Jun 2026  22:23:47",19941.8,GOOD,5.99,98.0,4443.3,NONE,TRACKING
"26 Jun 2026  22:24:17",19942.3,GOOD,5.99,98.0,4443.8,NONE,TRACKING
"26 Jun 2026  22:24:47",19943.6,GOOD,5.99,98.0,4445.1,NONE,TRACKING
"26 Jun 2026  22:25:17",19942.7,GOOD,5.99,98.0,4444.2,NONE,TRACKING
"26 Jun 2026  22:25:47",19942.4,GOOD,5.99,98.0,4443.9,NONE,TRACKING
"26 Jun 2026  22:26:17",19942.4,GOOD,5.99,98.0,4443.9,NONE,TRACKING
"26 Jun 2026  22:26:47",19942.0,GOOD,5.99,98.0,4443.5,NONE,TRACKING
"26 Jun 2026  22:27:17",19942.1,GOOD,5.99,98.0,4443.6,NONE,TRACKING
"26 Jun 2026  22:27:47",19942.2,GOOD,5.99,98.0,4443.7,NONE,TRACKING
"26 Jun 2026  22:28:17",19942.2,GOOD,5.99,98.0,4443.7,NONE,TRACKING
"26 Jun 2026  22:28:47",19942.7,GOOD,5.99,98.0,4444.2,NONE,TRACKING
"26 Jun 2026  22:29:17",19942.1,GOOD,5.99,98.0,4443.6,NONE,TRACKING
"26 Jun 2026  22:29:47",19940.6,GOOD,5.99,98.0,4442.1,NONE,TRACKING
"26 Jun 2026  22:30:17",19942.5,GOOD,5.99,98.0,4444.0,NONE,TRACKING
"26 Jun 2026  22:30:47",19941.2,GOOD,5.99,98.0,4442.7,NONE,TRACKING
"26 Jun 2026  22:31:17",19940.8,GOOD,5.99,98.0,4442.3,NONE,TRACKING
"26 Jun 2026  22:31:47",19941.8,GOOD,5.99,98.0,4443.3,NONE,TRACKING
"26 Jun 2026  22:32:17",19943.4,GOOD,5.99,98.0,4444.9,NONE,TRACKING
"26 Jun 2026  22:32:47",19942.8,GOOD,5.99,98.0,4444.3,NONE,TRACKING
"26 Jun 2026  22:33:17",19941.5,GOOD,5.99,98.0,4443.0,NONE,TRACKING
"26 Jun 2026  22:33:47",19941.9,GOOD,5.99,98.0,4443.4,NONE,TRACKING
"26 Jun 2026  22:34:17",19941.9,GOOD,5.99,98.0,4443.4,NONE,TRACKING
"26 Jun 2026  22:34:47",19942.7,GOOD,5.99,98.0,4444.2,NONE,TRACKING
"26 Jun 2026  22:35:17",19942.8,GOOD,5.99,98.0,4444.3,NONE,TRACKING
"26 Jun 2026  22:35:47",19942.5,GOOD,5.99,98.0,4444.0,NONE,TRACKING
"26 Jun 2026  22:36:17",19943.0,GOOD,5.99,98.0,4444.5,NONE,TRACKING
"26 Jun 2026  22:36:47",19942.6,GOOD,5.99,98.0,4444.1,NONE,TRACKING
"26 Jun 2026  22:37:18",19942.9,GOOD,5.99,98.0,4444.4,NONE,TRACKING
"26 Jun 2026  22:37:48",19943.4,GOOD,5.99,98.0,4444.9,NONE,TRACKING
"26 Jun 2026  22:38:18",19943.2,GOOD,5.99,98.0,4444.7,NONE,TRACKING
"26 Jun 2026  22:38:48",19943.6,GOOD,5.99,98.0,4445.1,NONE,TRACKING
"26 Jun 2026  22:39:18",19944.1,GOOD,5.99,98.0,4445.6,NONE,TRACKING
"26 Jun 2026  22:39:48",19944.2,GOOD,5.99,98.0,4445.7,NONE,TRACKING
"26 Jun 2026  22:40:18",19944.0,GOOD,5.99,98.0,4445.5,NONE,TRACKING
"26 Jun 2026  22:40:48",19944.2,GOOD,5.99,98.0,4445.7,NONE,TRACKING
"26 Jun 2026  22:41:18",19943.7,GOOD,5.99,98.0,4445.2,NONE,TRACKING
"26 Jun 2026  22:41:48",19943.7,GOOD,5.99,98.0,4445.2,NONE,TRACKING
"26 Jun 2026  22:42:18",19943.6,GOOD,5.99,98.0,4445.1,NONE,TRACKING
"26 Jun 2026  22:42:48",19943.4,GOOD,5.99,98.0,4444.9,NONE,TRACKING
"26 Jun 2026  22:43:18",19943.5,GOOD,5.99,98.0,4445.0,NONE,TRACKING
"26 Jun 2026  22:43:48",19943.4,GOOD,5.99,98.0,4444.9,NONE,TRACKING
"26 Jun 2026  22:44:18",19943.7,GOOD,5.99,98.0,4445.2,NONE,TRACKING
"26 Jun 2026  22:44:48",19944.5,GOOD,5.99,98.0,4446.0,NONE,TRACKING
"26 Jun 2026  22:45:18",19944.4,GOOD,5.99,98.0,4445.9,NONE,TRACKING
"26 Jun 2026  22:45:48",19944.3,GOOD,5.99,98.0,4445.8,NONE,TRACKING
"26 Jun 2026  22:46:18",19944.9,GOOD,5.99,98.0,4446.4,NONE,TRACKING
"26 Jun 2026  22:46:48",19945.1,GOOD,5.99,98.1,4446.6,NONE,TRACKING
"26 Jun 2026  22:47:18",19943.9,GOOD,5.99,98.0,4445.4,NONE,TRACKING
"26 Jun 2026  22:47:48",19944.1,GOOD,5.99,98.0,4445.6,NONE,TRACKING
"26 Jun 2026  22:48:18",19944.2,GOOD,5.99,98.0,4445.7,NONE,TRACKING
"26 Jun 2026  22:48:48",19944.7,GOOD,5.99,98.0,4446.2,NONE,TRACKING
"26 Jun 2026  22:49:18",19944.6,GOOD,5.99,98.0,4446.1,NONE,TRACKING
"26 Jun 2026  22:49:48",19944.5,GOOD,5.99,98.0,4446.0,NONE,TRACKING
"26 Jun 2026  22:50:18",19944.2,GOOD,5.99,98.0,4445.7,NONE,TRACKING
"26 Jun 2026  22:50:48",19944.3,GOOD,5.99,98.0,4445.8,NONE,TRACKING
"26 Jun 2026  22:51:18",19943.9,GOOD,5.99,98.0,4445.4,NONE,TRACKING
"26 Jun 2026  22:51:48",19944.5,GOOD,5.99,98.0,4446.0,NONE,TRACKING
"26 Jun 2026  22:52:18",19943.7,GOOD,5.99,98.0,4445.2,NONE,TRACKING
"26 Jun 2026  22:52:48",19945.8,GOOD,5.99,98.1,4447.3,NONE,TRACKING
"26 Jun 2026  22:53:18",19945.9,GOOD,5.99,98.1,4447.4,NONE,TRACKING
"26 Jun 2026  22:53:48",19945.7,GOOD,5.99,98.1,4447.2,NONE,TRACKING
"26 Jun 2026  22:54:18",19946.1,GOOD,5.99,98.1,4447.6,NONE,TRACKING
"26 Jun 2026  22:54:48",19945.2,GOOD,5.99,98.1,4446.7,NONE,TRACKING
"26 Jun 2026  22:55:18",19945.8,GOOD,5.99,98.1,4447.3,NONE,TRACKING
"26 Jun 2026  22:55:48",19945.4,GOOD,5.99,98.1,4446.9,NONE,TRACKING
"26 Jun 2026  22:56:18",19945.6,GOOD,5.99,98.1,4447.1,NONE,TRACKING
"26 Jun 2026  22:56:48",19945.9,GOOD,5.99,98.1,4447.4,NONE,TRACKING
"26 Jun 2026  22:57:18",19946.1,GOOD,5.99,98.1,4447.6,NONE,TRACKING
"26 Jun 2026  22:57:48",19945.9,GOOD,5.99,98.1,4447.4,NONE,TRACKING
"26 Jun 2026  22:58:18",19946.9,GOOD,5.99,98.1,4448.4,NONE,TRACKING
"26 Jun 2026  22:58:48",19945.4,GOOD,5.99,98.1,4446.9,NONE,TRACKING
"26 Jun 2026  22:59:18",19946.5,GOOD,5.99,98.1,4448.0,NONE,TRACKING
"26 Jun 2026  22:59:48",19945.1,GOOD,5.99,98.1,4446.6,NONE,TRACKING
"26 Jun 2026  23:00:19",19946.2,GOOD,5.99,98.1,4447.7,NONE,TRACKING
"26 Jun 2026  23:00:49",19946.1,GOOD,5.99,98.1,4447.6,NONE,TRACKING
"26 Jun 2026  23:01:19",19945.6,GOOD,5.99,98.1,4447.1,NONE,TRACKING
"26 Jun 2026  23:01:49",19946.5,GOOD,5.99,98.1,4448.0,NONE,TRACKING
"26 Jun 2026  23:02:19",19946.1,GOOD,5.99,98.1,4447.6,NONE,TRACKING
"26 Jun 2026  23:02:49",19946.0,GOOD,5.99,98.1,4447.5,NONE,TRACKING
"26 Jun 2026  23:03:19",19945.1,GOOD,5.99,98.1,4446.6,NONE,TRACKING
"26 Jun 2026  23:03:49",19946.4,GOOD,5.99,98.1,4447.9,NONE,TRACKING
"26 Jun 2026  23:04:19",19945.7,GOOD,5.99,98.1,4447.2,NONE,TRACKING
"26 Jun 2026  23:04:49",19946.2,GOOD,5.99,98.1,4447.7,NONE,TRACKING
"26 Jun 2026  23:05:19",19946.0,GOOD,5.99,98.1,4447.5,NONE,TRACKING
"26 Jun 2026  23:05:49",19945.7,GOOD,5.99,98.1,4447.2,NONE,TRACKING
"26 Jun 2026  23:06:19",19946.0,GOOD,5.99,98.1,4447.5,NONE,TRACKING
"26 Jun 2026  23:06:49",19945.2,GOOD,5.99,98.1,4446.7,NONE,TRACKING
"26 Jun 2026  23:07:19",19947.4,GOOD,5.99,98.1,4448.9,NONE,TRACKING
"26 Jun 2026  23:07:49",19947.1,GOOD,5.99,98.1,4448.6,NONE,TRACKING
"26 Jun 2026  23:08:19",19945.8,GOOD,5.99,98.1,4447.3,NONE,TRACKING
"26 Jun 2026  23:08:49",19945.9,GOOD,5.99,98.1,4447.4,NONE,TRACKING
"26 Jun 2026  23:09:19",19946.3,GOOD,5.99,98.1,4447.8,NONE,TRACKING
"26 Jun 2026  23:09:49",19947.1,GOOD,5.99,98.1,4448.6,NONE,TRACKING
"26 Jun 2026  23:10:19",19947.6,GOOD,5.99,98.1,4449.1,NONE,TRACKING
"26 Jun 2026  23:10:49",19947.2,GOOD,5.99,98.1,4448.7,NONE,TRACKING
"26 Jun 2026  23:11:19",19947.0,GOOD,5.99,98.1,4448.5,NONE,TRACKING
"26 Jun 2026  23:11:49",19946.5,GOOD,5.99,98.1,4448.0,NONE,TRACKING
"26 Jun 2026  23:12:19",19946.9,GOOD,5.99,98.1,4448.4,NONE,TRACKING
"26 Jun 2026  23:12:49",19945.9,GOOD,5.99,98.1,4447.4,NONE,TRACKING
"26 Jun 2026  23:13:19",19947.0,GOOD,5.99,98.1,4448.5,NONE,TRACKING
"26 Jun 2026  23:13:49",19947.6,GOOD,5.99,98.1,4449.1,NONE,TRACKING
"26 Jun 2026  23:14:19",19948.1,GOOD,5.99,98.1,4449.6,NONE,TRACKING
"26 Jun 2026  23:14:49",19947.4,GOOD,5.99,98.1,4448.9,NONE,TRACKING
"26 Jun 2026  23:15:19",19948.5,GOOD,5.99,98.1,4450.0,NONE,TRACKING
"26 Jun 2026  23:15:49",19946.9,GOOD,5.99,98.1,4448.4,NONE,TRACKING
"26 Jun 2026  23:16:19",19948.7,GOOD,5.99,98.1,4450.2,NONE,TRACKING
"26 Jun 2026  23:16:49",19947.6,GOOD,5.99,98.1,4449.1,NONE,TRACKING
"26 Jun 2026  23:17:19",19948.3,GOOD,5.99,98.1,4449.8,NONE,TRACKING
"26 Jun 2026  23:17:49",19948.1,GOOD,5.99,98.1,4449.6,NONE,TRACKING
"26 Jun 2026  23:18:19",19947.1,GOOD,5.99,98.1,4448.6,NONE,TRACKING
"26 Jun 2026  23:18:49",19947.9,GOOD,5.99,98.1,4449.4,NONE,TRACKING
"26 Jun 2026  23:19:19",19947.6,GOOD,5.99,98.1,4449.1,NONE,TRACKING
"26 Jun 2026  23:19:49",19947.5,GOOD,5.99,98.1,4449.0,NONE,TRACKING
"26 Jun 2026  23:20:20",19947.7,GOOD,5.99,98.1,4449.2,NONE,TRACKING
"26 Jun 2026  23:20:50",19947.2,GOOD,5.99,98.1,4448.7,NONE,TRACKING
"26 Jun 2026  23:21:20",19946.9,GOOD,5.99,98.1,4448.4,NONE,TRACKING
"26 Jun 2026  23:21:50",19947.8,GOOD,5.99,98.1,4449.3,NONE,TRACKING
"26 Jun 2026  23:22:20",19948.1,GOOD,5.99,98.1,4449.6,NONE,TRACKING
"26 Jun 2026  23:22:50",19947.2,GOOD,5.99,98.1,4448.7,NONE,TRACKING
"26 Jun 2026  23:23:20",19948.0,GOOD,5.99,98.1,4449.5,NONE,TRACKING
"26 Jun 2026  23:23:50",19948.5,GOOD,5.99,98.1,4450.0,NONE,TRACKING
"26 Jun 2026  23:24:20",19949.7,GOOD,5.99,98.2,4451.2,NONE,TRACKING
"26 Jun 2026  23:24:50",19948.4,GOOD,5.99,98.1,4449.9,NONE,TRACKING
"26 Jun 2026  23:25:20",19948.6,GOOD,5.99,98.1,4450.1,NONE,TRACKING
"26 Jun 2026  23:25:50",19948.5,GOOD,5.99,98.1,4450.0,NONE,TRACKING
"26 Jun 2026  23:26:20",19948.7,GOOD,5.99,98.1,4450.2,NONE,TRACKING
"26 Jun 2026  23:26:50",19949.0,GOOD,5.99,98.1,4450.5,NONE,TRACKING
"26 Jun 2026  23:27:20",19949.4,GOOD,5.99,98.1,4450.9,NONE,TRACKING
"26 Jun 2026  23:27:50",19948.7,GOOD,5.99,98.1,4450.2,NONE,TRACKING
"26 Jun 2026  23:28:20",19948.7,GOOD,5.99,98.1,4450.2,NONE,TRACKING
"26 Jun 2026  23:28:50",19948.9,GOOD,5.99,98.1,4450.4,NONE,TRACKING
"26 Jun 2026  23:29:20",19949.3,GOOD,5.99,98.1,4450.8,NONE,TRACKING
"26 Jun 2026  23:29:50",19949.3,GOOD,5.99,98.1,4450.8,NONE,TRACKING
"26 Jun 2026  23:30:20",19949.0,GOOD,5.99,98.1,4450.5,NONE,TRACKING
"26 Jun 2026  23:30:50",19949.8,GOOD,5.99,98.2,4451.3,NONE,TRACKING
"26 Jun 2026  23:31:20",19949.6,GOOD,5.99,98.1,4451.1,NONE,TRACKING
"26 Jun 2026  23:31:50",19949.0,GOOD,5.99,98.1,4450.5,NONE,TRACKING
"26 Jun 2026  23:32:20",19948.5,GOOD,5.99,98.1,4450.0,NONE,TRACKING
"26 Jun 2026  23:32:50",19949.6,GOOD,5.99,98.1,4451.1,NONE,TRACKING
"26 Jun 2026  23:33:20",19949.6,GOOD,5.99,98.1,4451.1,NONE,TRACKING
"26 Jun 2026  23:33:50",19950.2,GOOD,5.99,98.2,4451.7,NONE,TRACKING
"26 Jun 2026  23:34:20",19951.0,GOOD,5.99,98.2,4452.5,NONE,TRACKING
"26 Jun 2026  23:34:50",19950.1,GOOD,5.99,98.2,4451.6,NONE,TRACKING
"26 Jun 2026  23:35:20",19949.9,GOOD,5.99,98.2,4451.4,NONE,TRACKING
"26 Jun 2026  23:35:50",19949.4,GOOD,5.99,98.1,4450.9,NONE,TRACKING
"26 Jun 2026  23:36:20",19949.9,GOOD,5.99,98.2,4451.4,NONE,TRACKING
"26 Jun 2026  23:36:50",19949.7,GOOD,5.99,98.2,4451.2,NONE,TRACKING
"26 Jun 2026  23:37:20",19949.9,GOOD,5.99,98.2,4451.4,NONE,TRACKING
"26 Jun 2026  23:37:50",19949.1,GOOD,5.99,98.1,4450.6,NONE,TRACKING
"26 Jun 2026  23:38:20",19949.1,GOOD,5.99,98.1,4450.6,NONE,TRACKING
"26 Jun 2026  23:38:50",19949.9,GOOD,5.99,98.2,4451.4,NONE,TRACKING
"26 Jun 2026  23:39:20",19949.9,GOOD,5.99,98.2,4451.4,NONE,TRACKING
"26 Jun 2026  23:39:50",19949.8,GOOD,5.99,98.2,4451.3,NONE,TRACKING
"26 Jun 2026  23:40:20",19950.3,GOOD,5.99,98.2,4451.8,NONE,TRACKING
"26 Jun 2026  23:40:50",19949.6,GOOD,5.99,98.1,4451.1,NONE,TRACKING
"26 Jun 2026  23:41:20",19950.6,GOOD,5.99,98.2,4452.1,NONE,TRACKING
"26 Jun 2026  23:41:51",19949.3,GOOD,5.99,98.1,4450.8,NONE,TRACKING
"26 Jun 2026  23:42:21",19950.6,GOOD,5.99,98.2,4452.1,NONE,TRACKING
"26 Jun 2026  23:42:51",19950.2,GOOD,5.99,98.2,4451.7,NONE,TRACKING
"26 Jun 2026  23:43:21",19950.3,GOOD,5.99,98.2,4451.8,NONE,TRACKING
"26 Jun 2026  23:43:51",19951.9,GOOD,5.99,98.2,4453.4,NONE,TRACKING
"26 Jun 2026  23:44:21",19951.1,GOOD,5.99,98.2,4452.6,NONE,TRACKING
"26 Jun 2026  23:44:51",19950.3,GOOD,5.99,98.2,4451.8,NONE,TRACKING
"26 Jun 2026  23:45:21",19950.1,GOOD,5.99,98.2,4451.6,NONE,TRACKING
"26 Jun 2026  23:45:51",19951.3,GOOD,5.99,98.2,4452.8,NONE,TRACKING
"26 Jun 2026  23:46:21",19950.3,GOOD,5.99,98.2,4451.8,NONE,TRACKING
"26 Jun 2026  23:46:51",19951.3,GOOD,5.99,98.2,4452.8,NONE,TRACKING
"26 Jun 2026  23:47:21",19951.3,GOOD,5.99,98.2,4452.8,NONE,TRACKING
"26 Jun 2026  23:47:51",19950.8,GOOD,5.99,98.2,4452.3,NONE,TRACKING
"26 Jun 2026  23:48:21",19952.0,GOOD,5.99,98.2,4453.5,NONE,TRACKING
"26 Jun 2026  23:48:51",19952.2,GOOD,5.99,98.2,4453.7,NONE,TRACKING
"26 Jun 2026  23:49:21",19951.4,GOOD,5.99,98.2,4452.9,NONE,TRACKING
"26 Jun 2026  23:49:51",19951.3,GOOD,5.99,98.2,4452.8,NONE,TRACKING
"26 Jun 2026  23:50:21",19951.6,GOOD,5.99,98.2,4453.1,NONE,TRACKING
"26 Jun 2026  23:50:51",19951.6,GOOD,5.99,98.2,4453.1,NONE,TRACKING
"26 Jun 2026  23:51:21",19952.1,GOOD,5.99,98.2,4453.6,NONE,TRACKING
"26 Jun 2026  23:51:51",19952.5,GOOD,5.99,98.2,4454.0,NONE,TRACKING
"26 Jun 2026  23:52:21",19951.8,GOOD,5.99,98.2,4453.3,NONE,TRACKING
"26 Jun 2026  23:52:51",19952.2,GOOD,5.99,98.2,4453.7,NONE,TRACKING
"26 Jun 2026  23:53:21",19952.2,GOOD,5.99,98.2,4453.7,NONE,TRACKING
"26 Jun 2026  23:53:51",19952.2,GOOD,5.99,98.2,4453.7,NONE,TRACKING
"26 Jun 2026  23:54:21",19952.1,GOOD,5.99,98.2,4453.6,NONE,TRACKING
"26 Jun 2026  23:54:51",19952.0,GOOD,5.99,98.2,4453.5,NONE,TRACKING
"26 Jun 2026  23:55:21",19951.4,GOOD,5.99,98.2,4452.9,NONE,TRACKING
"26 Jun 2026  23:55:51",19952.0,GOOD,5.99,98.2,4453.5,NONE,TRACKING
"26 Jun 2026  23:56:21",19952.1,GOOD,5.99,98.2,4453.6,NONE,TRACKING
"26 Jun 2026  23:56:51",19952.6,GOOD,5.99,98.2,4454.1,NONE,TRACKING
"26 Jun 2026  23:57:21",19952.5,GOOD,5.99,98.2,4454.0,NONE,TRACKING
"26 Jun 2026  23:57:51",19951.2,GOOD,5.99,98.2,4452.7,NONE,TRACKING
"26 Jun 2026  23:58:21",19951.8,GOOD,5.99,98.2,4453.3,NONE,TRACKING
"26 Jun 2026  23:58:51",19951.5,GOOD,5.99,98.2,4453.0,NONE,TRACKING
"26 Jun 2026  23:59:21",19951.8,GOOD,5.99,98.2,4453.3,NONE,TRACKING
"26 Jun 2026  23:59:51",19952.6,GOOD,5.99,98.2,4454.1,NONE,TRACKING
"27 Jun 2026  00:00:21",19952.4,GOOD,5.99,98.2,4453.9,NONE,TRACKING
"27 Jun 2026  00:00:51",19952.9,GOOD,5.99,98.2,4454.4,NONE,TRACKING
"27 Jun 2026  00:01:21",19952.1,GOOD,5.99,98.2,4453.6,NONE,TRACKING
"27 Jun 2026  00:01:51",19953.3,GOOD,5.99,98.2,4454.8,NONE,TRACKING
"27 Jun 2026  00:02:21",19953.0,GOOD,5.99,98.2,4454.5,NONE,TRACKING
"27 Jun 2026  00:02:51",19953.8,GOOD,5.99,98.2,4455.3,NONE,TRACKING
"27 Jun 2026  00:03:21",19953.1,GOOD,5.99,98.2,4454.6,NONE,TRACKING
"27 Jun 2026  00:03:51",19952.9,GOOD,5.99,98.2,4454.4,NONE,TRACKING
"27 Jun 2026  00:04:21",19953.1,GOOD,5.99,98.2,4454.6,NONE,TRACKING
"27 Jun 2026  00:04:51",19952.8,GOOD,5.99,98.2,4454.3,NONE,TRACKING
"27 Jun 2026  00:05:21",19952.8,GOOD,5.99,98.2,4454.3,NONE,TRACKING
"27 Jun 2026  00:05:51",19952.6,GOOD,5.99,98.2,4454.1,NONE,TRACKING
"27 Jun 2026  00:06:21",19953.4,GOOD,5.99,98.2,4454.9,NONE,TRACKING
"27 Jun 2026  00:06:51",19954.2,GOOD,5.99,98.3,4455.7,NONE,TRACKING
"27 Jun 2026  00:07:21",19953.4,GOOD,5.99,98.2,4454.9,NONE,TRACKING
"27 Jun 2026  00:07:51",19953.2,GOOD,5.99,98.2,4454.7,NONE,TRACKING
"27 Jun 2026  00:08:21",19953.1,GOOD,5.99,98.2,4454.6,NONE,TRACKING
"27 Jun 2026  00:08:51",19954.1,GOOD,5.99,98.2,4455.6,NONE,TRACKING
"27 Jun 2026  00:09:21",19954.2,GOOD,5.99,98.3,4455.7,NONE,TRACKING
"27 Jun 2026  00:09:51",19953.8,GOOD,5.99,98.2,4455.3,NONE,TRACKING
"27 Jun 2026  00:10:21",19954.0,GOOD,5.99,98.2,4455.5,NONE,TRACKING
"27 Jun 2026  00:10:51",19954.2,GOOD,5.99,98.3,4455.7,NONE,TRACKING
"27 Jun 2026  00:11:21",19953.8,GOOD,5.99,98.2,4455.3,NONE,TRACKING
"27 Jun 2026  00:11:51",19954.1,GOOD,5.99,98.2,4455.6,NONE,TRACKING
"27 Jun 2026  00:12:21",19954.0,GOOD,5.99,98.2,4455.5,NONE,TRACKING
"27 Jun 2026  00:12:51",19954.1,GOOD,5.99,98.2,4455.6,NONE,TRACKING
"27 Jun 2026  00:13:21",19954.0,GOOD,5.99,98.2,4455.5,NONE,TRACKING
"27 Jun 2026  00:13:51",19954.7,GOOD,5.99,98.3,4456.2,NONE,TRACKING
"27 Jun 2026  00:14:21",19954.0,GOOD,5.99,98.2,4455.5,NONE,TRACKING
"27 Jun 2026  00:14:51",19953.4,GOOD,5.99,98.2,4454.9,NONE,TRACKING
"27 Jun 2026  00:15:21",19955.0,GOOD,5.99,98.3,4456.5,NONE,TRACKING
"27 Jun 2026  00:15:51",19955.2,GOOD,5.99,98.3,4456.7,NONE,TRACKING
"27 Jun 2026  00:16:22",19954.0,GOOD,5.99,98.2,4455.5,NONE,TRACKING
"27 Jun 2026  00:16:52",19954.0,GOOD,5.99,98.2,4455.5,NONE,TRACKING
"27 Jun 2026  00:17:22",19954.7,GOOD,5.99,98.3,4456.2,NONE,TRACKING
"27 Jun 2026  00:17:52",19953.8,GOOD,5.99,98.2,4455.3,NONE,TRACKING
"27 Jun 2026  00:18:22",19954.0,GOOD,5.99,98.2,4455.5,NONE,TRACKING
"27 Jun 2026  00:18:52",19954.9,GOOD,5.99,98.3,4456.4,NONE,TRACKING
"27 Jun 2026  00:19:22",19954.7,GOOD,5.99,98.3,4456.2,NONE,TRACKING
"27 Jun 2026  00:19:52",19953.5,GOOD,5.99,98.2,4455.0,NONE,TRACKING
"27 Jun 2026  00:20:22",19955.0,GOOD,5.99,98.3,4456.5,NONE,TRACKING
"27 Jun 2026  00:20:52",19955.4,GOOD,5.99,98.3,4456.9,NONE,TRACKING
"27 Jun 2026  00:21:22",19955.6,GOOD,5.99,98.3,4457.1,NONE,TRACKING
"27 Jun 2026  00:21:52",19955.0,GOOD,5.99,98.3,4456.5,NONE,TRACKING
"27 Jun 2026  00:22:22",19954.5,GOOD,5.99,98.3,4456.0,NONE,TRACKING
"27 Jun 2026  00:22:52",19954.9,GOOD,5.99,98.3,4456.4,NONE,TRACKING
"27 Jun 2026  00:23:22",19955.3,GOOD,5.99,98.3,4456.8,NONE,TRACKING
"27 Jun 2026  00:23:52",19955.4,GOOD,5.99,98.3,4456.9,NONE,TRACKING
"27 Jun 2026  00:24:22",19956.0,GOOD,5.99,98.3,4457.5,NONE,TRACKING
"27 Jun 2026  00:24:52",19956.0,GOOD,5.99,98.3,4457.5,NONE,TRACKING
"27 Jun 2026  00:25:22",19956.0,GOOD,5.99,98.3,4457.5,NONE,TRACKING
"27 Jun 2026  00:25:52",19955.9,GOOD,5.99,98.3,4457.4,NONE,TRACKING
"27 Jun 2026  00:26:22",19955.6,GOOD,5.99,98.3,4457.1,NONE,TRACKING
"27 Jun 2026  00:26:52",19955.5,GOOD,5.99,98.3,4457.0,NONE,TRACKING
"27 Jun 2026  00:27:22",19955.8,GOOD,5.99,98.3,4457.3,NONE,TRACKING
"27 Jun 2026  00:27:52",19956.0,GOOD,5.99,98.3,4457.5,NONE,TRACKING
"27 Jun 2026  00:28:22",19956.4,GOOD,5.99,98.3,4457.9,NONE,TRACKING
"27 Jun 2026  00:28:52",19956.0,GOOD,5.99,98.3,4457.5,NONE,TRACKING
"27 Jun 2026  00:29:22",19955.4,GOOD,5.99,98.3,4456.9,NONE,TRACKING
"27 Jun 2026  00:29:52",19956.2,GOOD,5.99,98.3,4457.7,NONE,TRACKING
"27 Jun 2026  00:30:22",19956.2,GOOD,5.99,98.3,4457.7,NONE,TRACKING
"27 Jun 2026  00:30:52",19956.2,GOOD,5.99,98.3,4457.7,NONE,TRACKING
"27 Jun 2026  00:31:22",19956.8,GOOD,5.99,98.3,4458.3,NONE,TRACKING
"27 Jun 2026  00:31:52",19956.0,GOOD,5.99,98.3,4457.5,NONE,TRACKING
"27 Jun 2026  00:32:22",19956.4,GOOD,5.99,98.3,4457.9,NONE,TRACKING
"27 Jun 2026  00:32:52",19955.9,GOOD,5.99,98.3,4457.4,NONE,TRACKING
"27 Jun 2026  00:33:22",19955.9,GOOD,5.99,98.3,4457.4,NONE,TRACKING
"27 Jun 2026  00:33:52",19956.5,GOOD,5.99,98.3,4458.0,NONE,TRACKING
"27 Jun 2026  00:34:22",19957.2,GOOD,5.99,98.3,4458.7,NONE,TRACKING
"27 Jun 2026  00:34:52",19956.8,GOOD,5.99,98.3,4458.3,NONE,TRACKING
"27 Jun 2026  00:35:22",19957.0,GOOD,5.99,98.3,4458.5,NONE,TRACKING
"27 Jun 2026  00:35:52",19957.0,GOOD,5.99,98.3,4458.5,NONE,TRACKING
"27 Jun 2026  00:36:22",19956.8,GOOD,5.99,98.3,4458.3,NONE,TRACKING
"27 Jun 2026  00:36:52",19956.9,GOOD,5.99,98.3,4458.4,NONE,TRACKING
"27 Jun 2026  00:37:22",19956.9,GOOD,5.99,98.3,4458.4,NONE,TRACKING
"27 Jun 2026  00:37:52",19958.0,GOOD,5.99,98.3,4459.5,NONE,TRACKING
"27 Jun 2026  00:38:22",19957.7,GOOD,5.99,98.3,4459.2,NONE,TRACKING
"27 Jun 2026  00:38:52",19956.7,GOOD,5.99,98.3,4458.2,NONE,TRACKING
"27 Jun 2026  00:39:22",19957.3,GOOD,5.99,98.3,4458.8,NONE,TRACKING
"27 Jun 2026  00:39:52",19956.9,GOOD,5.99,98.3,4458.4,NONE,TRACKING
"27 Jun 2026  00:40:22",19958.0,GOOD,5.99,98.3,4459.5,NONE,TRACKING
"27 Jun 2026  00:40:53",19957.1,GOOD,5.99,98.3,4458.6,NONE,TRACKING
"27 Jun 2026  00:41:23",19958.1,GOOD,5.99,98.3,4459.6,NONE,TRACKING
"27 Jun 2026  00:41:53",19957.4,GOOD,5.99,98.3,4458.9,NONE,TRACKING
"27 Jun 2026  00:42:23",19957.5,GOOD,5.99,98.3,4459.0,NONE,TRACKING
"27 Jun 2026  00:42:53",19957.4,GOOD,5.99,98.3,4458.9,NONE,TRACKING
"27 Jun 2026  00:43:23",19957.9,GOOD,5.99,98.3,4459.4,NONE,TRACKING
"27 Jun 2026  00:43:53",19957.6,GOOD,5.99,98.3,4459.1,NONE,TRACKING
"27 Jun 2026  00:44:23",19956.8,GOOD,5.99,98.3,4458.3,NONE,TRACKING
"27 Jun 2026  00:44:53",19957.4,GOOD,5.99,98.3,4458.9,NONE,TRACKING
"27 Jun 2026  00:45:23",19957.3,GOOD,5.99,98.3,4458.8,NONE,TRACKING
"27 Jun 2026  00:45:53",19958.0,GOOD,5.99,98.3,4459.5,NONE,TRACKING
"27 Jun 2026  00:46:23",19958.3,GOOD,5.99,98.3,4459.8,NONE,TRACKING
"27 Jun 2026  00:46:53",19957.5,GOOD,5.99,98.3,4459.0,NONE,TRACKING
"27 Jun 2026  00:47:23",19957.6,GOOD,5.99,98.3,4459.1,NONE,TRACKING
"27 Jun 2026  00:47:53",19957.9,GOOD,5.99,98.3,4459.4,NONE,TRACKING
"27 Jun 2026  00:48:23",19958.5,GOOD,5.99,98.3,4460.0,NONE,TRACKING
"27 Jun 2026  00:48:53",19957.2,GOOD,5.99,98.3,4458.7,NONE,TRACKING
"27 Jun 2026  00:49:23",19958.0,GOOD,5.99,98.3,4459.5,NONE,TRACKING
"27 Jun 2026  00:49:53",19958.9,GOOD,5.99,98.4,4460.4,NONE,TRACKING
"27 Jun 2026  00:50:23",19958.1,GOOD,5.99,98.3,4459.6,NONE,TRACKING
"27 Jun 2026  00:50:53",19959.0,GOOD,5.99,98.4,4460.5,NONE,TRACKING
"27 Jun 2026  00:51:23",19957.9,GOOD,5.99,98.3,4459.4,NONE,TRACKING
"27 Jun 2026  00:51:53",19959.0,GOOD,5.99,98.4,4460.5,NONE,TRACKING
"27 Jun 2026  00:52:23",19958.4,GOOD,5.99,98.3,4459.9,NONE,TRACKING
"27 Jun 2026  00:52:53",19958.4,GOOD,5.99,98.3,4459.9,NONE,TRACKING
"27 Jun 2026  00:53:23",19959.4,GOOD,5.99,98.4,4460.9,NONE,TRACKING
"27 Jun 2026  00:53:53",19958.7,GOOD,5.99,98.4,4460.2,NONE,TRACKING
"27 Jun 2026  00:54:23",19958.5,GOOD,5.99,98.3,4460.0,NONE,TRACKING
"27 Jun 2026  00:54:53",19959.1,GOOD,5.99,98.4,4460.6,NONE,TRACKING
"27 Jun 2026  00:55:23",19958.9,GOOD,5.99,98.4,4460.4,NONE,TRACKING
"27 Jun 2026  00:55:53",19958.5,GOOD,5.99,98.3,4460.0,NONE,TRACKING
"27 Jun 2026  00:56:23",19958.1,GOOD,5.99,98.3,4459.6,NONE,TRACKING
"27 Jun 2026  00:56:53",19958.4,GOOD,5.99,98.3,4459.9,NONE,TRACKING
"27 Jun 2026  00:57:23",19958.6,GOOD,5.99,98.3,4460.1,NONE,TRACKING
"27 Jun 2026  00:57:53",19959.0,GOOD,5.99,98.4,4460.5,NONE,TRACKING
"27 Jun 2026  00:58:23",19958.8,GOOD,5.99,98.4,4460.3,NONE,TRACKING
"27 Jun 2026  00:58:53",19958.6,GOOD,5.99,98.3,4460.1,NONE,TRACKING
"27 Jun 2026  00:59:23",19959.0,GOOD,5.99,98.4,4460.5,NONE,TRACKING
"27 Jun 2026  00:59:53",19959.3,GOOD,5.99,98.4,4460.8,NONE,TRACKING
"27 Jun 2026  01:00:23",19959.2,GOOD,5.99,98.4,4460.7,NONE,TRACKING
"27 Jun 2026  01:00:53",19958.5,GOOD,5.99,98.3,4460.0,NONE,TRACKING
"27 Jun 2026  01:01:23",19959.2,GOOD,5.99,98.4,4460.7,NONE,TRACKING
"27 Jun 2026  01:01:53",19959.7,GOOD,5.99,98.4,4461.2,NONE,TRACKING
"27 Jun 2026  01:02:23",19958.7,GOOD,5.99,98.4,4460.2,NONE,TRACKING
"27 Jun 2026  01:02:53",19958.6,GOOD,5.99,98.3,4460.1,NONE,TRACKING
"27 Jun 2026  01:03:23",19958.1,GOOD,5.99,98.3,4459.6,NONE,TRACKING
"27 Jun 2026  01:03:54",19958.4,GOOD,5.99,98.3,4459.9,NONE,TRACKING
"27 Jun 2026  01:04:24",19958.5,GOOD,5.99,98.3,4460.0,NONE,TRACKING
"27 Jun 2026  01:04:54",19959.1,GOOD,5.99,98.4,4460.6,NONE,TRACKING
"27 Jun 2026  01:05:24",19958.7,GOOD,5.99,98.4,4460.2,NONE,TRACKING
"27 Jun 2026  01:05:54",19959.0,GOOD,5.99,98.4,4460.5,NONE,TRACKING
"27 Jun 2026  01:06:24",19959.5,GOOD,5.99,98.4,4461.0,NONE,TRACKING
"27 Jun 2026  01:06:54",19959.7,GOOD,5.99,98.4,4461.2,NONE,TRACKING
"27 Jun 2026  01:07:24",19959.3,GOOD,5.99,98.4,4460.8,NONE,TRACKING
"27 Jun 2026  01:07:54",19959.9,GOOD,5.99,98.4,4461.4,NONE,TRACKING
"27 Jun 2026  01:08:24",19959.9,GOOD,5.99,98.4,4461.4,NONE,TRACKING
"27 Jun 2026  01:08:54",19959.1,GOOD,5.99,98.4,4460.6,NONE,TRACKING
"27 Jun 2026  01:09:24",19959.0,GOOD,5.99,98.4,4460.5,NONE,TRACKING
"27 Jun 2026  01:09:54",19959.9,GOOD,5.99,98.4,4461.4,NONE,TRACKING
"27 Jun 2026  01:10:24",19959.4,GOOD,5.99,98.4,4460.9,NONE,TRACKING
"27 Jun 2026  01:10:54",19960.4,GOOD,5.99,98.4,4461.9,NONE,TRACKING
"27 Jun 2026  01:11:24",19959.3,GOOD,5.99,98.4,4460.8,NONE,TRACKING
"27 Jun 2026  01:11:54",19959.3,GOOD,5.99,98.4,4460.8,NONE,TRACKING
"27 Jun 2026  01:12:24",19960.0,GOOD,5.99,98.4,4461.5,NONE,TRACKING
"27 Jun 2026  01:12:54",19959.9,GOOD,5.99,98.4,4461.4,NONE,TRACKING
"27 Jun 2026  01:13:24",19960.2,GOOD,5.99,98.4,4461.7,NONE,TRACKING
"27 Jun 2026  01:13:54",19960.0,GOOD,5.99,98.4,4461.5,NONE,TRACKING
"27 Jun 2026  01:14:24",19960.1,GOOD,5.99,98.4,4461.6,NONE,TRACKING
"27 Jun 2026  01:14:54",19960.9,GOOD,5.99,98.4,4462.4,NONE,TRACKING
"27 Jun 2026  01:15:24",19960.1,GOOD,5.99,98.4,4461.6,NONE,TRACKING
"27 Jun 2026  01:15:54",19959.9,GOOD,5.99,98.4,4461.4,NONE,TRACKING
"27 Jun 2026  01:16:24",19959.8,GOOD,5.99,98.4,4461.3,NONE,TRACKING
"27 Jun 2026  01:16:54",19960.5,GOOD,5.99,98.4,4462.0,NONE,TRACKING
"27 Jun 2026  01:17:24",19959.7,GOOD,5.99,98.4,4461.2,NONE,TRACKING
"27 Jun 2026  01:17:54",19960.4,GOOD,5.99,98.4,4461.9,NONE,TRACKING
"27 Jun 2026  01:18:24",19960.5,GOOD,5.99,98.4,4462.0,NONE,TRACKING
"27 Jun 2026  01:18:54",19960.3,GOOD,5.99,98.4,4461.8,NONE,TRACKING
"27 Jun 2026  01:19:24",19960.4,GOOD,5.99,98.4,4461.9,NONE,TRACKING
"27 Jun 2026  01:19:54",19959.7,GOOD,5.99,98.4,4461.2,NONE,TRACKING
"27 Jun 2026  01:20:24",19959.6,GOOD,5.99,98.4,4461.1,NONE,TRACKING
"27 Jun 2026  01:20:54",19959.6,GOOD,5.99,98.4,4461.1,NONE,TRACKING
"27 Jun 2026  01:21:25",19959.5,GOOD,5.99,98.4,4461.0,NONE,TRACKING
"27 Jun 2026  01:21:55",19960.3,GOOD,5.99,98.4,4461.8,NONE,TRACKING
"27 Jun 2026  01:22:25",19960.7,GOOD,5.99,98.4,4462.2,NONE,TRACKING
"27 Jun 2026  01:22:55",19960.2,GOOD,5.99,98.4,4461.7,NONE,TRACKING
"27 Jun 2026  01:23:25",19960.2,GOOD,5.99,98.4,4461.7,NONE,TRACKING
"27 Jun 2026  01:23:55",19959.5,GOOD,5.99,98.4,4461.0,NONE,TRACKING
"27 Jun 2026  01:24:25",19960.3,GOOD,5.99,98.4,4461.8,NONE,TRACKING
"27 Jun 2026  01:24:55",19960.7,GOOD,5.99,98.4,4462.2,NONE,TRACKING
"27 Jun 2026  01:25:25",19959.4,GOOD,5.99,98.4,4460.9,NONE,TRACKING
"27 Jun 2026  01:25:55",19960.6,GOOD,5.99,98.4,4462.1,NONE,TRACKING
"27 Jun 2026  01:26:25",19960.1,GOOD,5.99,98.4,4461.6,NONE,TRACKING
"27 Jun 2026  01:26:55",19960.4,GOOD,5.99,98.4,4461.9,NONE,TRACKING
"27 Jun 2026  01:27:25",19961.8,GOOD,5.99,98.4,4463.3,NONE,TRACKING
"27 Jun 2026  01:27:55",19960.8,GOOD,5.99,98.4,4462.3,NONE,TRACKING
"27 Jun 2026  01:28:25",19960.4,GOOD,5.99,98.4,4461.9,NONE,TRACKING
"27 Jun 2026  01:28:55",19960.5,GOOD,5.99,98.4,4462.0,NONE,TRACKING
"27 Jun 2026  01:29:25",19961.3,GOOD,5.99,98.4,4462.8,NONE,TRACKING
"27 Jun 2026  01:29:55",19961.1,GOOD,5.99,98.4,4462.6,NONE,TRACKING
"27 Jun 2026  01:30:25",19960.0,GOOD,5.99,98.4,4461.5,NONE,TRACKING
"27 Jun 2026  01:30:55",19960.9,GOOD,5.99,98.4,4462.4,NONE,TRACKING
"27 Jun 2026  01:31:25",19961.4,GOOD,5.99,98.4,4462.9,NONE,TRACKING
"27 Jun 2026  01:31:55",19960.9,GOOD,5.99,98.4,4462.4,NONE,TRACKING
"27 Jun 2026  01:32:25",19961.2,GOOD,5.99,98.4,4462.7,NONE,TRACKING
"27 Jun 2026  01:32:55",19961.6,GOOD,5.99,98.4,4463.1,NONE,TRACKING
"27 Jun 2026  01:33:25",19959.8,GOOD,5.99,98.4,4461.3,NONE,TRACKING
"27 Jun 2026  01:33:55",19960.6,GOOD,5.99,98.4,4462.1,NONE,TRACKING
"27 Jun 2026  01:34:25",19961.4,GOOD,5.99,98.4,4462.9,NONE,TRACKING
"27 Jun 2026  01:34:55",19960.5,GOOD,5.99,98.4,4462.0,NONE,TRACKING
"27 Jun 2026  01:35:25",19960.1,GOOD,5.99,98.4,4461.6,NONE,TRACKING
"27 Jun 2026  01:35:55",19961.4,GOOD,5.99,98.4,4462.9,NONE,TRACKING
"27 Jun 2026  01:36:25",19961.0,GOOD,5.99,98.4,4462.5,NONE,TRACKING
"27 Jun 2026  01:36:55",19960.9,GOOD,5.99,98.4,4462.4,NONE,TRACKING
"27 Jun 2026  01:37:25",19961.3,GOOD,5.99,98.4,4462.8,NONE,TRACKING
"27 Jun 2026  01:37:55",19961.6,GOOD,5.99,98.4,4463.1,NONE,TRACKING
"27 Jun 2026  01:38:25",19960.9,GOOD,5.99,98.4,4462.4,NONE,TRACKING
"27 Jun 2026  01:38:56",19961.6,GOOD,5.99,98.4,4463.1,NONE,TRACKING
"27 Jun 2026  01:39:26",19961.0,GOOD,5.99,98.4,4462.5,NONE,TRACKING
"27 Jun 2026  01:39:56",19960.4,GOOD,5.99,98.4,4461.9,NONE,TRACKING
"27 Jun 2026  01:40:26",19960.2,GOOD,5.99,98.4,4461.7,NONE,TRACKING
"27 Jun 2026  01:40:56",19961.4,GOOD,5.99,98.4,4462.9,NONE,TRACKING
"27 Jun 2026  01:41:26",19961.4,GOOD,5.99,98.4,4462.9,NONE,TRACKING
"27 Jun 2026  01:41:56",19961.0,GOOD,5.99,98.4,4462.5,NONE,TRACKING
"27 Jun 2026  01:42:26",19960.8,GOOD,5.99,98.4,4462.3,NONE,TRACKING
"27 Jun 2026  01:42:56",19960.3,GOOD,5.99,98.4,4461.8,NONE,TRACKING
"27 Jun 2026  01:43:26",19960.1,GOOD,5.99,98.4,4461.6,NONE,TRACKING
"27 Jun 2026  01:43:56",19961.6,GOOD,5.99,98.4,4463.1,NONE,TRACKING
"27 Jun 2026  01:44:26",19961.2,GOOD,5.99,98.4,4462.7,NONE,TRACKING
"27 Jun 2026  01:44:56",19961.8,GOOD,5.99,98.4,4463.3,NONE,TRACKING
"27 Jun 2026  01:45:26",19962.1,GOOD,5.99,98.4,4463.6,NONE,TRACKING
"27 Jun 2026  01:45:56",19961.1,GOOD,5.99,98.4,4462.6,NONE,TRACKING
"27 Jun 2026  01:46:26",19960.9,GOOD,5.99,98.4,4462.4,NONE,TRACKING
"27 Jun 2026  01:46:56",19962.3,GOOD,5.99,98.4,4463.8,NONE,TRACKING
"27 Jun 2026  01:47:26",19962.3,GOOD,5.99,98.4,4463.8,NONE,TRACKING
"27 Jun 2026  01:47:56",19961.0,GOOD,5.99,98.4,4462.5,NONE,TRACKING
"27 Jun 2026  01:48:26",19960.9,GOOD,5.99,98.4,4462.4,NONE,TRACKING
"27 Jun 2026  01:48:56",19961.0,GOOD,5.99,98.4,4462.5,NONE,TRACKING
"27 Jun 2026  01:49:26",19960.6,GOOD,5.99,98.4,4462.1,NONE,TRACKING
"27 Jun 2026  01:49:56",19961.3,GOOD,5.99,98.4,4462.8,NONE,TRACKING
"27 Jun 2026  01:50:26",19962.3,GOOD,5.99,98.4,4463.8,NONE,TRACKING
"27 Jun 2026  01:50:56",19960.9,GOOD,5.99,98.4,4462.4,NONE,TRACKING
"27 Jun 2026  01:51:26",19961.4,GOOD,5.99,98.4,4462.9,NONE,TRACKING
"27 Jun 2026  01:51:56",19961.1,GOOD,5.99,98.4,4462.6,NONE,TRACKING
"27 Jun 2026  01:52:26",19961.4,GOOD,5.99,98.4,4462.9,NONE,TRACKING
"27 Jun 2026  01:52:56",19960.9,GOOD,5.99,98.4,4462.4,NONE,TRACKING
"27 Jun 2026  01:53:26",19960.3,GOOD,5.99,98.4,4461.8,NONE,TRACKING
"27 Jun 2026  01:53:56",19959.9,GOOD,5.99,98.4,4461.4,NONE,TRACKING
"27 Jun 2026  01:54:26",19960.9,GOOD,5.99,98.4,4462.4,NONE,TRACKING
"27 Jun 2026  01:54:56",19960.9,GOOD,5.99,98.4,4462.4,NONE,TRACKING
"27 Jun 2026  01:55:26",19960.3,GOOD,5.99,98.4,4461.8,NONE,TRACKING
"27 Jun 2026  01:55:56",19961.8,GOOD,5.99,98.4,4463.3,NONE,TRACKING
"27 Jun 2026  01:56:26",19960.8,GOOD,5.99,98.4,4462.3,NONE,TRACKING
"27 Jun 2026  01:56:56",19961.1,GOOD,5.99,98.4,4462.6,NONE,TRACKING
"27 Jun 2026  01:57:26",19961.1,GOOD,5.99,98.4,4462.6,NONE,TRACKING
"27 Jun 2026  01:57:56",19961.9,GOOD,5.99,98.4,4463.4,NONE,TRACKING
"27 Jun 2026  01:58:26",19961.1,GOOD,5.99,98.4,4462.6,NONE,TRACKING
"27 Jun 2026  01:58:56",19960.4,GOOD,5.99,98.4,4461.9,NONE,TRACKING
"27 Jun 2026  01:59:26",19961.1,GOOD,5.99,98.4,4462.6,NONE,TRACKING
"27 Jun 2026  01:59:57",19961.5,GOOD,5.99,98.4,4463.0,NONE,TRACKING
"27 Jun 2026  02:00:27",19961.7,GOOD,5.99,98.4,4463.2,NONE,TRACKING
"27 Jun 2026  02:00:57",19961.6,GOOD,5.99,98.4,4463.1,NONE,TRACKING
"27 Jun 2026  02:01:27",19960.3,GOOD,5.99,98.4,4461.8,NONE,TRACKING
"27 Jun 2026  02:01:57",19961.4,GOOD,5.99,98.4,4462.9,NONE,TRACKING
"27 Jun 2026  02:02:27",19960.9,GOOD,5.99,98.4,4462.4,NONE,TRACKING
"27 Jun 2026  02:02:57",19961.4,GOOD,5.99,98.4,4462.9,NONE,TRACKING
"27 Jun 2026  02:03:27",19961.2,GOOD,5.99,98.4,4462.7,NONE,TRACKING
"27 Jun 2026  02:03:57",19962.3,GOOD,5.99,98.4,4463.8,NONE,TRACKING
"27 Jun 2026  02:04:27",19962.1,GOOD,5.99,98.4,4463.6,NONE,TRACKING
"27 Jun 2026  02:04:57",19963.8,GOOD,5.99,98.5,4465.3,NONE,TRACKING
"27 Jun 2026  02:05:27",19962.0,GOOD,5.99,98.4,4463.5,NONE,TRACKING
"27 Jun 2026  02:05:57",19961.3,GOOD,5.99,98.4,4462.8,NONE,TRACKING
"27 Jun 2026  02:06:27",19962.0,GOOD,5.99,98.4,4463.5,NONE,TRACKING
"27 Jun 2026  02:06:57",19962.0,GOOD,5.99,98.4,4463.5,NONE,TRACKING
"27 Jun 2026  02:07:27",19961.4,GOOD,5.99,98.4,4462.9,NONE,TRACKING
"27 Jun 2026  02:07:57",19961.8,GOOD,5.99,98.4,4463.3,NONE,TRACKING
"27 Jun 2026  02:08:27",19961.6,GOOD,5.99,98.4,4463.1,NONE,TRACKING
"27 Jun 2026  02:08:57",19962.3,GOOD,5.99,98.4,4463.8,NONE,TRACKING
"27 Jun 2026  02:09:27",19961.9,GOOD,5.99,98.4,4463.4,NONE,TRACKING
"27 Jun 2026  02:09:57",19961.5,GOOD,5.99,98.4,4463.0,NONE,TRACKING
"27 Jun 2026  02:10:27",19962.5,GOOD,5.99,98.4,4464.0,NONE,TRACKING
"27 Jun 2026  02:10:57",19962.0,GOOD,5.99,98.4,4463.5,NONE,TRACKING
"27 Jun 2026  02:11:27",19961.5,GOOD,5.99,98.4,4463.0,NONE,TRACKING
"27 Jun 2026  02:11:57",19961.3,GOOD,5.99,98.4,4462.8,NONE,TRACKING
"27 Jun 2026  02:12:27",19961.7,GOOD,5.99,98.4,4463.2,NONE,TRACKING
"27 Jun 2026  02:12:57",19961.7,GOOD,5.99,98.4,4463.2,NONE,TRACKING
"27 Jun 2026  02:13:27",19961.8,GOOD,5.99,98.4,4463.3,NONE,TRACKING
"27 Jun 2026  02:13:57",19962.1,GOOD,5.99,98.4,4463.6,NONE,TRACKING
"27 Jun 2026  02:14:27",19961.7,GOOD,5.99,98.4,4463.2,NONE,TRACKING
"27 Jun 2026  02:14:57",19961.9,GOOD,5.99,98.4,4463.4,NONE,TRACKING
"27 Jun 2026  02:15:27",19961.6,GOOD,5.99,98.4,4463.1,NONE,TRACKING
"27 Jun 2026  02:15:57",19962.0,GOOD,5.99,98.4,4463.5,NONE,TRACKING
"27 Jun 2026  02:16:27",19962.0,GOOD,5.99,98.4,4463.5,NONE,TRACKING
"27 Jun 2026  02:16:57",19962.4,GOOD,5.99,98.4,4463.9,NONE,TRACKING
"27 Jun 2026  02:17:27",19961.5,GOOD,5.99,98.4,4463.0,NONE,TRACKING
"27 Jun 2026  02:17:57",19962.1,GOOD,5.99,98.4,4463.6,NONE,TRACKING
"27 Jun 2026  02:18:27",19962.1,GOOD,5.99,98.4,4463.6,NONE,TRACKING
"27 Jun 2026  02:18:58",19961.1,GOOD,5.99,98.4,4462.6,NONE,TRACKING
"27 Jun 2026  02:19:28",19962.4,GOOD,5.99,98.4,4463.9,NONE,TRACKING
"27 Jun 2026  02:19:58",19963.6,GOOD,5.99,98.5,4465.1,NONE,TRACKING
"27 Jun 2026  02:20:28",19963.4,GOOD,5.99,98.5,4464.9,NONE,TRACKING
"27 Jun 2026  02:20:58",19962.8,GOOD,5.99,98.4,4464.3,NONE,TRACKING
"27 Jun 2026  02:21:28",19961.2,GOOD,5.99,98.4,4462.7,NONE,TRACKING
"27 Jun 2026  02:21:58",19961.7,GOOD,5.99,98.4,4463.2,NONE,TRACKING
"27 Jun 2026  02:22:28",19963.1,GOOD,5.99,98.4,4464.6,NONE,TRACKING
"27 Jun 2026  02:22:58",19963.4,GOOD,5.99,98.5,4464.9,NONE,TRACKING
"27 Jun 2026  02:23:28",19962.5,GOOD,5.99,98.4,4464.0,NONE,TRACKING
"27 Jun 2026  02:23:58",19962.1,GOOD,5.99,98.4,4463.6,NONE,TRACKING
"27 Jun 2026  02:24:28",19963.2,GOOD,5.99,98.4,4464.7,NONE,TRACKING
"27 Jun 2026  02:24:58",19962.1,GOOD,5.99,98.4,4463.6,NONE,TRACKING
"27 Jun 2026  02:25:28",19962.2,GOOD,5.99,98.4,4463.7,NONE,TRACKING
"27 Jun 2026  02:25:58",19962.3,GOOD,5.99,98.4,4463.8,NONE,TRACKING
"27 Jun 2026  02:26:28",19962.4,GOOD,5.99,98.4,4463.9,NONE,TRACKING
"27 Jun 2026  02:26:58",19961.8,GOOD,5.99,98.4,4463.3,NONE,TRACKING
"27 Jun 2026  02:27:28",19962.0,GOOD,5.99,98.4,4463.5,NONE,TRACKING
"27 Jun 2026  02:27:58",19962.3,GOOD,5.99,98.4,4463.8,NONE,TRACKING
"27 Jun 2026  02:28:28",19963.0,GOOD,5.99,98.4,4464.5,NONE,TRACKING
"27 Jun 2026  02:28:58",19962.7,GOOD,5.99,98.4,4464.2,NONE,TRACKING
"27 Jun 2026  02:29:28",19961.7,GOOD,5.99,98.4,4463.2,NONE,TRACKING
"27 Jun 2026  02:29:58",19961.9,GOOD,5.99,98.4,4463.4,NONE,TRACKING
"27 Jun 2026  02:30:28",19963.0,GOOD,5.99,98.4,4464.5,NONE,TRACKING
"27 Jun 2026  02:30:58",19962.4,GOOD,5.99,98.4,4463.9,NONE,TRACKING
"27 Jun 2026  02:31:28",19962.5,GOOD,5.99,98.4,4464.0,NONE,TRACKING
"27 Jun 2026  02:31:58",19962.2,GOOD,5.99,98.4,4463.7,NONE,TRACKING
"27 Jun 2026  02:32:28",19961.5,GOOD,5.99,98.4,4463.0,NONE,TRACKING
"27 Jun 2026  02:32:58",19962.4,GOOD,5.99,98.4,4463.9,NONE,TRACKING
"27 Jun 2026  02:33:28",19962.3,GOOD,5.99,98.4,4463.8,NONE,TRACKING
"27 Jun 2026  02:33:58",19962.8,GOOD,5.99,98.4,4464.3,NONE,TRACKING
"27 Jun 2026  02:34:28",19961.6,GOOD,5.99,98.4,4463.1,NONE,TRACKING
"27 Jun 2026  02:34:58",19962.8,GOOD,5.99,98.4,4464.3,NONE,TRACKING
"27 Jun 2026  02:35:28",19962.7,GOOD,5.99,98.4,4464.2,NONE,TRACKING
"27 Jun 2026  02:35:58",19962.4,GOOD,5.99,98.4,4463.9,NONE,TRACKING
"27 Jun 2026  02:36:29",19963.1,GOOD,5.99,98.4,4464.6,NONE,TRACKING
"27 Jun 2026  02:36:59",19963.6,GOOD,5.99,98.5,4465.1,NONE,TRACKING
"27 Jun 2026  02:37:29",19962.7,GOOD,5.99,98.4,4464.2,NONE,TRACKING
"27 Jun 2026  02:37:59",19963.3,GOOD,5.99,98.5,4464.8,NONE,TRACKING
"27 Jun 2026  02:38:29",19962.1,GOOD,5.99,98.4,4463.6,NONE,TRACKING
"27 Jun 2026  02:38:59",19961.0,GOOD,5.99,98.4,4462.5,NONE,TRACKING
"27 Jun 2026  02:39:29",19962.2,GOOD,5.99,98.4,4463.7,NONE,TRACKING
"27 Jun 2026  02:39:59",19963.5,GOOD,5.99,98.5,4465.0,NONE,TRACKING
"27 Jun 2026  02:40:29",19963.2,GOOD,5.99,98.4,4464.7,NONE,TRACKING
"27 Jun 2026  02:40:59",19963.5,GOOD,5.99,98.5,4465.0,NONE,TRACKING
"27 Jun 2026  02:41:29",19963.7,GOOD,5.99,98.5,4465.2,NONE,TRACKING
"27 Jun 2026  02:41:59",19963.3,GOOD,5.99,98.5,4464.8,NONE,TRACKING
"27 Jun 2026  02:42:29",19962.2,GOOD,5.99,98.4,4463.7,NONE,TRACKING
"27 Jun 2026  02:42:59",19963.4,GOOD,5.99,98.5,4464.9,NONE,TRACKING
"27 Jun 2026  02:43:29",19963.9,GOOD,5.99,98.5,4465.4,NONE,TRACKING
"27 Jun 2026  02:43:59",19962.2,GOOD,5.99,98.4,4463.7,NONE,TRACKING
"27 Jun 2026  02:44:29",19963.6,GOOD,5.99,98.5,4465.1,NONE,TRACKING
"27 Jun 2026  02:44:59",19963.5,GOOD,5.99,98.5,4465.0,NONE,TRACKING
"27 Jun 2026  02:45:29",19963.0,GOOD,5.99,98.4,4464.5,NONE,TRACKING
"27 Jun 2026  02:45:59",19963.2,GOOD,5.99,98.4,4464.7,NONE,TRACKING
"27 Jun 2026  02:46:29",19963.0,GOOD,5.99,98.4,4464.5,NONE,TRACKING
"27 Jun 2026  02:46:59",19963.8,GOOD,5.99,98.5,4465.3,NONE,TRACKING
"27 Jun 2026  02:47:29",19962.8,GOOD,5.99,98.4,4464.3,NONE,TRACKING
"27 Jun 2026  02:47:59",19963.5,GOOD,5.99,98.5,4465.0,NONE,TRACKING
"27 Jun 2026  02:48:29",19963.0,GOOD,5.99,98.4,4464.5,NONE,TRACKING
"27 Jun 2026  02:48:59",19962.8,GOOD,5.99,98.4,4464.3,NONE,TRACKING
"27 Jun 2026  02:49:29",19963.1,GOOD,5.99,98.4,4464.6,NONE,TRACKING
"27 Jun 2026  02:49:59",19963.3,GOOD,5.99,98.5,4464.8,NONE,TRACKING
"27 Jun 2026  02:50:29",19964.5,GOOD,5.99,98.5,4466.0,NONE,TRACKING
"27 Jun 2026  02:50:59",19964.2,GOOD,5.99,98.5,4465.7,NONE,TRACKING
"27 Jun 2026  02:51:29",19964.2,GOOD,5.99,98.5,4465.7,NONE,TRACKING
"27 Jun 2026  02:51:59",19963.8,GOOD,5.99,98.5,4465.3,NONE,TRACKING
"27 Jun 2026  02:52:29",19963.3,GOOD,5.99,98.5,4464.8,NONE,TRACKING
"27 Jun 2026  02:52:59",19964.6,GOOD,5.99,98.5,4466.1,NONE,TRACKING
"27 Jun 2026  02:53:29",19963.9,GOOD,5.99,98.5,4465.4,NONE,TRACKING
"27 Jun 2026  02:53:59",19964.4,GOOD,5.99,98.5,4465.9,NONE,TRACKING
"27 Jun 2026  02:54:29",19963.9,GOOD,5.99,98.5,4465.4,NONE,TRACKING
"27 Jun 2026  02:54:59",19964.0,GOOD,5.99,98.5,4465.5,NONE,TRACKING
"27 Jun 2026  02:55:29",19964.6,GOOD,5.99,98.5,4466.1,NONE,TRACKING
"27 Jun 2026  02:55:59",19964.0,GOOD,5.99,98.5,4465.5,NONE,TRACKING
"27 Jun 2026  02:56:29",19964.7,GOOD,5.99,98.5,4466.2,NONE,TRACKING
"27 Jun 2026  02:57:00",19964.6,GOOD,5.99,98.5,4466.1,NONE,TRACKING
"27 Jun 2026  02:57:30",19964.0,GOOD,5.99,98.5,4465.5,NONE,TRACKING
"27 Jun 2026  02:58:00",19964.5,GOOD,5.99,98.5,4466.0,NONE,TRACKING
"27 Jun 2026  02:58:30",19963.8,GOOD,5.99,98.5,4465.3,NONE,TRACKING
"27 Jun 2026  02:59:00",19964.4,GOOD,5.99,98.5,4465.9,NONE,TRACKING
"27 Jun 2026  02:59:30",19964.0,GOOD,5.99,98.5,4465.5,NONE,TRACKING
"27 Jun 2026  03:00:00",19964.1,GOOD,5.99,98.5,4465.6,NONE,TRACKING
"27 Jun 2026  03:00:30",19965.1,GOOD,5.99,98.5,4466.6,NONE,TRACKING
"27 Jun 2026  03:01:00",19964.5,GOOD,5.99,98.5,4466.0,NONE,TRACKING
"27 Jun 2026  03:01:30",19965.0,GOOD,5.99,98.5,4466.5,NONE,TRACKING
"27 Jun 2026  03:02:00",19964.1,GOOD,5.99,98.5,4465.6,NONE,TRACKING
"27 Jun 2026  03:02:30",19963.9,GOOD,5.99,98.5,4465.4,NONE,TRACKING
"27 Jun 2026  03:03:00",19964.4,GOOD,5.99,98.5,4465.9,NONE,TRACKING
"27 Jun 2026  03:03:30",19964.9,GOOD,5.99,98.5,4466.4,NONE,TRACKING
"27 Jun 2026  03:04:00",19964.5,GOOD,5.99,98.5,4466.0,NONE,TRACKING
"27 Jun 2026  03:04:30",19964.8,GOOD,5.99,98.5,4466.3,NONE,TRACKING
"27 Jun 2026  03:05:00",19964.2,GOOD,5.99,98.5,4465.7,NONE,TRACKING
"27 Jun 2026  03:05:30",19964.4,GOOD,5.99,98.5,4465.9,NONE,TRACKING
"27 Jun 2026  03:06:00",19964.6,GOOD,5.99,98.5,4466.1,NONE,TRACKING
"27 Jun 2026  03:06:30",19965.7,GOOD,5.99,98.5,4467.2,NONE,TRACKING
"27 Jun 2026  03:07:00",19966.0,GOOD,5.99,98.5,4467.5,NONE,TRACKING
"27 Jun 2026  03:07:30",19965.2,GOOD,5.99,98.5,4466.7,NONE,TRACKING
"27 Jun 2026  03:08:00",19965.1,GOOD,5.99,98.5,4466.6,NONE,TRACKING
"27 Jun 2026  03:08:30",19965.6,GOOD,5.99,98.5,4467.1,NONE,TRACKING
"27 Jun 2026  03:09:00",19965.5,GOOD,5.99,98.5,4467.0,NONE,TRACKING
"27 Jun 2026  03:09:30",19965.1,GOOD,5.99,98.5,4466.6,NONE,TRACKING
"27 Jun 2026  03:10:00",19965.4,GOOD,5.99,98.5,4466.9,NONE,TRACKING
"27 Jun 2026  03:10:30",19966.4,GOOD,5.99,98.5,4467.9,NONE,TRACKING
"27 Jun 2026  03:11:00",19965.5,GOOD,5.99,98.5,4467.0,NONE,TRACKING
"27 Jun 2026  03:11:30",19965.7,GOOD,5.99,98.5,4467.2,NONE,TRACKING
"27 Jun 2026  03:12:01",19964.2,GOOD,5.99,98.5,4465.7,NONE,TRACKING
"27 Jun 2026  03:12:31",19966.1,GOOD,5.99,98.5,4467.6,NONE,TRACKING
"27 Jun 2026  03:13:01",19965.8,GOOD,5.99,98.5,4467.3,NONE,TRACKING
"27 Jun 2026  03:13:31",19966.0,GOOD,5.99,98.5,4467.5,NONE,TRACKING
"27 Jun 2026  03:14:01",19965.9,GOOD,5.99,98.5,4467.4,NONE,TRACKING
"27 Jun 2026  03:14:31",19965.9,GOOD,5.99,98.5,4467.4,NONE,TRACKING
"27 Jun 2026  03:15:01",19966.7,GOOD,5.99,98.5,4468.2,NONE,TRACKING
"27 Jun 2026  03:15:31",19966.7,GOOD,5.99,98.5,4468.2,NONE,TRACKING
"27 Jun 2026  03:16:01",19966.1,GOOD,5.99,98.5,4467.6,NONE,TRACKING
"27 Jun 2026  03:16:31",19965.9,GOOD,5.99,98.5,4467.4,NONE,TRACKING
"27 Jun 2026  03:17:01",19965.9,GOOD,5.99,98.5,4467.4,NONE,TRACKING
"27 Jun 2026  03:17:31",19966.3,GOOD,5.99,98.5,4467.8,NONE,TRACKING
"27 Jun 2026  03:18:01",19966.6,GOOD,5.99,98.5,4468.1,NONE,TRACKING
"27 Jun 2026  03:18:31",19965.7,GOOD,5.99,98.5,4467.2,NONE,TRACKING
"27 Jun 2026  03:19:01",19965.4,GOOD,5.99,98.5,4466.9,NONE,TRACKING
"27 Jun 2026  03:19:31",19965.9,GOOD,5.99,98.5,4467.4,NONE,TRACKING
"27 Jun 2026  03:20:01",19966.1,GOOD,5.99,98.5,4467.6,NONE,TRACKING
"27 Jun 2026  03:20:31",19966.8,GOOD,5.99,98.5,4468.3,NONE,TRACKING
"27 Jun 2026  03:21:01",19966.2,GOOD,5.99,98.5,4467.7,NONE,TRACKING
"27 Jun 2026  03:21:31",19967.2,GOOD,5.99,98.5,4468.7,NONE,TRACKING
"27 Jun 2026  03:22:01",19966.1,GOOD,5.99,98.5,4467.6,NONE,TRACKING
"27 Jun 2026  03:22:31",19966.6,GOOD,5.99,98.5,4468.1,NONE,TRACKING
"27 Jun 2026  03:23:01",19966.0,GOOD,5.99,98.5,4467.5,NONE,TRACKING
"27 Jun 2026  03:23:31",19966.8,GOOD,5.99,98.5,4468.3,NONE,TRACKING
"27 Jun 2026  03:24:01",19967.4,GOOD,5.99,98.5,4468.9,NONE,TRACKING
"27 Jun 2026  03:24:31",19965.7,GOOD,5.99,98.5,4467.2,NONE,TRACKING
"27 Jun 2026  03:25:01",19965.9,GOOD,5.99,98.5,4467.4,NONE,TRACKING
"27 Jun 2026  03:25:31",19966.9,GOOD,5.99,98.5,4468.4,NONE,TRACKING
"27 Jun 2026  03:26:01",19967.5,GOOD,5.99,98.5,4469.0,NONE,TRACKING
"27 Jun 2026  03:26:31",19966.8,GOOD,5.99,98.5,4468.3,NONE,TRACKING
"27 Jun 2026  03:27:01",19966.9,GOOD,5.99,98.5,4468.4,NONE,TRACKING
"27 Jun 2026  03:27:31",19967.0,GOOD,5.99,98.5,4468.5,NONE,TRACKING
"27 Jun 2026  03:28:01",19966.5,GOOD,5.99,98.5,4468.0,NONE,TRACKING
"27 Jun 2026  03:28:31",19967.6,GOOD,5.99,98.5,4469.1,NONE,TRACKING
"27 Jun 2026  03:29:02",19967.1,GOOD,5.99,98.5,4468.6,NONE,TRACKING
"27 Jun 2026  03:29:32",19967.0,GOOD,5.99,98.5,4468.5,NONE,TRACKING
"27 Jun 2026  03:30:02",19966.7,GOOD,5.99,98.5,4468.2,NONE,TRACKING
"27 Jun 2026  03:30:32",19967.3,GOOD,5.99,98.5,4468.8,NONE,TRACKING
"27 Jun 2026  03:31:02",19967.5,GOOD,5.99,98.5,4469.0,NONE,TRACKING
"27 Jun 2026  03:31:32",19967.1,GOOD,5.99,98.5,4468.6,NONE,TRACKING
"27 Jun 2026  03:32:02",19966.9,GOOD,5.99,98.5,4468.4,NONE,TRACKING
"27 Jun 2026  03:32:32",19967.2,GOOD,5.99,98.5,4468.7,NONE,TRACKING
"27 Jun 2026  03:33:02",19967.0,GOOD,5.99,98.5,4468.5,NONE,TRACKING
"27 Jun 2026  03:33:32",19966.2,GOOD,5.99,98.5,4467.7,NONE,TRACKING
"27 Jun 2026  03:34:02",19967.5,GOOD,5.99,98.5,4469.0,NONE,TRACKING
"27 Jun 2026  03:34:32",19966.6,GOOD,5.99,98.5,4468.1,NONE,TRACKING
"27 Jun 2026  03:35:02",19966.4,GOOD,5.99,98.5,4467.9,NONE,TRACKING
"27 Jun 2026  03:35:32",19966.5,GOOD,5.99,98.5,4468.0,NONE,TRACKING
"27 Jun 2026  03:36:02",19968.2,GOOD,5.99,98.6,4469.7,NONE,TRACKING
"27 Jun 2026  03:36:32",19966.9,GOOD,5.99,98.5,4468.4,NONE,TRACKING
"27 Jun 2026  03:37:02",19967.5,GOOD,5.99,98.5,4469.0,NONE,TRACKING
"27 Jun 2026  03:37:32",19966.7,GOOD,5.99,98.5,4468.2,NONE,TRACKING
"27 Jun 2026  03:38:02",19967.7,GOOD,5.99,98.5,4469.2,NONE,TRACKING
"27 Jun 2026  03:38:32",19967.5,GOOD,5.99,98.5,4469.0,NONE,TRACKING
"27 Jun 2026  03:39:02",19967.2,GOOD,5.99,98.5,4468.7,NONE,TRACKING
"27 Jun 2026  03:39:32",19967.7,GOOD,5.99,98.5,4469.2,NONE,TRACKING
"27 Jun 2026  03:40:02",19967.3,GOOD,5.99,98.5,4468.8,NONE,TRACKING
"27 Jun 2026  03:40:32",19967.2,GOOD,5.99,98.5,4468.7,NONE,TRACKING
"27 Jun 2026  03:41:02",19967.9,GOOD,5.99,98.6,4469.4,NONE,TRACKING
"27 Jun 2026  03:41:32",19968.2,GOOD,5.99,98.6,4469.7,NONE,TRACKING
"27 Jun 2026  03:42:02",19967.2,GOOD,5.99,98.5,4468.7,NONE,TRACKING
"27 Jun 2026  03:42:32",19967.9,GOOD,5.99,98.6,4469.4,NONE,TRACKING
"27 Jun 2026  03:43:02",19968.1,GOOD,5.99,98.6,4469.6,NONE,TRACKING
"27 Jun 2026  03:43:32",19967.6,GOOD,5.99,98.5,4469.1,NONE,TRACKING
"27 Jun 2026  03:44:02",19967.8,GOOD,5.99,98.6,4469.3,NONE,TRACKING
"27 Jun 2026  03:44:32",19967.4,GOOD,5.99,98.5,4468.9,NONE,TRACKING
"27 Jun 2026  03:45:02",19968.6,GOOD,5.99,98.6,4470.1,NONE,TRACKING
"27 Jun 2026  03:45:32",19968.5,GOOD,5.99,98.6,4470.0,NONE,TRACKING
"27 Jun 2026  03:46:02",19968.2,GOOD,5.99,98.6,4469.7,NONE,TRACKING
"27 Jun 2026  03:46:32",19967.7,GOOD,5.99,98.5,4469.2,NONE,TRACKING
"27 Jun 2026  03:47:02",19967.3,GOOD,5.99,98.5,4468.8,NONE,TRACKING
"27 Jun 2026  03:47:32",19968.5,GOOD,5.99,98.6,4470.0,NONE,TRACKING
"27 Jun 2026  03:48:03",19968.0,GOOD,5.99,98.6,4469.5,NONE,TRACKING
"27 Jun 2026  03:48:33",19968.6,GOOD,5.99,98.6,4470.1,NONE,TRACKING
"27 Jun 2026  03:49:03",19967.8,GOOD,5.99,98.6,4469.3,NONE,TRACKING
"27 Jun 2026  03:49:33",19968.0,GOOD,5.99,98.6,4469.5,NONE,TRACKING
"27 Jun 2026  03:50:03",19968.4,GOOD,5.99,98.6,4469.9,NONE,TRACKING
"27 Jun 2026  03:50:33",19968.1,GOOD,5.99,98.6,4469.6,NONE,TRACKING
"27 Jun 2026  03:51:03",19967.7,GOOD,5.99,98.5,4469.2,NONE,TRACKING
"27 Jun 2026  03:51:33",19967.4,GOOD,5.99,98.5,4468.9,NONE,TRACKING
"27 Jun 2026  03:52:03",19968.9,GOOD,5.99,98.6,4470.4,NONE,TRACKING
"27 Jun 2026  03:52:33",19969.3,GOOD,5.99,98.6,4470.8,NONE,TRACKING
"27 Jun 2026  03:53:03",19967.9,GOOD,5.99,98.6,4469.4,NONE,TRACKING
"27 Jun 2026  03:53:33",19967.5,GOOD,5.99,98.5,4469.0,NONE,TRACKING
"27 Jun 2026  03:54:03",19967.5,GOOD,5.99,98.5,4469.0,NONE,TRACKING
"27 Jun 2026  03:54:33",19967.1,GOOD,5.99,98.5,4468.6,NONE,TRACKING
"27 Jun 2026  03:55:03",19968.1,GOOD,5.99,98.6,4469.6,NONE,TRACKING
"27 Jun 2026  03:55:33",19968.7,GOOD,5.99,98.6,4470.2,NONE,TRACKING
"27 Jun 2026  03:56:03",19967.9,GOOD,5.99,98.6,4469.4,NONE,TRACKING
"27 Jun 2026  03:56:33",19968.7,GOOD,5.99,98.6,4470.2,NONE,TRACKING
"27 Jun 2026  03:57:03",19969.2,GOOD,5.99,98.6,4470.7,NONE,TRACKING
"27 Jun 2026  03:57:33",19968.3,GOOD,5.99,98.6,4469.8,NONE,TRACKING
"27 Jun 2026  03:58:03",19968.1,GOOD,5.99,98.6,4469.6,NONE,TRACKING
"27 Jun 2026  03:58:33",19968.0,GOOD,5.99,98.6,4469.5,NONE,TRACKING
"27 Jun 2026  03:59:03",19967.9,GOOD,5.99,98.6,4469.4,NONE,TRACKING
"27 Jun 2026  03:59:33",19968.8,GOOD,5.99,98.6,4470.3,NONE,TRACKING
"27 Jun 2026  04:00:03",19968.0,GOOD,5.99,98.6,4469.5,NONE,TRACKING
"27 Jun 2026  04:00:33",19969.3,GOOD,5.99,98.6,4470.8,NONE,TRACKING
"27 Jun 2026  04:01:03",19967.5,GOOD,5.99,98.5,4469.0,NONE,TRACKING
"27 Jun 2026  04:01:33",19967.7,GOOD,5.99,98.5,4469.2,NONE,TRACKING
"27 Jun 2026  04:02:03",19968.5,GOOD,5.99,98.6,4470.0,NONE,TRACKING
"27 Jun 2026  04:02:33",19967.5,GOOD,5.99,98.5,4469.0,NONE,TRACKING
"27 Jun 2026  04:03:03",19968.8,GOOD,5.99,98.6,4470.3,NONE,TRACKING
"27 Jun 2026  04:03:33",19969.4,GOOD,5.99,98.6,4470.9,NONE,TRACKING
"27 Jun 2026  04:04:03",19970.2,GOOD,5.99,98.6,4471.7,NONE,TRACKING
"27 Jun 2026  04:04:33",19968.6,GOOD,5.99,98.6,4470.1,NONE,TRACKING
"27 Jun 2026  04:05:03",19969.1,GOOD,5.99,98.6,4470.6,NONE,TRACKING
"27 Jun 2026  04:05:33",19969.3,GOOD,5.99,98.6,4470.8,NONE,TRACKING
"27 Jun 2026  04:06:04",19968.8,GOOD,5.99,98.6,4470.3,NONE,TRACKING
"27 Jun 2026  04:06:34",19968.2,GOOD,5.99,98.6,4469.7,NONE,TRACKING
"27 Jun 2026  04:07:04",19967.1,GOOD,5.99,98.5,4468.6,NONE,TRACKING
"27 Jun 2026  04:07:34",19967.9,GOOD,5.99,98.6,4469.4,NONE,TRACKING
"27 Jun 2026  04:08:04",19968.9,GOOD,5.99,98.6,4470.4,NONE,TRACKING
"27 Jun 2026  04:08:34",19969.4,GOOD,5.99,98.6,4470.9,NONE,TRACKING
"27 Jun 2026  04:09:04",19969.7,GOOD,5.99,98.6,4471.2,NONE,TRACKING
"27 Jun 2026  04:09:34",19968.9,GOOD,5.99,98.6,4470.4,NONE,TRACKING
"27 Jun 2026  04:10:04",19969.4,GOOD,5.99,98.6,4470.9,NONE,TRACKING
"27 Jun 2026  04:10:34",19970.2,GOOD,5.99,98.6,4471.7,NONE,TRACKING
"27 Jun 2026  04:11:04",19969.8,GOOD,5.99,98.6,4471.3,NONE,TRACKING
"27 Jun 2026  04:11:34",19969.1,GOOD,5.99,98.6,4470.6,NONE,TRACKING
"27 Jun 2026  04:12:04",19969.9,GOOD,5.99,98.6,4471.4,NONE,TRACKING
"27 Jun 2026  04:12:34",19970.5,GOOD,5.99,98.6,4472.0,NONE,TRACKING
"27 Jun 2026  04:13:04",19971.1,GOOD,5.99,98.6,4472.6,NONE,TRACKING
"27 Jun 2026  04:13:34",19969.2,GOOD,5.99,98.6,4470.7,NONE,TRACKING
"27 Jun 2026  04:14:04",19969.7,GOOD,5.99,98.6,4471.2,NONE,TRACKING
"27 Jun 2026  04:14:34",19970.0,GOOD,5.99,98.6,4471.5,NONE,TRACKING
"27 Jun 2026  04:15:04",19969.6,GOOD,5.99,98.6,4471.1,NONE,TRACKING
"27 Jun 2026  04:15:34",19970.2,GOOD,5.99,98.6,4471.7,NONE,TRACKING
"27 Jun 2026  04:16:04",19970.0,GOOD,5.99,98.6,4471.5,NONE,TRACKING
"27 Jun 2026  04:16:34",19969.1,GOOD,5.99,98.6,4470.6,NONE,TRACKING
"27 Jun 2026  04:17:04",19969.6,GOOD,5.99,98.6,4471.1,NONE,TRACKING
"27 Jun 2026  04:17:34",19970.2,GOOD,5.99,98.6,4471.7,NONE,TRACKING
"27 Jun 2026  04:18:04",19969.4,GOOD,5.99,98.6,4470.9,NONE,TRACKING
"27 Jun 2026  04:18:34",19970.2,GOOD,5.99,98.6,4471.7,NONE,TRACKING
"27 Jun 2026  04:19:04",19970.0,GOOD,5.99,98.6,4471.5,NONE,TRACKING
"27 Jun 2026  04:19:34",19970.1,GOOD,5.99,98.6,4471.6,NONE,TRACKING
"27 Jun 2026  04:20:04",19969.4,GOOD,5.99,98.6,4470.9,NONE,TRACKING
"27 Jun 2026  04:20:34",19970.4,GOOD,5.99,98.6,4471.9,NONE,TRACKING
"27 Jun 2026  04:21:04",19970.6,GOOD,5.99,98.6,4472.1,NONE,TRACKING
"27 Jun 2026  04:21:34",19969.9,GOOD,5.99,98.6,4471.4,NONE,TRACKING
"27 Jun 2026  04:22:04",19969.6,GOOD,5.99,98.6,4471.1,NONE,TRACKING
"27 Jun 2026  04:22:34",19969.5,GOOD,5.99,98.6,4471.0,NONE,TRACKING
"27 Jun 2026  04:23:04",19970.1,GOOD,5.99,98.6,4471.6,NONE,TRACKING
"27 Jun 2026  04:23:34",19970.1,GOOD,5.99,98.6,4471.6,NONE,TRACKING
"27 Jun 2026  04:24:04",19969.6,GOOD,5.99,98.6,4471.1,NONE,TRACKING
"27 Jun 2026  04:24:34",19969.9,GOOD,5.99,98.6,4471.4,NONE,TRACKING
"27 Jun 2026  04:25:04",19969.8,GOOD,5.99,98.6,4471.3,NONE,TRACKING
"27 Jun 2026  04:25:34",19969.8,GOOD,5.99,98.6,4471.3,NONE,TRACKING
"27 Jun 2026  04:26:04",19970.4,GOOD,5.99,98.6,4471.9,NONE,TRACKING
"27 Jun 2026  04:26:34",19970.4,GOOD,5.99,98.6,4471.9,NONE,TRACKING
"27 Jun 2026  04:27:05",19970.2,GOOD,5.99,98.6,4471.7,NONE,TRACKING
"27 Jun 2026  04:27:35",19970.0,GOOD,5.99,98.6,4471.5,NONE,TRACKING
"27 Jun 2026  04:28:05",19970.1,GOOD,5.99,98.6,4471.6,NONE,TRACKING
"27 Jun 2026  04:28:35",19969.6,GOOD,5.99,98.6,4471.1,NONE,TRACKING
"27 Jun 2026  04:29:05",19970.1,GOOD,5.99,98.6,4471.6,NONE,TRACKING
"27 Jun 2026  04:29:35",19970.0,GOOD,5.99,98.6,4471.5,NONE,TRACKING
"27 Jun 2026  04:30:05",19970.6,GOOD,5.99,98.6,4472.1,NONE,TRACKING
"27 Jun 2026  04:30:35",19971.1,GOOD,5.99,98.6,4472.6,NONE,TRACKING
"27 Jun 2026  04:31:05",19970.3,GOOD,5.99,98.6,4471.8,NONE,TRACKING
"27 Jun 2026  04:31:35",19970.5,GOOD,5.99,98.6,4472.0,NONE,TRACKING
"27 Jun 2026  04:32:05",19970.7,GOOD,5.99,98.6,4472.2,NONE,TRACKING
"27 Jun 2026  04:32:35",19971.5,GOOD,5.99,98.6,4473.0,NONE,TRACKING
"27 Jun 2026  04:33:05",19971.1,GOOD,5.99,98.6,4472.6,NONE,TRACKING
"27 Jun 2026  04:33:35",19971.1,GOOD,5.99,98.6,4472.6,NONE,TRACKING
"27 Jun 2026  04:34:05",19970.8,GOOD,5.99,98.6,4472.3,NONE,TRACKING
"27 Jun 2026  04:34:35",19969.6,GOOD,5.99,98.6,4471.1,NONE,TRACKING
"27 Jun 2026  04:35:05",19970.8,GOOD,5.99,98.6,4472.3,NONE,TRACKING
"27 Jun 2026  04:35:35",19970.4,GOOD,5.99,98.6,4471.9,NONE,TRACKING
"27 Jun 2026  04:36:05",19970.8,GOOD,5.99,98.6,4472.3,NONE,TRACKING
"27 Jun 2026  04:36:35",19969.9,GOOD,5.99,98.6,4471.4,NONE,TRACKING
"27 Jun 2026  04:37:05",19970.8,GOOD,5.99,98.6,4472.3,NONE,TRACKING
"27 Jun 2026  04:37:35",19969.3,GOOD,5.99,98.6,4470.8,NONE,TRACKING
"27 Jun 2026  04:38:05",19970.9,GOOD,5.99,98.6,4472.4,NONE,TRACKING
"27 Jun 2026  04:38:35",19971.2,GOOD,5.99,98.6,4472.7,NONE,TRACKING
"27 Jun 2026  04:39:05",19970.9,GOOD,5.99,98.6,4472.4,NONE,TRACKING
"27 Jun 2026  04:39:35",19971.4,GOOD,5.99,98.6,4472.9,NONE,TRACKING
"27 Jun 2026  04:40:05",19971.1,GOOD,5.99,98.6,4472.6,NONE,TRACKING
"27 Jun 2026  04:40:35",19970.6,GOOD,5.99,98.6,4472.1,NONE,TRACKING
"27 Jun 2026  04:41:05",19971.5,GOOD,5.99,98.6,4473.0,NONE,TRACKING
"27 Jun 2026  04:41:35",19970.8,GOOD,5.99,98.6,4472.3,NONE,TRACKING
"27 Jun 2026  04:42:05",19970.9,GOOD,5.99,98.6,4472.4,NONE,TRACKING
"27 Jun 2026  04:42:35",19971.2,GOOD,5.99,98.6,4472.7,NONE,TRACKING
"27 Jun 2026  04:43:05",19971.7,GOOD,5.99,98.6,4473.2,NONE,TRACKING
"27 Jun 2026  04:43:35",19970.7,GOOD,5.99,98.6,4472.2,NONE,TRACKING
"27 Jun 2026  04:44:05",19970.6,GOOD,5.99,98.6,4472.1,NONE,TRACKING
"27 Jun 2026  04:44:35",19970.6,GOOD,5.99,98.6,4472.1,NONE,TRACKING
"27 Jun 2026  04:45:05",19969.7,GOOD,5.99,98.6,4471.2,NONE,TRACKING
"27 Jun 2026  04:45:35",19970.8,GOOD,5.99,98.6,4472.3,NONE,TRACKING
"27 Jun 2026  04:46:05",19971.3,GOOD,5.99,98.6,4472.8,NONE,TRACKING
"27 Jun 2026  04:46:35",19971.6,GOOD,5.99,98.6,4473.1,NONE,TRACKING
"27 Jun 2026  04:47:05",19970.6,GOOD,5.99,98.6,4472.1,NONE,TRACKING
"27 Jun 2026  04:47:36",19971.5,GOOD,5.99,98.6,4473.0,NONE,TRACKING
"27 Jun 2026  04:48:06",19972.5,GOOD,5.99,98.7,4474.0,NONE,TRACKING
"27 Jun 2026  04:48:36",19971.4,GOOD,5.99,98.6,4472.9,NONE,TRACKING
"27 Jun 2026  04:49:06",19971.6,GOOD,5.99,98.6,4473.1,NONE,TRACKING
"27 Jun 2026  04:49:36",19971.8,GOOD,5.99,98.6,4473.3,NONE,TRACKING
"27 Jun 2026  04:50:06",19971.2,GOOD,5.99,98.6,4472.7,NONE,TRACKING
"27 Jun 2026  04:50:36",19971.7,GOOD,5.99,98.6,4473.2,NONE,TRACKING
"27 Jun 2026  04:51:06",19971.9,GOOD,5.99,98.6,4473.4,NONE,TRACKING
"27 Jun 2026  04:51:36",19972.5,GOOD,5.99,98.7,4474.0,NONE,TRACKING
"27 Jun 2026  04:52:06",19971.7,GOOD,5.99,98.6,4473.2,NONE,TRACKING
"27 Jun 2026  04:52:36",19972.0,GOOD,5.99,98.6,4473.5,NONE,TRACKING
"27 Jun 2026  04:53:06",19971.9,GOOD,5.99,98.6,4473.4,NONE,TRACKING
"27 Jun 2026  04:53:36",19972.4,GOOD,5.99,98.7,4473.9,NONE,TRACKING
"27 Jun 2026  04:54:06",19972.6,GOOD,5.99,98.7,4474.1,NONE,TRACKING
"27 Jun 2026  04:54:36",19970.8,GOOD,5.99,98.6,4472.3,NONE,TRACKING
"27 Jun 2026  04:55:06",19970.6,GOOD,5.99,98.6,4472.1,NONE,TRACKING
"27 Jun 2026  04:55:36",19970.9,GOOD,5.99,98.6,4472.4,NONE,TRACKING
"27 Jun 2026  04:56:06",19971.8,GOOD,5.99,98.6,4473.3,NONE,TRACKING
"27 Jun 2026  04:56:36",19971.2,GOOD,5.99,98.6,4472.7,NONE,TRACKING
"27 Jun 2026  04:57:06",19971.1,GOOD,5.99,98.6,4472.6,NONE,TRACKING
"27 Jun 2026  04:57:36",19971.6,GOOD,5.99,98.6,4473.1,NONE,TRACKING
"27 Jun 2026  04:58:06",19970.6,GOOD,5.99,98.6,4472.1,NONE,TRACKING
"27 Jun 2026  04:58:36",19971.8,GOOD,5.99,98.6,4473.3,NONE,TRACKING
"27 Jun 2026  04:59:06",19972.9,GOOD,5.99,98.7,4474.4,NONE,TRACKING
"27 Jun 2026  04:59:36",19972.7,GOOD,5.99,98.7,4474.2,NONE,TRACKING
"27 Jun 2026  05:00:06",19972.4,GOOD,5.99,98.7,4473.9,NONE,TRACKING
"27 Jun 2026  05:00:36",19971.7,GOOD,5.99,98.6,4473.2,NONE,TRACKING
"27 Jun 2026  05:01:06",19972.4,GOOD,5.99,98.7,4473.9,NONE,TRACKING
"27 Jun 2026  05:01:36",19972.6,GOOD,5.99,98.7,4474.1,NONE,TRACKING
"27 Jun 2026  05:02:07",19972.9,GOOD,5.99,98.7,4474.4,NONE,TRACKING
"27 Jun 2026  05:02:37",19972.4,GOOD,5.99,98.7,4473.9,NONE,TRACKING
"27 Jun 2026  05:03:07",19972.0,GOOD,5.99,98.6,4473.5,NONE,TRACKING
"27 Jun 2026  05:03:37",19972.5,GOOD,5.99,98.7,4474.0,NONE,TRACKING
"27 Jun 2026  05:04:07",19973.6,GOOD,5.99,98.7,4475.1,NONE,TRACKING
"27 Jun 2026  05:04:37",19972.9,GOOD,5.99,98.7,4474.4,NONE,TRACKING
"27 Jun 2026  05:05:07",19972.6,GOOD,5.99,98.7,4474.1,NONE,TRACKING
"27 Jun 2026  05:05:37",19973.5,GOOD,5.99,98.7,4475.0,NONE,TRACKING
"27 Jun 2026  05:06:07",19973.3,GOOD,5.99,98.7,4474.8,NONE,TRACKING
"27 Jun 2026  05:06:37",19972.3,GOOD,5.99,98.7,4473.8,NONE,TRACKING
"27 Jun 2026  05:07:07",19971.8,GOOD,5.99,98.6,4473.3,NONE,TRACKING
"27 Jun 2026  05:07:37",19971.2,GOOD,5.99,98.6,4472.7,NONE,TRACKING
"27 Jun 2026  05:08:07",19971.7,GOOD,5.99,98.6,4473.2,NONE,TRACKING
"27 Jun 2026  05:08:37",19972.5,GOOD,5.99,98.7,4474.0,NONE,TRACKING
"27 Jun 2026  05:09:07",19972.6,GOOD,5.99,98.7,4474.1,NONE,TRACKING
"27 Jun 2026  05:09:37",19972.7,GOOD,5.99,98.7,4474.2,NONE,TRACKING
"27 Jun 2026  05:10:07",19972.0,GOOD,5.99,98.6,4473.5,NONE,TRACKING
"27 Jun 2026  05:10:37",19972.5,GOOD,5.99,98.7,4474.0,NONE,TRACKING
"27 Jun 2026  05:11:07",19972.1,GOOD,5.99,98.6,4473.6,NONE,TRACKING
"27 Jun 2026  05:11:37",19972.7,GOOD,5.99,98.7,4474.2,NONE,TRACKING
"27 Jun 2026  05:12:07",19972.6,GOOD,5.99,98.7,4474.1,NONE,TRACKING
"27 Jun 2026  05:12:37",19972.9,GOOD,5.99,98.7,4474.4,NONE,TRACKING
"27 Jun 2026  05:13:07",19973.6,GOOD,5.99,98.7,4475.1,NONE,TRACKING
"27 Jun 2026  05:13:37",19973.4,GOOD,5.99,98.7,4474.9,NONE,TRACKING
"27 Jun 2026  05:14:07",19973.0,GOOD,5.99,98.7,4474.5,NONE,TRACKING
"27 Jun 2026  05:14:37",19973.1,GOOD,5.99,98.7,4474.6,NONE,TRACKING
"27 Jun 2026  05:15:07",19972.6,GOOD,5.99,98.7,4474.1,NONE,TRACKING
"27 Jun 2026  05:15:37",19971.6,GOOD,5.99,98.6,4473.1,NONE,TRACKING
"27 Jun 2026  05:16:07",19971.8,GOOD,5.99,98.6,4473.3,NONE,TRACKING
"27 Jun 2026  05:16:37",19972.1,GOOD,5.99,98.6,4473.6,NONE,TRACKING
"27 Jun 2026  05:17:07",19972.6,GOOD,5.99,98.7,4474.1,NONE,TRACKING
"27 Jun 2026  05:17:37",19973.2,GOOD,5.99,98.7,4474.7,NONE,TRACKING
"27 Jun 2026  05:18:08",19973.5,GOOD,5.99,98.7,4475.0,NONE,TRACKING
"27 Jun 2026  05:18:38",19972.9,GOOD,5.99,98.7,4474.4,NONE,TRACKING
"27 Jun 2026  05:19:08",19973.3,GOOD,5.99,98.7,4474.8,NONE,TRACKING
"27 Jun 2026  05:19:38",19973.5,GOOD,5.99,98.7,4475.0,NONE,TRACKING
"27 Jun 2026  05:20:08",19973.4,GOOD,5.99,98.7,4474.9,NONE,TRACKING
"27 Jun 2026  05:20:38",19973.6,GOOD,5.99,98.7,4475.1,NONE,TRACKING
"27 Jun 2026  05:21:08",19973.4,GOOD,5.99,98.7,4474.9,NONE,TRACKING
"27 Jun 2026  05:21:38",19973.1,GOOD,5.99,98.7,4474.6,NONE,TRACKING
"27 Jun 2026  05:22:08",19972.5,GOOD,5.99,98.7,4474.0,NONE,TRACKING
"27 Jun 2026  05:22:38",19973.2,GOOD,5.99,98.7,4474.7,NONE,TRACKING
"27 Jun 2026  05:23:08",19973.7,GOOD,5.99,98.7,4475.2,NONE,TRACKING
"27 Jun 2026  05:23:38",19973.0,GOOD,5.99,98.7,4474.5,NONE,TRACKING
"27 Jun 2026  05:24:08",19973.8,GOOD,5.99,98.7,4475.3,NONE,TRACKING
"27 Jun 2026  05:24:38",19974.0,GOOD,5.99,98.7,4475.5,NONE,TRACKING
"27 Jun 2026  05:25:08",19973.4,GOOD,5.99,98.7,4474.9,NONE,TRACKING
"27 Jun 2026  05:25:38",19973.2,GOOD,5.99,98.7,4474.7,NONE,TRACKING
"27 Jun 2026  05:26:08",19972.5,GOOD,5.99,98.7,4474.0,NONE,TRACKING
"27 Jun 2026  05:26:38",19972.9,GOOD,5.99,98.7,4474.4,NONE,TRACKING
"27 Jun 2026  05:27:08",19972.2,GOOD,5.99,98.6,4473.7,NONE,TRACKING
"27 Jun 2026  05:27:38",19972.6,GOOD,5.99,98.7,4474.1,NONE,TRACKING
"27 Jun 2026  05:28:08",19972.1,GOOD,5.99,98.6,4473.6,NONE,TRACKING
"27 Jun 2026  05:28:38",19972.2,GOOD,5.99,98.6,4473.7,NONE,TRACKING
"27 Jun 2026  05:29:08",19973.5,GOOD,5.99,98.7,4475.0,NONE,TRACKING
"27 Jun 2026  05:29:38",19973.4,GOOD,5.99,98.7,4474.9,NONE,TRACKING
"27 Jun 2026  05:30:08",19974.2,GOOD,5.99,98.7,4475.7,NONE,TRACKING
"27 Jun 2026  05:30:38",19972.4,GOOD,5.99,98.7,4473.9,NONE,TRACKING
"27 Jun 2026  05:31:08",19972.9,GOOD,5.99,98.7,4474.4,NONE,TRACKING
"27 Jun 2026  05:31:38",19973.0,GOOD,5.99,98.7,4474.5,NONE,TRACKING
"27 Jun 2026  05:32:08",19973.3,GOOD,5.99,98.7,4474.8,NONE,TRACKING
"27 Jun 2026  05:32:38",19973.8,GOOD,5.99,98.7,4475.3,NONE,TRACKING
"27 Jun 2026  05:33:09",19973.7,GOOD,5.99,98.7,4475.2,NONE,TRACKING
"27 Jun 2026  05:33:39",19973.0,GOOD,5.99,98.7,4474.5,NONE,TRACKING
"27 Jun 2026  05:34:09",19973.7,GOOD,5.99,98.7,4475.2,NONE,TRACKING
"27 Jun 2026  05:34:39",19973.8,GOOD,5.99,98.7,4475.3,NONE,TRACKING
"27 Jun 2026  05:35:09",19973.4,GOOD,5.99,98.7,4474.9,NONE,TRACKING
"27 Jun 2026  05:35:39",19972.2,GOOD,5.99,98.6,4473.7,NONE,TRACKING
"27 Jun 2026  05:36:09",19972.7,GOOD,5.99,98.7,4474.2,NONE,TRACKING
"27 Jun 2026  05:36:39",19973.4,GOOD,5.99,98.7,4474.9,NONE,TRACKING
"27 Jun 2026  05:37:09",19973.7,GOOD,5.99,98.7,4475.2,NONE,TRACKING
"27 Jun 2026  05:37:39",19973.6,GOOD,5.99,98.7,4475.1,NONE,TRACKING
"27 Jun 2026  05:38:09",19973.6,GOOD,5.99,98.7,4475.1,NONE,TRACKING
"27 Jun 2026  05:38:39",19973.8,GOOD,5.99,98.7,4475.3,NONE,TRACKING
"27 Jun 2026  05:39:09",19974.6,GOOD,5.99,98.7,4476.1,NONE,TRACKING
"27 Jun 2026  05:39:39",19974.4,GOOD,5.99,98.7,4475.9,NONE,TRACKING
"27 Jun 2026  05:40:09",19974.3,GOOD,5.99,98.7,4475.8,NONE,TRACKING
"27 Jun 2026  05:40:39",19973.5,GOOD,5.99,98.7,4475.0,NONE,TRACKING
"27 Jun 2026  05:41:09",19974.2,GOOD,5.99,98.7,4475.7,NONE,TRACKING
"27 Jun 2026  05:41:39",19973.9,GOOD,5.99,98.7,4475.4,NONE,TRACKING
"27 Jun 2026  05:42:09",19973.4,GOOD,5.99,98.7,4474.9,NONE,TRACKING
"27 Jun 2026  05:42:39",19973.2,GOOD,5.99,98.7,4474.7,NONE,TRACKING
"27 Jun 2026  05:43:09",19972.3,GOOD,5.99,98.7,4473.8,NONE,TRACKING
"27 Jun 2026  05:43:39",19973.5,GOOD,5.99,98.7,4475.0,NONE,TRACKING
"27 Jun 2026  05:44:09",19974.2,GOOD,5.99,98.7,4475.7,NONE,TRACKING
"27 Jun 2026  05:44:39",19973.7,GOOD,5.99,98.7,4475.2,NONE,TRACKING
"27 Jun 2026  05:45:09",19973.9,GOOD,5.99,98.7,4475.4,NONE,TRACKING
"27 Jun 2026  05:45:39",19973.7,GOOD,5.99,98.7,4475.2,NONE,TRACKING
"27 Jun 2026  05:46:09",19973.9,GOOD,5.99,98.7,4475.4,NONE,TRACKING
"27 Jun 2026  05:46:40",19974.2,GOOD,5.99,98.7,4475.7,NONE,TRACKING
"27 Jun 2026  05:47:10",19974.3,GOOD,5.99,98.7,4475.8,NONE,TRACKING
"27 Jun 2026  05:47:40",19974.1,GOOD,5.99,98.7,4475.6,NONE,TRACKING
"27 Jun 2026  05:48:10",19975.0,GOOD,5.99,98.7,4476.5,NONE,TRACKING
"27 Jun 2026  05:48:40",19974.1,GOOD,5.99,98.7,4475.6,NONE,TRACKING
"27 Jun 2026  05:49:10",19975.6,GOOD,5.99,98.7,4477.1,NONE,TRACKING
"27 Jun 2026  05:49:40",19974.5,GOOD,5.99,98.7,4476.0,NONE,TRACKING
"27 Jun 2026  05:50:10",19974.6,GOOD,5.99,98.7,4476.1,NONE,TRACKING
"27 Jun 2026  05:50:40",19974.2,GOOD,5.99,98.7,4475.7,NONE,TRACKING
"27 Jun 2026  05:51:10",19973.4,GOOD,5.99,98.7,4474.9,NONE,TRACKING
"27 Jun 2026  05:51:40",19972.8,GOOD,5.99,98.7,4474.3,NONE,TRACKING
"27 Jun 2026  05:52:10",19974.2,GOOD,5.99,98.7,4475.7,NONE,TRACKING
"27 Jun 2026  05:52:40",19974.2,GOOD,5.99,98.7,4475.7,NONE,TRACKING
"27 Jun 2026  05:53:10",19973.9,GOOD,5.99,98.7,4475.4,NONE,TRACKING
"27 Jun 2026  05:53:40",19973.8,GOOD,5.99,98.7,4475.3,NONE,TRACKING
"27 Jun 2026  05:54:10",19974.9,GOOD,5.99,98.7,4476.4,NONE,TRACKING
"27 Jun 2026  05:54:40",19974.2,GOOD,5.99,98.7,4475.7,NONE,TRACKING
"27 Jun 2026  05:55:10",19975.2,GOOD,5.99,98.7,4476.7,NONE,TRACKING
"27 Jun 2026  05:55:40",19973.9,GOOD,5.99,98.7,4475.4,NONE,TRACKING
"27 Jun 2026  05:56:10",19974.2,GOOD,5.99,98.7,4475.7,NONE,TRACKING
"27 Jun 2026  05:56:40",19974.7,GOOD,5.99,98.7,4476.2,NONE,TRACKING
"27 Jun 2026  05:57:10",19974.5,GOOD,5.99,98.7,4476.0,NONE,TRACKING
"27 Jun 2026  05:57:40",19974.8,GOOD,5.99,98.7,4476.3,NONE,TRACKING
"27 Jun 2026  05:58:10",19974.8,GOOD,5.99,98.7,4476.3,NONE,TRACKING
"27 Jun 2026  05:58:40",19974.6,GOOD,5.99,98.7,4476.1,NONE,TRACKING
"27 Jun 2026  05:59:10",19975.5,GOOD,5.99,98.7,4477.0,NONE,TRACKING
"27 Jun 2026  05:59:40",19975.2,GOOD,5.99,98.7,4476.7,NONE,TRACKING
"27 Jun 2026  06:00:11",19974.1,GOOD,5.99,98.7,4475.6,NONE,TRACKING
"27 Jun 2026  06:00:41",19974.8,GOOD,5.99,98.7,4476.3,NONE,TRACKING
"27 Jun 2026  06:01:11",19974.6,GOOD,5.99,98.7,4476.1,NONE,TRACKING
"27 Jun 2026  06:01:41",19975.2,GOOD,5.99,98.7,4476.7,NONE,TRACKING
"27 Jun 2026  06:02:11",19974.1,GOOD,5.99,98.7,4475.6,NONE,TRACKING
"27 Jun 2026  06:02:41",19974.9,GOOD,5.99,98.7,4476.4,NONE,TRACKING
"27 Jun 2026  06:03:11",19975.0,GOOD,5.99,98.7,4476.5,NONE,TRACKING
"27 Jun 2026  06:03:41",19973.9,GOOD,5.99,98.7,4475.4,NONE,TRACKING
"27 Jun 2026  06:04:11",19975.4,GOOD,5.99,98.7,4476.9,NONE,TRACKING
"27 Jun 2026  06:04:41",19975.3,GOOD,5.99,98.7,4476.8,NONE,TRACKING
"27 Jun 2026  06:05:11",19976.3,GOOD,5.99,98.7,4477.8,NONE,TRACKING
"27 Jun 2026  06:05:41",19974.9,GOOD,5.99,98.7,4476.4,NONE,TRACKING
"27 Jun 2026  06:06:11",19975.2,GOOD,5.99,98.7,4476.7,NONE,TRACKING
"27 Jun 2026  06:06:41",19975.5,GOOD,5.99,98.7,4477.0,NONE,TRACKING
"27 Jun 2026  06:07:11",19974.5,GOOD,5.99,98.7,4476.0,NONE,TRACKING
"27 Jun 2026  06:07:41",19974.0,GOOD,5.99,98.7,4475.5,NONE,TRACKING
"27 Jun 2026  06:08:11",19974.2,GOOD,5.99,98.7,4475.7,NONE,TRACKING
"27 Jun 2026  06:08:41",19974.8,GOOD,5.99,98.7,4476.3,NONE,TRACKING
"27 Jun 2026  06:09:11",19976.0,GOOD,5.99,98.7,4477.5,NONE,TRACKING
"27 Jun 2026  06:09:41",19975.0,GOOD,5.99,98.7,4476.5,NONE,TRACKING
"27 Jun 2026  06:10:11",19975.2,GOOD,5.99,98.7,4476.7,NONE,TRACKING
"27 Jun 2026  06:10:41",19975.5,GOOD,5.99,98.7,4477.0,NONE,TRACKING
"27 Jun 2026  06:11:11",19974.5,GOOD,5.99,98.7,4476.0,NONE,TRACKING
"27 Jun 2026  06:11:42",19974.9,GOOD,5.99,98.7,4476.4,NONE,TRACKING
"27 Jun 2026  06:12:12",19974.7,GOOD,5.99,98.7,4476.2,NONE,TRACKING
"27 Jun 2026  06:12:42",19974.3,GOOD,5.99,98.7,4475.8,NONE,TRACKING
"27 Jun 2026  06:13:12",19973.9,GOOD,5.99,98.7,4475.4,NONE,TRACKING
"27 Jun 2026  06:13:42",19973.5,GOOD,5.99,98.7,4475.0,NONE,TRACKING
"27 Jun 2026  06:14:12",19973.2,GOOD,5.99,98.7,4474.7,NONE,TRACKING
"27 Jun 2026  06:14:42",19974.5,GOOD,5.99,98.7,4476.0,NONE,TRACKING
"27 Jun 2026  06:15:12",19975.8,GOOD,5.99,98.7,4477.3,NONE,TRACKING
"27 Jun 2026  06:15:42",19975.3,GOOD,5.99,98.7,4476.8,NONE,TRACKING
"27 Jun 2026  06:16:12",19975.1,GOOD,5.99,98.7,4476.6,NONE,TRACKING
"27 Jun 2026  06:16:42",19974.5,GOOD,5.99,98.7,4476.0,NONE,TRACKING
"27 Jun 2026  06:17:12",19974.2,GOOD,5.99,98.7,4475.7,NONE,TRACKING
"27 Jun 2026  06:17:42",19973.9,GOOD,5.99,98.7,4475.4,NONE,TRACKING
"27 Jun 2026  06:18:12",19973.8,GOOD,5.99,98.7,4475.3,NONE,TRACKING
"27 Jun 2026  06:18:42",19974.0,GOOD,5.99,98.7,4475.5,NONE,TRACKING
"27 Jun 2026  06:19:12",19974.4,GOOD,5.99,98.7,4475.9,NONE,TRACKING
"27 Jun 2026  06:19:42",19975.2,GOOD,5.99,98.7,4476.7,NONE,TRACKING
"27 Jun 2026  06:20:12",19975.8,GOOD,5.99,98.7,4477.3,NONE,TRACKING
"27 Jun 2026  06:20:42",19975.9,GOOD,5.99,98.7,4477.4,NONE,TRACKING
"27 Jun 2026  06:21:12",19975.4,GOOD,5.99,98.7,4476.9,NONE,TRACKING
"27 Jun 2026  06:21:42",19976.0,GOOD,5.99,98.7,4477.5,NONE,TRACKING
"27 Jun 2026  06:22:13",19975.0,GOOD,5.99,98.7,4476.5,NONE,TRACKING
"27 Jun 2026  06:22:43",19975.5,GOOD,5.99,98.7,4477.0,NONE,TRACKING
"27 Jun 2026  06:23:13",19975.1,GOOD,5.99,98.7,4476.6,NONE,TRACKING
"27 Jun 2026  06:23:43",19975.5,GOOD,5.99,98.7,4477.0,NONE,TRACKING
"27 Jun 2026  06:24:13",19975.6,GOOD,5.99,98.7,4477.1,NONE,TRACKING
"27 Jun 2026  06:24:43",19975.7,GOOD,5.99,98.7,4477.2,NONE,TRACKING
"27 Jun 2026  06:25:13",19975.4,GOOD,5.99,98.7,4476.9,NONE,TRACKING
"27 Jun 2026  06:25:43",19975.4,GOOD,5.99,98.7,4476.9,NONE,TRACKING
"27 Jun 2026  06:26:13",19975.3,GOOD,5.99,98.7,4476.8,NONE,TRACKING
"27 Jun 2026  06:26:43",19976.0,GOOD,5.99,98.7,4477.5,NONE,TRACKING
"27 Jun 2026  06:27:13",19975.4,GOOD,5.99,98.7,4476.9,NONE,TRACKING
"27 Jun 2026  06:27:43",19976.3,GOOD,5.99,98.7,4477.8,NONE,TRACKING
"27 Jun 2026  06:53:45",19975.0,GOOD,5.99,98.7,4476.5,NONE,TRACKING
"27 Jun 2026  06:54:15",19974.7,GOOD,5.99,98.7,4476.2,NONE,TRACKING
"27 Jun 2026  06:54:45",19973.3,GOOD,5.99,98.7,4474.8,NONE,TRACKING
"27 Jun 2026  06:55:15",19974.8,GOOD,5.99,98.7,4476.3,NONE,TRACKING
"27 Jun 2026  06:55:45",19974.5,GOOD,5.99,98.7,4476.0,NONE,TRACKING
"27 Jun 2026  06:56:15",19975.6,GOOD,5.99,98.7,4477.1,NONE,TRACKING
"27 Jun 2026  06:56:45",19974.6,GOOD,5.99,98.7,4476.1,NONE,TRACKING
"27 Jun 2026  06:57:15",19974.6,GOOD,5.99,98.7,4476.1,NONE,TRACKING
"27 Jun 2026  06:57:45",19974.1,GOOD,5.99,98.7,4475.6,NONE,TRACKING
"27 Jun 2026  06:58:15",19975.3,GOOD,5.99,98.7,4476.8,NONE,TRACKING
"27 Jun 2026  06:58:45",19975.3,GOOD,5.99,98.7,4476.8,NONE,TRACKING
"27 Jun 2026  06:59:15",19973.9,GOOD,5.99,98.7,4475.4,NONE,TRACKING
"27 Jun 2026  06:59:45",19974.3,GOOD,5.99,98.7,4475.8,NONE,TRACKING
"27 Jun 2026  07:00:15",19974.9,GOOD,5.99,98.7,4476.4,NONE,TRACKING
"27 Jun 2026  07:00:45",19975.1,GOOD,5.99,98.7,4476.6,NONE,TRACKING
"27 Jun 2026  07:01:16",19974.4,GOOD,5.99,98.7,4475.9,NONE,TRACKING
"27 Jun 2026  07:01:46",19974.7,GOOD,5.99,98.7,4476.2,NONE,TRACKING
"27 Jun 2026  07:02:16",19974.4,GOOD,5.99,98.7,4475.9,NONE,TRACKING
"27 Jun 2026  07:02:46",19975.0,GOOD,5.99,98.7,4476.5,NONE,TRACKING
"27 Jun 2026  07:03:16",19975.1,GOOD,5.99,98.7,4476.6,NONE,TRACKING
"27 Jun 2026  07:03:46",19974.9,GOOD,5.99,98.7,4476.4,NONE,TRACKING
"27 Jun 2026  07:04:16",19974.0,GOOD,5.99,98.7,4475.5,NONE,TRACKING
"27 Jun 2026  07:04:46",19975.9,GOOD,5.99,98.7,4477.4,NONE,TRACKING
"27 Jun 2026  07:05:16",19975.5,GOOD,5.99,98.7,4477.0,NONE,TRACKING
"27 Jun 2026  07:05:46",19975.4,GOOD,5.99,98.7,4476.9,NONE,TRACKING
"27 Jun 2026  07:06:16",19974.5,GOOD,5.99,98.7,4476.0,NONE,TRACKING
"27 Jun 2026  07:06:46",19975.9,GOOD,5.99,98.7,4477.4,NONE,TRACKING
"27 Jun 2026  07:07:16",19975.3,GOOD,5.99,98.7,4476.8,NONE,TRACKING
"27 Jun 2026  07:07:46",19974.8,GOOD,5.99,98.7,4476.3,NONE,TRACKING
"27 Jun 2026  07:08:16",19974.0,GOOD,5.99,98.7,4475.5,NONE,TRACKING
"27 Jun 2026  07:08:46",19974.1,GOOD,5.99,98.7,4475.6,NONE,TRACKING
"27 Jun 2026  07:09:16",19974.3,GOOD,5.99,98.7,4475.8,NONE,TRACKING
"27 Jun 2026  07:09:46",19975.0,GOOD,5.99,98.7,4476.5,NONE,TRACKING
"27 Jun 2026  07:10:16",19975.6,GOOD,5.99,98.7,4477.1,NONE,TRACKING
"27 Jun 2026  07:10:46",19974.7,GOOD,5.99,98.7,4476.2,NONE,TRACKING
"27 Jun 2026  07:11:16",19973.8,GOOD,5.99,98.7,4475.3,NONE,TRACKING
"27 Jun 2026  07:11:46",19974.2,GOOD,5.99,98.7,4475.7,NONE,TRACKING
"27 Jun 2026  07:12:16",19975.9,GOOD,5.99,98.7,4477.4,NONE,TRACKING
"27 Jun 2026  07:12:46",19974.8,GOOD,5.99,98.7,4476.3,NONE,TRACKING
"27 Jun 2026  07:13:16",19974.9,GOOD,5.99,98.7,4476.4,NONE,TRACKING
"27 Jun 2026  07:13:46",19975.0,GOOD,5.99,98.7,4476.5,NONE,TRACKING
"27 Jun 2026  07:14:16",19975.7,GOOD,5.99,98.7,4477.2,NONE,TRACKING
"27 Jun 2026  07:14:46",19975.1,GOOD,5.99,98.7,4476.6,NONE,TRACKING
"27 Jun 2026  07:15:17",19975.8,GOOD,5.99,98.7,4477.3,NONE,TRACKING
"27 Jun 2026  07:15:47",19974.8,GOOD,5.99,98.7,4476.3,NONE,TRACKING
"27 Jun 2026  07:16:17",19975.7,GOOD,5.99,98.7,4477.2,NONE,TRACKING
"27 Jun 2026  07:16:47",19974.7,GOOD,5.99,98.7,4476.2,NONE,TRACKING
"27 Jun 2026  07:17:17",19975.3,GOOD,5.99,98.7,4476.8,NONE,TRACKING
"27 Jun 2026  07:17:47",19975.5,GOOD,5.99,98.7,4477.0,NONE,TRACKING
"27 Jun 2026  07:18:17",19974.3,GOOD,5.99,98.7,4475.8,NONE,TRACKING
"27 Jun 2026  07:18:47",19975.4,GOOD,5.99,98.7,4476.9,NONE,TRACKING
"27 Jun 2026  07:19:17",19975.3,GOOD,5.99,98.7,4476.8,NONE,TRACKING
"27 Jun 2026  07:19:47",19974.5,GOOD,5.99,98.7,4476.0,NONE,TRACKING
"27 Jun 2026  07:20:17",19974.2,GOOD,5.99,98.7,4475.7,NONE,TRACKING
"27 Jun 2026  07:20:47",19976.0,GOOD,5.99,98.7,4477.5,NONE,TRACKING
"27 Jun 2026  07:21:17",19976.3,GOOD,5.99,98.7,4477.8,NONE,TRACKING
"27 Jun 2026  07:21:47",19974.5,GOOD,5.99,98.7,4476.0,NONE,TRACKING
"27 Jun 2026  07:22:17",19974.0,GOOD,5.99,98.7,4475.5,NONE,TRACKING
"27 Jun 2026  07:22:47",19975.2,GOOD,5.99,98.7,4476.7,NONE,TRACKING
"27 Jun 2026  07:23:17",19975.2,GOOD,5.99,98.7,4476.7,NONE,TRACKING
"27 Jun 2026  07:23:47",19974.3,GOOD,5.99,98.7,4475.8,NONE,TRACKING
"27 Jun 2026  07:24:17",19975.5,GOOD,5.99,98.7,4477.0,NONE,TRACKING
"27 Jun 2026  07:24:47",19975.3,GOOD,5.99,98.7,4476.8,NONE,TRACKING
"27 Jun 2026  07:25:17",19974.6,GOOD,5.99,98.7,4476.1,NONE,TRACKING
"27 Jun 2026  07:25:47",19975.8,GOOD,5.99,98.7,4477.3,NONE,TRACKING
"27 Jun 2026  07:26:17",19976.2,GOOD,5.99,98.7,4477.7,NONE,TRACKING
"27 Jun 2026  07:26:47",19974.4,GOOD,5.99,98.7,4475.9,NONE,TRACKING
"27 Jun 2026  07:27:17",19975.2,GOOD,5.99,98.7,4476.7,NONE,TRACKING
"27 Jun 2026  07:27:47",19974.6,GOOD,5.99,98.7,4476.1,NONE,TRACKING
"27 Jun 2026  07:28:17",19975.5,GOOD,5.99,98.7,4477.0,NONE,TRACKING
"27 Jun 2026  07:28:47",19974.9,GOOD,5.99,98.7,4476.4,NONE,TRACKING
"27 Jun 2026  07:29:18",19975.5,GOOD,5.99,98.7,4477.0,NONE,TRACKING
"27 Jun 2026  07:29:48",19974.4,GOOD,5.99,98.7,4475.9,NONE,TRACKING
"27 Jun 2026  07:30:18",19975.5,GOOD,5.99,98.7,4477.0,NONE,TRACKING
"27 Jun 2026  07:30:48",19975.2,GOOD,5.99,98.7,4476.7,NONE,TRACKING
"27 Jun 2026  07:31:18",19975.3,GOOD,5.99,98.7,4476.8,NONE,TRACKING
"27 Jun 2026  07:31:48",19976.8,GOOD,5.99,98.7,4478.3,NONE,TRACKING
"27 Jun 2026  07:32:18",19976.5,GOOD,5.99,98.7,4478.0,NONE,TRACKING
"27 Jun 2026  07:32:48",19976.2,GOOD,5.99,98.7,4477.7,NONE,TRACKING
"27 Jun 2026  07:33:18",19975.2,GOOD,5.99,98.7,4476.7,NONE,TRACKING
"27 Jun 2026  07:33:48",19974.9,GOOD,5.99,98.7,4476.4,NONE,TRACKING
"27 Jun 2026  07:34:18",19975.0,GOOD,5.99,98.7,4476.5,NONE,TRACKING
"27 Jun 2026  07:34:48",19974.9,GOOD,5.99,98.7,4476.4,NONE,TRACKING
"27 Jun 2026  07:35:18",19976.9,GOOD,5.99,98.8,4478.4,NONE,TRACKING
"27 Jun 2026  07:35:48",19975.6,GOOD,5.99,98.7,4477.1,NONE,TRACKING
"27 Jun 2026  07:36:18",19976.2,GOOD,5.99,98.7,4477.7,NONE,TRACKING
"27 Jun 2026  07:36:48",19975.6,GOOD,5.99,98.7,4477.1,NONE,TRACKING
"27 Jun 2026  07:37:18",19976.3,GOOD,5.99,98.7,4477.8,NONE,TRACKING
"27 Jun 2026  07:37:48",19975.2,GOOD,5.99,98.7,4476.7,NONE,TRACKING
"27 Jun 2026  07:38:18",19975.2,GOOD,5.99,98.7,4476.7,NONE,TRACKING
"27 Jun 2026  07:38:48",19975.3,GOOD,5.99,98.7,4476.8,NONE,TRACKING
"27 Jun 2026  07:39:18",19975.6,GOOD,5.99,98.7,4477.1,NONE,TRACKING
"27 Jun 2026  07:39:48",19974.7,GOOD,5.99,98.7,4476.2,NONE,TRACKING
"27 Jun 2026  07:40:18",19975.8,GOOD,5.99,98.7,4477.3,NONE,TRACKING
"27 Jun 2026  07:40:48",19975.6,GOOD,5.99,98.7,4477.1,NONE,TRACKING
"27 Jun 2026  07:41:19",19974.8,GOOD,5.99,98.7,4476.3,NONE,TRACKING
"27 Jun 2026  07:41:49",19973.8,GOOD,5.99,98.7,4475.3,NONE,TRACKING
"27 Jun 2026  07:42:19",19975.7,GOOD,5.99,98.7,4477.2,NONE,TRACKING
"27 Jun 2026  07:42:49",19975.7,GOOD,5.99,98.7,4477.2,NONE,TRACKING
"27 Jun 2026  07:43:19",19975.5,GOOD,5.99,98.7,4477.0,NONE,TRACKING
"27 Jun 2026  07:43:49",19975.3,GOOD,5.99,98.7,4476.8,NONE,TRACKING
"27 Jun 2026  07:44:19",19975.8,GOOD,5.99,98.7,4477.3,NONE,TRACKING
"27 Jun 2026  07:44:49",19975.9,GOOD,5.99,98.7,4477.4,NONE,TRACKING
"27 Jun 2026  07:45:19",19975.5,GOOD,5.99,98.7,4477.0,NONE,TRACKING
"27 Jun 2026  07:45:49",19975.8,GOOD,5.99,98.7,4477.3,NONE,TRACKING
"27 Jun 2026  07:46:19",19975.7,GOOD,5.99,98.7,4477.2,NONE,TRACKING
"27 Jun 2026  07:46:49",19976.6,GOOD,5.99,98.7,4478.1,NONE,TRACKING
"27 Jun 2026  07:47:19",19975.2,GOOD,5.99,98.7,4476.7,NONE,TRACKING
"27 Jun 2026  07:47:49",19975.4,GOOD,5.99,98.7,4476.9,NONE,TRACKING
"27 Jun 2026  07:48:19",19976.2,GOOD,5.99,98.7,4477.7,NONE,TRACKING
"27 Jun 2026  07:48:49",19976.0,GOOD,5.99,98.7,4477.5,NONE,TRACKING
"27 Jun 2026  07:49:19",19975.6,GOOD,5.99,98.7,4477.1,NONE,TRACKING
"27 Jun 2026  07:49:49",19977.2,GOOD,5.99,98.8,4478.7,NONE,TRACKING
"27 Jun 2026  07:50:19",19976.9,GOOD,5.99,98.8,4478.4,NONE,TRACKING
"27 Jun 2026  07:50:49",19975.4,GOOD,5.99,98.7,4476.9,NONE,TRACKING
"27 Jun 2026  07:51:19",19976.2,GOOD,5.99,98.7,4477.7,NONE,TRACKING
"27 Jun 2026  07:51:49",19976.0,GOOD,5.99,98.7,4477.5,NONE,TRACKING
"27 Jun 2026  07:52:19",19976.0,GOOD,5.99,98.7,4477.5,NONE,TRACKING
"27 Jun 2026  07:52:49",19975.8,GOOD,5.99,98.7,4477.3,NONE,TRACKING
"27 Jun 2026  07:53:20",19976.1,GOOD,5.99,98.7,4477.6,NONE,TRACKING
"27 Jun 2026  07:53:50",19976.5,GOOD,5.99,98.7,4478.0,NONE,TRACKING
"27 Jun 2026  07:54:20",19976.9,GOOD,5.99,98.8,4478.4,NONE,TRACKING
"27 Jun 2026  07:54:50",19976.5,GOOD,5.99,98.7,4478.0,NONE,TRACKING
"27 Jun 2026  07:55:20",19977.4,GOOD,5.99,98.8,4478.9,NONE,TRACKING
"27 Jun 2026  07:55:50",19976.1,GOOD,5.99,98.7,4477.6,NONE,TRACKING
"27 Jun 2026  07:56:20",19975.1,GOOD,5.99,98.7,4476.6,NONE,TRACKING
"27 Jun 2026  07:56:50",19976.1,GOOD,5.99,98.7,4477.6,NONE,TRACKING
"27 Jun 2026  07:57:20",19977.7,GOOD,5.99,98.8,4479.2,NONE,TRACKING
"27 Jun 2026  07:57:50",19976.8,GOOD,5.99,98.7,4478.3,NONE,TRACKING
"27 Jun 2026  07:58:20",19976.3,GOOD,5.99,98.7,4477.8,NONE,TRACKING
"27 Jun 2026  07:58:50",19976.7,GOOD,5.99,98.7,4478.2,NONE,TRACKING
"27 Jun 2026  07:59:20",19977.0,GOOD,5.99,98.8,4478.5,NONE,TRACKING
"27 Jun 2026  07:59:50",19975.8,GOOD,5.99,98.7,4477.3,NONE,TRACKING
"27 Jun 2026  08:00:20",19975.7,GOOD,5.99,98.7,4477.2,NONE,TRACKING
"27 Jun 2026  08:00:50",19975.3,GOOD,5.99,98.7,4476.8,NONE,TRACKING
"27 Jun 2026  08:01:20",19976.7,GOOD,5.99,98.7,4478.2,NONE,TRACKING
"27 Jun 2026  08:01:50",19977.7,GOOD,5.99,98.8,4479.2,NONE,TRACKING
"27 Jun 2026  08:02:20",19976.8,GOOD,5.99,98.7,4478.3,NONE,TRACKING
"27 Jun 2026  08:02:50",19977.0,GOOD,5.99,98.8,4478.5,NONE,TRACKING
"27 Jun 2026  08:03:20",19976.8,GOOD,5.99,98.7,4478.3,NONE,TRACKING
"27 Jun 2026  08:03:50",19976.4,GOOD,5.99,98.7,4477.9,NONE,TRACKING
"27 Jun 2026  08:04:20",19975.8,GOOD,5.99,98.7,4477.3,NONE,TRACKING
"27 Jun 2026  08:04:50",19975.6,GOOD,5.99,98.7,4477.1,NONE,TRACKING
"27 Jun 2026  08:05:21",19976.2,GOOD,5.99,98.7,4477.7,NONE,TRACKING
"27 Jun 2026  08:05:51",19975.5,GOOD,5.99,98.7,4477.0,NONE,TRACKING
"27 Jun 2026  08:06:21",19975.4,GOOD,5.99,98.7,4476.9,NONE,TRACKING
"27 Jun 2026  08:06:51",19977.3,GOOD,5.99,98.8,4478.8,NONE,TRACKING
"27 Jun 2026  08:07:21",19976.9,GOOD,5.99,98.8,4478.4,NONE,TRACKING
"27 Jun 2026  08:07:51",19977.0,GOOD,5.99,98.8,4478.5,NONE,TRACKING
"27 Jun 2026  08:08:21",19975.9,GOOD,5.99,98.7,4477.4,NONE,TRACKING
"27 Jun 2026  08:08:51",19976.5,GOOD,5.99,98.7,4478.0,NONE,TRACKING
"27 Jun 2026  08:09:21",19976.6,GOOD,5.99,98.7,4478.1,NONE,TRACKING
"27 Jun 2026  08:09:51",19975.9,GOOD,5.99,98.7,4477.4,NONE,TRACKING
"27 Jun 2026  08:10:21",19976.7,GOOD,5.99,98.7,4478.2,NONE,TRACKING
"27 Jun 2026  08:10:51",19975.5,GOOD,5.99,98.7,4477.0,NONE,TRACKING
"27 Jun 2026  08:11:21",19975.7,GOOD,5.99,98.7,4477.2,NONE,TRACKING
"27 Jun 2026  08:11:51",19975.6,GOOD,5.99,98.7,4477.1,NONE,TRACKING
"27 Jun 2026  08:12:21",19977.0,GOOD,5.99,98.8,4478.5,NONE,TRACKING
"27 Jun 2026  08:12:51",19977.3,GOOD,5.99,98.8,4478.8,NONE,TRACKING
"27 Jun 2026  08:13:21",19977.6,GOOD,5.99,98.8,4479.1,NONE,TRACKING
"27 Jun 2026  08:13:51",19977.1,GOOD,5.99,98.8,4478.6,NONE,TRACKING
"27 Jun 2026  08:14:21",19977.0,GOOD,5.99,98.8,4478.5,NONE,TRACKING
"27 Jun 2026  08:14:51",19976.2,GOOD,5.99,98.7,4477.7,NONE,TRACKING
"27 Jun 2026  08:15:21",19977.2,GOOD,5.99,98.8,4478.7,NONE,TRACKING
"27 Jun 2026  08:15:51",19976.7,GOOD,5.99,98.7,4478.2,NONE,TRACKING
"27 Jun 2026  08:16:21",19976.3,GOOD,5.99,98.7,4477.8,NONE,TRACKING
"27 Jun 2026  08:16:51",19976.2,GOOD,5.99,98.7,4477.7,NONE,TRACKING
"27 Jun 2026  08:17:21",19976.7,GOOD,5.99,98.7,4478.2,NONE,TRACKING
"27 Jun 2026  08:17:51",19976.5,GOOD,5.99,98.7,4478.0,NONE,TRACKING
"27 Jun 2026  08:18:21",19976.4,GOOD,5.99,98.7,4477.9,NONE,TRACKING
"27 Jun 2026  08:18:52",19977.1,GOOD,5.99,98.8,4478.6,NONE,TRACKING
"27 Jun 2026  08:19:22",19976.4,GOOD,5.99,98.7,4477.9,NONE,TRACKING
"27 Jun 2026  08:19:52",19977.0,GOOD,5.99,98.8,4478.5,NONE,TRACKING
"27 Jun 2026  08:20:22",19977.7,GOOD,5.99,98.8,4479.2,NONE,TRACKING
"27 Jun 2026  08:20:52",19978.0,GOOD,5.99,98.8,4479.5,NONE,TRACKING
"27 Jun 2026  08:21:22",19976.6,GOOD,5.99,98.7,4478.1,NONE,TRACKING
"27 Jun 2026  08:21:52",19976.4,GOOD,5.99,98.7,4477.9,NONE,TRACKING
"27 Jun 2026  08:22:22",19977.2,GOOD,5.99,98.8,4478.7,NONE,TRACKING
"27 Jun 2026  08:22:52",19976.5,GOOD,5.99,98.7,4478.0,NONE,TRACKING
"27 Jun 2026  08:23:22",19976.9,GOOD,5.99,98.8,4478.4,NONE,TRACKING
"27 Jun 2026  08:23:52",19977.7,GOOD,5.99,98.8,4479.2,NONE,TRACKING
"27 Jun 2026  08:24:22",19977.2,GOOD,5.99,98.8,4478.7,NONE,TRACKING
"27 Jun 2026  08:24:52",19977.3,GOOD,5.99,98.8,4478.8,NONE,TRACKING
"27 Jun 2026  08:25:22",19977.8,GOOD,5.99,98.8,4479.3,NONE,TRACKING
"27 Jun 2026  08:25:52",19977.9,GOOD,5.99,98.8,4479.4,NONE,TRACKING
"27 Jun 2026  08:26:22",19978.8,GOOD,5.99,98.8,4480.3,NONE,TRACKING
"27 Jun 2026  08:26:52",19977.6,GOOD,5.99,98.8,4479.1,NONE,TRACKING
"27 Jun 2026  08:27:22",19978.9,GOOD,5.99,98.8,4480.4,NONE,TRACKING
"27 Jun 2026  08:27:52",19977.8,GOOD,5.99,98.8,4479.3,NONE,TRACKING
"27 Jun 2026  08:28:22",19978.1,GOOD,5.99,98.8,4479.6,NONE,TRACKING
"27 Jun 2026  08:28:52",19978.9,GOOD,5.99,98.8,4480.4,NONE,TRACKING
"27 Jun 2026  08:29:22",19978.3,GOOD,5.99,98.8,4479.8,NONE,TRACKING
"27 Jun 2026  08:29:52",19977.4,GOOD,5.99,98.8,4478.9,NONE,TRACKING
"27 Jun 2026  08:30:22",19978.8,GOOD,5.99,98.8,4480.3,NONE,TRACKING
"27 Jun 2026  08:30:52",19977.7,GOOD,5.99,98.8,4479.2,NONE,TRACKING
"27 Jun 2026  08:31:23",19977.1,GOOD,5.99,98.8,4478.6,NONE,TRACKING
"27 Jun 2026  08:31:53",19977.2,GOOD,5.99,98.8,4478.7,NONE,TRACKING
"27 Jun 2026  08:32:23",19977.2,GOOD,5.99,98.8,4478.7,NONE,TRACKING
"27 Jun 2026  08:32:53",19978.3,GOOD,5.99,98.8,4479.8,NONE,TRACKING
"27 Jun 2026  08:33:23",19977.1,GOOD,5.99,98.8,4478.6,NONE,TRACKING
"27 Jun 2026  08:33:53",19977.3,GOOD,5.99,98.8,4478.8,NONE,TRACKING
"27 Jun 2026  08:34:23",19977.7,GOOD,5.99,98.8,4479.2,NONE,TRACKING
"27 Jun 2026  08:34:53",19977.1,GOOD,5.99,98.8,4478.6,NONE,TRACKING
"27 Jun 2026  08:35:23",19977.6,GOOD,5.99,98.8,4479.1,NONE,TRACKING
"27 Jun 2026  08:35:53",19978.2,GOOD,5.99,98.8,4479.7,NONE,TRACKING
"27 Jun 2026  08:36:23",19977.8,GOOD,5.99,98.8,4479.3,NONE,TRACKING
"27 Jun 2026  08:36:53",19977.7,GOOD,5.99,98.8,4479.2,NONE,TRACKING
"27 Jun 2026  08:37:23",19978.3,GOOD,5.99,98.8,4479.8,NONE,TRACKING
"27 Jun 2026  08:37:53",19977.3,GOOD,5.99,98.8,4478.8,NONE,TRACKING
"27 Jun 2026  08:38:23",19977.9,GOOD,5.99,98.8,4479.4,NONE,TRACKING
"27 Jun 2026  08:38:53",19977.6,GOOD,5.99,98.8,4479.1,NONE,TRACKING
"27 Jun 2026  08:39:23",19977.4,GOOD,5.99,98.8,4478.9,NONE,TRACKING
"27 Jun 2026  08:39:53",19977.3,GOOD,5.99,98.8,4478.8,NONE,TRACKING
"27 Jun 2026  08:40:23",19978.4,GOOD,5.99,98.8,4479.9,NONE,TRACKING
"27 Jun 2026  08:40:53",19978.4,GOOD,5.99,98.8,4479.9,NONE,TRACKING
"27 Jun 2026  08:41:23",19978.2,GOOD,5.99,98.8,4479.7,NONE,TRACKING
"27 Jun 2026  08:41:53",19978.2,GOOD,5.99,98.8,4479.7,NONE,TRACKING
"27 Jun 2026  08:42:23",19978.0,GOOD,5.99,98.8,4479.5,NONE,TRACKING
"27 Jun 2026  08:42:53",19977.6,GOOD,5.99,98.8,4479.1,NONE,TRACKING
"27 Jun 2026  08:43:23",19977.6,GOOD,5.99,98.8,4479.1,NONE,TRACKING
"27 Jun 2026  08:43:53",19977.5,GOOD,5.99,98.8,4479.0,NONE,TRACKING
"27 Jun 2026  08:44:23",19977.4,GOOD,5.99,98.8,4478.9,NONE,TRACKING
"27 Jun 2026  08:44:54",19978.7,GOOD,5.99,98.8,4480.2,NONE,TRACKING
"27 Jun 2026  08:45:24",19978.8,GOOD,5.99,98.8,4480.3,NONE,TRACKING
"27 Jun 2026  08:45:54",19978.7,GOOD,5.99,98.8,4480.2,NONE,TRACKING
"27 Jun 2026  08:46:24",19978.5,GOOD,5.99,98.8,4480.0,NONE,TRACKING
"27 Jun 2026  08:46:54",19978.2,GOOD,5.99,98.8,4479.7,NONE,TRACKING
"27 Jun 2026  08:47:24",19976.3,GOOD,5.99,98.7,4477.8,NONE,TRACKING
"27 Jun 2026  08:47:54",19979.3,GOOD,5.99,98.8,4480.8,NONE,TRACKING
"27 Jun 2026  08:48:24",19979.0,GOOD,5.99,98.8,4480.5,NONE,TRACKING
"27 Jun 2026  08:48:54",19987.9,GOOD,5.99,99.0,4489.4,NONE,TRACKING
"27 Jun 2026  08:49:24",19997.1,GOOD,5.99,99.2,4498.6,NONE,TRACKING
"27 Jun 2026  08:49:54",20006.5,GOOD,5.99,99.4,4508.0,NONE,TRACKING
"27 Jun 2026  08:50:24",20014.2,GOOD,5.99,99.6,4515.7,NONE,TRACKING
"27 Jun 2026  08:50:54",20039.6,GOOD,5.99,100.1,4541.1,NONE,TRACKING
"27 Jun 2026  08:51:24",20066.9,GOOD,5.99,100.7,4568.4,NONE,TRACKING
"27 Jun 2026  08:51:54",20085.3,GOOD,5.99,101.1,4586.8,NONE,TRACKING
"27 Jun 2026  08:52:24",20101.5,GOOD,5.99,101.5,4603.0,NONE,TRACKING
"27 Jun 2026  08:52:54",20138.1,GOOD,5.99,102.3,4639.6,NONE,TRACKING
"27 Jun 2026  08:53:24",20146.5,GOOD,5.99,102.5,4648.0,NONE,TRACKING
"27 Jun 2026  08:53:54",20127.4,GOOD,5.99,102.1,4628.9,NONE,TRACKING
"27 Jun 2026  08:54:24",20133.3,GOOD,5.99,102.2,4634.8,NONE,TRACKING
"27 Jun 2026  08:54:54",20127.6,GOOD,5.99,102.1,4629.1,NONE,TRACKING
"27 Jun 2026  08:55:24",20133.8,GOOD,5.99,102.2,4635.3,NONE,TRACKING
"27 Jun 2026  08:55:54",20132.0,GOOD,5.99,102.2,4633.5,NONE,TRACKING
"27 Jun 2026  08:56:24",20168.4,GOOD,5.99,103.0,4669.9,NONE,TRACKING
"27 Jun 2026  08:56:54",20181.4,GOOD,5.99,103.3,4682.9,NONE,TRACKING
"27 Jun 2026  08:57:25",20186.6,GOOD,5.99,103.4,4688.1,NONE,TRACKING
"27 Jun 2026  08:57:55",20190.4,GOOD,5.99,103.5,4691.9,NONE,TRACKING
"27 Jun 2026  08:58:25",20198.1,GOOD,5.99,103.6,4699.6,NONE,TRACKING
"27 Jun 2026  08:58:55",20214.7,GOOD,5.99,104.0,4716.2,NONE,TRACKING
"27 Jun 2026  08:59:25",20198.1,GOOD,5.99,103.6,4699.6,NONE,TRACKING
"27 Jun 2026  08:59:55",20198.1,GOOD,5.99,103.6,4699.6,NONE,TRACKING
"27 Jun 2026  09:00:25",20220.4,GOOD,5.99,104.1,4721.9,NONE,TRACKING
"27 Jun 2026  09:00:55",20258.1,GOOD,5.99,105.0,4759.6,NONE,TRACKING
"27 Jun 2026  09:01:25",20257.5,GOOD,5.99,104.9,4759.0,NONE,TRACKING
"27 Jun 2026  09:01:55",20229.6,GOOD,5.99,104.3,4731.1,NONE,TRACKING
"27 Jun 2026  09:02:25",20217.7,GOOD,5.99,104.1,4719.2,NONE,TRACKING
"27 Jun 2026  09:02:55",20217.7,GOOD,5.99,104.1,4719.2,NONE,TRACKING
"27 Jun 2026  09:03:25",20237.9,GOOD,5.99,104.5,4739.4,NONE,TRACKING
"27 Jun 2026  09:03:55",20252.4,GOOD,5.99,104.8,4753.9,NONE,TRACKING
"27 Jun 2026  09:04:25",20264.3,GOOD,5.99,105.1,4765.8,NONE,TRACKING
"27 Jun 2026  09:04:55",20274.1,GOOD,5.99,105.3,4775.6,NONE,TRACKING
"27 Jun 2026  09:05:25",20246.6,GOOD,5.99,104.7,4748.1,NONE,TRACKING
"27 Jun 2026  09:05:55",20219.7,GOOD,5.99,104.1,4721.2,NONE,TRACKING
"27 Jun 2026  09:06:25",20231.6,GOOD,5.99,104.4,4733.1,NONE,TRACKING
"27 Jun 2026  09:06:55",20250.5,GOOD,5.99,104.8,4752.0,NONE,TRACKING
"27 Jun 2026  09:07:25",20262.8,GOOD,5.99,105.1,4764.3,NONE,TRACKING
"27 Jun 2026  09:07:55",20252.7,GOOD,5.99,104.8,4754.2,NONE,TRACKING
"27 Jun 2026  09:08:25",20258.4,GOOD,5.99,105.0,4759.9,NONE,TRACKING
"27 Jun 2026  09:08:55",20256.1,GOOD,5.99,104.9,4757.6,NONE,TRACKING
"27 Jun 2026  09:09:25",20271.4,GOOD,5.99,105.2,4772.9,NONE,TRACKING
"27 Jun 2026  09:09:55",20276.8,GOOD,5.99,105.4,4778.3,NONE,TRACKING
"27 Jun 2026  09:10:25",20300.4,GOOD,5.99,105.9,4801.9,NONE,TRACKING
"27 Jun 2026  09:10:55",20292.4,GOOD,5.99,105.7,4793.9,NONE,TRACKING
"27 Jun 2026  09:11:25",20281.7,GOOD,5.99,105.5,4783.2,NONE,TRACKING
"27 Jun 2026  09:11:55",20273.4,GOOD,5.99,105.3,4774.9,NONE,TRACKING
"27 Jun 2026  09:12:25",20260.3,GOOD,5.99,105.0,4761.8,NONE,TRACKING
"27 Jun 2026  09:12:55",20312.2,GOOD,5.99,106.1,4813.7,NONE,TRACKING
"27 Jun 2026  09:13:25",20318.8,GOOD,5.99,106.3,4820.3,NONE,TRACKING
"27 Jun 2026  09:13:56",20329.1,GOOD,5.99,106.5,4830.6,NONE,TRACKING
"27 Jun 2026  09:14:26",20289.6,GOOD,5.99,105.6,4791.1,NONE,TRACKING
"27 Jun 2026  09:14:56",20286.9,GOOD,5.99,105.6,4788.4,NONE,TRACKING
"27 Jun 2026  09:15:26",20245.3,GOOD,5.99,104.7,4746.8,NONE,TRACKING
"27 Jun 2026  09:15:56",20259.6,GOOD,5.99,105.0,4761.1,NONE,TRACKING
"27 Jun 2026  09:16:26",20304.1,GOOD,5.99,106.0,4805.6,NONE,TRACKING
"27 Jun 2026  09:16:56",20346.1,GOOD,5.99,106.9,4847.6,NONE,TRACKING
"27 Jun 2026  09:17:26",20359.4,GOOD,5.99,107.2,4860.9,NONE,TRACKING
"27 Jun 2026  09:17:56",20347.5,GOOD,5.99,106.9,4849.0,NONE,TRACKING
"27 Jun 2026  09:18:26",20343.7,GOOD,5.99,106.8,4845.2,NONE,TRACKING
"27 Jun 2026  09:18:56",20331.1,GOOD,5.99,106.6,4832.6,NONE,TRACKING
"27 Jun 2026  09:19:26",20355.9,GOOD,5.99,107.1,4857.4,NONE,TRACKING
"27 Jun 2026  09:19:56",20349.0,GOOD,5.99,107.0,4850.5,NONE,TRACKING
"27 Jun 2026  09:20:26",20326.3,GOOD,5.99,106.5,4827.8,NONE,TRACKING
"27 Jun 2026  09:20:56",20346.4,GOOD,5.99,106.9,4847.9,NONE,TRACKING
"27 Jun 2026  09:21:26",20337.3,GOOD,5.99,106.7,4838.8,NONE,TRACKING
"27 Jun 2026  09:21:56",20325.5,GOOD,5.99,106.4,4827.0,NONE,TRACKING
"27 Jun 2026  09:22:26",20289.2,GOOD,5.99,105.6,4790.7,NONE,TRACKING
"27 Jun 2026  09:22:56",20277.5,GOOD,5.99,105.4,4779.0,NONE,TRACKING
"27 Jun 2026  09:23:27",20245.8,GOOD,5.99,104.7,4747.3,NONE,TRACKING
"27 Jun 2026  09:23:57",20204.4,GOOD,5.99,103.8,4705.9,NONE,TRACKING
"27 Jun 2026  09:24:27",20199.8,GOOD,5.99,103.7,4701.3,NONE,TRACKING
"27 Jun 2026  09:24:57",20201.2,GOOD,5.99,103.7,4702.7,NONE,TRACKING
"27 Jun 2026  09:25:27",20196.5,GOOD,5.99,103.6,4698.0,NONE,TRACKING
"27 Jun 2026  09:25:57",20191.0,GOOD,5.99,103.5,4692.5,NONE,TRACKING
"27 Jun 2026  09:26:27",20190.4,GOOD,5.99,103.5,4691.9,NONE,TRACKING
"27 Jun 2026  09:26:57",20191.1,GOOD,5.99,103.5,4692.6,NONE,TRACKING
"27 Jun 2026  09:27:27",20195.6,GOOD,5.99,103.6,4697.1,NONE,TRACKING
"27 Jun 2026  09:27:57",20184.9,GOOD,5.99,103.3,4686.4,NONE,TRACKING
"27 Jun 2026  09:28:28",20178.6,GOOD,5.99,103.2,4680.1,NONE,TRACKING
"27 Jun 2026  09:28:58",20204.1,GOOD,5.99,103.8,4705.6,NONE,TRACKING
"27 Jun 2026  09:29:28",20206.3,GOOD,5.99,103.8,4707.8,NONE,TRACKING
"27 Jun 2026  09:29:58",20223.6,GOOD,5.99,104.2,4725.1,NONE,TRACKING
"27 Jun 2026  09:30:28",20243.1,GOOD,5.99,104.6,4744.6,NONE,TRACKING
"27 Jun 2026  09:30:58",20260.5,GOOD,5.99,105.0,4762.0,NONE,TRACKING
"27 Jun 2026  09:31:28",20251.2,GOOD,5.99,104.8,4752.7,NONE,TRACKING
"27 Jun 2026  09:31:58",20303.2,GOOD,5.99,105.9,4804.7,NONE,TRACKING
"27 Jun 2026  09:32:28",20327.0,GOOD,5.99,106.5,4828.5,NONE,TRACKING
"27 Jun 2026  09:32:58",20313.6,GOOD,5.99,106.2,4815.1,NONE,TRACKING
"27 Jun 2026  09:33:28",20313.6,GOOD,5.99,106.2,4815.1,NONE,TRACKING
"27 Jun 2026  09:33:58",20321.9,GOOD,5.99,106.4,4823.4,NONE,TRACKING
"27 Jun 2026  09:34:28",20327.0,GOOD,5.99,106.5,4828.5,NONE,TRACKING
"27 Jun 2026  09:34:58",20326.4,GOOD,5.99,106.5,4827.9,NONE,TRACKING
"27 Jun 2026  09:35:28",20323.6,GOOD,5.99,106.4,4825.1,NONE,TRACKING
"27 Jun 2026  09:35:58",20300.7,GOOD,5.99,105.9,4802.2,NONE,TRACKING
"27 Jun 2026  09:36:28",20277.0,GOOD,5.99,105.4,4778.5,NONE,TRACKING
"27 Jun 2026  09:36:58",20262.1,GOOD,5.99,105.0,4763.6,NONE,TRACKING
"27 Jun 2026  09:37:29",20261.1,GOOD,5.99,105.0,4762.6,NONE,TRACKING
"27 Jun 2026  09:37:59",20282.5,GOOD,5.99,105.5,4784.0,NONE,TRACKING
"27 Jun 2026  09:38:29",20337.0,GOOD,5.99,106.7,4838.5,NONE,TRACKING
"27 Jun 2026  09:38:59",20307.2,GOOD,5.99,106.0,4808.7,NONE,TRACKING
"27 Jun 2026  09:39:29",20294.1,GOOD,5.99,105.7,4795.6,NONE,TRACKING
"27 Jun 2026  09:39:59",20254.9,GOOD,5.99,104.9,4756.4,NONE,TRACKING
"27 Jun 2026  09:40:29",20238.1,GOOD,5.99,104.5,4739.6,NONE,TRACKING
"27 Jun 2026  09:40:59",20245.1,GOOD,5.99,104.7,4746.6,NONE,TRACKING
"27 Jun 2026  09:41:29",20235.7,GOOD,5.99,104.5,4737.2,NONE,TRACKING
"27 Jun 2026  09:41:59",20268.6,GOOD,5.99,105.2,4770.1,NONE,TRACKING
"27 Jun 2026  09:42:29",20252.8,GOOD,5.99,104.8,4754.3,NONE,TRACKING
"27 Jun 2026  09:42:59",20255.0,GOOD,5.99,104.9,4756.5,NONE,TRACKING
"27 Jun 2026  09:43:29",20269.2,GOOD,5.99,105.2,4770.7,NONE,TRACKING
"27 Jun 2026  09:43:59",20241.2,GOOD,5.99,104.6,4742.7,NONE,TRACKING
"27 Jun 2026  09:44:29",20201.7,GOOD,5.99,103.7,4703.2,NONE,TRACKING
"27 Jun 2026  09:44:59",20199.1,GOOD,5.99,103.7,4700.6,NONE,TRACKING
"27 Jun 2026  09:45:29",20210.4,GOOD,5.99,103.9,4711.9,NONE,TRACKING
"27 Jun 2026  09:45:59",20219.1,GOOD,5.99,104.1,4720.6,NONE,TRACKING
"27 Jun 2026  09:46:29",20214.8,GOOD,5.99,104.0,4716.3,NONE,TRACKING
"27 Jun 2026  09:46:59",20231.8,GOOD,5.99,104.4,4733.3,NONE,TRACKING
"27 Jun 2026  09:47:29",20208.3,GOOD,5.99,103.9,4709.8,NONE,TRACKING
"27 Jun 2026  09:47:59",20216.9,GOOD,5.99,104.0,4718.4,NONE,TRACKING
"27 Jun 2026  09:48:29",20220.0,GOOD,5.99,104.1,4721.5,NONE,TRACKING
"27 Jun 2026  09:48:59",20221.2,GOOD,5.99,104.1,4722.7,NONE,TRACKING
"27 Jun 2026  09:49:29",20152.4,GOOD,5.99,102.6,4653.9,NONE,TRACKING
"27 Jun 2026  09:49:59",20071.5,GOOD,5.99,100.8,4573.0,NONE,TRACKING
"27 Jun 2026  09:50:29",20061.6,GOOD,5.99,100.6,4563.1,NONE,TRACKING
"27 Jun 2026  09:50:59",20052.6,GOOD,5.99,100.4,4554.1,NONE,TRACKING
"27 Jun 2026  09:51:29",20047.3,GOOD,5.99,100.3,4548.8,NONE,TRACKING
"27 Jun 2026  09:51:59",20038.0,GOOD,5.99,100.1,4539.5,NONE,TRACKING
"27 Jun 2026  09:52:30",20034.6,GOOD,5.99,100.0,4536.1,NONE,TRACKING
"27 Jun 2026  09:53:00",20037.4,GOOD,5.99,100.1,4538.9,NONE,TRACKING
"27 Jun 2026  09:53:30",20034.4,GOOD,5.99,100.0,4535.9,NONE,TRACKING
"27 Jun 2026  09:54:00",20036.1,GOOD,5.99,100.1,4537.6,NONE,TRACKING
"27 Jun 2026  09:54:30",20025.2,GOOD,5.99,99.8,4526.7,NONE,TRACKING
"27 Jun 2026  09:55:00",20023.7,GOOD,5.99,99.8,4525.2,NONE,TRACKING
"27 Jun 2026  09:55:30",20022.7,GOOD,5.99,99.8,4524.2,NONE,TRACKING
"27 Jun 2026  09:56:00",20026.9,GOOD,5.99,99.9,4528.4,NONE,TRACKING
"27 Jun 2026  09:56:30",20023.5,GOOD,5.99,99.8,4525.0,NONE,TRACKING
"27 Jun 2026  09:57:00",20026.3,GOOD,5.99,99.8,4527.8,NONE,TRACKING
"27 Jun 2026  09:57:30",20025.7,GOOD,5.99,99.8,4527.2,NONE,TRACKING
"27 Jun 2026  09:58:00",20019.4,GOOD,5.99,99.7,4520.9,NONE,TRACKING
"27 Jun 2026  09:58:30",20016.4,GOOD,5.99,99.6,4517.9,NONE,TRACKING
"27 Jun 2026  09:59:00",20024.1,GOOD,5.99,99.8,4525.6,NONE,TRACKING
"27 Jun 2026  09:59:30",20071.4,GOOD,5.99,100.8,4572.9,NONE,TRACKING
"27 Jun 2026  10:00:00",20107.0,GOOD,5.99,101.6,4608.5,NONE,TRACKING
"27 Jun 2026  10:00:30",20145.3,GOOD,5.99,102.5,4646.8,NONE,TRACKING
"27 Jun 2026  10:01:00",20146.9,GOOD,5.99,102.5,4648.4,NONE,TRACKING
"27 Jun 2026  10:01:30",20141.9,GOOD,5.99,102.4,4643.4,NONE,TRACKING
"27 Jun 2026  10:02:00",20129.9,GOOD,5.99,102.1,4631.4,NONE,TRACKING
"27 Jun 2026  10:02:30",20137.2,GOOD,5.99,102.3,4638.7,NONE,TRACKING
"27 Jun 2026  10:03:00",20120.8,GOOD,5.99,101.9,4622.3,NONE,TRACKING
"27 Jun 2026  10:03:30",20134.3,GOOD,5.99,102.2,4635.8,NONE,TRACKING
"27 Jun 2026  10:04:00",20115.8,GOOD,5.99,101.8,4617.3,NONE,TRACKING
"27 Jun 2026  10:04:30",20123.1,GOOD,5.99,102.0,4624.6,NONE,TRACKING
"27 Jun 2026  10:05:00",20151.7,GOOD,5.99,102.6,4653.2,NONE,TRACKING
"27 Jun 2026  10:05:30",20158.2,GOOD,5.99,102.7,4659.7,NONE,TRACKING
"27 Jun 2026  10:06:00",20157.8,GOOD,5.99,102.7,4659.3,NONE,TRACKING
"27 Jun 2026  10:06:31",20143.0,GOOD,5.99,102.4,4644.5,NONE,TRACKING
"27 Jun 2026  10:07:00",20124.6,GOOD,5.99,102.0,4626.1,NONE,TRACKING
"27 Jun 2026  10:07:30",20142.8,GOOD,5.99,102.4,4644.3,NONE,TRACKING
"27 Jun 2026  10:08:01",20131.9,GOOD,5.99,102.2,4633.4,NONE,TRACKING
"27 Jun 2026  10:08:31",20139.7,GOOD,5.99,102.3,4641.2,NONE,TRACKING
"27 Jun 2026  10:09:01",20147.5,GOOD,5.99,102.5,4649.0,NONE,TRACKING
"27 Jun 2026  10:09:31",20139.8,GOOD,5.99,102.3,4641.3,NONE,TRACKING
"27 Jun 2026  10:10:01",20138.2,GOOD,5.99,102.3,4639.7,NONE,TRACKING
"27 Jun 2026  10:10:31",20130.5,GOOD,5.99,102.1,4632.0,NONE,TRACKING
"27 Jun 2026  10:11:01",20135.4,GOOD,5.99,102.2,4636.9,NONE,TRACKING
"27 Jun 2026  10:11:31",20128.1,GOOD,5.99,102.1,4629.6,NONE,TRACKING
"27 Jun 2026  10:12:01",20135.0,GOOD,5.99,102.2,4636.5,NONE,TRACKING
"27 Jun 2026  10:12:31",20147.6,GOOD,5.99,102.5,4649.1,NONE,TRACKING
"27 Jun 2026  10:13:01",20148.6,GOOD,5.99,102.5,4650.1,NONE,TRACKING
"27 Jun 2026  10:13:31",20143.5,GOOD,5.99,102.4,4645.0,NONE,TRACKING
"27 Jun 2026  10:14:01",20152.7,GOOD,5.99,102.6,4654.2,NONE,TRACKING
"27 Jun 2026  10:14:31",20154.5,GOOD,5.99,102.7,4656.0,NONE,TRACKING
"27 Jun 2026  10:15:01",20153.2,GOOD,5.99,102.6,4654.7,NONE,TRACKING
"27 Jun 2026  10:15:31",20152.3,GOOD,5.99,102.6,4653.8,NONE,TRACKING
"27 Jun 2026  10:16:01",20178.2,GOOD,5.99,103.2,4679.7,NONE,TRACKING
"27 Jun 2026  10:16:31",20183.1,GOOD,5.99,103.3,4684.6,NONE,TRACKING
"27 Jun 2026  10:17:01",20176.0,GOOD,5.99,103.1,4677.5,NONE,TRACKING
"27 Jun 2026  10:17:31",20165.2,GOOD,5.99,102.9,4666.7,NONE,TRACKING
"27 Jun 2026  10:18:01",20186.5,GOOD,5.99,103.4,4688.0,NONE,TRACKING
"27 Jun 2026  10:18:31",20179.0,GOOD,5.99,103.2,4680.5,NONE,TRACKING
"27 Jun 2026  10:19:01",20184.3,GOOD,5.99,103.3,4685.8,NONE,TRACKING
"27 Jun 2026  10:19:31",20192.1,GOOD,5.99,103.5,4693.6,NONE,TRACKING
"27 Jun 2026  10:20:01",20183.8,GOOD,5.99,103.3,4685.3,NONE,TRACKING
"27 Jun 2026  10:20:31",20200.5,GOOD,5.99,103.7,4702.0,NONE,TRACKING
"27 Jun 2026  10:21:01",20187.2,GOOD,5.99,103.4,4688.7,NONE,TRACKING
"27 Jun 2026  10:21:31",20181.1,GOOD,5.99,103.3,4682.6,NONE,TRACKING
"27 Jun 2026  10:22:01",20177.1,GOOD,5.99,103.2,4678.6,NONE,TRACKING
"27 Jun 2026  10:22:31",20180.6,GOOD,5.99,103.2,4682.1,NONE,TRACKING
"27 Jun 2026  10:23:01",20182.3,GOOD,5.99,103.3,4683.8,NONE,TRACKING
"27 Jun 2026  10:23:31",20193.8,GOOD,5.99,103.5,4695.3,NONE,TRACKING
"27 Jun 2026  10:24:01",20197.7,GOOD,5.99,103.6,4699.2,NONE,TRACKING
"27 Jun 2026  10:24:31",20190.8,GOOD,5.99,103.5,4692.3,NONE,TRACKING
"27 Jun 2026  10:25:01",20199.5,GOOD,5.99,103.7,4701.0,NONE,TRACKING
"27 Jun 2026  10:25:31",20200.0,GOOD,5.99,103.7,4701.5,NONE,TRACKING
"27 Jun 2026  10:26:01",20188.1,GOOD,5.99,103.4,4689.6,NONE,TRACKING
"27 Jun 2026  10:26:31",20192.6,GOOD,5.99,103.5,4694.1,NONE,TRACKING
"27 Jun 2026  10:27:01",20197.7,GOOD,5.99,103.6,4699.2,NONE,TRACKING
"27 Jun 2026  10:27:31",20189.8,GOOD,5.99,103.4,4691.3,NONE,TRACKING
"27 Jun 2026  10:28:01",20207.1,GOOD,5.99,103.8,4708.6,NONE,TRACKING
"27 Jun 2026  10:28:31",20210.8,GOOD,5.99,103.9,4712.3,NONE,TRACKING
"27 Jun 2026  10:29:01",20210.7,GOOD,5.99,103.9,4712.2,NONE,TRACKING
"27 Jun 2026  10:29:31",20217.8,GOOD,5.99,104.1,4719.3,NONE,TRACKING
"27 Jun 2026  10:30:01",20219.0,GOOD,5.99,104.1,4720.5,NONE,TRACKING
"27 Jun 2026  10:30:31",20207.6,GOOD,5.99,103.8,4709.1,NONE,TRACKING
"27 Jun 2026  10:31:01",20218.9,GOOD,5.99,104.1,4720.4,NONE,TRACKING
"27 Jun 2026  10:31:31",20216.3,GOOD,5.99,104.0,4717.8,NONE,TRACKING
"27 Jun 2026  10:32:01",20206.5,GOOD,5.99,103.8,4708.0,NONE,TRACKING
"27 Jun 2026  10:32:31",20210.6,GOOD,5.99,103.9,4712.1,NONE,TRACKING
"27 Jun 2026  10:33:01",20210.0,GOOD,5.99,103.9,4711.5,NONE,TRACKING
"27 Jun 2026  10:33:31",20216.5,GOOD,5.99,104.0,4718.0,NONE,TRACKING
"27 Jun 2026  10:34:01",20211.0,GOOD,5.99,103.9,4712.5,NONE,TRACKING
"27 Jun 2026  10:34:31",20201.9,GOOD,5.99,103.7,4703.4,NONE,TRACKING
"27 Jun 2026  10:35:01",20202.6,GOOD,5.99,103.7,4704.1,NONE,TRACKING
"27 Jun 2026  10:35:31",20209.8,GOOD,5.99,103.9,4711.3,NONE,TRACKING
"27 Jun 2026  10:36:01",20217.6,GOOD,5.99,104.1,4719.1,NONE,TRACKING
"27 Jun 2026  10:36:32",20216.2,GOOD,5.99,104.0,4717.7,NONE,TRACKING
"27 Jun 2026  10:37:02",20222.2,GOOD,5.99,104.2,4723.7,NONE,TRACKING
"27 Jun 2026  10:37:32",20227.6,GOOD,5.99,104.3,4729.1,NONE,TRACKING
"27 Jun 2026  10:38:02",20229.3,GOOD,5.99,104.3,4730.8,NONE,TRACKING
"27 Jun 2026  10:38:32",20229.9,GOOD,5.99,104.3,4731.4,NONE,TRACKING
"27 Jun 2026  10:39:02",20211.9,GOOD,5.99,103.9,4713.4,NONE,TRACKING
"27 Jun 2026  10:39:32",20215.0,GOOD,5.99,104.0,4716.5,NONE,TRACKING
"27 Jun 2026  10:40:02",20220.6,GOOD,5.99,104.1,4722.1,NONE,TRACKING
"27 Jun 2026  10:40:32",20218.8,GOOD,5.99,104.1,4720.3,NONE,TRACKING
"27 Jun 2026  10:41:02",20231.5,GOOD,5.99,104.4,4733.0,NONE,TRACKING
"27 Jun 2026  10:41:32",20238.4,GOOD,5.99,104.5,4739.9,NONE,TRACKING
"27 Jun 2026  10:42:02",20235.8,GOOD,5.99,104.5,4737.3,NONE,TRACKING
"27 Jun 2026  10:42:32",20228.3,GOOD,5.99,104.3,4729.8,NONE,TRACKING
"27 Jun 2026  10:43:02",20221.8,GOOD,5.99,104.2,4723.3,NONE,TRACKING
"27 Jun 2026  10:43:32",20240.2,GOOD,5.99,104.6,4741.7,NONE,TRACKING
"27 Jun 2026  10:44:02",20255.2,GOOD,5.99,104.9,4756.7,NONE,TRACKING
"27 Jun 2026  10:44:32",20241.0,GOOD,5.99,104.6,4742.5,NONE,TRACKING
"27 Jun 2026  10:45:02",20232.5,GOOD,5.99,104.4,4734.0,NONE,TRACKING
"27 Jun 2026  10:45:32",20218.6,GOOD,5.99,104.1,4720.1,NONE,TRACKING
"27 Jun 2026  10:46:02",20221.4,GOOD,5.99,104.1,4722.9,NONE,TRACKING
"27 Jun 2026  10:46:32",20194.7,GOOD,5.99,103.6,4696.2,NONE,TRACKING
"27 Jun 2026  10:47:02",20202.5,GOOD,5.99,103.7,4704.0,NONE,TRACKING
"27 Jun 2026  10:47:32",20244.7,GOOD,5.99,104.7,4746.2,NONE,TRACKING
"27 Jun 2026  10:48:02",20260.8,GOOD,5.99,105.0,4762.3,NONE,TRACKING
"27 Jun 2026  10:48:32",20234.5,GOOD,5.99,104.4,4736.0,NONE,TRACKING
"27 Jun 2026  10:49:02",20192.6,GOOD,5.99,103.5,4694.1,NONE,TRACKING
"27 Jun 2026  10:49:32",20229.9,GOOD,5.99,104.3,4731.4,NONE,TRACKING
"27 Jun 2026  10:50:02",20250.9,GOOD,5.99,104.8,4752.4,NONE,TRACKING
"27 Jun 2026  10:50:32",20214.8,GOOD,5.99,104.0,4716.3,NONE,TRACKING
"27 Jun 2026  10:51:02",20185.9,GOOD,5.99,103.4,4687.4,NONE,TRACKING
"27 Jun 2026  10:51:33",20170.0,GOOD,5.99,103.0,4671.5,NONE,TRACKING
"27 Jun 2026  10:52:03",20158.2,GOOD,5.99,102.7,4659.7,NONE,TRACKING
"27 Jun 2026  10:52:33",20148.6,GOOD,5.99,102.5,4650.1,NONE,TRACKING
"27 Jun 2026  10:53:03",20144.8,GOOD,5.99,102.5,4646.3,NONE,TRACKING
"27 Jun 2026  10:53:33",20137.2,GOOD,5.99,102.3,4638.7,NONE,TRACKING
"27 Jun 2026  10:54:03",20134.3,GOOD,5.99,102.2,4635.8,NONE,TRACKING
"27 Jun 2026  10:54:33",20131.0,GOOD,5.99,102.1,4632.5,NONE,TRACKING
"27 Jun 2026  10:55:03",20126.7,GOOD,5.99,102.1,4628.2,NONE,TRACKING
"27 Jun 2026  10:55:33",20123.6,GOOD,5.99,102.0,4625.1,NONE,TRACKING
"27 Jun 2026  10:56:03",20121.3,GOOD,5.99,101.9,4622.8,NONE,TRACKING
"27 Jun 2026  10:56:33",20118.5,GOOD,5.99,101.9,4620.0,NONE,TRACKING
"27 Jun 2026  10:57:03",20115.9,GOOD,5.99,101.8,4617.4,NONE,TRACKING
"27 Jun 2026  10:57:33",20112.6,GOOD,5.99,101.7,4614.1,NONE,TRACKING
"27 Jun 2026  10:58:03",20108.7,GOOD,5.99,101.7,4610.2,NONE,TRACKING
"27 Jun 2026  10:58:33",20104.1,GOOD,5.99,101.6,4605.6,NONE,TRACKING
"27 Jun 2026  10:59:03",20099.9,GOOD,5.99,101.5,4601.4,NONE,TRACKING
"27 Jun 2026  10:59:33",20099.1,GOOD,5.99,101.4,4600.6,NONE,TRACKING
"27 Jun 2026  11:00:03",20095.5,GOOD,5.99,101.4,4597.0,NONE,TRACKING
"27 Jun 2026  11:00:33",20093.2,GOOD,5.99,101.3,4594.7,NONE,TRACKING
"27 Jun 2026  11:01:03",20091.4,GOOD,5.99,101.3,4592.9,NONE,TRACKING
"27 Jun 2026  11:01:33",20089.2,GOOD,5.99,101.2,4590.7,NONE,TRACKING
"27 Jun 2026  11:02:03",20086.3,GOOD,5.99,101.2,4587.8,NONE,TRACKING
"27 Jun 2026  11:02:33",20085.8,GOOD,5.99,101.2,4587.3,NONE,TRACKING
"27 Jun 2026  11:03:03",20084.5,GOOD,5.99,101.1,4586.0,NONE,TRACKING
"27 Jun 2026  11:03:33",20081.7,GOOD,5.99,101.1,4583.2,NONE,TRACKING
"27 Jun 2026  11:04:03",20049.0,GOOD,5.99,100.3,4550.5,NONE,TRACKING
"27 Jun 2026  11:04:33",20033.9,GOOD,5.99,100.0,4535.4,NONE,TRACKING
"27 Jun 2026  11:05:03",20034.9,GOOD,5.99,100.0,4536.4,NONE,TRACKING
"27 Jun 2026  11:05:33",20054.6,GOOD,5.99,100.5,4556.1,NONE,TRACKING
"27 Jun 2026  11:06:03",20072.2,GOOD,5.99,100.9,4573.7,NONE,TRACKING
"27 Jun 2026  11:06:33",20086.1,GOOD,5.99,101.2,4587.6,NONE,TRACKING
"27 Jun 2026  11:07:03",20101.5,GOOD,5.99,101.5,4603.0,NONE,TRACKING
"27 Jun 2026  11:07:33",20119.6,GOOD,5.99,101.9,4621.1,NONE,TRACKING
"27 Jun 2026  11:08:03",20122.4,GOOD,5.99,102.0,4623.9,NONE,TRACKING
"27 Jun 2026  11:08:33",20121.2,GOOD,5.99,101.9,4622.7,NONE,TRACKING
"27 Jun 2026  11:09:04",20126.6,GOOD,5.99,102.1,4628.1,NONE,TRACKING
"27 Jun 2026  11:09:34",20137.5,GOOD,5.99,102.3,4639.0,NONE,TRACKING
"27 Jun 2026  11:10:04",20149.7,GOOD,5.99,102.6,4651.2,NONE,TRACKING
"27 Jun 2026  11:10:34",20137.3,GOOD,5.99,102.3,4638.8,NONE,TRACKING
"27 Jun 2026  11:11:04",20131.5,GOOD,5.99,102.2,4633.0,NONE,TRACKING
"27 Jun 2026  11:11:34",20131.0,GOOD,5.99,102.1,4632.5,NONE,TRACKING
"27 Jun 2026  11:12:04",20149.3,GOOD,5.99,102.6,4650.8,NONE,TRACKING
"27 Jun 2026  11:12:34",20168.9,GOOD,5.99,103.0,4670.4,NONE,TRACKING
"27 Jun 2026  11:13:04",20161.9,GOOD,5.99,102.8,4663.4,NONE,TRACKING
"27 Jun 2026  11:13:34",20152.7,GOOD,5.99,102.6,4654.2,NONE,TRACKING
"27 Jun 2026  11:14:04",20161.0,GOOD,5.99,102.8,4662.5,NONE,TRACKING
"27 Jun 2026  11:14:34",20172.3,GOOD,5.99,103.1,4673.8,NONE,TRACKING
"27 Jun 2026  11:15:04",20157.0,GOOD,5.99,102.7,4658.5,NONE,TRACKING
"27 Jun 2026  11:15:34",20168.2,GOOD,5.99,103.0,4669.7,NONE,TRACKING
"27 Jun 2026  11:16:04",20164.3,GOOD,5.99,102.9,4665.8,NONE,TRACKING
"27 Jun 2026  11:16:34",20161.2,GOOD,5.99,102.8,4662.7,NONE,TRACKING
"27 Jun 2026  11:17:04",20155.8,GOOD,5.99,102.7,4657.3,NONE,TRACKING
"27 Jun 2026  11:17:34",20163.6,GOOD,5.99,102.9,4665.1,NONE,TRACKING
"27 Jun 2026  11:18:04",20166.7,GOOD,5.99,102.9,4668.2,NONE,TRACKING
"27 Jun 2026  11:18:34",20159.9,GOOD,5.99,102.8,4661.4,NONE,TRACKING
"27 Jun 2026  11:19:04",20177.8,GOOD,5.99,103.2,4679.3,NONE,TRACKING
"27 Jun 2026  11:19:34",20182.0,GOOD,5.99,103.3,4683.5,NONE,TRACKING
"27 Jun 2026  11:20:04",20172.8,GOOD,5.99,103.1,4674.3,NONE,TRACKING
"27 Jun 2026  11:20:34",20170.4,GOOD,5.99,103.0,4671.9,NONE,TRACKING
"27 Jun 2026  11:21:04",20194.3,GOOD,5.99,103.5,4695.8,NONE,TRACKING
"27 Jun 2026  11:21:34",20192.1,GOOD,5.99,103.5,4693.6,NONE,TRACKING
"27 Jun 2026  11:22:04",20197.1,GOOD,5.99,103.6,4698.6,NONE,TRACKING
"27 Jun 2026  11:22:34",20175.2,GOOD,5.99,103.1,4676.7,NONE,TRACKING
"27 Jun 2026  11:23:04",20183.3,GOOD,5.99,103.3,4684.8,NONE,TRACKING
"27 Jun 2026  11:23:34",20185.2,GOOD,5.99,103.3,4686.7,NONE,TRACKING
"27 Jun 2026  11:24:04",20193.5,GOOD,5.99,103.5,4695.0,NONE,TRACKING
"27 Jun 2026  11:24:34",20192.8,GOOD,5.99,103.5,4694.3,NONE,TRACKING
"27 Jun 2026  11:25:04",20200.1,GOOD,5.99,103.7,4701.6,NONE,TRACKING
"27 Jun 2026  11:25:34",20200.9,GOOD,5.99,103.7,4702.4,NONE,TRACKING
"27 Jun 2026  11:26:04",20203.8,GOOD,5.99,103.8,4705.3,NONE,TRACKING
"27 Jun 2026  11:26:34",20194.6,GOOD,5.99,103.6,4696.1,NONE,TRACKING
"27 Jun 2026  11:27:04",20193.7,GOOD,5.99,103.5,4695.2,NONE,TRACKING
"27 Jun 2026  11:27:34",20192.5,GOOD,5.99,103.5,4694.0,NONE,TRACKING
"27 Jun 2026  11:28:04",20193.0,GOOD,5.99,103.5,4694.5,NONE,TRACKING
"27 Jun 2026  11:28:34",20193.2,GOOD,5.99,103.5,4694.7,NONE,TRACKING
"27 Jun 2026  11:29:04",20203.8,GOOD,5.99,103.8,4705.3,NONE,TRACKING
"27 Jun 2026  11:29:34",20212.3,GOOD,5.99,103.9,4713.8,NONE,TRACKING
"27 Jun 2026  11:30:04",20240.6,GOOD,5.99,104.6,4742.1,NONE,TRACKING
"27 Jun 2026  11:30:34",20233.5,GOOD,5.99,104.4,4735.0,NONE,TRACKING
"27 Jun 2026  11:31:04",20218.2,GOOD,5.99,104.1,4719.7,NONE,TRACKING
"27 Jun 2026  11:31:34",20235.3,GOOD,5.99,104.4,4736.8,NONE,TRACKING
"27 Jun 2026  11:32:04",20232.7,GOOD,5.99,104.4,4734.2,NONE,TRACKING
"27 Jun 2026  11:32:34",20221.8,GOOD,5.99,104.2,4723.3,NONE,TRACKING
"27 Jun 2026  11:33:04",20235.8,GOOD,5.99,104.5,4737.3,NONE,TRACKING
"27 Jun 2026  11:33:34",20214.1,GOOD,5.99,104.0,4715.6,NONE,TRACKING
"27 Jun 2026  11:34:04",20245.7,GOOD,5.99,104.7,4747.2,NONE,TRACKING
"27 Jun 2026  11:34:34",20242.6,GOOD,5.99,104.6,4744.1,NONE,TRACKING
"27 Jun 2026  11:35:04",20254.0,GOOD,5.99,104.9,4755.5,NONE,TRACKING
"27 Jun 2026  11:35:34",20238.8,GOOD,5.99,104.5,4740.3,NONE,TRACKING
"27 Jun 2026  11:36:04",20234.0,GOOD,5.99,104.4,4735.5,NONE,TRACKING
"27 Jun 2026  11:36:34",20222.3,GOOD,5.99,104.2,4723.8,NONE,TRACKING
"27 Jun 2026  11:37:04",20213.4,GOOD,5.99,104.0,4714.9,NONE,TRACKING
"27 Jun 2026  11:37:34",20218.5,GOOD,5.99,104.1,4720.0,NONE,TRACKING
"27 Jun 2026  11:38:04",20204.2,GOOD,5.99,103.8,4705.7,NONE,TRACKING
"27 Jun 2026  11:38:34",20230.2,GOOD,5.99,104.3,4731.7,NONE,TRACKING
"27 Jun 2026  11:39:04",20244.1,GOOD,5.99,104.6,4745.6,NONE,TRACKING
"27 Jun 2026  11:39:34",20215.3,GOOD,5.99,104.0,4716.8,NONE,TRACKING
"27 Jun 2026  11:40:04",20200.5,GOOD,5.99,103.7,4702.0,NONE,TRACKING
"27 Jun 2026  11:40:34",20209.7,GOOD,5.99,103.9,4711.2,NONE,TRACKING
"27 Jun 2026  11:41:04",20202.3,GOOD,5.99,103.7,4703.8,NONE,TRACKING
"27 Jun 2026  11:41:34",20211.7,GOOD,5.99,103.9,4713.2,NONE,TRACKING
"27 Jun 2026  11:42:04",20217.1,GOOD,5.99,104.0,4718.6,NONE,TRACKING
"27 Jun 2026  11:42:34",20229.5,GOOD,5.99,104.3,4731.0,NONE,TRACKING
"27 Jun 2026  11:43:04",20236.8,GOOD,5.99,104.5,4738.3,NONE,TRACKING
"27 Jun 2026  11:43:34",20227.4,GOOD,5.99,104.3,4728.9,NONE,TRACKING
"27 Jun 2026  11:44:05",20226.7,GOOD,5.99,104.3,4728.2,NONE,TRACKING
"27 Jun 2026  11:44:35",20227.2,GOOD,5.99,104.3,4728.7,NONE,TRACKING
"27 Jun 2026  11:45:05",20233.1,GOOD,5.99,104.4,4734.6,NONE,TRACKING
"27 Jun 2026  11:45:35",20217.3,GOOD,5.99,104.1,4718.8,NONE,TRACKING
"27 Jun 2026  11:46:05",20218.3,GOOD,5.99,104.1,4719.8,NONE,TRACKING
"27 Jun 2026  11:46:35",20223.4,GOOD,5.99,104.2,4724.9,NONE,TRACKING
"27 Jun 2026  11:47:05",20234.3,GOOD,5.99,104.4,4735.8,NONE,TRACKING
"27 Jun 2026  11:47:35",20233.3,GOOD,5.99,104.4,4734.8,NONE,TRACKING
"27 Jun 2026  11:48:05",20224.6,GOOD,5.99,104.2,4726.1,NONE,TRACKING
"27 Jun 2026  11:48:35",20224.6,GOOD,5.99,104.2,4726.1,NONE,TRACKING
"27 Jun 2026  11:49:05",20227.6,GOOD,5.99,104.3,4729.1,NONE,TRACKING
"27 Jun 2026  11:49:35",20232.9,GOOD,5.99,104.4,4734.4,NONE,TRACKING
"27 Jun 2026  11:50:05",20216.9,GOOD,5.99,104.0,4718.4,NONE,TRACKING
"27 Jun 2026  11:50:35",20220.6,GOOD,5.99,104.1,4722.1,NONE,TRACKING
"27 Jun 2026  11:51:05",20234.3,GOOD,5.99,104.4,4735.8,NONE,TRACKING
"27 Jun 2026  11:51:35",20222.5,GOOD,5.99,104.2,4724.0,NONE,TRACKING
"27 Jun 2026  11:52:05",20211.7,GOOD,5.99,103.9,4713.2,NONE,TRACKING
"27 Jun 2026  11:52:35",20216.7,GOOD,5.99,104.0,4718.2,NONE,TRACKING
"27 Jun 2026  11:53:05",20215.8,GOOD,5.99,104.0,4717.3,NONE,TRACKING
"27 Jun 2026  11:53:35",20213.7,GOOD,5.99,104.0,4715.2,NONE,TRACKING
"27 Jun 2026  11:54:05",20224.1,GOOD,5.99,104.2,4725.6,NONE,TRACKING
"27 Jun 2026  11:54:35",20239.7,GOOD,5.99,104.5,4741.2,NONE,TRACKING
"27 Jun 2026  11:55:05",20257.1,GOOD,5.99,104.9,4758.6,NONE,TRACKING
"27 Jun 2026  11:55:35",20248.1,GOOD,5.99,104.7,4749.6,NONE,TRACKING
"27 Jun 2026  11:56:05",20226.9,GOOD,5.99,104.3,4728.4,NONE,TRACKING
"27 Jun 2026  11:56:35",20240.2,GOOD,5.99,104.6,4741.7,NONE,TRACKING
"27 Jun 2026  11:57:05",20249.9,GOOD,5.99,104.8,4751.4,NONE,TRACKING
"27 Jun 2026  11:57:35",20255.2,GOOD,5.99,104.9,4756.7,NONE,TRACKING
"27 Jun 2026  11:58:05",20235.3,GOOD,5.99,104.4,4736.8,NONE,TRACKING
"27 Jun 2026  11:58:35",20220.7,GOOD,5.99,104.1,4722.2,NONE,TRACKING
"27 Jun 2026  11:59:05",20234.3,GOOD,5.99,104.4,4735.8,NONE,TRACKING
"27 Jun 2026  11:59:35",20252.4,GOOD,5.99,104.8,4753.9,NONE,TRACKING
"27 Jun 2026  12:00:05",20239.9,GOOD,5.99,104.6,4741.4,NONE,TRACKING
"27 Jun 2026  12:00:35",20246.3,GOOD,5.99,104.7,4747.8,NONE,TRACKING
"27 Jun 2026  12:01:05",20236.8,GOOD,5.99,104.5,4738.3,NONE,TRACKING
"27 Jun 2026  12:01:35",20234.4,GOOD,5.99,104.4,4735.9,NONE,TRACKING
"27 Jun 2026  12:02:05",20235.9,GOOD,5.99,104.5,4737.4,NONE,TRACKING
"27 Jun 2026  12:02:35",20239.3,GOOD,5.99,104.5,4740.8,NONE,TRACKING
"27 Jun 2026  12:03:05",20248.1,GOOD,5.99,104.7,4749.6,NONE,TRACKING
"27 Jun 2026  12:03:35",20249.5,GOOD,5.99,104.8,4751.0,NONE,TRACKING
"27 Jun 2026  12:04:05",20258.4,GOOD,5.99,105.0,4759.9,NONE,TRACKING
"27 Jun 2026  12:04:35",20242.6,GOOD,5.99,104.6,4744.1,NONE,TRACKING
"27 Jun 2026  12:05:05",20220.3,GOOD,5.99,104.1,4721.8,NONE,TRACKING
"27 Jun 2026  12:05:35",20224.3,GOOD,5.99,104.2,4725.8,NONE,TRACKING
"27 Jun 2026  12:06:05",20227.6,GOOD,5.99,104.3,4729.1,NONE,TRACKING
"27 Jun 2026  12:06:35",20252.3,GOOD,5.99,104.8,4753.8,NONE,TRACKING
"27 Jun 2026  12:07:05",20235.8,GOOD,5.99,104.5,4737.3,NONE,TRACKING
"27 Jun 2026  12:07:35",20247.9,GOOD,5.99,104.7,4749.4,NONE,TRACKING
"27 Jun 2026  12:08:05",20252.0,GOOD,5.99,104.8,4753.5,NONE,TRACKING
"27 Jun 2026  12:08:35",20252.2,GOOD,5.99,104.8,4753.7,NONE,TRACKING
"27 Jun 2026  12:09:05",20223.3,GOOD,5.99,104.2,4724.8,NONE,TRACKING
"27 Jun 2026  12:09:35",20187.4,GOOD,5.99,103.4,4688.9,NONE,TRACKING
"27 Jun 2026  12:10:05",20185.1,GOOD,5.99,103.3,4686.6,NONE,TRACKING
"27 Jun 2026  12:10:35",20171.2,GOOD,5.99,103.0,4672.7,NONE,TRACKING
"27 Jun 2026  12:11:05",20164.8,GOOD,5.99,102.9,4666.3,NONE,TRACKING
"27 Jun 2026  12:11:35",20161.4,GOOD,5.99,102.8,4662.9,NONE,TRACKING
"27 Jun 2026  12:12:05",20155.2,GOOD,5.99,102.7,4656.7,NONE,TRACKING
"27 Jun 2026  12:12:35",20133.6,GOOD,5.99,102.2,4635.1,NONE,TRACKING
"27 Jun 2026  12:13:05",20118.4,GOOD,5.99,101.9,4619.9,NONE,TRACKING
"27 Jun 2026  12:13:35",20113.6,GOOD,5.99,101.8,4615.1,NONE,TRACKING
"27 Jun 2026  12:14:05",20109.9,GOOD,5.99,101.7,4611.4,NONE,TRACKING
"27 Jun 2026  12:14:35",20106.1,GOOD,5.99,101.6,4607.6,NONE,TRACKING
"27 Jun 2026  12:15:05",20093.9,GOOD,5.99,101.3,4595.4,NONE,TRACKING
"27 Jun 2026  12:15:35",20091.1,GOOD,5.99,101.3,4592.6,NONE,TRACKING
"27 Jun 2026  12:16:05",20103.6,GOOD,5.99,101.5,4605.1,NONE,TRACKING
"27 Jun 2026  12:16:35",20124.4,GOOD,5.99,102.0,4625.9,NONE,TRACKING
"27 Jun 2026  12:17:05",20145.5,GOOD,5.99,102.5,4647.0,NONE,TRACKING
"27 Jun 2026  12:17:35",20157.6,GOOD,5.99,102.7,4659.1,NONE,TRACKING
"27 Jun 2026  12:18:05",20168.5,GOOD,5.99,103.0,4670.0,NONE,TRACKING
"27 Jun 2026  12:18:35",20175.1,GOOD,5.99,103.1,4676.6,NONE,TRACKING
"27 Jun 2026  12:19:05",20174.8,GOOD,5.99,103.1,4676.3,NONE,TRACKING
"27 Jun 2026  12:19:35",20191.6,GOOD,5.99,103.5,4693.1,NONE,TRACKING
"27 Jun 2026  12:20:05",20199.2,GOOD,5.99,103.7,4700.7,NONE,TRACKING
"27 Jun 2026  12:20:35",20181.4,GOOD,5.99,103.3,4682.9,NONE,TRACKING
"27 Jun 2026  12:21:05",20191.0,GOOD,5.99,103.5,4692.5,NONE,TRACKING
"27 Jun 2026  12:21:35",20188.6,GOOD,5.99,103.4,4690.1,NONE,TRACKING
"27 Jun 2026  12:22:05",20172.9,GOOD,5.99,103.1,4674.4,NONE,TRACKING
"27 Jun 2026  12:22:35",20180.3,GOOD,5.99,103.2,4681.8,NONE,TRACKING
"27 Jun 2026  12:23:05",20184.5,GOOD,5.99,103.3,4686.0,NONE,TRACKING
"27 Jun 2026  12:23:35",20176.3,GOOD,5.99,103.1,4677.8,NONE,TRACKING
"27 Jun 2026  12:24:05",20192.5,GOOD,5.99,103.5,4694.0,NONE,TRACKING
"27 Jun 2026  12:24:35",20188.4,GOOD,5.99,103.4,4689.9,NONE,TRACKING
"27 Jun 2026  12:25:05",20198.0,GOOD,5.99,103.6,4699.5,NONE,TRACKING
"27 Jun 2026  12:25:35",20197.6,GOOD,5.99,103.6,4699.1,NONE,TRACKING
"27 Jun 2026  12:26:05",20198.7,GOOD,5.99,103.6,4700.2,NONE,TRACKING
"27 Jun 2026  12:26:35",20220.6,GOOD,5.99,104.1,4722.1,NONE,TRACKING
"27 Jun 2026  12:27:05",20212.2,GOOD,5.99,103.9,4713.7,NONE,TRACKING
"27 Jun 2026  12:27:35",20212.4,GOOD,5.99,103.9,4713.9,NONE,TRACKING
"27 Jun 2026  12:28:05",20242.8,GOOD,5.99,104.6,4744.3,NONE,TRACKING
"27 Jun 2026  12:28:35",20242.4,GOOD,5.99,104.6,4743.9,NONE,TRACKING
"27 Jun 2026  12:29:05",20213.1,GOOD,5.99,104.0,4714.6,NONE,TRACKING
"27 Jun 2026  12:29:35",20215.5,GOOD,5.99,104.0,4717.0,NONE,TRACKING
"27 Jun 2026  12:30:06",20195.2,GOOD,5.99,103.6,4696.7,NONE,TRACKING
"27 Jun 2026  12:30:36",20198.3,GOOD,5.99,103.6,4699.8,NONE,TRACKING
"27 Jun 2026  12:31:06",20205.1,GOOD,5.99,103.8,4706.6,NONE,TRACKING
"27 Jun 2026  12:31:36",20222.8,GOOD,5.99,104.2,4724.3,NONE,TRACKING
"27 Jun 2026  12:32:06",20231.6,GOOD,5.99,104.4,4733.1,NONE,TRACKING
"27 Jun 2026  12:32:36",20209.6,GOOD,5.99,103.9,4711.1,NONE,TRACKING
"27 Jun 2026  12:33:06",20189.3,GOOD,5.99,103.4,4690.8,NONE,TRACKING
"27 Jun 2026  12:33:36",20194.8,GOOD,5.99,103.6,4696.3,NONE,TRACKING
"27 Jun 2026  12:34:06",20202.3,GOOD,5.99,103.7,4703.8,NONE,TRACKING
"27 Jun 2026  12:34:36",20196.0,GOOD,5.99,103.6,4697.5,NONE,TRACKING
"27 Jun 2026  12:35:06",20192.8,GOOD,5.99,103.5,4694.3,NONE,TRACKING
"27 Jun 2026  12:35:36",20205.9,GOOD,5.99,103.8,4707.4,NONE,TRACKING
"27 Jun 2026  12:36:06",20205.0,GOOD,5.99,103.8,4706.5,NONE,TRACKING
"27 Jun 2026  12:36:36",20214.3,GOOD,5.99,104.0,4715.8,NONE,TRACKING
"27 Jun 2026  12:37:06",20224.8,GOOD,5.99,104.2,4726.3,NONE,TRACKING
"27 Jun 2026  12:37:37",20218.2,GOOD,5.99,104.1,4719.7,NONE,TRACKING
"27 Jun 2026  12:38:07",20199.2,GOOD,5.99,103.7,4700.7,NONE,TRACKING
"27 Jun 2026  12:38:37",20207.7,GOOD,5.99,103.8,4709.2,NONE,TRACKING
"27 Jun 2026  12:39:07",20217.9,GOOD,5.99,104.1,4719.4,NONE,TRACKING
"27 Jun 2026  12:39:37",20218.9,GOOD,5.99,104.1,4720.4,NONE,TRACKING
"27 Jun 2026  12:40:07",20226.1,GOOD,5.99,104.2,4727.6,NONE,TRACKING
"27 Jun 2026  12:40:37",20208.0,GOOD,5.99,103.8,4709.5,NONE,TRACKING
"27 Jun 2026  12:41:07",20209.4,GOOD,5.99,103.9,4710.9,NONE,TRACKING
"27 Jun 2026  12:41:37",20210.8,GOOD,5.99,103.9,4712.3,NONE,TRACKING
"27 Jun 2026  12:42:07",20231.0,GOOD,5.99,104.4,4732.5,NONE,TRACKING
"27 Jun 2026  12:42:37",20228.2,GOOD,5.99,104.3,4729.7,NONE,TRACKING
"27 Jun 2026  12:43:08",20220.1,GOOD,5.99,104.1,4721.6,NONE,TRACKING
"27 Jun 2026  12:43:38",20221.2,GOOD,5.99,104.1,4722.7,NONE,TRACKING
"27 Jun 2026  12:44:08",20221.1,GOOD,5.99,104.1,4722.6,NONE,TRACKING
"27 Jun 2026  12:44:38",20222.1,GOOD,5.99,104.2,4723.6,NONE,TRACKING
"27 Jun 2026  12:45:08",20209.0,GOOD,5.99,103.9,4710.5,NONE,TRACKING
"27 Jun 2026  12:45:38",20175.2,GOOD,5.99,103.1,4676.7,NONE,TRACKING
"27 Jun 2026  12:46:08",20163.1,GOOD,5.99,102.9,4664.6,NONE,TRACKING
"27 Jun 2026  12:46:38",20159.8,GOOD,5.99,102.8,4661.3,NONE,TRACKING
"27 Jun 2026  12:47:08",20153.2,GOOD,5.99,102.6,4654.7,NONE,TRACKING
"27 Jun 2026  12:47:38",20140.7,GOOD,5.99,102.4,4642.2,NONE,TRACKING
"27 Jun 2026  12:48:09",20121.7,GOOD,5.99,101.9,4623.2,NONE,TRACKING
"27 Jun 2026  12:48:39",20116.1,GOOD,5.99,101.8,4617.6,NONE,TRACKING
"27 Jun 2026  12:49:09",20117.0,GOOD,5.99,101.8,4618.5,NONE,TRACKING
"27 Jun 2026  12:49:39",20126.9,GOOD,5.99,102.1,4628.4,NONE,TRACKING
"27 Jun 2026  12:50:09",20114.0,GOOD,5.99,101.8,4615.5,NONE,TRACKING
"27 Jun 2026  12:50:39",20102.1,GOOD,5.99,101.5,4603.6,NONE,TRACKING
"27 Jun 2026  12:51:09",20097.9,GOOD,5.99,101.4,4599.4,NONE,TRACKING
"27 Jun 2026  12:51:39",20084.7,GOOD,5.99,101.1,4586.2,NONE,TRACKING
"27 Jun 2026  12:52:09",20087.3,GOOD,5.99,101.2,4588.8,NONE,TRACKING
"27 Jun 2026  12:52:39",20084.2,GOOD,5.99,101.1,4585.7,NONE,TRACKING
"27 Jun 2026  12:53:09",20097.1,GOOD,5.99,101.4,4598.6,NONE,TRACKING
"27 Jun 2026  12:53:39",20119.4,GOOD,5.99,101.9,4620.9,NONE,TRACKING
"27 Jun 2026  12:54:09",20119.3,GOOD,5.99,101.9,4620.8,NONE,TRACKING
"27 Jun 2026  12:54:39",20115.2,GOOD,5.99,101.8,4616.7,NONE,TRACKING
"27 Jun 2026  12:55:09",20105.3,GOOD,5.99,101.6,4606.8,NONE,TRACKING
"27 Jun 2026  12:55:39",20095.8,GOOD,5.99,101.4,4597.3,NONE,TRACKING
"27 Jun 2026  12:56:09",20089.2,GOOD,5.99,101.2,4590.7,NONE,TRACKING
"27 Jun 2026  12:56:39",20083.1,GOOD,5.99,101.1,4584.6,NONE,TRACKING
"27 Jun 2026  12:57:09",20078.9,GOOD,5.99,101.0,4580.4,NONE,TRACKING
"27 Jun 2026  12:57:40",20071.2,GOOD,5.99,100.8,4572.7,NONE,TRACKING
"27 Jun 2026  12:58:10",20066.5,GOOD,5.99,100.7,4568.0,NONE,TRACKING
"27 Jun 2026  12:58:40",20060.9,GOOD,5.99,100.6,4562.4,NONE,TRACKING
"27 Jun 2026  12:59:10",20054.6,GOOD,5.99,100.5,4556.1,NONE,TRACKING
"27 Jun 2026  12:59:40",20053.5,GOOD,5.99,100.4,4555.0,NONE,TRACKING
"27 Jun 2026  13:00:10",20051.5,GOOD,5.99,100.4,4553.0,NONE,TRACKING
"27 Jun 2026  13:00:40",20048.8,GOOD,5.99,100.3,4550.3,NONE,TRACKING
"27 Jun 2026  13:01:10",20042.5,GOOD,5.99,100.2,4544.0,NONE,TRACKING
"27 Jun 2026  13:01:40",20038.8,GOOD,5.99,100.1,4540.3,NONE,TRACKING
"27 Jun 2026  13:02:10",20037.3,GOOD,5.99,100.1,4538.8,NONE,TRACKING
"27 Jun 2026  13:02:40",20035.9,GOOD,5.99,100.1,4537.4,NONE,TRACKING
"27 Jun 2026  13:03:10",20032.3,GOOD,5.99,100.0,4533.8,NONE,TRACKING
"27 Jun 2026  13:03:40",20028.1,GOOD,5.99,99.9,4529.6,NONE,TRACKING
"27 Jun 2026  13:04:10",20027.2,GOOD,5.99,99.9,4528.7,NONE,TRACKING
"27 Jun 2026  13:04:40",20024.1,GOOD,5.99,99.8,4525.6,NONE,TRACKING
"27 Jun 2026  13:05:10",20022.2,GOOD,5.99,99.8,4523.7,NONE,TRACKING
"27 Jun 2026  13:05:40",20020.6,GOOD,5.99,99.7,4522.1,NONE,TRACKING
"27 Jun 2026  13:06:10",20019.3,GOOD,5.99,99.7,4520.8,NONE,TRACKING
"27 Jun 2026  13:06:40",20018.0,GOOD,5.99,99.7,4519.5,NONE,TRACKING
"27 Jun 2026  13:07:10",20015.2,GOOD,5.99,99.6,4516.7,NONE,TRACKING
"27 Jun 2026  13:07:40",20014.5,GOOD,5.99,99.6,4516.0,NONE,TRACKING
"27 Jun 2026  13:08:10",20012.8,GOOD,5.99,99.5,4514.3,NONE,TRACKING
"27 Jun 2026  13:08:40",20009.9,GOOD,5.99,99.5,4511.4,NONE,TRACKING
"27 Jun 2026  13:09:10",20008.3,GOOD,5.99,99.4,4509.8,NONE,TRACKING
"27 Jun 2026  13:09:40",20006.9,GOOD,5.99,99.4,4508.4,NONE,TRACKING
"27 Jun 2026  13:10:10",20002.6,GOOD,5.99,99.3,4504.1,NONE,TRACKING
"27 Jun 2026  13:10:40",20000.7,GOOD,5.99,99.3,4502.2,NONE,TRACKING
"27 Jun 2026  13:11:10",19998.9,GOOD,5.99,99.2,4500.4,NONE,TRACKING
"27 Jun 2026  13:11:40",19998.3,GOOD,5.99,99.2,4499.8,NONE,TRACKING
"27 Jun 2026  13:12:10",19994.3,GOOD,5.99,99.1,4495.8,NONE,TRACKING
"27 Jun 2026  13:12:40",19992.6,GOOD,5.99,99.1,4494.1,NONE,TRACKING
"27 Jun 2026  13:13:10",19991.6,GOOD,5.99,99.1,4493.1,NONE,TRACKING
"27 Jun 2026  13:13:40",19989.6,GOOD,5.99,99.0,4491.1,NONE,TRACKING
"27 Jun 2026  13:14:10",19988.5,GOOD,5.99,99.0,4490.0,NONE,TRACKING
"27 Jun 2026  13:14:40",19986.6,GOOD,5.99,99.0,4488.1,NONE,TRACKING
"27 Jun 2026  13:15:10",19983.6,GOOD,5.99,98.9,4485.1,NONE,TRACKING
"27 Jun 2026  13:15:40",19982.8,GOOD,5.99,98.9,4484.3,NONE,TRACKING
"27 Jun 2026  13:16:10",19982.1,GOOD,5.99,98.9,4483.6,NONE,TRACKING
"27 Jun 2026  13:16:40",19981.6,GOOD,5.99,98.9,4483.1,NONE,TRACKING
"27 Jun 2026  13:17:10",19979.7,GOOD,5.99,98.8,4481.2,NONE,TRACKING
"27 Jun 2026  13:17:40",19977.3,GOOD,5.99,98.8,4478.8,NONE,TRACKING
"27 Jun 2026  13:18:10",19976.9,GOOD,5.99,98.8,4478.4,NONE,TRACKING
"27 Jun 2026  13:18:40",19974.8,GOOD,5.99,98.7,4476.3,NONE,TRACKING
"27 Jun 2026  13:19:10",19973.2,GOOD,5.99,98.7,4474.7,NONE,TRACKING
"27 Jun 2026  13:19:40",19972.6,GOOD,5.99,98.7,4474.1,NONE,TRACKING
"27 Jun 2026  13:20:10",19971.5,GOOD,5.99,98.6,4473.0,NONE,TRACKING
"27 Jun 2026  13:20:40",19969.7,GOOD,5.99,98.6,4471.2,NONE,TRACKING
"27 Jun 2026  13:21:10",19969.0,GOOD,5.99,98.6,4470.5,NONE,TRACKING
"27 Jun 2026  13:21:40",19968.2,GOOD,5.99,98.6,4469.7,NONE,TRACKING
"27 Jun 2026  13:22:10",19965.9,GOOD,5.99,98.5,4467.4,NONE,TRACKING
"27 Jun 2026  13:22:40",19964.1,GOOD,5.99,98.5,4465.6,NONE,TRACKING
"27 Jun 2026  13:23:10",19963.2,GOOD,5.99,98.4,4464.7,NONE,TRACKING
"27 Jun 2026  13:23:40",19962.1,GOOD,5.99,98.4,4463.6,NONE,TRACKING
"27 Jun 2026  13:24:10",19961.0,GOOD,5.99,98.4,4462.5,NONE,TRACKING
"27 Jun 2026  13:24:40",19958.8,GOOD,5.99,98.4,4460.3,NONE,TRACKING
"27 Jun 2026  13:25:10",19958.4,GOOD,5.99,98.3,4459.9,NONE,TRACKING
"27 Jun 2026  13:25:40",19956.9,GOOD,5.99,98.3,4458.4,NONE,TRACKING
"27 Jun 2026  13:26:10",19957.2,GOOD,5.99,98.3,4458.7,NONE,TRACKING
"27 Jun 2026  13:26:40",19955.0,GOOD,5.99,98.3,4456.5,NONE,TRACKING
"27 Jun 2026  13:27:10",19953.5,GOOD,5.99,98.2,4455.0,NONE,TRACKING
"27 Jun 2026  13:27:40",19952.9,GOOD,5.99,98.2,4454.4,NONE,TRACKING
"27 Jun 2026  13:28:10",19949.9,GOOD,5.99,98.2,4451.4,NONE,TRACKING
"27 Jun 2026  13:28:40",19952.9,GOOD,5.99,98.2,4454.4,NONE,TRACKING
"27 Jun 2026  13:29:10",19950.4,GOOD,5.99,98.2,4451.9,NONE,TRACKING
"27 Jun 2026  13:29:40",19950.2,GOOD,5.99,98.2,4451.7,NONE,TRACKING
"27 Jun 2026  13:30:10",19949.6,GOOD,5.99,98.1,4451.1,NONE,TRACKING
"27 Jun 2026  13:30:40",19949.0,GOOD,5.99,98.1,4450.5,NONE,TRACKING
"27 Jun 2026  13:31:11",19945.9,GOOD,5.99,98.1,4447.4,NONE,TRACKING
"27 Jun 2026  13:31:41",19946.2,GOOD,5.99,98.1,4447.7,NONE,TRACKING
"27 Jun 2026  13:32:11",19944.5,GOOD,5.99,98.0,4446.0,NONE,TRACKING
"27 Jun 2026  13:32:41",19943.2,GOOD,5.99,98.0,4444.7,NONE,TRACKING
"27 Jun 2026  13:33:11",19943.2,GOOD,5.99,98.0,4444.7,NONE,TRACKING
"27 Jun 2026  13:33:41",19942.1,GOOD,5.99,98.0,4443.6,NONE,TRACKING
"27 Jun 2026  13:34:11",19940.3,GOOD,5.99,97.9,4441.8,NONE,TRACKING
"27 Jun 2026  13:34:41",19940.4,GOOD,5.99,97.9,4441.9,NONE,TRACKING
"27 Jun 2026  13:35:11",19940.2,GOOD,5.99,97.9,4441.7,NONE,TRACKING
"27 Jun 2026  13:35:41",19938.9,GOOD,5.99,97.9,4440.4,NONE,TRACKING
"27 Jun 2026  13:36:11",19938.7,GOOD,5.99,97.9,4440.2,NONE,TRACKING
"27 Jun 2026  13:36:41",19937.4,GOOD,5.99,97.9,4438.9,NONE,TRACKING
"27 Jun 2026  13:37:11",19937.9,GOOD,5.99,97.9,4439.4,NONE,TRACKING
"27 Jun 2026  13:37:41",19937.0,GOOD,5.99,97.9,4438.5,NONE,TRACKING
"27 Jun 2026  13:38:11",19935.3,GOOD,5.99,97.8,4436.8,NONE,TRACKING
"27 Jun 2026  13:38:41",19934.6,GOOD,5.99,97.8,4436.1,NONE,TRACKING
"27 Jun 2026  13:39:11",19935.0,GOOD,5.99,97.8,4436.5,NONE,TRACKING
"27 Jun 2026  13:39:41",19933.4,GOOD,5.99,97.8,4434.9,NONE,TRACKING
"27 Jun 2026  13:40:11",19933.0,GOOD,5.99,97.8,4434.5,NONE,TRACKING
"27 Jun 2026  13:40:41",19933.3,GOOD,5.99,97.8,4434.8,NONE,TRACKING
"27 Jun 2026  13:41:11",19931.8,GOOD,5.99,97.8,4433.3,NONE,TRACKING
"27 Jun 2026  13:41:41",19930.7,GOOD,5.99,97.7,4432.2,NONE,TRACKING
"27 Jun 2026  13:42:11",19931.1,GOOD,5.99,97.7,4432.6,NONE,TRACKING
"27 Jun 2026  13:42:41",19930.1,GOOD,5.99,97.7,4431.6,NONE,TRACKING
"27 Jun 2026  13:43:11",19928.6,GOOD,5.99,97.7,4430.1,NONE,TRACKING
"27 Jun 2026  13:43:41",19929.2,GOOD,5.99,97.7,4430.7,NONE,TRACKING
"27 Jun 2026  13:44:11",19927.9,GOOD,5.99,97.7,4429.4,NONE,TRACKING
"27 Jun 2026  13:44:41",19927.4,GOOD,5.99,97.7,4428.9,NONE,TRACKING
"27 Jun 2026  13:45:11",19926.7,GOOD,5.99,97.6,4428.2,NONE,TRACKING
"27 Jun 2026  13:45:41",19926.0,GOOD,5.99,97.6,4427.5,NONE,TRACKING
"27 Jun 2026  13:46:11",19925.0,GOOD,5.99,97.6,4426.5,NONE,TRACKING
"27 Jun 2026  13:46:41",19924.9,GOOD,5.99,97.6,4426.4,NONE,TRACKING
"27 Jun 2026  13:47:11",19925.8,GOOD,5.99,97.6,4427.3,NONE,TRACKING
"27 Jun 2026  13:47:41",19924.2,GOOD,5.99,97.6,4425.7,NONE,TRACKING
"27 Jun 2026  13:48:11",19923.9,GOOD,5.99,97.6,4425.4,NONE,TRACKING
"27 Jun 2026  13:48:41",19922.5,GOOD,5.99,97.6,4424.0,NONE,TRACKING
"27 Jun 2026  13:49:11",19921.6,GOOD,5.99,97.5,4423.1,NONE,TRACKING
"27 Jun 2026  13:49:41",19921.3,GOOD,5.99,97.5,4422.8,NONE,TRACKING
"27 Jun 2026  13:50:11",19919.7,GOOD,5.99,97.5,4421.2,NONE,TRACKING
"27 Jun 2026  13:50:41",19922.4,GOOD,5.99,97.6,4423.9,NONE,TRACKING
"27 Jun 2026  13:51:11",19921.5,GOOD,5.99,97.5,4423.0,NONE,TRACKING
"27 Jun 2026  13:51:41",19920.5,GOOD,5.99,97.5,4422.0,NONE,TRACKING
"27 Jun 2026  13:52:11",19920.5,GOOD,5.99,97.5,4422.0,NONE,TRACKING
"27 Jun 2026  13:52:41",19920.0,GOOD,5.99,97.5,4421.5,NONE,TRACKING
"27 Jun 2026  13:53:11",19919.2,GOOD,5.99,97.5,4420.7,NONE,TRACKING
"27 Jun 2026  13:53:41",19920.1,GOOD,5.99,97.5,4421.6,NONE,TRACKING
"27 Jun 2026  13:54:11",19918.2,GOOD,5.99,97.5,4419.7,NONE,TRACKING
"27 Jun 2026  13:54:41",19918.9,GOOD,5.99,97.5,4420.4,NONE,TRACKING
"27 Jun 2026  13:55:11",19918.0,GOOD,5.99,97.5,4419.5,NONE,TRACKING
"27 Jun 2026  13:55:41",19916.9,GOOD,5.99,97.4,4418.4,NONE,TRACKING
"27 Jun 2026  13:56:11",19916.8,GOOD,5.99,97.4,4418.3,NONE,TRACKING
"27 Jun 2026  13:56:41",19915.4,GOOD,5.99,97.4,4416.9,NONE,TRACKING
"27 Jun 2026  13:57:12",19918.4,GOOD,5.99,97.5,4419.9,NONE,TRACKING
"27 Jun 2026  13:57:42",19915.5,GOOD,5.99,97.4,4417.0,NONE,TRACKING
"27 Jun 2026  13:58:12",19914.5,GOOD,5.99,97.4,4416.0,NONE,TRACKING
"27 Jun 2026  13:58:42",19915.8,GOOD,5.99,97.4,4417.3,NONE,TRACKING
"27 Jun 2026  13:59:12",19914.6,GOOD,5.99,97.4,4416.1,NONE,TRACKING
"27 Jun 2026  13:59:42",19915.2,GOOD,5.99,97.4,4416.7,NONE,TRACKING
"27 Jun 2026  14:00:12",19912.5,GOOD,5.99,97.3,4414.0,NONE,TRACKING
"27 Jun 2026  14:00:42",19914.1,GOOD,5.99,97.4,4415.6,NONE,TRACKING
"27 Jun 2026  14:01:12",19913.4,GOOD,5.99,97.4,4414.9,NONE,TRACKING
"27 Jun 2026  14:01:42",19912.0,GOOD,5.99,97.3,4413.5,NONE,TRACKING
"27 Jun 2026  14:02:12",19911.6,GOOD,5.99,97.3,4413.1,NONE,TRACKING
"27 Jun 2026  14:02:42",19910.9,GOOD,5.99,97.3,4412.4,NONE,TRACKING
"27 Jun 2026  14:03:12",19912.4,GOOD,5.99,97.3,4413.9,NONE,TRACKING
"27 Jun 2026  14:03:42",19910.6,GOOD,5.99,97.3,4412.1,NONE,TRACKING
"27 Jun 2026  14:04:12",19909.7,GOOD,5.99,97.3,4411.2,NONE,TRACKING
"27 Jun 2026  14:04:42",19909.9,GOOD,5.99,97.3,4411.4,NONE,TRACKING
"27 Jun 2026  14:05:12",19911.7,GOOD,5.99,97.3,4413.2,NONE,TRACKING
"27 Jun 2026  14:05:42",19910.7,GOOD,5.99,97.3,4412.2,NONE,TRACKING
"27 Jun 2026  14:06:12",19909.1,GOOD,5.99,97.3,4410.6,NONE,TRACKING
"27 Jun 2026  14:06:42",19908.5,GOOD,5.99,97.2,4410.0,NONE,TRACKING
"27 Jun 2026  14:07:12",19908.7,GOOD,5.99,97.2,4410.2,NONE,TRACKING
"27 Jun 2026  14:07:42",19908.0,GOOD,5.99,97.2,4409.5,NONE,TRACKING
"27 Jun 2026  14:08:12",19907.7,GOOD,5.99,97.2,4409.2,NONE,TRACKING
"27 Jun 2026  14:08:42",19907.3,GOOD,5.99,97.2,4408.8,NONE,TRACKING
"27 Jun 2026  14:09:12",19907.6,GOOD,5.99,97.2,4409.1,NONE,TRACKING
"27 Jun 2026  14:09:42",19908.1,GOOD,5.99,97.2,4409.6,NONE,TRACKING
"27 Jun 2026  14:10:12",19907.1,GOOD,5.99,97.2,4408.6,NONE,TRACKING
"27 Jun 2026  14:10:42",19907.5,GOOD,5.99,97.2,4409.0,NONE,TRACKING
"27 Jun 2026  14:11:12",19907.1,GOOD,5.99,97.2,4408.6,NONE,TRACKING
"27 Jun 2026  14:11:42",19905.8,GOOD,5.99,97.2,4407.3,NONE,TRACKING
"27 Jun 2026  14:12:12",19907.8,GOOD,5.99,97.2,4409.3,NONE,TRACKING
"27 Jun 2026  14:12:42",19906.9,GOOD,5.99,97.2,4408.4,NONE,TRACKING
"27 Jun 2026  14:13:12",19906.3,GOOD,5.99,97.2,4407.8,NONE,TRACKING
"27 Jun 2026  14:13:42",19907.0,GOOD,5.99,97.2,4408.5,NONE,TRACKING
"27 Jun 2026  14:14:12",19907.6,GOOD,5.99,97.2,4409.1,NONE,TRACKING
"27 Jun 2026  14:14:42",19906.0,GOOD,5.99,97.2,4407.5,NONE,TRACKING
"27 Jun 2026  14:15:12",19906.4,GOOD,5.99,97.2,4407.9,NONE,TRACKING
"27 Jun 2026  14:15:42",19906.4,GOOD,5.99,97.2,4407.9,NONE,TRACKING
"27 Jun 2026  14:16:12",19905.6,GOOD,5.99,97.2,4407.1,NONE,TRACKING
"27 Jun 2026  14:16:42",19906.6,GOOD,5.99,97.2,4408.1,NONE,TRACKING
"27 Jun 2026  14:17:12",19905.3,GOOD,5.99,97.2,4406.8,NONE,TRACKING
"27 Jun 2026  14:17:42",19904.2,GOOD,5.99,97.1,4405.7,NONE,TRACKING
"27 Jun 2026  14:18:12",19906.4,GOOD,5.99,97.2,4407.9,NONE,TRACKING
"27 Jun 2026  14:18:42",19907.7,GOOD,5.99,97.2,4409.2,NONE,TRACKING
"27 Jun 2026  14:19:12",19905.6,GOOD,5.99,97.2,4407.1,NONE,TRACKING
"27 Jun 2026  14:19:42",19905.1,GOOD,5.99,97.2,4406.6,NONE,TRACKING
"27 Jun 2026  14:20:12",19904.3,GOOD,5.99,97.2,4405.8,NONE,TRACKING
"27 Jun 2026  14:20:42",19905.1,GOOD,5.99,97.2,4406.6,NONE,TRACKING
"27 Jun 2026  14:21:12",19903.7,GOOD,5.99,97.1,4405.2,NONE,TRACKING
"27 Jun 2026  14:21:42",19903.4,GOOD,5.99,97.1,4404.9,NONE,TRACKING
"27 Jun 2026  14:22:12",19904.7,GOOD,5.99,97.2,4406.2,NONE,TRACKING
"27 Jun 2026  14:22:42",19904.1,GOOD,5.99,97.1,4405.6,NONE,TRACKING
"27 Jun 2026  14:23:12",19904.1,GOOD,5.99,97.1,4405.6,NONE,TRACKING
"27 Jun 2026  14:23:42",19905.0,GOOD,5.99,97.2,4406.5,NONE,TRACKING
"27 Jun 2026  14:24:13",19905.0,GOOD,5.99,97.2,4406.5,NONE,TRACKING
"27 Jun 2026  14:24:43",19903.3,GOOD,5.99,97.1,4404.8,NONE,TRACKING
"27 Jun 2026  14:25:13",19903.1,GOOD,5.99,97.1,4404.6,NONE,TRACKING
"27 Jun 2026  14:25:43",19902.9,GOOD,5.99,97.1,4404.4,NONE,TRACKING
"27 Jun 2026  14:26:13",19902.2,GOOD,5.99,97.1,4403.7,NONE,TRACKING
"27 Jun 2026  14:26:43",19904.4,GOOD,5.99,97.2,4405.9,NONE,TRACKING
"27 Jun 2026  14:27:13",19903.5,GOOD,5.99,97.1,4405.0,NONE,TRACKING
"27 Jun 2026  14:27:43",19903.3,GOOD,5.99,97.1,4404.8,NONE,TRACKING
"27 Jun 2026  14:28:13",19902.9,GOOD,5.99,97.1,4404.4,NONE,TRACKING
"27 Jun 2026  14:28:43",19902.8,GOOD,5.99,97.1,4404.3,NONE,TRACKING
"27 Jun 2026  14:29:13",19903.1,GOOD,5.99,97.1,4404.6,NONE,TRACKING
"27 Jun 2026  14:29:43",19902.7,GOOD,5.99,97.1,4404.2,NONE,TRACKING
"27 Jun 2026  14:30:13",19903.3,GOOD,5.99,97.1,4404.8,NONE,TRACKING
"27 Jun 2026  14:30:43",19904.4,GOOD,5.99,97.2,4405.9,NONE,TRACKING
"27 Jun 2026  14:31:13",19903.5,GOOD,5.99,97.1,4405.0,NONE,TRACKING
"27 Jun 2026  14:31:43",19902.6,GOOD,5.99,97.1,4404.1,NONE,TRACKING
"27 Jun 2026  14:32:13",19904.2,GOOD,5.99,97.1,4405.7,NONE,TRACKING
"27 Jun 2026  14:32:43",19904.4,GOOD,5.99,97.2,4405.9,NONE,TRACKING
"27 Jun 2026  14:33:13",19902.8,GOOD,5.99,97.1,4404.3,NONE,TRACKING
"27 Jun 2026  14:33:43",19903.5,GOOD,5.99,97.1,4405.0,NONE,TRACKING
"27 Jun 2026  14:34:13",19902.6,GOOD,5.99,97.1,4404.1,NONE,TRACKING
"27 Jun 2026  14:34:43",19900.9,GOOD,5.99,97.1,4402.4,NONE,TRACKING
"27 Jun 2026  14:35:13",19901.6,GOOD,5.99,97.1,4403.1,NONE,TRACKING
"27 Jun 2026  14:35:43",19903.3,GOOD,5.99,97.1,4404.8,NONE,TRACKING
"27 Jun 2026  14:36:13",19902.7,GOOD,5.99,97.1,4404.2,NONE,TRACKING
"27 Jun 2026  14:36:43",19901.8,GOOD,5.99,97.1,4403.3,NONE,TRACKING
"27 Jun 2026  14:37:13",19901.4,GOOD,5.99,97.1,4402.9,NONE,TRACKING
"27 Jun 2026  14:37:43",19903.9,GOOD,5.99,97.1,4405.4,NONE,TRACKING
"27 Jun 2026  14:38:13",19902.5,GOOD,5.99,97.1,4404.0,NONE,TRACKING
"27 Jun 2026  14:38:43",19902.2,GOOD,5.99,97.1,4403.7,NONE,TRACKING
"27 Jun 2026  14:39:13",19902.8,GOOD,5.99,97.1,4404.3,NONE,TRACKING
"27 Jun 2026  14:39:43",19903.1,GOOD,5.99,97.1,4404.6,NONE,TRACKING
"27 Jun 2026  14:40:13",19903.1,GOOD,5.99,97.1,4404.6,NONE,TRACKING
"27 Jun 2026  14:40:43",19904.1,GOOD,5.99,97.1,4405.6,NONE,TRACKING
"27 Jun 2026  14:41:13",19903.9,GOOD,5.99,97.1,4405.4,NONE,TRACKING
"27 Jun 2026  14:41:43",19903.5,GOOD,5.99,97.1,4405.0,NONE,TRACKING
"27 Jun 2026  14:42:13",19903.4,GOOD,5.99,97.1,4404.9,NONE,TRACKING
"27 Jun 2026  14:42:43",19903.5,GOOD,5.99,97.1,4405.0,NONE,TRACKING
"27 Jun 2026  14:43:13",19903.1,GOOD,5.99,97.1,4404.6,NONE,TRACKING
"27 Jun 2026  14:43:43",19902.8,GOOD,5.99,97.1,4404.3,NONE,TRACKING
"27 Jun 2026  14:44:13",19904.2,GOOD,5.99,97.1,4405.7,NONE,TRACKING
"27 Jun 2026  14:44:43",19903.6,GOOD,5.99,97.1,4405.1,NONE,TRACKING
"27 Jun 2026  14:45:13",19903.7,GOOD,5.99,97.1,4405.2,NONE,TRACKING
"27 Jun 2026  14:45:43",19903.0,GOOD,5.99,97.1,4404.5,NONE,TRACKING
"27 Jun 2026  14:46:13",19904.3,GOOD,5.99,97.2,4405.8,NONE,TRACKING
"27 Jun 2026  14:46:43",19904.8,GOOD,5.99,97.2,4406.3,NONE,TRACKING
"27 Jun 2026  14:47:13",19903.6,GOOD,5.99,97.1,4405.1,NONE,TRACKING
"27 Jun 2026  14:47:43",19903.9,GOOD,5.99,97.1,4405.4,NONE,TRACKING
"27 Jun 2026  14:48:13",19903.8,GOOD,5.99,97.1,4405.3,NONE,TRACKING
"27 Jun 2026  14:48:44",19903.3,GOOD,5.99,97.1,4404.8,NONE,TRACKING
"27 Jun 2026  14:49:14",19903.6,GOOD,5.99,97.1,4405.1,NONE,TRACKING
"27 Jun 2026  14:49:44",19904.2,GOOD,5.99,97.1,4405.7,NONE,TRACKING
"27 Jun 2026  14:50:14",19903.6,GOOD,5.99,97.1,4405.1,NONE,TRACKING
"27 Jun 2026  14:50:44",19905.0,GOOD,5.99,97.2,4406.5,NONE,TRACKING
"27 Jun 2026  14:51:14",19906.2,GOOD,5.99,97.2,4407.7,NONE,TRACKING
"27 Jun 2026  14:51:44",19904.6,GOOD,5.99,97.2,4406.1,NONE,TRACKING
"27 Jun 2026  14:52:14",19903.9,GOOD,5.99,97.1,4405.4,NONE,TRACKING
"27 Jun 2026  14:52:44",19903.3,GOOD,5.99,97.1,4404.8,NONE,TRACKING
"27 Jun 2026  14:53:14",19903.4,GOOD,5.99,97.1,4404.9,NONE,TRACKING
"27 Jun 2026  14:53:44",19903.4,GOOD,5.99,97.1,4404.9,NONE,TRACKING
"27 Jun 2026  14:54:14",19903.4,GOOD,5.99,97.1,4404.9,NONE,TRACKING
"27 Jun 2026  14:54:44",19905.3,GOOD,5.99,97.2,4406.8,NONE,TRACKING
"27 Jun 2026  14:55:14",19904.6,GOOD,5.99,97.2,4406.1,NONE,TRACKING
"27 Jun 2026  14:55:44",19904.2,GOOD,5.99,97.1,4405.7,NONE,TRACKING
"27 Jun 2026  14:56:14",19904.2,GOOD,5.99,97.1,4405.7,NONE,TRACKING
"27 Jun 2026  14:56:44",19904.6,GOOD,5.99,97.2,4406.1,NONE,TRACKING
"27 Jun 2026  14:57:14",19905.0,GOOD,5.99,97.2,4406.5,NONE,TRACKING
"27 Jun 2026  14:57:44",19904.3,GOOD,5.99,97.2,4405.8,NONE,TRACKING
"27 Jun 2026  14:58:14",19904.5,GOOD,5.99,97.2,4406.0,NONE,TRACKING
"27 Jun 2026  14:58:44",19904.9,GOOD,5.99,97.2,4406.4,NONE,TRACKING
"27 Jun 2026  14:59:14",19903.7,GOOD,5.99,97.1,4405.2,NONE,TRACKING
"27 Jun 2026  14:59:44",19903.3,GOOD,5.99,97.1,4404.8,NONE,TRACKING
"27 Jun 2026  15:00:14",19904.2,GOOD,5.99,97.1,4405.7,NONE,TRACKING
"27 Jun 2026  15:00:44",19905.3,GOOD,5.99,97.2,4406.8,NONE,TRACKING
"27 Jun 2026  15:01:14",19903.4,GOOD,5.99,97.1,4404.9,NONE,TRACKING
"27 Jun 2026  15:01:44",19905.4,GOOD,5.99,97.2,4406.9,NONE,TRACKING
"27 Jun 2026  15:02:14",19906.1,GOOD,5.99,97.2,4407.6,NONE,TRACKING
"27 Jun 2026  15:02:44",19906.2,GOOD,5.99,97.2,4407.7,NONE,TRACKING
"27 Jun 2026  15:03:14",19906.3,GOOD,5.99,97.2,4407.8,NONE,TRACKING
"27 Jun 2026  15:03:44",19904.9,GOOD,5.99,97.2,4406.4,NONE,TRACKING
"27 Jun 2026  15:04:14",19905.3,GOOD,5.99,97.2,4406.8,NONE,TRACKING
"27 Jun 2026  15:04:44",19905.7,GOOD,5.99,97.2,4407.2,NONE,TRACKING
"27 Jun 2026  15:05:14",19905.8,GOOD,5.99,97.2,4407.3,NONE,TRACKING
"27 Jun 2026  15:05:44",19906.3,GOOD,5.99,97.2,4407.8,NONE,TRACKING
"27 Jun 2026  15:06:14",19904.9,GOOD,5.99,97.2,4406.4,NONE,TRACKING
"27 Jun 2026  15:06:44",19905.0,GOOD,5.99,97.2,4406.5,NONE,TRACKING
"27 Jun 2026  15:07:14",19905.2,GOOD,5.99,97.2,4406.7,NONE,TRACKING
"27 Jun 2026  15:07:44",19905.9,GOOD,5.99,97.2,4407.4,NONE,TRACKING
"27 Jun 2026  15:08:14",19905.3,GOOD,5.99,97.2,4406.8,NONE,TRACKING
"27 Jun 2026  15:08:44",19904.6,GOOD,5.99,97.2,4406.1,NONE,TRACKING
"27 Jun 2026  15:09:14",19905.8,GOOD,5.99,97.2,4407.3,NONE,TRACKING
"27 Jun 2026  15:09:44",19906.2,GOOD,5.99,97.2,4407.7,NONE,TRACKING
"27 Jun 2026  15:10:14",19906.1,GOOD,5.99,97.2,4407.6,NONE,TRACKING
"27 Jun 2026  15:10:44",19905.7,GOOD,5.99,97.2,4407.2,NONE,TRACKING
"27 Jun 2026  15:11:14",19905.7,GOOD,5.99,97.2,4407.2,NONE,TRACKING
"27 Jun 2026  15:11:45",19905.3,GOOD,5.99,97.2,4406.8,NONE,TRACKING
"27 Jun 2026  15:12:15",19905.9,GOOD,5.99,97.2,4407.4,NONE,TRACKING
"27 Jun 2026  15:12:45",19905.5,GOOD,5.99,97.2,4407.0,NONE,TRACKING
"27 Jun 2026  15:13:15",19905.5,GOOD,5.99,97.2,4407.0,NONE,TRACKING
"27 Jun 2026  15:13:45",19906.3,GOOD,5.99,97.2,4407.8,NONE,TRACKING
"27 Jun 2026  15:14:15",19905.6,GOOD,5.99,97.2,4407.1,NONE,TRACKING
"27 Jun 2026  15:14:45",19905.5,GOOD,5.99,97.2,4407.0,NONE,TRACKING
"27 Jun 2026  15:15:15",19905.7,GOOD,5.99,97.2,4407.2,NONE,TRACKING
"27 Jun 2026  15:15:45",19905.4,GOOD,5.99,97.2,4406.9,NONE,TRACKING
"27 Jun 2026  15:16:15",19905.9,GOOD,5.99,97.2,4407.4,NONE,TRACKING
"27 Jun 2026  15:16:45",19906.6,GOOD,5.99,97.2,4408.1,NONE,TRACKING
"27 Jun 2026  15:17:15",19906.1,GOOD,5.99,97.2,4407.6,NONE,TRACKING
"27 Jun 2026  15:17:45",19908.1,GOOD,5.99,97.2,4409.6,NONE,TRACKING
"27 Jun 2026  15:18:15",19908.6,GOOD,5.99,97.2,4410.1,NONE,TRACKING
"27 Jun 2026  15:18:45",19908.0,GOOD,5.99,97.2,4409.5,NONE,TRACKING
"27 Jun 2026  15:19:15",19907.7,GOOD,5.99,97.2,4409.2,NONE,TRACKING
"27 Jun 2026  15:19:45",19908.0,GOOD,5.99,97.2,4409.5,NONE,TRACKING
"27 Jun 2026  15:20:15",19908.4,GOOD,5.99,97.2,4409.9,NONE,TRACKING
"27 Jun 2026  15:20:45",19908.6,GOOD,5.99,97.2,4410.1,NONE,TRACKING
"27 Jun 2026  15:21:15",19908.7,GOOD,5.99,97.2,4410.2,NONE,TRACKING
"27 Jun 2026  15:21:45",19909.5,GOOD,5.99,97.3,4411.0,NONE,TRACKING
"27 Jun 2026  15:22:15",19910.1,GOOD,5.99,97.3,4411.6,NONE,TRACKING
"27 Jun 2026  15:22:45",19910.3,GOOD,5.99,97.3,4411.8,NONE,TRACKING
"27 Jun 2026  15:23:15",19910.4,GOOD,5.99,97.3,4411.9,NONE,TRACKING
"27 Jun 2026  15:23:45",19910.9,GOOD,5.99,97.3,4412.4,NONE,TRACKING
"27 Jun 2026  15:24:15",19911.5,GOOD,5.99,97.3,4413.0,NONE,TRACKING
"27 Jun 2026  15:24:45",19910.9,GOOD,5.99,97.3,4412.4,NONE,TRACKING
"27 Jun 2026  15:25:15",19910.6,GOOD,5.99,97.3,4412.1,NONE,TRACKING
"27 Jun 2026  15:25:45",19911.6,GOOD,5.99,97.3,4413.1,NONE,TRACKING
"27 Jun 2026  15:26:15",19910.9,GOOD,5.99,97.3,4412.4,NONE,TRACKING
"27 Jun 2026  15:26:45",19910.5,GOOD,5.99,97.3,4412.0,NONE,TRACKING
"27 Jun 2026  15:27:15",19911.2,GOOD,5.99,97.3,4412.7,NONE,TRACKING
"27 Jun 2026  15:27:45",19910.4,GOOD,5.99,97.3,4411.9,NONE,TRACKING
"27 Jun 2026  15:28:15",19909.6,GOOD,5.99,97.3,4411.1,NONE,TRACKING
"27 Jun 2026  15:28:45",19911.5,GOOD,5.99,97.3,4413.0,NONE,TRACKING
"27 Jun 2026  15:29:15",19912.4,GOOD,5.99,97.3,4413.9,NONE,TRACKING
"27 Jun 2026  15:29:45",19912.6,GOOD,5.99,97.3,4414.1,NONE,TRACKING
"27 Jun 2026  15:30:15",19912.2,GOOD,5.99,97.3,4413.7,NONE,TRACKING
"27 Jun 2026  15:30:45",19912.0,GOOD,5.99,97.3,4413.5,NONE,TRACKING
"27 Jun 2026  15:31:15",19912.9,GOOD,5.99,97.3,4414.4,NONE,TRACKING
"27 Jun 2026  15:31:46",19912.9,GOOD,5.99,97.3,4414.4,NONE,TRACKING
"27 Jun 2026  15:32:16",19913.4,GOOD,5.99,97.4,4414.9,NONE,TRACKING
"27 Jun 2026  15:32:46",19912.1,GOOD,5.99,97.3,4413.6,NONE,TRACKING
"27 Jun 2026  15:33:16",19913.6,GOOD,5.99,97.4,4415.1,NONE,TRACKING
"27 Jun 2026  15:33:46",19913.4,GOOD,5.99,97.4,4414.9,NONE,TRACKING
"27 Jun 2026  15:34:16",19912.3,GOOD,5.99,97.3,4413.8,NONE,TRACKING
"27 Jun 2026  15:34:46",19911.4,GOOD,5.99,97.3,4412.9,NONE,TRACKING
"27 Jun 2026  15:35:16",19911.7,GOOD,5.99,97.3,4413.2,NONE,TRACKING
"27 Jun 2026  15:35:46",19913.6,GOOD,5.99,97.4,4415.1,NONE,TRACKING
"27 Jun 2026  15:36:16",19913.6,GOOD,5.99,97.4,4415.1,NONE,TRACKING
"27 Jun 2026  15:36:46",19913.7,GOOD,5.99,97.4,4415.2,NONE,TRACKING
"27 Jun 2026  15:37:16",19913.6,GOOD,5.99,97.4,4415.1,NONE,TRACKING
"27 Jun 2026  15:37:46",19914.6,GOOD,5.99,97.4,4416.1,NONE,TRACKING
"27 Jun 2026  15:38:16",19914.2,GOOD,5.99,97.4,4415.7,NONE,TRACKING
"27 Jun 2026  15:38:46",19914.3,GOOD,5.99,97.4,4415.8,NONE,TRACKING
"27 Jun 2026  15:39:16",19914.6,GOOD,5.99,97.4,4416.1,NONE,TRACKING
"27 Jun 2026  15:39:46",19914.0,GOOD,5.99,97.4,4415.5,NONE,TRACKING
"27 Jun 2026  15:40:16",19915.5,GOOD,5.99,97.4,4417.0,NONE,TRACKING
"27 Jun 2026  15:40:46",19914.6,GOOD,5.99,97.4,4416.1,NONE,TRACKING
"27 Jun 2026  15:41:16",19913.2,GOOD,5.99,97.3,4414.7,NONE,TRACKING
"27 Jun 2026  15:41:46",19914.6,GOOD,5.99,97.4,4416.1,NONE,TRACKING
"27 Jun 2026  15:42:16",19914.0,GOOD,5.99,97.4,4415.5,NONE,TRACKING
"27 Jun 2026  15:42:46",19914.0,GOOD,5.99,97.4,4415.5,NONE,TRACKING
"27 Jun 2026  15:43:16",19915.3,GOOD,5.99,97.4,4416.8,NONE,TRACKING
"27 Jun 2026  15:43:46",19915.6,GOOD,5.99,97.4,4417.1,NONE,TRACKING
"27 Jun 2026  15:44:16",19914.4,GOOD,5.99,97.4,4415.9,NONE,TRACKING
"27 Jun 2026  15:44:46",19915.3,GOOD,5.99,97.4,4416.8,NONE,TRACKING
"27 Jun 2026  15:45:16",19915.9,GOOD,5.99,97.4,4417.4,NONE,TRACKING
"27 Jun 2026  15:45:46",19914.8,GOOD,5.99,97.4,4416.3,NONE,TRACKING
"27 Jun 2026  15:46:16",19914.9,GOOD,5.99,97.4,4416.4,NONE,TRACKING
"27 Jun 2026  15:46:46",19913.9,GOOD,5.99,97.4,4415.4,NONE,TRACKING
"27 Jun 2026  15:47:16",19913.7,GOOD,5.99,97.4,4415.2,NONE,TRACKING
"27 Jun 2026  15:47:46",19914.1,GOOD,5.99,97.4,4415.6,NONE,TRACKING
"27 Jun 2026  15:48:17",19915.6,GOOD,5.99,97.4,4417.1,NONE,TRACKING
"27 Jun 2026  15:48:47",19915.4,GOOD,5.99,97.4,4416.9,NONE,TRACKING
"27 Jun 2026  15:49:17",19914.7,GOOD,5.99,97.4,4416.2,NONE,TRACKING
"27 Jun 2026  15:49:47",19916.8,GOOD,5.99,97.4,4418.3,NONE,TRACKING
"27 Jun 2026  15:50:17",19915.9,GOOD,5.99,97.4,4417.4,NONE,TRACKING
"27 Jun 2026  15:50:47",19915.1,GOOD,5.99,97.4,4416.6,NONE,TRACKING
"27 Jun 2026  15:51:17",19917.1,GOOD,5.99,97.4,4418.6,NONE,TRACKING
"27 Jun 2026  15:51:47",19915.9,GOOD,5.99,97.4,4417.4,NONE,TRACKING
"27 Jun 2026  15:52:17",19917.3,GOOD,5.99,97.4,4418.8,NONE,TRACKING
"27 Jun 2026  15:52:47",19917.5,GOOD,5.99,97.4,4419.0,NONE,TRACKING
"27 Jun 2026  15:53:17",19917.0,GOOD,5.99,97.4,4418.5,NONE,TRACKING
"27 Jun 2026  15:53:47",19916.9,GOOD,5.99,97.4,4418.4,NONE,TRACKING
"27 Jun 2026  15:54:17",19916.3,GOOD,5.99,97.4,4417.8,NONE,TRACKING
"27 Jun 2026  15:54:47",19916.7,GOOD,5.99,97.4,4418.2,NONE,TRACKING
"27 Jun 2026  15:55:17",19916.5,GOOD,5.99,97.4,4418.0,NONE,TRACKING
"27 Jun 2026  15:55:47",19917.1,GOOD,5.99,97.4,4418.6,NONE,TRACKING
"27 Jun 2026  15:56:17",19917.8,GOOD,5.99,97.4,4419.3,NONE,TRACKING
"27 Jun 2026  15:56:47",19918.3,GOOD,5.99,97.5,4419.8,NONE,TRACKING
"27 Jun 2026  15:57:17",19918.3,GOOD,5.99,97.5,4419.8,NONE,TRACKING
"27 Jun 2026  15:57:47",19918.2,GOOD,5.99,97.5,4419.7,NONE,TRACKING
"27 Jun 2026  15:58:17",19917.6,GOOD,5.99,97.4,4419.1,NONE,TRACKING
"27 Jun 2026  15:58:47",19917.9,GOOD,5.99,97.5,4419.4,NONE,TRACKING
"27 Jun 2026  15:59:17",19918.6,GOOD,5.99,97.5,4420.1,NONE,TRACKING
"27 Jun 2026  15:59:47",19916.9,GOOD,5.99,97.4,4418.4,NONE,TRACKING
"27 Jun 2026  16:00:17",19917.6,GOOD,5.99,97.4,4419.1,NONE,TRACKING
"27 Jun 2026  16:00:47",19917.8,GOOD,5.99,97.4,4419.3,NONE,TRACKING
"27 Jun 2026  16:01:17",19917.4,GOOD,5.99,97.4,4418.9,NONE,TRACKING
"27 Jun 2026  16:01:47",19916.6,GOOD,5.99,97.4,4418.1,NONE,TRACKING
"27 Jun 2026  16:02:17",19918.3,GOOD,5.99,97.5,4419.8,NONE,TRACKING
"27 Jun 2026  16:02:47",19917.5,GOOD,5.99,97.4,4419.0,NONE,TRACKING
"27 Jun 2026  16:03:17",19917.5,GOOD,5.99,97.4,4419.0,NONE,TRACKING
"27 Jun 2026  16:03:47",19918.8,GOOD,5.99,97.5,4420.3,NONE,TRACKING
"27 Jun 2026  16:04:17",19919.0,GOOD,5.99,97.5,4420.5,NONE,TRACKING
"27 Jun 2026  16:04:47",19919.2,GOOD,5.99,97.5,4420.7,NONE,TRACKING
"27 Jun 2026  16:05:17",19919.7,GOOD,5.99,97.5,4421.2,NONE,TRACKING
"27 Jun 2026  16:05:47",19919.1,GOOD,5.99,97.5,4420.6,NONE,TRACKING
"27 Jun 2026  16:06:17",19918.0,GOOD,5.99,97.5,4419.5,NONE,TRACKING
"27 Jun 2026  16:06:47",19918.0,GOOD,5.99,97.5,4419.5,NONE,TRACKING
"27 Jun 2026  16:07:17",19918.0,GOOD,5.99,97.5,4419.5,NONE,TRACKING
"27 Jun 2026  16:07:47",19919.4,GOOD,5.99,97.5,4420.9,NONE,TRACKING
"27 Jun 2026  16:08:18",19918.6,GOOD,5.99,97.5,4420.1,NONE,TRACKING
"27 Jun 2026  16:08:48",19919.1,GOOD,5.99,97.5,4420.6,NONE,TRACKING
"27 Jun 2026  16:09:18",19920.2,GOOD,5.99,97.5,4421.7,NONE,TRACKING
"27 Jun 2026  16:09:48",19918.8,GOOD,5.99,97.5,4420.3,NONE,TRACKING
"27 Jun 2026  16:10:18",19919.2,GOOD,5.99,97.5,4420.7,NONE,TRACKING
"27 Jun 2026  16:10:48",19920.9,GOOD,5.99,97.5,4422.4,NONE,TRACKING
"27 Jun 2026  16:11:18",19920.3,GOOD,5.99,97.5,4421.8,NONE,TRACKING
"27 Jun 2026  16:11:48",19919.5,GOOD,5.99,97.5,4421.0,NONE,TRACKING
"27 Jun 2026  16:12:18",19921.6,GOOD,5.99,97.5,4423.1,NONE,TRACKING
"27 Jun 2026  16:12:48",19920.1,GOOD,5.99,97.5,4421.6,NONE,TRACKING
"27 Jun 2026  16:13:18",19920.3,GOOD,5.99,97.5,4421.8,NONE,TRACKING
"27 Jun 2026  16:13:48",19920.7,GOOD,5.99,97.5,4422.2,NONE,TRACKING
"27 Jun 2026  16:14:18",19921.7,GOOD,5.99,97.5,4423.2,NONE,TRACKING
"27 Jun 2026  16:14:48",19921.0,GOOD,5.99,97.5,4422.5,NONE,TRACKING
"27 Jun 2026  16:15:18",19921.0,GOOD,5.99,97.5,4422.5,NONE,TRACKING
"27 Jun 2026  16:15:48",19921.0,GOOD,5.99,97.5,4422.5,NONE,TRACKING
"27 Jun 2026  16:16:18",19919.5,GOOD,5.99,97.5,4421.0,NONE,TRACKING
"27 Jun 2026  16:16:48",19920.2,GOOD,5.99,97.5,4421.7,NONE,TRACKING
"27 Jun 2026  16:17:18",19919.8,GOOD,5.99,97.5,4421.3,NONE,TRACKING
"27 Jun 2026  16:17:48",19919.8,GOOD,5.99,97.5,4421.3,NONE,TRACKING
"27 Jun 2026  16:18:18",19919.8,GOOD,5.99,97.5,4421.3,NONE,TRACKING
"27 Jun 2026  16:18:48",19919.4,GOOD,5.99,97.5,4420.9,NONE,TRACKING
"27 Jun 2026  16:19:18",19919.7,GOOD,5.99,97.5,4421.2,NONE,TRACKING
"27 Jun 2026  16:19:48",19920.6,GOOD,5.99,97.5,4422.1,NONE,TRACKING
"27 Jun 2026  16:20:18",19919.7,GOOD,5.99,97.5,4421.2,NONE,TRACKING
"27 Jun 2026  16:20:48",19921.2,GOOD,5.99,97.5,4422.7,NONE,TRACKING
"27 Jun 2026  16:21:18",19921.5,GOOD,5.99,97.5,4423.0,NONE,TRACKING
"27 Jun 2026  16:21:48",19921.5,GOOD,5.99,97.5,4423.0,NONE,TRACKING
"27 Jun 2026  16:22:18",19921.6,GOOD,5.99,97.5,4423.1,NONE,TRACKING
"27 Jun 2026  16:22:48",19920.8,GOOD,5.99,97.5,4422.3,NONE,TRACKING
"27 Jun 2026  16:23:18",19921.8,GOOD,5.99,97.5,4423.3,NONE,TRACKING
"27 Jun 2026  16:23:48",19920.8,GOOD,5.99,97.5,4422.3,NONE,TRACKING
"27 Jun 2026  16:24:18",19923.0,GOOD,5.99,97.6,4424.5,NONE,TRACKING
"27 Jun 2026  16:24:48",19922.2,GOOD,5.99,97.5,4423.7,NONE,TRACKING
"27 Jun 2026  16:25:18",19922.1,GOOD,5.99,97.5,4423.6,NONE,TRACKING
"27 Jun 2026  16:25:48",19923.2,GOOD,5.99,97.6,4424.7,NONE,TRACKING
"27 Jun 2026  16:26:18",19922.8,GOOD,5.99,97.6,4424.3,NONE,TRACKING
"27 Jun 2026  16:26:48",19922.1,GOOD,5.99,97.5,4423.6,NONE,TRACKING
"27 Jun 2026  16:27:18",19922.6,GOOD,5.99,97.6,4424.1,NONE,TRACKING
"27 Jun 2026  16:27:48",19923.2,GOOD,5.99,97.6,4424.7,NONE,TRACKING
"27 Jun 2026  16:28:18",19923.8,GOOD,5.99,97.6,4425.3,NONE,TRACKING
"27 Jun 2026  16:28:48",19923.7,GOOD,5.99,97.6,4425.2,NONE,TRACKING
"27 Jun 2026  16:29:18",19923.2,GOOD,5.99,97.6,4424.7,NONE,TRACKING
"27 Jun 2026  16:29:48",19923.5,GOOD,5.99,97.6,4425.0,NONE,TRACKING
"27 Jun 2026  16:30:18",19923.0,GOOD,5.99,97.6,4424.5,NONE,TRACKING
"27 Jun 2026  16:30:48",19924.8,GOOD,5.99,97.6,4426.3,NONE,TRACKING
"27 Jun 2026  16:31:18",19923.2,GOOD,5.99,97.6,4424.7,NONE,TRACKING
"27 Jun 2026  16:31:48",19923.6,GOOD,5.99,97.6,4425.1,NONE,TRACKING
"27 Jun 2026  16:32:18",19924.0,GOOD,5.99,97.6,4425.5,NONE,TRACKING
"27 Jun 2026  16:32:48",19923.9,GOOD,5.99,97.6,4425.4,NONE,TRACKING
"27 Jun 2026  16:33:18",19922.3,GOOD,5.99,97.5,4423.8,NONE,TRACKING
"27 Jun 2026  16:33:48",19923.6,GOOD,5.99,97.6,4425.1,NONE,TRACKING
"27 Jun 2026  16:34:18",19924.2,GOOD,5.99,97.6,4425.7,NONE,TRACKING
"27 Jun 2026  16:34:48",19923.3,GOOD,5.99,97.6,4424.8,NONE,TRACKING
"27 Jun 2026  16:35:18",19923.2,GOOD,5.99,97.6,4424.7,NONE,TRACKING
"27 Jun 2026  16:35:48",19924.3,GOOD,5.99,97.6,4425.8,NONE,TRACKING
"27 Jun 2026  16:36:18",19924.1,GOOD,5.99,97.6,4425.6,NONE,TRACKING
"27 Jun 2026  16:36:49",19922.5,GOOD,5.99,97.6,4424.0,NONE,TRACKING
"27 Jun 2026  16:37:19",19923.9,GOOD,5.99,97.6,4425.4,NONE,TRACKING
"27 Jun 2026  16:37:49",19923.9,GOOD,5.99,97.6,4425.4,NONE,TRACKING
"27 Jun 2026  16:38:19",19924.2,GOOD,5.99,97.6,4425.7,NONE,TRACKING
"27 Jun 2026  16:38:49",19923.0,GOOD,5.99,97.6,4424.5,NONE,TRACKING
"27 Jun 2026  16:39:19",19923.4,GOOD,5.99,97.6,4424.9,NONE,TRACKING
"27 Jun 2026  16:39:49",19924.3,GOOD,5.99,97.6,4425.8,NONE,TRACKING
"27 Jun 2026  16:40:19",19923.8,GOOD,5.99,97.6,4425.3,NONE,TRACKING
"27 Jun 2026  16:40:49",19924.2,GOOD,5.99,97.6,4425.7,NONE,TRACKING
"27 Jun 2026  16:41:19",19925.2,GOOD,5.99,97.6,4426.7,NONE,TRACKING
"27 Jun 2026  16:41:49",19924.2,GOOD,5.99,97.6,4425.7,NONE,TRACKING
"27 Jun 2026  16:42:19",19924.9,GOOD,5.99,97.6,4426.4,NONE,TRACKING
"27 Jun 2026  16:42:49",19924.5,GOOD,5.99,97.6,4426.0,NONE,TRACKING
"27 Jun 2026  16:43:19",19925.2,GOOD,5.99,97.6,4426.7,NONE,TRACKING
"27 Jun 2026  16:43:49",19926.0,GOOD,5.99,97.6,4427.5,NONE,TRACKING
"27 Jun 2026  16:44:19",19926.7,GOOD,5.99,97.6,4428.2,NONE,TRACKING
"27 Jun 2026  16:44:49",19927.2,GOOD,5.99,97.7,4428.7,NONE,TRACKING
"27 Jun 2026  16:45:19",19927.3,GOOD,5.99,97.7,4428.8,NONE,TRACKING
"27 Jun 2026  16:45:49",19926.5,GOOD,5.99,97.6,4428.0,NONE,TRACKING
"27 Jun 2026  16:46:19",19926.7,GOOD,5.99,97.6,4428.2,NONE,TRACKING
"27 Jun 2026  16:46:49",19928.1,GOOD,5.99,97.7,4429.6,NONE,TRACKING
"27 Jun 2026  16:47:19",19928.3,GOOD,5.99,97.7,4429.8,NONE,TRACKING
"27 Jun 2026  16:47:49",19927.7,GOOD,5.99,97.7,4429.2,NONE,TRACKING
"27 Jun 2026  16:48:19",19927.0,GOOD,5.99,97.7,4428.5,NONE,TRACKING
"27 Jun 2026  16:48:49",19927.3,GOOD,5.99,97.7,4428.8,NONE,TRACKING
"27 Jun 2026  16:49:19",19927.3,GOOD,5.99,97.7,4428.8,NONE,TRACKING
"27 Jun 2026  16:49:49",19927.2,GOOD,5.99,97.7,4428.7,NONE,TRACKING
"27 Jun 2026  16:50:19",19926.6,GOOD,5.99,97.6,4428.1,NONE,TRACKING
"27 Jun 2026  16:50:49",19927.5,GOOD,5.99,97.7,4429.0,NONE,TRACKING
"27 Jun 2026  16:51:19",19926.2,GOOD,5.99,97.6,4427.7,NONE,TRACKING
"27 Jun 2026  16:51:49",19925.7,GOOD,5.99,97.6,4427.2,NONE,TRACKING
"27 Jun 2026  16:52:19",19926.2,GOOD,5.99,97.6,4427.7,NONE,TRACKING
"27 Jun 2026  16:52:49",19926.8,GOOD,5.99,97.6,4428.3,NONE,TRACKING
"27 Jun 2026  16:53:19",19926.4,GOOD,5.99,97.6,4427.9,NONE,TRACKING
"27 Jun 2026  16:53:49",19927.1,GOOD,5.99,97.7,4428.6,NONE,TRACKING
"27 Jun 2026  16:54:19",19926.2,GOOD,5.99,97.6,4427.7,NONE,TRACKING
"27 Jun 2026  16:54:49",19925.9,GOOD,5.99,97.6,4427.4,NONE,TRACKING
"27 Jun 2026  16:55:19",19926.6,GOOD,5.99,97.6,4428.1,NONE,TRACKING
"27 Jun 2026  16:55:49",19927.1,GOOD,5.99,97.7,4428.6,NONE,TRACKING
"27 Jun 2026  16:56:19",19926.1,GOOD,5.99,97.6,4427.6,NONE,TRACKING
"27 Jun 2026  16:56:49",19926.7,GOOD,5.99,97.6,4428.2,NONE,TRACKING
"27 Jun 2026  16:57:19",19927.3,GOOD,5.99,97.7,4428.8,NONE,TRACKING
"27 Jun 2026  16:57:49",19927.2,GOOD,5.99,97.7,4428.7,NONE,TRACKING
"27 Jun 2026  16:58:19",19927.3,GOOD,5.99,97.7,4428.8,NONE,TRACKING
"27 Jun 2026  16:58:49",19929.6,GOOD,5.99,97.7,4431.1,NONE,TRACKING
"27 Jun 2026  16:59:19",19928.0,GOOD,5.99,97.7,4429.5,NONE,TRACKING
"27 Jun 2026  16:59:49",19927.8,GOOD,5.99,97.7,4429.3,NONE,TRACKING
"27 Jun 2026  17:00:19",19928.2,GOOD,5.99,97.7,4429.7,NONE,TRACKING
"27 Jun 2026  17:00:49",19928.8,GOOD,5.99,97.7,4430.3,NONE,TRACKING
"27 Jun 2026  17:01:19",19928.2,GOOD,5.99,97.7,4429.7,NONE,TRACKING
"27 Jun 2026  17:01:49",19929.5,GOOD,5.99,97.7,4431.0,NONE,TRACKING
"27 Jun 2026  17:02:19",19929.7,GOOD,5.99,97.7,4431.2,NONE,TRACKING
"27 Jun 2026  17:02:49",19930.5,GOOD,5.99,97.7,4432.0,NONE,TRACKING
"27 Jun 2026  17:03:19",19928.9,GOOD,5.99,97.7,4430.4,NONE,TRACKING
"27 Jun 2026  17:03:49",19930.8,GOOD,5.99,97.7,4432.3,NONE,TRACKING
"27 Jun 2026  17:04:19",19931.4,GOOD,5.99,97.7,4432.9,NONE,TRACKING
"27 Jun 2026  17:04:49",19929.5,GOOD,5.99,97.7,4431.0,NONE,TRACKING
"27 Jun 2026  17:05:19",19930.9,GOOD,5.99,97.7,4432.4,NONE,TRACKING
"27 Jun 2026  17:05:49",19930.7,GOOD,5.99,97.7,4432.2,NONE,TRACKING
"27 Jun 2026  17:06:19",19931.1,GOOD,5.99,97.7,4432.6,NONE,TRACKING
"27 Jun 2026  17:06:49",19930.7,GOOD,5.99,97.7,4432.2,NONE,TRACKING
"27 Jun 2026  17:07:19",19930.1,GOOD,5.99,97.7,4431.6,NONE,TRACKING
"27 Jun 2026  17:07:49",19930.2,GOOD,5.99,97.7,4431.7,NONE,TRACKING
"27 Jun 2026  17:08:19",19930.8,GOOD,5.99,97.7,4432.3,NONE,TRACKING
"27 Jun 2026  17:08:49",19930.8,GOOD,5.99,97.7,4432.3,NONE,TRACKING
"27 Jun 2026  17:09:19",19929.8,GOOD,5.99,97.7,4431.3,NONE,TRACKING
"27 Jun 2026  17:09:26",0.0,GOOD,2.17,,,,UNINSTALLED
"27 Jun 2026  17:09:56",19928.7,GOOD,2.17,,,,UNINSTALLED
"27 Jun 2026  17:10:26",19929.0,GOOD,2.17,,,,UNINSTALLED
"27 Jun 2026  17:25:26",19930.5,GOOD,2.17,,,,UNINSTALLED
"27 Jun 2026  17:25:56",19932.0,GOOD,2.17,,,,UNINSTALLED
"27 Jun 2026  17:26:26",19931.8,GOOD,2.17,,,,UNINSTALLED
"27 Jun 2026  17:26:56",19932.0,GOOD,2.17,,,,UNINSTALLED
"27 Jun 2026  17:27:26",19932.2,GOOD,2.17,,,,UNINSTALLED
"27 Jun 2026  17:27:56",19932.9,GOOD,2.17,,,,UNINSTALLED
"27 Jun 2026  17:28:26",19933.5,GOOD,2.17,,,,UNINSTALLED
"27 Jun 2026  17:28:56",19933.2,GOOD,2.17,,,,UNINSTALLED
"27 Jun 2026  17:29:26",19934.9,GOOD,2.17,,,,UNINSTALLED
"27 Jun 2026  17:29:56",19934.8,GOOD,2.17,,,,UNINSTALLED
"27 Jun 2026  17:30:26",19934.1,GOOD,2.17,,,,UNINSTALLED
"27 Jun 2026  17:30:56",19935.5,GOOD,2.17,,,,UNINSTALLED
"27 Jun 2026  17:31:26",19934.6,GOOD,2.17,,,,UNINSTALLED
"27 Jun 2026  17:31:56",19934.8,GOOD,2.17,,,,UNINSTALLED
"27 Jun 2026  17:32:26",19935.0,GOOD,2.17,,,,UNINSTALLED
"27 Jun 2026  17:32:56",19934.9,GOOD,2.17,,,,UNINSTALLED
"27 Jun 2026  17:33:26",19934.8,GOOD,2.17,,,,UNINSTALLED
"27 Jun 2026  17:33:56",19934.8,GOOD,2.17,,,,UNINSTALLED
"27 Jun 2026  17:34:26",19935.9,GOOD,2.17,,,,UNINSTALLED
"27 Jun 2026  17:34:56",19935.6,GOOD,2.17,,,,UNINSTALLED
"27 Jun 2026  17:35:26",19936.4,GOOD,2.17,,,,UNINSTALLED
"27 Jun 2026  17:35:56",19936.6,GOOD,2.17,,,,UNINSTALLED
"27 Jun 2026  17:36:26",19936.0,GOOD,2.17,,,,UNINSTALLED
"27 Jun 2026  17:36:56",19935.9,GOOD,2.17,,,,UNINSTALLED
"27 Jun 2026  17:37:26",19936.2,GOOD,2.17,,,,UNINSTALLED
"27 Jun 2026  17:37:56",19936.3,GOOD,2.17,,,,UNINSTALLED
"27 Jun 2026  17:38:26",19936.4,GOOD,2.17,,,,UNINSTALLED
"27 Jun 2026  17:38:56",19937.9,GOOD,2.17,,,,UNINSTALLED
"27 Jun 2026  17:39:26",19938.3,GOOD,2.17,,,,UNINSTALLED
"27 Jun 2026  17:39:56",19936.8,GOOD,2.17,,,,UNINSTALLED
"27 Jun 2026  17:40:26",19937.4,GOOD,2.17,,,,UNINSTALLED
"27 Jun 2026  17:40:57",19938.5,GOOD,2.17,,,,UNINSTALLED
"27 Jun 2026  17:41:27",19938.8,GOOD,2.17,,,,UNINSTALLED
"27 Jun 2026  17:41:57",19939.5,GOOD,2.17,,,,UNINSTALLED
"27 Jun 2026  17:42:27",19938.9,GOOD,2.17,,,,UNINSTALLED
"27 Jun 2026  17:42:57",19939.2,GOOD,2.17,,,,UNINSTALLED
"27 Jun 2026  17:43:27",19938.5,GOOD,2.17,,,,UNINSTALLED
"27 Jun 2026  17:43:57",19938.6,GOOD,2.17,,,,UNINSTALLED
"27 Jun 2026  17:44:27",19938.9,GOOD,2.17,,,,UNINSTALLED
"27 Jun 2026  17:44:57",19938.8,GOOD,2.17,,,,UNINSTALLED
"27 Jun 2026  17:45:27",19939.7,GOOD,2.17,,,,UNINSTALLED
"27 Jun 2026  17:45:57",19939.4,GOOD,2.17,,,,UNINSTALLED
"27 Jun 2026  17:46:27",19939.1,GOOD,2.17,,,,UNINSTALLED
"27 Jun 2026  17:46:57",19938.9,GOOD,2.17,,,,UNINSTALLED
"27 Jun 2026  17:47:27",19938.1,GOOD,2.17,,,,UNINSTALLED
"27 Jun 2026  17:47:57",19938.0,GOOD,2.17,,,,UNINSTALLED
"27 Jun 2026  17:48:27",19938.6,GOOD,2.17,,,,UNINSTALLED
"27 Jun 2026  17:48:57",19939.0,GOOD,2.17,,,,UNINSTALLED
"27 Jun 2026  17:49:27",19940.3,GOOD,2.17,,,,UNINSTALLED
"27 Jun 2026  17:49:57",19938.9,GOOD,2.17,,,,UNINSTALLED
"27 Jun 2026  17:50:27",19938.4,GOOD,2.17,,,,UNINSTALLED
"27 Jun 2026  17:50:57",19939.4,GOOD,2.17,,,,UNINSTALLED
"27 Jun 2026  17:51:27",19940.0,GOOD,2.17,,,,UNINSTALLED
"27 Jun 2026  17:51:57",19939.8,GOOD,2.17,,,,UNINSTALLED
"27 Jun 2026  17:52:27",19939.7,GOOD,2.17,,,,UNINSTALLED
"27 Jun 2026  17:52:57",19940.6,GOOD,2.17,,,,UNINSTALLED
"27 Jun 2026  17:53:27",19941.3,GOOD,2.17,,,,UNINSTALLED
"27 Jun 2026  17:53:57",19940.1,GOOD,2.17,,,,UNINSTALLED
"27 Jun 2026  17:54:27",19941.0,GOOD,2.17,,,,UNINSTALLED
"27 Jun 2026  17:54:57",19941.3,GOOD,2.17,,,,UNINSTALLED
"27 Jun 2026  17:55:27",19941.3,GOOD,2.17,,,,UNINSTALLED
"27 Jun 2026  17:55:57",19941.6,GOOD,2.17,,,,UNINSTALLED
"27 Jun 2026  17:56:34",0.0,GOOD,1.78,,,,UNINSTALLED
"27 Jun 2026  17:57:04",3.4,GOOD,1.78,,,,UNINSTALLED
"27 Jun 2026  17:57:34",5.1,GOOD,1.78,,,,UNINSTALLED
"27 Jun 2026  18:12:21",4.9,GOOD,1.78,,,,UNINSTALLED
"27 Jun 2026  18:12:51",5.7,GOOD,1.78,,,,UNINSTALLED
"27 Jun 2026  18:13:21",6.3,GOOD,1.78,,,,UNINSTALLED
"27 Jun 2026  18:13:51",7.2,GOOD,1.78,,,,UNINSTALLED
"27 Jun 2026  18:14:21",8.1,GOOD,1.78,,,,UNINSTALLED
"27 Jun 2026  18:14:51",8.7,GOOD,1.78,,,,UNINSTALLED
"27 Jun 2026  18:15:21",9.4,GOOD,1.78,,,,UNINSTALLED
"27 Jun 2026  18:15:51",9.1,GOOD,1.78,,,,UNINSTALLED
"27 Jun 2026  18:16:21",9.7,GOOD,1.78,,,,UNINSTALLED
"27 Jun 2026  18:16:51",9.8,GOOD,1.78,,,,UNINSTALLED
"27 Jun 2026  18:17:21",10.0,GOOD,1.78,,,,UNINSTALLED
"27 Jun 2026  18:17:51",10.3,GOOD,1.78,,,,UNINSTALLED
"27 Jun 2026  18:18:21",9.7,GOOD,1.78,,,,UNINSTALLED
"27 Jun 2026  18:18:51",10.5,GOOD,1.78,,,,UNINSTALLED
"27 Jun 2026  18:19:21",10.8,GOOD,1.78,,,,UNINSTALLED
"27 Jun 2026  18:19:51",10.9,GOOD,1.78,,,,UNINSTALLED
"27 Jun 2026  18:20:21",12.2,GOOD,1.78,,,,UNINSTALLED
"27 Jun 2026  18:20:51",11.7,GOOD,1.78,,,,UNINSTALLED
"27 Jun 2026  18:46:22",17.2,GOOD,1.78,,,,UNINSTALLED
"27 Jun 2026  18:46:52",16.9,GOOD,1.78,,,,UNINSTALLED
"27 Jun 2026  18:47:22",16.3,GOOD,1.78,,,,UNINSTALLED
"27 Jun 2026  18:47:53",16.4,GOOD,1.78,,,,UNINSTALLED
"27 Jun 2026  18:48:23",16.7,GOOD,1.78,,,,UNINSTALLED
"27 Jun 2026  18:48:53",17.4,GOOD,1.78,,,,UNINSTALLED
"27 Jun 2026  18:49:23",16.6,GOOD,1.78,,,,UNINSTALLED
"27 Jun 2026  18:49:53",16.7,GOOD,1.78,,,,UNINSTALLED
"27 Jun 2026  18:50:23",17.0,GOOD,1.78,,,,UNINSTALLED
"27 Jun 2026  18:50:53",16.5,GOOD,1.78,,,,UNINSTALLED
"27 Jun 2026  18:51:23",17.2,GOOD,1.78,,,,UNINSTALLED
"27 Jun 2026  18:51:53",17.1,GOOD,1.78,,,,UNINSTALLED
"27 Jun 2026  18:52:23",17.2,GOOD,1.78,,,,UNINSTALLED
"27 Jun 2026  18:52:53",17.0,GOOD,1.78,,,,UNINSTALLED
"27 Jun 2026  18:53:23",18.4,GOOD,1.78,,,,UNINSTALLED
"27 Jun 2026  18:53:53",17.9,GOOD,1.78,,,,UNINSTALLED
"27 Jun 2026  18:54:23",17.8,GOOD,1.78,,,,UNINSTALLED
"27 Jun 2026  18:54:53",17.1,GOOD,1.78,,,,UNINSTALLED
"27 Jun 2026  18:55:23",17.8,GOOD,1.78,,,,UNINSTALLED
"27 Jun 2026  18:55:53",17.7,GOOD,1.78,,,,UNINSTALLED
"27 Jun 2026  18:56:23",18.8,GOOD,1.78,,,,UNINSTALLED
"27 Jun 2026  18:56:53",19.0,GOOD,1.78,,,,UNINSTALLED
"27 Jun 2026  18:57:23",18.7,GOOD,1.78,,,,UNINSTALLED
"27 Jun 2026  18:57:53",18.4,GOOD,1.78,,,,UNINSTALLED
"27 Jun 2026  18:58:23",18.9,GOOD,1.78,,,,UNINSTALLED
"27 Jun 2026  18:58:53",19.0,GOOD,1.78,,,,UNINSTALLED
"27 Jun 2026  18:59:23",19.4,GOOD,1.78,,,,UNINSTALLED
"27 Jun 2026  18:59:53",20.1,GOOD,1.78,,,,UNINSTALLED
"27 Jun 2026  19:00:23",17.9,GOOD,1.78,,,,UNINSTALLED
"27 Jun 2026  19:00:53",19.3,GOOD,1.78,,,,UNINSTALLED
"27 Jun 2026  19:01:23",18.8,GOOD,1.78,,,,UNINSTALLED
"27 Jun 2026  19:01:53",18.7,GOOD,1.78,,,,UNINSTALLED
"27 Jun 2026  19:02:23",19.5,GOOD,1.78,,,,UNINSTALLED
"27 Jun 2026  19:02:53",19.2,GOOD,1.78,,,,UNINSTALLED
"27 Jun 2026  19:03:23",20.0,GOOD,1.78,,,,UNINSTALLED
"27 Jun 2026  19:03:53",19.6,GOOD,1.78,,,,UNINSTALLED
"27 Jun 2026  19:04:23",18.8,GOOD,1.78,,,,UNINSTALLED
"27 Jun 2026  19:04:53",19.5,GOOD,1.78,,,,UNINSTALLED
"27 Jun 2026  19:05:23",19.3,GOOD,1.78,,,,UNINSTALLED
"27 Jun 2026  19:05:53",20.5,GOOD,1.78,,,,UNINSTALLED
"27 Jun 2026  19:06:23",18.4,GOOD,1.78,,,,UNINSTALLED
"27 Jun 2026  19:06:53",20.2,GOOD,1.78,,,,UNINSTALLED
"27 Jun 2026  19:07:23",19.4,GOOD,1.78,,,,UNINSTALLED
"27 Jun 2026  19:07:53",20.0,GOOD,1.78,,,,UNINSTALLED
"27 Jun 2026  19:08:23",20.5,GOOD,1.78,,,,UNINSTALLED
"27 Jun 2026  19:08:54",19.9,GOOD,1.78,,,,UNINSTALLED
"27 Jun 2026  19:09:24",19.2,GOOD,1.78,,,,UNINSTALLED
"27 Jun 2026  19:09:54",19.5,GOOD,1.78,,,,UNINSTALLED
"27 Jun 2026  19:10:24",19.5,GOOD,1.78,,,,UNINSTALLED
"27 Jun 2026  19:10:54",20.1,GOOD,1.78,,,,UNINSTALLED
"27 Jun 2026  19:11:24",21.6,GOOD,1.78,,,,UNINSTALLED
"27 Jun 2026  19:11:54",20.6,GOOD,1.78,,,,UNINSTALLED
"27 Jun 2026  19:12:24",20.3,GOOD,1.78,,,,UNINSTALLED
"27 Jun 2026  19:12:54",20.5,GOOD,1.78,,,,UNINSTALLED
"27 Jun 2026  19:13:24",20.8,GOOD,1.78,,,,UNINSTALLED
"27 Jun 2026  19:13:54",20.3,GOOD,1.78,,,,UNINSTALLED
"27 Jun 2026  19:14:24",20.2,GOOD,1.78,,,,UNINSTALLED
"27 Jun 2026  19:14:54",20.9,GOOD,1.78,,,,UNINSTALLED
"27 Jun 2026  19:15:24",20.1,GOOD,1.78,,,,UNINSTALLED
"27 Jun 2026  19:15:54",20.3,GOOD,1.78,,,,UNINSTALLED
"27 Jun 2026  19:16:24",21.0,GOOD,1.78,,,,UNINSTALLED
"27 Jun 2026  19:16:54",20.3,GOOD,1.78,,,,UNINSTALLED
"27 Jun 2026  19:17:24",20.5,GOOD,1.78,,,,UNINSTALLED
"27 Jun 2026  19:17:54",20.2,GOOD,1.78,,,,UNINSTALLED
"27 Jun 2026  19:18:24",20.7,GOOD,1.78,,,,UNINSTALLED
"27 Jun 2026  19:18:54",20.5,GOOD,1.78,,,,UNINSTALLED
"27 Jun 2026  19:19:24",21.2,GOOD,1.78,,,,UNINSTALLED
"27 Jun 2026  19:19:54",21.1,GOOD,1.78,,,,UNINSTALLED
"27 Jun 2026  19:20:24",21.2,GOOD,1.78,,,,UNINSTALLED
"27 Jun 2026  19:20:54",21.6,GOOD,1.78,,,,UNINSTALLED
"27 Jun 2026  19:21:24",21.1,GOOD,1.78,,,,UNINSTALLED
"27 Jun 2026  19:21:54",20.8,GOOD,1.78,,,,UNINSTALLED
"27 Jun 2026  19:22:24",21.9,GOOD,1.78,,,,UNINSTALLED
"27 Jun 2026  19:22:54",21.2,GOOD,1.78,,,,UNINSTALLED
"27 Jun 2026  19:23:24",21.0,GOOD,1.78,,,,UNINSTALLED
"27 Jun 2026  19:23:54",21.0,GOOD,1.78,,,,UNINSTALLED
"27 Jun 2026  19:24:24",21.4,GOOD,1.78,,,,UNINSTALLED
"27 Jun 2026  19:24:54",21.7,GOOD,1.78,,,,UNINSTALLED
"27 Jun 2026  19:25:24",22.0,GOOD,1.78,,,,UNINSTALLED
"27 Jun 2026  19:25:54",22.1,GOOD,1.78,,,,UNINSTALLED
"27 Jun 2026  19:26:24",20.8,GOOD,1.78,,,,UNINSTALLED
"27 Jun 2026  19:26:54",22.3,GOOD,1.78,,,,UNINSTALLED
"27 Jun 2026  19:27:24",22.2,GOOD,1.78,,,,UNINSTALLED
"27 Jun 2026  19:27:54",22.0,GOOD,1.78,,,,UNINSTALLED
"27 Jun 2026  19:28:24",21.8,GOOD,1.78,,,,UNINSTALLED
"27 Jun 2026  19:28:54",21.9,GOOD,1.78,,,,UNINSTALLED
"27 Jun 2026  19:29:24",21.1,GOOD,1.78,,,,UNINSTALLED
"27 Jun 2026  19:29:54",21.6,GOOD,1.78,,,,UNINSTALLED
"27 Jun 2026  19:30:24",21.9,GOOD,1.78,,,,UNINSTALLED
"27 Jun 2026  19:30:54",22.2,GOOD,1.78,,,,UNINSTALLED
"27 Jun 2026  19:31:24",21.9,GOOD,1.78,,,,UNINSTALLED
"27 Jun 2026  19:31:55",22.0,GOOD,1.78,,,,UNINSTALLED
"27 Jun 2026  19:32:25",22.1,GOOD,1.78,,,,UNINSTALLED
"27 Jun 2026  19:32:55",21.7,GOOD,1.78,,,,UNINSTALLED
"27 Jun 2026  19:33:25",21.4,GOOD,1.78,,,,UNINSTALLED
"27 Jun 2026  19:33:55",22.1,GOOD,1.78,,,,UNINSTALLED
"27 Jun 2026  19:34:25",22.3,GOOD,1.78,,,,UNINSTALLED
"27 Jun 2026  19:34:55",21.3,GOOD,1.78,,,,UNINSTALLED
"27 Jun 2026  19:35:25",21.8,GOOD,1.78,,,,UNINSTALLED
"27 Jun 2026  19:35:55",22.3,GOOD,1.78,,,,UNINSTALLED
"27 Jun 2026  19:36:25",21.9,GOOD,1.78,,,,UNINSTALLED
"27 Jun 2026  19:36:55",22.5,GOOD,1.78,,,,UNINSTALLED
"27 Jun 2026  19:37:25",22.8,GOOD,1.78,,,,UNINSTALLED
"27 Jun 2026  19:37:55",21.5,GOOD,1.78,,,,UNINSTALLED
"27 Jun 2026  19:38:25",22.4,GOOD,1.78,,,,UNINSTALLED
"27 Jun 2026  19:38:55",22.0,GOOD,1.78,,,,UNINSTALLED
"27 Jun 2026  19:39:25",22.1,GOOD,1.78,,,,UNINSTALLED
"27 Jun 2026  19:39:55",21.9,GOOD,1.78,,,,UNINSTALLED
"27 Jun 2026  19:40:25",21.8,GOOD,1.78,,,,UNINSTALLED
"27 Jun 2026  19:40:55",22.3,GOOD,1.78,,,,UNINSTALLED
"27 Jun 2026  19:41:25",21.9,GOOD,1.78,,,,UNINSTALLED
"27 Jun 2026  19:41:55",23.4,GOOD,1.78,,,,UNINSTALLED
"27 Jun 2026  19:42:25",22.6,GOOD,1.78,,,,UNINSTALLED
"27 Jun 2026  19:42:55",22.5,GOOD,1.78,,,,UNINSTALLED
"27 Jun 2026  19:43:25",22.5,GOOD,1.78,,,,UNINSTALLED
"27 Jun 2026  19:43:55",22.3,GOOD,1.78,,,,UNINSTALLED
"27 Jun 2026  19:44:25",22.1,GOOD,1.78,,,,UNINSTALLED
"27 Jun 2026  19:44:55",23.0,GOOD,1.78,,,,UNINSTALLED
"27 Jun 2026  19:45:25",23.2,GOOD,1.78,,,,UNINSTALLED
"27 Jun 2026  19:45:55",22.5,GOOD,1.78,,,,UNINSTALLED
"27 Jun 2026  19:46:25",23.1,GOOD,1.78,,,,UNINSTALLED
"27 Jun 2026  19:46:55",22.2,GOOD,1.78,,,,UNINSTALLED
"27 Jun 2026  19:47:25",22.9,GOOD,1.78,,,,UNINSTALLED
"27 Jun 2026  19:47:55",23.5,GOOD,1.78,,,,UNINSTALLED
"27 Jun 2026  19:48:25",23.7,GOOD,1.78,,,,UNINSTALLED
"27 Jun 2026  19:48:55",22.9,GOOD,1.78,,,,UNINSTALLED
"27 Jun 2026  19:49:25",22.7,GOOD,1.78,,,,UNINSTALLED
"27 Jun 2026  19:49:55",23.2,GOOD,1.78,,,,UNINSTALLED
"27 Jun 2026  19:50:25",22.4,GOOD,1.78,,,,UNINSTALLED
"27 Jun 2026  19:50:55",22.5,GOOD,1.78,,,,UNINSTALLED
"27 Jun 2026  19:51:25",23.6,GOOD,1.78,,,,UNINSTALLED
"27 Jun 2026  19:51:55",24.2,GOOD,1.78,,,,UNINSTALLED
"27 Jun 2026  19:52:25",23.1,GOOD,1.78,,,,UNINSTALLED
"27 Jun 2026  19:52:55",23.4,GOOD,1.78,,,,UNINSTALLED
"27 Jun 2026  19:53:25",24.5,GOOD,1.78,,,,UNINSTALLED
"27 Jun 2026  19:53:56",23.3,GOOD,1.78,,,,UNINSTALLED
"27 Jun 2026  19:54:26",22.7,GOOD,1.78,,,,UNINSTALLED
"27 Jun 2026  19:54:56",23.3,GOOD,1.78,,,,UNINSTALLED
"27 Jun 2026  19:55:26",23.1,GOOD,1.78,,,,UNINSTALLED
"27 Jun 2026  19:55:56",22.9,GOOD,1.78,,,,UNINSTALLED
"27 Jun 2026  19:56:26",24.7,GOOD,1.78,,,,UNINSTALLED
"27 Jun 2026  19:56:56",23.8,GOOD,1.78,,,,UNINSTALLED
"27 Jun 2026  19:57:26",23.9,GOOD,1.78,,,,UNINSTALLED
"27 Jun 2026  19:57:56",24.7,GOOD,1.78,,,,UNINSTALLED
"27 Jun 2026  19:58:26",24.2,GOOD,1.78,,,,UNINSTALLED
"27 Jun 2026  19:58:56",24.1,GOOD,1.78,,,,UNINSTALLED
"27 Jun 2026  19:59:26",24.5,GOOD,1.78,,,,UNINSTALLED
"27 Jun 2026  19:59:56",24.2,GOOD,1.78,,,,UNINSTALLED
"27 Jun 2026  20:00:26",23.5,GOOD,1.78,,,,UNINSTALLED
"27 Jun 2026  20:00:56",23.8,GOOD,1.78,,,,UNINSTALLED
"27 Jun 2026  20:01:26",24.3,GOOD,1.78,,,,UNINSTALLED
"27 Jun 2026  20:01:56",23.6,GOOD,1.78,,,,UNINSTALLED
"27 Jun 2026  20:02:26",23.6,GOOD,1.78,,,,UNINSTALLED
"27 Jun 2026  20:02:56",23.9,GOOD,1.78,,,,UNINSTALLED
"27 Jun 2026  20:03:26",23.9,GOOD,1.78,,,,UNINSTALLED
"27 Jun 2026  20:03:56",25.3,GOOD,1.78,,,,UNINSTALLED
"27 Jun 2026  20:04:26",24.1,GOOD,1.78,,,,UNINSTALLED
"27 Jun 2026  20:04:56",24.0,GOOD,1.78,,,,UNINSTALLED
"27 Jun 2026  20:05:26",25.1,GOOD,1.78,,,,UNINSTALLED
"27 Jun 2026  20:05:56",24.9,GOOD,1.78,,,,UNINSTALLED
"27 Jun 2026  20:06:26",25.1,GOOD,1.78,,,,UNINSTALLED
"27 Jun 2026  20:06:56",24.2,GOOD,1.78,,,,UNINSTALLED
"27 Jun 2026  20:07:26",25.4,GOOD,1.78,,,,UNINSTALLED
"27 Jun 2026  20:07:56",24.3,GOOD,1.78,,,,UNINSTALLED
"27 Jun 2026  20:08:27",25.6,GOOD,1.78,,,,UNINSTALLED
"27 Jun 2026  20:08:57",25.5,GOOD,1.78,,,,UNINSTALLED
"27 Jun 2026  20:09:27",24.1,GOOD,1.78,,,,UNINSTALLED
"27 Jun 2026  20:09:57",24.7,GOOD,1.78,,,,UNINSTALLED
"27 Jun 2026  20:10:27",25.2,GOOD,1.78,,,,UNINSTALLED
"27 Jun 2026  20:10:57",24.5,GOOD,1.78,,,,UNINSTALLED
"27 Jun 2026  20:11:27",24.5,GOOD,1.78,,,,UNINSTALLED
"27 Jun 2026  20:11:57",24.7,GOOD,1.78,,,,UNINSTALLED
"27 Jun 2026  20:12:27",25.1,GOOD,1.78,,,,UNINSTALLED
"27 Jun 2026  20:12:57",24.8,GOOD,1.78,,,,UNINSTALLED
"27 Jun 2026  20:13:27",24.3,GOOD,1.78,,,,UNINSTALLED
"27 Jun 2026  20:13:57",24.4,GOOD,1.78,,,,UNINSTALLED
"27 Jun 2026  20:14:27",26.2,GOOD,1.78,,,,UNINSTALLED
"27 Jun 2026  20:14:57",25.9,GOOD,1.78,,,,UNINSTALLED
"27 Jun 2026  20:15:27",25.7,GOOD,1.78,,,,UNINSTALLED
"27 Jun 2026  20:15:57",26.3,GOOD,1.78,,,,UNINSTALLED
"27 Jun 2026  20:16:27",26.2,GOOD,1.78,,,,UNINSTALLED
"27 Jun 2026  20:16:57",26.3,GOOD,1.78,,,,UNINSTALLED
"27 Jun 2026  20:17:27",26.1,GOOD,1.78,,,,UNINSTALLED
"27 Jun 2026  20:17:57",25.5,GOOD,1.78,,,,UNINSTALLED
"27 Jun 2026  20:18:27",25.8,GOOD,1.78,,,,UNINSTALLED
"27 Jun 2026  20:18:57",25.9,GOOD,1.78,,,,UNINSTALLED
"27 Jun 2026  20:19:27",25.9,GOOD,1.78,,,,UNINSTALLED
"27 Jun 2026  20:19:57",25.8,GOOD,1.78,,,,UNINSTALLED
"27 Jun 2026  20:20:27",26.3,GOOD,1.78,,,,UNINSTALLED
"27 Jun 2026  20:20:57",25.8,GOOD,1.78,,,,UNINSTALLED
"27 Jun 2026  20:21:27",25.6,GOOD,1.78,,,,UNINSTALLED
"27 Jun 2026  20:21:57",27.0,GOOD,1.78,,,,UNINSTALLED
"27 Jun 2026  20:22:27",26.4,GOOD,1.78,,,,UNINSTALLED
"27 Jun 2026  20:22:57",26.6,GOOD,1.78,,,,UNINSTALLED
"27 Jun 2026  20:23:27",26.9,GOOD,1.78,,,,UNINSTALLED
"27 Jun 2026  20:23:57",26.8,GOOD,1.78,,,,UNINSTALLED
"27 Jun 2026  20:24:27",25.8,GOOD,1.78,,,,UNINSTALLED
"27 Jun 2026  20:24:57",26.3,GOOD,1.78,,,,UNINSTALLED
"27 Jun 2026  20:25:27",27.3,GOOD,1.78,,,,UNINSTALLED
"27 Jun 2026  20:25:57",27.1,GOOD,1.78,,,,UNINSTALLED
"27 Jun 2026  20:26:27",27.4,GOOD,1.78,,,,UNINSTALLED
"27 Jun 2026  20:26:57",27.5,GOOD,1.78,,,,UNINSTALLED
"27 Jun 2026  20:27:27",27.3,GOOD,1.78,,,,UNINSTALLED
"27 Jun 2026  20:27:57",27.6,GOOD,1.78,,,,UNINSTALLED
"27 Jun 2026  20:28:28",27.3,GOOD,1.78,,,,UNINSTALLED
"27 Jun 2026  20:28:58",26.8,GOOD,1.78,,,,UNINSTALLED
"27 Jun 2026  20:29:28",26.4,GOOD,1.78,,,,UNINSTALLED
"27 Jun 2026  20:29:58",27.0,GOOD,1.78,,,,UNINSTALLED
"27 Jun 2026  20:30:28",26.9,GOOD,1.78,,,,UNINSTALLED
"27 Jun 2026  20:30:58",26.9,GOOD,1.78,,,,UNINSTALLED
"27 Jun 2026  20:31:28",27.3,GOOD,1.78,,,,UNINSTALLED
"27 Jun 2026  20:31:58",27.0,GOOD,1.78,,,,UNINSTALLED
"27 Jun 2026  20:32:28",28.0,GOOD,1.78,,,,UNINSTALLED
"27 Jun 2026  20:32:58",27.7,GOOD,1.78,,,,UNINSTALLED
"27 Jun 2026  20:33:28",26.5,GOOD,1.78,,,,UNINSTALLED
"27 Jun 2026  20:33:58",27.3,GOOD,1.78,,,,UNINSTALLED
"27 Jun 2026  20:34:28",27.8,GOOD,1.78,,,,UNINSTALLED
"27 Jun 2026  20:34:58",27.1,GOOD,1.78,,,,UNINSTALLED
"27 Jun 2026  20:35:28",27.0,GOOD,1.78,,,,UNINSTALLED
"27 Jun 2026  20:35:58",27.3,GOOD,1.78,,,,UNINSTALLED
"27 Jun 2026  20:36:28",26.5,GOOD,1.78,,,,UNINSTALLED
"27 Jun 2026  20:36:58",27.4,GOOD,1.78,,,,UNINSTALLED
"27 Jun 2026  20:37:28",28.5,GOOD,1.78,,,,UNINSTALLED
"27 Jun 2026  20:37:58",27.6,GOOD,1.78,,,,UNINSTALLED
"27 Jun 2026  20:38:28",27.6,GOOD,1.78,,,,UNINSTALLED
"27 Jun 2026  20:38:58",27.7,GOOD,1.78,,,,UNINSTALLED
"27 Jun 2026  20:39:28",27.5,GOOD,1.78,,,,UNINSTALLED
"27 Jun 2026  20:39:58",27.9,GOOD,1.78,,,,UNINSTALLED
"27 Jun 2026  20:40:28",26.8,GOOD,1.78,,,,UNINSTALLED
"27 Jun 2026  20:40:58",27.7,GOOD,1.78,,,,UNINSTALLED
"27 Jun 2026  20:41:28",28.8,GOOD,1.78,,,,UNINSTALLED
"27 Jun 2026  20:41:58",27.9,GOOD,1.78,,,,UNINSTALLED
"27 Jun 2026  20:42:28",29.0,GOOD,1.78,,,,UNINSTALLED
"27 Jun 2026  20:42:58",28.5,GOOD,1.78,,,,UNINSTALLED
"27 Jun 2026  20:43:28",28.6,GOOD,1.78,,,,UNINSTALLED
"27 Jun 2026  20:43:58",28.7,GOOD,1.78,,,,UNINSTALLED
"27 Jun 2026  20:44:28",28.3,GOOD,1.78,,,,UNINSTALLED
"27 Jun 2026  20:44:58",28.5,GOOD,1.78,,,,UNINSTALLED
"27 Jun 2026  20:45:28",28.9,GOOD,1.78,,,,UNINSTALLED
"27 Jun 2026  20:45:58",28.6,GOOD,1.78,,,,UNINSTALLED
"27 Jun 2026  20:46:28",27.6,GOOD,1.78,,,,UNINSTALLED
"27 Jun 2026  20:46:58",29.1,GOOD,1.78,,,,UNINSTALLED
"27 Jun 2026  20:47:28",29.1,GOOD,1.78,,,,UNINSTALLED
"27 Jun 2026  20:47:58",29.6,GOOD,1.78,,,,UNINSTALLED
"27 Jun 2026  20:48:28",28.6,GOOD,1.78,,,,UNINSTALLED
"27 Jun 2026  20:48:58",29.4,GOOD,1.78,,,,UNINSTALLED
"27 Jun 2026  20:49:28",29.6,GOOD,1.78,,,,UNINSTALLED
"27 Jun 2026  20:49:58",29.1,GOOD,1.78,,,,UNINSTALLED
"27 Jun 2026  20:50:29",28.9,GOOD,1.78,,,,UNINSTALLED
"27 Jun 2026  20:50:59",29.0,GOOD,1.78,,,,UNINSTALLED
"27 Jun 2026  20:51:29",28.3,GOOD,1.78,,,,UNINSTALLED
"27 Jun 2026  20:51:59",28.8,GOOD,1.78,,,,UNINSTALLED
"27 Jun 2026  20:52:29",29.7,GOOD,1.78,,,,UNINSTALLED
"27 Jun 2026  20:52:59",30.3,GOOD,1.78,,,,UNINSTALLED
"27 Jun 2026  20:53:29",28.8,GOOD,1.78,,,,UNINSTALLED
"27 Jun 2026  20:53:59",28.7,GOOD,1.78,,,,UNINSTALLED
"27 Jun 2026  20:54:29",29.5,GOOD,1.78,,,,UNINSTALLED
"27 Jun 2026  20:54:59",29.1,GOOD,1.78,,,,UNINSTALLED
"27 Jun 2026  20:55:29",29.2,GOOD,1.78,,,,UNINSTALLED
"27 Jun 2026  20:55:59",29.4,GOOD,1.78,,,,UNINSTALLED
"27 Jun 2026  20:56:29",29.6,GOOD,1.78,,,,UNINSTALLED
"27 Jun 2026  20:56:59",29.2,GOOD,1.78,,,,UNINSTALLED
"27 Jun 2026  20:57:29",30.4,GOOD,1.78,,,,UNINSTALLED
"27 Jun 2026  20:57:59",30.2,GOOD,1.78,,,,UNINSTALLED
"27 Jun 2026  20:58:29",29.9,GOOD,1.78,,,,UNINSTALLED
"27 Jun 2026  20:58:59",30.6,GOOD,1.78,,,,UNINSTALLED
"27 Jun 2026  20:59:29",30.9,GOOD,1.78,,,,UNINSTALLED
"27 Jun 2026  20:59:59",30.9,GOOD,1.78,,,,UNINSTALLED
"27 Jun 2026  21:00:29",30.9,GOOD,1.78,,,,UNINSTALLED
"27 Jun 2026  21:00:59",30.4,GOOD,1.78,,,,UNINSTALLED
"27 Jun 2026  21:01:29",30.5,GOOD,1.78,,,,UNINSTALLED
"27 Jun 2026  21:01:59",30.7,GOOD,1.78,,,,UNINSTALLED
"27 Jun 2026  21:02:29",30.8,GOOD,1.78,,,,UNINSTALLED
"27 Jun 2026  21:02:59",30.7,GOOD,1.78,,,,UNINSTALLED
"27 Jun 2026  21:03:29",30.6,GOOD,1.78,,,,UNINSTALLED
"27 Jun 2026  21:03:59",30.3,GOOD,1.78,,,,UNINSTALLED
"27 Jun 2026  21:04:29",31.3,GOOD,1.78,,,,UNINSTALLED
"27 Jun 2026  21:04:59",30.9,GOOD,1.78,,,,UNINSTALLED
"27 Jun 2026  21:05:29",29.9,GOOD,1.78,,,,UNINSTALLED
"27 Jun 2026  21:05:59",31.0,GOOD,1.78,,,,UNINSTALLED
"27 Jun 2026  21:06:29",31.4,GOOD,1.78,,,,UNINSTALLED
"27 Jun 2026  21:06:59",31.8,GOOD,1.78,,,,UNINSTALLED
"27 Jun 2026  21:07:29",31.4,GOOD,1.78,,,,UNINSTALLED
"27 Jun 2026  21:07:59",30.8,GOOD,1.78,,,,UNINSTALLED
"27 Jun 2026  21:08:29",31.8,GOOD,1.78,,,,UNINSTALLED
"27 Jun 2026  21:08:59",30.9,GOOD,1.78,,,,UNINSTALLED
"27 Jun 2026  21:09:29",31.7,GOOD,1.78,,,,UNINSTALLED
"27 Jun 2026  21:09:59",32.3,GOOD,1.78,,,,UNINSTALLED
"27 Jun 2026  21:10:29",32.5,GOOD,1.78,,,,UNINSTALLED
"27 Jun 2026  21:10:59",31.9,GOOD,1.78,,,,UNINSTALLED
"27 Jun 2026  21:11:29",32.3,GOOD,1.78,,,,UNINSTALLED
"27 Jun 2026  21:11:59",31.7,GOOD,1.78,,,,UNINSTALLED
"27 Jun 2026  21:12:29",31.7,GOOD,1.78,,,,UNINSTALLED
"27 Jun 2026  21:12:59",32.9,GOOD,1.78,,,,UNINSTALLED
"27 Jun 2026  21:13:29",31.7,GOOD,1.78,,,,UNINSTALLED
"27 Jun 2026  21:13:59",32.0,GOOD,1.78,,,,UNINSTALLED
"27 Jun 2026  21:14:29",31.4,GOOD,1.78,,,,UNINSTALLED
"27 Jun 2026  21:14:59",32.2,GOOD,1.78,,,,UNINSTALLED
"27 Jun 2026  21:15:29",33.0,GOOD,1.78,,,,UNINSTALLED
"27 Jun 2026  21:15:59",33.3,GOOD,1.78,,,,UNINSTALLED
"27 Jun 2026  21:16:29",31.8,GOOD,1.78,,,,UNINSTALLED
"27 Jun 2026  21:16:59",32.0,GOOD,1.78,,,,UNINSTALLED
"27 Jun 2026  21:17:29",32.7,GOOD,1.78,,,,UNINSTALLED
"27 Jun 2026  21:17:59",32.1,GOOD,1.78,,,,UNINSTALLED
"27 Jun 2026  21:18:29",32.4,GOOD,1.78,,,,UNINSTALLED
"27 Jun 2026  21:18:59",32.8,GOOD,1.78,,,,UNINSTALLED
"27 Jun 2026  21:19:29",32.3,GOOD,1.78,,,,UNINSTALLED
"27 Jun 2026  21:19:59",32.4,GOOD,1.78,,,,UNINSTALLED
"27 Jun 2026  21:20:30",32.6,GOOD,1.78,,,,UNINSTALLED
"27 Jun 2026  21:21:00",32.7,GOOD,1.78,,,,UNINSTALLED
"27 Jun 2026  21:21:30",33.3,GOOD,1.78,,,,UNINSTALLED
"27 Jun 2026  21:22:00",32.6,GOOD,1.78,,,,UNINSTALLED
"27 Jun 2026  21:22:30",32.2,GOOD,1.78,,,,UNINSTALLED
"27 Jun 2026  21:23:00",32.6,GOOD,1.78,,,,UNINSTALLED
"27 Jun 2026  21:23:30",32.9,GOOD,1.78,,,,UNINSTALLED
"27 Jun 2026  21:24:00",33.3,GOOD,1.78,,,,UNINSTALLED
"27 Jun 2026  21:24:30",32.7,GOOD,1.78,,,,UNINSTALLED
"27 Jun 2026  21:25:00",32.6,GOOD,1.78,,,,UNINSTALLED
"27 Jun 2026  21:25:30",33.6,GOOD,1.78,,,,UNINSTALLED
"27 Jun 2026  21:26:00",33.3,GOOD,1.78,,,,UNINSTALLED
"27 Jun 2026  21:26:30",33.5,GOOD,1.78,,,,UNINSTALLED
"27 Jun 2026  21:27:00",33.6,GOOD,1.78,,,,UNINSTALLED
"27 Jun 2026  21:27:30",33.0,GOOD,1.78,,,,UNINSTALLED
"27 Jun 2026  21:28:00",32.3,GOOD,1.78,,,,UNINSTALLED
"27 Jun 2026  21:28:30",33.2,GOOD,1.78,,,,UNINSTALLED
"27 Jun 2026  21:29:00",33.0,GOOD,1.78,,,,UNINSTALLED
"27 Jun 2026  21:29:30",32.8,GOOD,1.78,,,,UNINSTALLED
"27 Jun 2026  21:30:00",34.5,GOOD,1.78,,,,UNINSTALLED
"27 Jun 2026  21:30:30",33.4,GOOD,1.78,,,,UNINSTALLED
"27 Jun 2026  21:31:00",34.4,GOOD,1.78,,,,UNINSTALLED
"27 Jun 2026  21:31:30",33.3,GOOD,1.78,,,,UNINSTALLED
"27 Jun 2026  21:32:00",33.4,GOOD,1.78,,,,UNINSTALLED
"27 Jun 2026  21:32:30",34.4,GOOD,1.78,,,,UNINSTALLED
"27 Jun 2026  21:33:00",33.1,GOOD,1.78,,,,UNINSTALLED
"27 Jun 2026  21:33:30",32.7,GOOD,1.78,,,,UNINSTALLED
"27 Jun 2026  21:34:00",33.6,GOOD,1.78,,,,UNINSTALLED
"27 Jun 2026  21:34:30",34.3,GOOD,1.78,,,,UNINSTALLED
"27 Jun 2026  21:35:00",34.6,GOOD,1.78,,,,UNINSTALLED
"27 Jun 2026  21:35:30",34.3,GOOD,1.78,,,,UNINSTALLED
"27 Jun 2026  21:36:00",33.8,GOOD,1.78,,,,UNINSTALLED
"27 Jun 2026  21:36:30",34.0,GOOD,1.78,,,,UNINSTALLED
"27 Jun 2026  21:37:00",34.7,GOOD,1.78,,,,UNINSTALLED
"27 Jun 2026  21:37:30",34.1,GOOD,1.78,,,,UNINSTALLED
"27 Jun 2026  21:38:00",32.9,GOOD,1.78,,,,UNINSTALLED
"27 Jun 2026  21:38:30",33.1,GOOD,1.78,,,,UNINSTALLED
"27 Jun 2026  21:39:00",34.1,GOOD,1.78,,,,UNINSTALLED
"27 Jun 2026  21:39:30",33.4,GOOD,1.78,,,,UNINSTALLED
"27 Jun 2026  21:40:00",33.2,GOOD,1.78,,,,UNINSTALLED
"27 Jun 2026  21:40:30",33.9,GOOD,1.78,,,,UNINSTALLED
"27 Jun 2026  21:41:00",33.5,GOOD,1.78,,,,UNINSTALLED
"27 Jun 2026  21:41:30",34.4,GOOD,1.78,,,,UNINSTALLED
"27 Jun 2026  21:42:00",34.7,GOOD,1.78,,,,UNINSTALLED
"27 Jun 2026  21:42:30",33.4,GOOD,1.78,,,,UNINSTALLED
"27 Jun 2026  21:43:00",34.9,GOOD,1.78,,,,UNINSTALLED
"27 Jun 2026  21:43:30",34.8,GOOD,1.78,,,,UNINSTALLED
"27 Jun 2026  21:44:01",33.8,GOOD,1.78,,,,UNINSTALLED
"27 Jun 2026  21:44:31",34.4,GOOD,1.78,,,,UNINSTALLED
"27 Jun 2026  21:45:01",33.4,GOOD,1.78,,,,UNINSTALLED
"27 Jun 2026  21:45:31",34.4,GOOD,1.78,,,,UNINSTALLED
"27 Jun 2026  21:46:01",34.3,GOOD,1.78,,,,UNINSTALLED
"27 Jun 2026  21:46:31",35.1,GOOD,1.78,,,,UNINSTALLED
"27 Jun 2026  21:47:01",34.3,GOOD,1.78,,,,UNINSTALLED
"27 Jun 2026  21:47:31",34.1,GOOD,1.78,,,,UNINSTALLED
"27 Jun 2026  21:48:01",34.8,GOOD,1.78,,,,UNINSTALLED
"27 Jun 2026  21:48:31",33.9,GOOD,1.78,,,,UNINSTALLED
"27 Jun 2026  21:49:01",34.5,GOOD,1.78,,,,UNINSTALLED
"27 Jun 2026  21:49:31",34.9,GOOD,1.78,,,,UNINSTALLED
"27 Jun 2026  21:50:01",35.0,GOOD,1.78,,,,UNINSTALLED
"27 Jun 2026  21:50:31",34.9,GOOD,1.78,,,,UNINSTALLED
"27 Jun 2026  21:51:01",35.3,GOOD,1.78,,,,UNINSTALLED
"27 Jun 2026  21:51:31",34.7,GOOD,1.78,,,,UNINSTALLED
"27 Jun 2026  21:52:01",34.7,GOOD,1.78,,,,UNINSTALLED
"27 Jun 2026  21:52:31",35.1,GOOD,1.78,,,,UNINSTALLED
"27 Jun 2026  21:53:01",35.4,GOOD,1.78,,,,UNINSTALLED
"27 Jun 2026  21:53:31",34.9,GOOD,1.78,,,,UNINSTALLED
"27 Jun 2026  21:54:01",34.8,GOOD,1.78,,,,UNINSTALLED
"27 Jun 2026  21:54:31",34.7,GOOD,1.78,,,,UNINSTALLED
"27 Jun 2026  21:55:01",34.4,GOOD,1.78,,,,UNINSTALLED
"27 Jun 2026  21:55:31",34.3,GOOD,1.78,,,,UNINSTALLED
"27 Jun 2026  21:56:01",34.9,GOOD,1.78,,,,UNINSTALLED
"27 Jun 2026  21:56:31",35.1,GOOD,1.78,,,,UNINSTALLED
"27 Jun 2026  21:57:01",34.7,GOOD,1.78,,,,UNINSTALLED
"27 Jun 2026  21:57:31",34.8,GOOD,1.78,,,,UNINSTALLED
"27 Jun 2026  21:58:01",35.3,GOOD,1.78,,,,UNINSTALLED
"27 Jun 2026  21:58:31",35.1,GOOD,1.78,,,,UNINSTALLED
"27 Jun 2026  21:59:01",34.8,GOOD,1.78,,,,UNINSTALLED
"27 Jun 2026  21:59:31",35.0,GOOD,1.78,,,,UNINSTALLED
"27 Jun 2026  22:00:01",35.1,GOOD,1.78,,,,UNINSTALLED
"27 Jun 2026  22:00:31",35.7,GOOD,1.78,,,,UNINSTALLED
"27 Jun 2026  22:01:01",35.4,GOOD,1.78,,,,UNINSTALLED
"27 Jun 2026  22:01:31",35.0,GOOD,1.78,,,,UNINSTALLED
"27 Jun 2026  22:02:01",35.3,GOOD,1.78,,,,UNINSTALLED
"27 Jun 2026  22:02:31",35.4,GOOD,1.78,,,,UNINSTALLED
"27 Jun 2026  22:03:01",34.1,GOOD,1.78,,,,UNINSTALLED
"27 Jun 2026  22:03:31",35.1,GOOD,1.78,,,,UNINSTALLED
"27 Jun 2026  22:04:01",35.4,GOOD,1.78,,,,UNINSTALLED
"27 Jun 2026  22:04:31",35.4,GOOD,1.78,,,,UNINSTALLED
"27 Jun 2026  22:05:01",35.3,GOOD,1.78,,,,UNINSTALLED
"27 Jun 2026  22:05:31",35.6,GOOD,1.78,,,,UNINSTALLED
"27 Jun 2026  22:06:01",35.7,GOOD,1.78,,,,UNINSTALLED
"27 Jun 2026  22:06:31",35.9,GOOD,1.78,,,,UNINSTALLED
"27 Jun 2026  22:07:01",35.4,GOOD,1.78,,,,UNINSTALLED
"27 Jun 2026  22:07:31",35.2,GOOD,1.78,,,,UNINSTALLED
"27 Jun 2026  22:08:01",35.1,GOOD,1.78,,,,UNINSTALLED
"27 Jun 2026  22:08:31",35.7,GOOD,1.78,,,,UNINSTALLED
"27 Jun 2026  22:09:01",35.3,GOOD,1.78,,,,UNINSTALLED
"27 Jun 2026  22:09:31",35.5,GOOD,1.78,,,,UNINSTALLED
"27 Jun 2026  22:10:01",35.7,GOOD,1.78,,,,UNINSTALLED
"27 Jun 2026  22:10:31",35.2,GOOD,1.78,,,,UNINSTALLED
"27 Jun 2026  22:11:01",35.6,GOOD,1.78,,,,UNINSTALLED
"27 Jun 2026  22:11:31",35.6,GOOD,1.78,,,,UNINSTALLED
"27 Jun 2026  22:12:01",35.8,GOOD,1.78,,,,UNINSTALLED
"27 Jun 2026  22:12:31",36.1,GOOD,1.78,,,,UNINSTALLED
"27 Jun 2026  22:13:01",35.8,GOOD,1.78,,,,UNINSTALLED
"27 Jun 2026  22:13:32",35.6,GOOD,1.78,,,,UNINSTALLED
"27 Jun 2026  22:14:02",35.4,GOOD,1.78,,,,UNINSTALLED
"27 Jun 2026  22:14:32",36.1,GOOD,1.78,,,,UNINSTALLED
"27 Jun 2026  22:15:02",35.5,GOOD,1.78,,,,UNINSTALLED
"27 Jun 2026  22:15:32",36.7,GOOD,1.78,,,,UNINSTALLED
"27 Jun 2026  22:16:02",35.9,GOOD,1.78,,,,UNINSTALLED
"27 Jun 2026  22:16:32",35.8,GOOD,1.78,,,,UNINSTALLED
"27 Jun 2026  22:17:02",35.9,GOOD,1.78,,,,UNINSTALLED
"27 Jun 2026  22:17:32",36.4,GOOD,1.78,,,,UNINSTALLED
"27 Jun 2026  22:18:02",36.8,GOOD,1.78,,,,UNINSTALLED
"27 Jun 2026  22:18:32",36.1,GOOD,1.78,,,,UNINSTALLED
"27 Jun 2026  22:19:02",36.1,GOOD,1.78,,,,UNINSTALLED
"27 Jun 2026  22:19:32",35.8,GOOD,1.78,,,,UNINSTALLED
"27 Jun 2026  22:20:02",36.5,GOOD,1.78,,,,UNINSTALLED
"27 Jun 2026  22:20:32",35.7,GOOD,1.78,,,,UNINSTALLED
"27 Jun 2026  22:21:02",36.3,GOOD,1.78,,,,UNINSTALLED
"27 Jun 2026  22:21:32",36.0,GOOD,1.78,,,,UNINSTALLED
"27 Jun 2026  22:22:02",35.9,GOOD,1.78,,,,UNINSTALLED
"27 Jun 2026  22:22:32",35.5,GOOD,1.78,,,,UNINSTALLED
"27 Jun 2026  22:23:02",36.5,GOOD,1.78,,,,UNINSTALLED
"27 Jun 2026  22:23:32",35.8,GOOD,1.78,,,,UNINSTALLED
"27 Jun 2026  22:24:02",36.9,GOOD,1.78,,,,UNINSTALLED
"27 Jun 2026  22:24:32",37.0,GOOD,1.78,,,,UNINSTALLED
"27 Jun 2026  22:25:02",37.1,GOOD,1.78,,,,UNINSTALLED
"27 Jun 2026  22:25:32",36.5,GOOD,1.78,,,,UNINSTALLED
"27 Jun 2026  22:26:02",36.8,GOOD,1.78,,,,UNINSTALLED
"27 Jun 2026  22:26:32",36.6,GOOD,1.78,,,,UNINSTALLED
"27 Jun 2026  22:27:02",36.9,GOOD,1.78,,,,UNINSTALLED
"27 Jun 2026  22:27:32",36.2,GOOD,1.78,,,,UNINSTALLED
"27 Jun 2026  22:28:02",36.5,GOOD,1.78,,,,UNINSTALLED
"27 Jun 2026  22:28:32",36.6,GOOD,1.78,,,,UNINSTALLED
"27 Jun 2026  22:29:02",36.9,GOOD,1.78,,,,UNINSTALLED
"27 Jun 2026  22:29:32",36.9,GOOD,1.78,,,,UNINSTALLED
"27 Jun 2026  22:30:02",36.6,GOOD,1.78,,,,UNINSTALLED
"27 Jun 2026  22:30:32",36.4,GOOD,1.78,,,,UNINSTALLED
"27 Jun 2026  22:31:02",37.1,GOOD,1.78,,,,UNINSTALLED
"27 Jun 2026  22:31:32",37.5,GOOD,1.78,,,,UNINSTALLED
"27 Jun 2026  22:32:02",37.3,GOOD,1.78,,,,UNINSTALLED
"27 Jun 2026  22:32:32",36.9,GOOD,1.78,,,,UNINSTALLED
"27 Jun 2026  22:33:02",36.9,GOOD,1.78,,,,UNINSTALLED
"27 Jun 2026  22:33:32",36.9,GOOD,1.78,,,,UNINSTALLED
"27 Jun 2026  22:34:02",37.5,GOOD,1.78,,,,UNINSTALLED
"27 Jun 2026  22:34:32",38.0,GOOD,1.78,,,,UNINSTALLED
"27 Jun 2026  22:35:02",37.0,GOOD,1.78,,,,UNINSTALLED
"27 Jun 2026  22:35:32",37.6,GOOD,1.78,,,,UNINSTALLED
"27 Jun 2026  22:36:02",37.4,GOOD,1.78,,,,UNINSTALLED
"27 Jun 2026  22:36:32",36.8,GOOD,1.78,,,,UNINSTALLED
"27 Jun 2026  22:37:02",37.6,GOOD,1.78,,,,UNINSTALLED
"27 Jun 2026  22:37:32",37.0,GOOD,1.78,,,,UNINSTALLED
"27 Jun 2026  22:38:02",37.4,GOOD,1.78,,,,UNINSTALLED
"27 Jun 2026  22:38:32",37.3,GOOD,1.78,,,,UNINSTALLED
"27 Jun 2026  22:39:02",37.6,GOOD,1.78,,,,UNINSTALLED
"27 Jun 2026  22:39:32",37.9,GOOD,1.78,,,,UNINSTALLED
"27 Jun 2026  22:40:02",37.4,GOOD,1.78,,,,UNINSTALLED
"27 Jun 2026  22:40:32",37.8,GOOD,1.78,,,,UNINSTALLED
"27 Jun 2026  22:41:02",37.3,GOOD,1.78,,,,UNINSTALLED
"27 Jun 2026  22:41:32",37.4,GOOD,1.78,,,,UNINSTALLED
"27 Jun 2026  22:42:02",38.8,GOOD,1.78,,,,UNINSTALLED
"27 Jun 2026  22:42:32",38.4,GOOD,1.78,,,,UNINSTALLED
"27 Jun 2026  22:43:02",36.7,GOOD,1.78,,,,UNINSTALLED
"27 Jun 2026  22:43:32",38.2,GOOD,1.78,,,,UNINSTALLED
"27 Jun 2026  22:44:02",38.3,GOOD,1.78,,,,UNINSTALLED
"27 Jun 2026  22:44:32",38.5,GOOD,1.78,,,,UNINSTALLED
"27 Jun 2026  22:45:02",37.7,GOOD,1.78,,,,UNINSTALLED
"27 Jun 2026  22:45:32",37.3,GOOD,1.78,,,,UNINSTALLED
"27 Jun 2026  22:46:02",37.6,GOOD,1.78,,,,UNINSTALLED
"27 Jun 2026  22:46:32",38.8,GOOD,1.78,,,,UNINSTALLED
"27 Jun 2026  22:47:02",38.5,GOOD,1.78,,,,UNINSTALLED
"27 Jun 2026  22:47:33",38.4,GOOD,1.78,,,,UNINSTALLED
"27 Jun 2026  22:48:03",38.0,GOOD,1.78,,,,UNINSTALLED
"27 Jun 2026  22:48:33",37.8,GOOD,1.78,,,,UNINSTALLED
"27 Jun 2026  22:49:03",38.0,GOOD,1.78,,,,UNINSTALLED
"27 Jun 2026  22:49:33",37.1,GOOD,1.78,,,,UNINSTALLED
"27 Jun 2026  22:50:03",38.6,GOOD,1.78,,,,UNINSTALLED
"27 Jun 2026  22:50:33",38.0,GOOD,1.78,,,,UNINSTALLED
"27 Jun 2026  22:51:03",38.2,GOOD,1.78,,,,UNINSTALLED
"27 Jun 2026  22:51:33",38.3,GOOD,1.78,,,,UNINSTALLED
"27 Jun 2026  22:52:03",38.7,GOOD,1.78,,,,UNINSTALLED
"27 Jun 2026  22:52:33",39.5,GOOD,1.78,,,,UNINSTALLED
"27 Jun 2026  22:53:03",38.6,GOOD,1.78,,,,UNINSTALLED
"27 Jun 2026  22:53:33",38.8,GOOD,1.78,,,,UNINSTALLED
"27 Jun 2026  22:54:03",39.3,GOOD,1.78,,,,UNINSTALLED
"27 Jun 2026  22:54:33",39.3,GOOD,1.78,,,,UNINSTALLED
"27 Jun 2026  22:55:03",39.4,GOOD,1.78,,,,UNINSTALLED
"27 Jun 2026  22:55:33",38.7,GOOD,1.78,,,,UNINSTALLED
"27 Jun 2026  22:56:03",39.1,GOOD,1.78,,,,UNINSTALLED
"27 Jun 2026  22:56:33",39.0,GOOD,1.78,,,,UNINSTALLED
"27 Jun 2026  22:57:03",39.2,GOOD,1.78,,,,UNINSTALLED
"27 Jun 2026  22:57:33",39.4,GOOD,1.78,,,,UNINSTALLED
"27 Jun 2026  22:58:03",38.4,GOOD,1.78,,,,UNINSTALLED
"27 Jun 2026  22:58:33",39.2,GOOD,1.78,,,,UNINSTALLED
"27 Jun 2026  22:59:03",39.0,GOOD,1.78,,,,UNINSTALLED
"27 Jun 2026  22:59:33",39.4,GOOD,1.78,,,,UNINSTALLED
"27 Jun 2026  23:00:03",40.3,GOOD,1.78,,,,UNINSTALLED
"27 Jun 2026  23:00:33",39.2,GOOD,1.78,,,,UNINSTALLED
"27 Jun 2026  23:01:03",39.5,GOOD,1.78,,,,UNINSTALLED
"27 Jun 2026  23:01:33",39.8,GOOD,1.78,,,,UNINSTALLED
"27 Jun 2026  23:02:03",38.9,GOOD,1.78,,,,UNINSTALLED
"27 Jun 2026  23:02:33",38.7,GOOD,1.78,,,,UNINSTALLED
"27 Jun 2026  23:03:03",39.2,GOOD,1.78,,,,UNINSTALLED
"27 Jun 2026  23:03:33",40.4,GOOD,1.78,,,,UNINSTALLED
"27 Jun 2026  23:04:03",39.6,GOOD,1.78,,,,UNINSTALLED
"27 Jun 2026  23:04:33",39.9,GOOD,1.78,,,,UNINSTALLED
"27 Jun 2026  23:05:03",40.4,GOOD,1.78,,,,UNINSTALLED
"27 Jun 2026  23:05:33",39.9,GOOD,1.78,,,,UNINSTALLED
"27 Jun 2026  23:06:03",40.4,GOOD,1.78,,,,UNINSTALLED
"27 Jun 2026  23:06:33",40.7,GOOD,1.78,,,,UNINSTALLED
"27 Jun 2026  23:07:03",39.9,GOOD,1.78,,,,UNINSTALLED
"27 Jun 2026  23:07:33",39.2,GOOD,1.78,,,,UNINSTALLED
"27 Jun 2026  23:08:03",39.7,GOOD,1.78,,,,UNINSTALLED
"27 Jun 2026  23:08:33",40.0,GOOD,1.78,,,,UNINSTALLED
"27 Jun 2026  23:09:03",39.7,GOOD,1.78,,,,UNINSTALLED
"27 Jun 2026  23:09:33",40.0,GOOD,1.78,,,,UNINSTALLED
"27 Jun 2026  23:10:03",41.0,GOOD,1.78,,,,UNINSTALLED
"27 Jun 2026  23:10:33",41.3,GOOD,1.78,,,,UNINSTALLED
"27 Jun 2026  23:11:03",41.0,GOOD,1.78,,,,UNINSTALLED
"27 Jun 2026  23:11:33",40.4,GOOD,1.78,,,,UNINSTALLED
"27 Jun 2026  23:12:03",41.1,GOOD,1.78,,,,UNINSTALLED
"27 Jun 2026  23:12:33",40.3,GOOD,1.78,,,,UNINSTALLED
"27 Jun 2026  23:13:03",39.8,GOOD,1.78,,,,UNINSTALLED
"27 Jun 2026  23:13:33",40.7,GOOD,1.78,,,,UNINSTALLED
"27 Jun 2026  23:14:03",40.7,GOOD,1.78,,,,UNINSTALLED
"27 Jun 2026  23:14:33",40.7,GOOD,1.78,,,,UNINSTALLED
"27 Jun 2026  23:15:04",40.9,GOOD,1.78,,,,UNINSTALLED
"27 Jun 2026  23:15:34",41.0,GOOD,1.78,,,,UNINSTALLED
"27 Jun 2026  23:16:04",40.8,GOOD,1.78,,,,UNINSTALLED
"27 Jun 2026  23:16:34",41.0,GOOD,1.78,,,,UNINSTALLED
"27 Jun 2026  23:17:04",41.0,GOOD,1.78,,,,UNINSTALLED
"27 Jun 2026  23:17:34",40.8,GOOD,1.78,,,,UNINSTALLED
"27 Jun 2026  23:18:04",41.0,GOOD,1.78,,,,UNINSTALLED
"27 Jun 2026  23:18:34",41.5,GOOD,1.78,,,,UNINSTALLED
"27 Jun 2026  23:19:04",41.2,GOOD,1.78,,,,UNINSTALLED
"27 Jun 2026  23:19:34",41.0,GOOD,1.78,,,,UNINSTALLED
"27 Jun 2026  23:20:04",40.6,GOOD,1.78,,,,UNINSTALLED
"27 Jun 2026  23:20:34",40.9,GOOD,1.78,,,,UNINSTALLED
"27 Jun 2026  23:21:04",41.5,GOOD,1.78,,,,UNINSTALLED
"27 Jun 2026  23:21:34",41.4,GOOD,1.78,,,,UNINSTALLED
"27 Jun 2026  23:22:04",41.2,GOOD,1.78,,,,UNINSTALLED
"27 Jun 2026  23:22:34",41.3,GOOD,1.78,,,,UNINSTALLED
"27 Jun 2026  23:23:04",40.6,GOOD,1.78,,,,UNINSTALLED
"27 Jun 2026  23:23:34",41.2,GOOD,1.78,,,,UNINSTALLED
"27 Jun 2026  23:24:04",41.1,GOOD,1.78,,,,UNINSTALLED
"27 Jun 2026  23:24:34",41.1,GOOD,1.78,,,,UNINSTALLED
"27 Jun 2026  23:25:04",41.4,GOOD,1.78,,,,UNINSTALLED
"27 Jun 2026  23:25:34",41.7,GOOD,1.78,,,,UNINSTALLED
"27 Jun 2026  23:26:04",42.2,GOOD,1.78,,,,UNINSTALLED
"27 Jun 2026  23:26:34",41.4,GOOD,1.78,,,,UNINSTALLED
"27 Jun 2026  23:27:04",41.2,GOOD,1.78,,,,UNINSTALLED
"27 Jun 2026  23:27:34",42.8,GOOD,1.78,,,,UNINSTALLED
"27 Jun 2026  23:28:04",42.0,GOOD,1.78,,,,UNINSTALLED
"27 Jun 2026  23:28:34",41.5,GOOD,1.78,,,,UNINSTALLED
"27 Jun 2026  23:29:04",42.4,GOOD,1.78,,,,UNINSTALLED
"27 Jun 2026  23:29:34",42.6,GOOD,1.78,,,,UNINSTALLED
"27 Jun 2026  23:30:04",41.4,GOOD,1.78,,,,UNINSTALLED
"27 Jun 2026  23:30:34",41.9,GOOD,1.78,,,,UNINSTALLED
"27 Jun 2026  23:31:04",43.0,GOOD,1.78,,,,UNINSTALLED
"27 Jun 2026  23:31:34",41.8,GOOD,1.78,,,,UNINSTALLED
"27 Jun 2026  23:32:04",42.3,GOOD,1.78,,,,UNINSTALLED
"27 Jun 2026  23:32:34",41.8,GOOD,1.78,,,,UNINSTALLED
"27 Jun 2026  23:33:04",42.2,GOOD,1.78,,,,UNINSTALLED
"27 Jun 2026  23:33:34",42.2,GOOD,1.78,,,,UNINSTALLED
"27 Jun 2026  23:34:04",42.8,GOOD,1.78,,,,UNINSTALLED
"27 Jun 2026  23:34:34",42.1,GOOD,1.78,,,,UNINSTALLED
"27 Jun 2026  23:35:04",42.4,GOOD,1.78,,,,UNINSTALLED
"27 Jun 2026  23:35:34",43.5,GOOD,1.78,,,,UNINSTALLED
"27 Jun 2026  23:36:04",43.7,GOOD,1.78,,,,UNINSTALLED
"27 Jun 2026  23:36:34",43.7,GOOD,1.78,,,,UNINSTALLED
"27 Jun 2026  23:37:04",42.8,GOOD,1.78,,,,UNINSTALLED
"27 Jun 2026  23:37:34",41.5,GOOD,1.78,,,,UNINSTALLED
"27 Jun 2026  23:38:04",42.1,GOOD,1.78,,,,UNINSTALLED
"27 Jun 2026  23:38:34",42.8,GOOD,1.78,,,,UNINSTALLED
"27 Jun 2026  23:39:05",42.5,GOOD,1.78,,,,UNINSTALLED
"27 Jun 2026  23:39:35",43.2,GOOD,1.78,,,,UNINSTALLED
"27 Jun 2026  23:40:05",43.0,GOOD,1.78,,,,UNINSTALLED
"27 Jun 2026  23:40:35",43.6,GOOD,1.78,,,,UNINSTALLED
"27 Jun 2026  23:41:05",42.8,GOOD,1.78,,,,UNINSTALLED
"27 Jun 2026  23:41:35",43.7,GOOD,1.78,,,,UNINSTALLED
"27 Jun 2026  23:42:05",43.3,GOOD,1.78,,,,UNINSTALLED
"27 Jun 2026  23:42:35",42.1,GOOD,1.78,,,,UNINSTALLED
"27 Jun 2026  23:43:05",43.1,GOOD,1.78,,,,UNINSTALLED
"27 Jun 2026  23:43:35",43.7,GOOD,1.78,,,,UNINSTALLED
"27 Jun 2026  23:44:05",43.2,GOOD,1.78,,,,UNINSTALLED
"27 Jun 2026  23:44:35",43.7,GOOD,1.78,,,,UNINSTALLED
"27 Jun 2026  23:45:05",43.5,GOOD,1.78,,,,UNINSTALLED
"27 Jun 2026  23:45:35",43.1,GOOD,1.78,,,,UNINSTALLED
"27 Jun 2026  23:46:05",42.9,GOOD,1.78,,,,UNINSTALLED
"27 Jun 2026  23:46:35",43.8,GOOD,1.78,,,,UNINSTALLED
"27 Jun 2026  23:47:05",44.2,GOOD,1.78,,,,UNINSTALLED
"27 Jun 2026  23:47:35",44.0,GOOD,1.78,,,,UNINSTALLED
"27 Jun 2026  23:48:05",44.1,GOOD,1.78,,,,UNINSTALLED
"28 Jun 2026  00:14:06",45.1,GOOD,1.78,,,,UNINSTALLED
"28 Jun 2026  00:14:36",45.8,GOOD,1.78,,,,UNINSTALLED
"28 Jun 2026  00:15:06",44.3,GOOD,1.78,,,,UNINSTALLED
"28 Jun 2026  00:15:36",44.9,GOOD,1.78,,,,UNINSTALLED
"28 Jun 2026  00:16:06",45.5,GOOD,1.78,,,,UNINSTALLED
"28 Jun 2026  00:16:36",45.1,GOOD,1.78,,,,UNINSTALLED
"28 Jun 2026  00:17:06",45.3,GOOD,1.78,,,,UNINSTALLED
"28 Jun 2026  00:17:36",44.6,GOOD,1.78,,,,UNINSTALLED
"28 Jun 2026  00:18:06",44.8,GOOD,1.78,,,,UNINSTALLED
"28 Jun 2026  00:18:36",44.5,GOOD,1.78,,,,UNINSTALLED
"28 Jun 2026  00:19:06",45.8,GOOD,1.78,,,,UNINSTALLED
"28 Jun 2026  00:19:36",45.5,GOOD,1.78,,,,UNINSTALLED
"28 Jun 2026  00:20:07",45.1,GOOD,1.78,,,,UNINSTALLED
"28 Jun 2026  00:20:37",46.0,GOOD,1.78,,,,UNINSTALLED
"28 Jun 2026  00:21:07",45.3,GOOD,1.78,,,,UNINSTALLED
"28 Jun 2026  00:21:37",45.6,GOOD,1.78,,,,UNINSTALLED
"28 Jun 2026  00:22:07",45.8,GOOD,1.78,,,,UNINSTALLED
"28 Jun 2026  00:22:37",46.5,GOOD,1.78,,,,UNINSTALLED
"28 Jun 2026  00:23:07",46.4,GOOD,1.78,,,,UNINSTALLED
"28 Jun 2026  00:23:37",45.7,GOOD,1.78,,,,UNINSTALLED
"28 Jun 2026  00:24:07",46.4,GOOD,1.78,,,,UNINSTALLED
"28 Jun 2026  00:24:37",45.8,GOOD,1.78,,,,UNINSTALLED
"28 Jun 2026  00:25:07",46.0,GOOD,1.78,,,,UNINSTALLED
"28 Jun 2026  00:25:37",46.0,GOOD,1.78,,,,UNINSTALLED
"28 Jun 2026  00:26:07",46.3,GOOD,1.78,,,,UNINSTALLED
"28 Jun 2026  00:26:37",46.5,GOOD,1.78,,,,UNINSTALLED
"28 Jun 2026  00:27:07",46.3,GOOD,1.78,,,,UNINSTALLED
"28 Jun 2026  00:27:37",45.9,GOOD,1.78,,,,UNINSTALLED
"28 Jun 2026  00:28:07",47.8,GOOD,1.78,,,,UNINSTALLED
"28 Jun 2026  00:28:37",46.8,GOOD,1.78,,,,UNINSTALLED
"28 Jun 2026  00:29:07",46.1,GOOD,1.78,,,,UNINSTALLED
"28 Jun 2026  00:29:37",46.4,GOOD,1.78,,,,UNINSTALLED
"28 Jun 2026  00:30:07",46.4,GOOD,1.78,,,,UNINSTALLED
"28 Jun 2026  00:30:37",45.7,GOOD,1.78,,,,UNINSTALLED
"28 Jun 2026  00:31:07",46.3,GOOD,1.78,,,,UNINSTALLED
"28 Jun 2026  00:31:37",46.4,GOOD,1.78,,,,UNINSTALLED
"28 Jun 2026  00:32:07",45.9,GOOD,1.78,,,,UNINSTALLED
"28 Jun 2026  00:32:37",47.5,GOOD,1.78,,,,UNINSTALLED
"28 Jun 2026  00:33:07",47.1,GOOD,1.78,,,,UNINSTALLED
"28 Jun 2026  00:33:37",46.6,GOOD,1.78,,,,UNINSTALLED
"28 Jun 2026  00:34:07",45.8,GOOD,1.78,,,,UNINSTALLED
"28 Jun 2026  00:34:37",46.6,GOOD,1.78,,,,UNINSTALLED
"28 Jun 2026  00:35:07",46.8,GOOD,1.78,,,,UNINSTALLED
"28 Jun 2026  00:35:37",46.6,GOOD,1.78,,,,UNINSTALLED
"28 Jun 2026  00:36:07",47.3,GOOD,1.78,,,,UNINSTALLED
"28 Jun 2026  00:36:37",46.3,GOOD,1.78,,,,UNINSTALLED
"28 Jun 2026  00:37:07",46.9,GOOD,1.78,,,,UNINSTALLED
"28 Jun 2026  00:37:37",46.4,GOOD,1.78,,,,UNINSTALLED
"28 Jun 2026  00:38:07",46.9,GOOD,1.78,,,,UNINSTALLED
"28 Jun 2026  00:38:37",48.0,GOOD,1.78,,,,UNINSTALLED
"28 Jun 2026  00:39:07",46.8,GOOD,1.78,,,,UNINSTALLED
"28 Jun 2026  00:39:37",46.7,GOOD,1.78,,,,UNINSTALLED
"28 Jun 2026  00:40:07",47.3,GOOD,1.78,,,,UNINSTALLED
"28 Jun 2026  00:40:37",46.5,GOOD,1.78,,,,UNINSTALLED
"28 Jun 2026  00:41:07",46.5,GOOD,1.78,,,,UNINSTALLED
"28 Jun 2026  00:41:37",47.1,GOOD,1.78,,,,UNINSTALLED
"28 Jun 2026  00:42:08",47.5,GOOD,1.78,,,,UNINSTALLED
"28 Jun 2026  00:42:38",46.7,GOOD,1.78,,,,UNINSTALLED
"28 Jun 2026  00:43:08",46.6,GOOD,1.78,,,,UNINSTALLED
"28 Jun 2026  00:43:38",46.8,GOOD,1.78,,,,UNINSTALLED
"28 Jun 2026  00:44:08",47.2,GOOD,1.78,,,,UNINSTALLED
"28 Jun 2026  00:44:38",47.2,GOOD,1.78,,,,UNINSTALLED
"28 Jun 2026  00:45:08",46.9,GOOD,1.78,,,,UNINSTALLED
"28 Jun 2026  00:45:38",47.9,GOOD,1.78,,,,UNINSTALLED
"28 Jun 2026  00:46:08",46.9,GOOD,1.78,,,,UNINSTALLED
"28 Jun 2026  00:46:38",46.8,GOOD,1.78,,,,UNINSTALLED
"28 Jun 2026  00:47:08",47.6,GOOD,1.78,,,,UNINSTALLED
"28 Jun 2026  00:47:38",47.5,GOOD,1.78,,,,UNINSTALLED
"28 Jun 2026  00:48:08",47.5,GOOD,1.78,,,,UNINSTALLED
"28 Jun 2026  00:48:38",47.5,GOOD,1.78,,,,UNINSTALLED
"28 Jun 2026  00:49:08",47.8,GOOD,1.78,,,,UNINSTALLED
"28 Jun 2026  00:49:38",48.7,GOOD,1.78,,,,UNINSTALLED
"28 Jun 2026  00:50:08",49.0,GOOD,1.78,,,,UNINSTALLED
"28 Jun 2026  00:50:38",48.6,GOOD,1.78,,,,UNINSTALLED
"28 Jun 2026  00:51:08",48.2,GOOD,1.78,,,,UNINSTALLED
"28 Jun 2026  00:51:38",48.3,GOOD,1.78,,,,UNINSTALLED
"28 Jun 2026  00:52:08",48.2,GOOD,1.78,,,,UNINSTALLED
"28 Jun 2026  00:52:38",48.4,GOOD,1.78,,,,UNINSTALLED
"28 Jun 2026  00:53:08",47.8,GOOD,1.78,,,,UNINSTALLED
"28 Jun 2026  00:53:38",48.0,GOOD,1.78,,,,UNINSTALLED
"28 Jun 2026  00:54:08",48.2,GOOD,1.78,,,,UNINSTALLED
"28 Jun 2026  00:54:38",48.5,GOOD,1.78,,,,UNINSTALLED
"28 Jun 2026  00:55:08",48.3,GOOD,1.78,,,,UNINSTALLED
"28 Jun 2026  00:55:38",48.0,GOOD,1.78,,,,UNINSTALLED
"28 Jun 2026  00:56:08",47.0,GOOD,1.78,,,,UNINSTALLED
"28 Jun 2026  00:56:38",48.9,GOOD,1.78,,,,UNINSTALLED
"28 Jun 2026  00:57:08",49.1,GOOD,1.78,,,,UNINSTALLED
"28 Jun 2026  00:57:38",48.6,GOOD,1.78,,,,UNINSTALLED
"28 Jun 2026  00:58:08",47.0,GOOD,1.78,,,,UNINSTALLED
"28 Jun 2026  00:58:38",48.9,GOOD,1.78,,,,UNINSTALLED
"28 Jun 2026  00:59:08",48.4,GOOD,1.78,,,,UNINSTALLED
"28 Jun 2026  00:59:38",48.8,GOOD,1.78,,,,UNINSTALLED
"28 Jun 2026  01:00:08",49.1,GOOD,1.78,,,,UNINSTALLED
"28 Jun 2026  01:00:38",48.5,GOOD,1.78,,,,UNINSTALLED
"28 Jun 2026  01:01:08",48.9,GOOD,1.78,,,,UNINSTALLED
"28 Jun 2026  01:01:38",49.0,GOOD,1.78,,,,UNINSTALLED
"28 Jun 2026  01:02:08",49.6,GOOD,1.78,,,,UNINSTALLED
"28 Jun 2026  01:02:38",48.8,GOOD,1.78,,,,UNINSTALLED
"28 Jun 2026  01:03:08",48.9,GOOD,1.78,,,,UNINSTALLED
"28 Jun 2026  01:03:38",48.4,GOOD,1.78,,,,UNINSTALLED
"28 Jun 2026  01:04:09",48.9,GOOD,1.78,,,,UNINSTALLED
"28 Jun 2026  01:04:39",49.2,GOOD,1.78,,,,UNINSTALLED
"28 Jun 2026  01:05:09",49.8,GOOD,1.78,,,,UNINSTALLED
"28 Jun 2026  01:05:39",48.9,GOOD,1.78,,,,UNINSTALLED
"28 Jun 2026  01:06:09",47.6,GOOD,1.78,,,,UNINSTALLED
"28 Jun 2026  01:06:39",48.5,GOOD,1.78,,,,UNINSTALLED
"28 Jun 2026  01:07:09",49.2,GOOD,1.78,,,,UNINSTALLED
"28 Jun 2026  01:07:39",49.5,GOOD,1.78,,,,UNINSTALLED
"28 Jun 2026  01:08:09",48.9,GOOD,1.78,,,,UNINSTALLED
"28 Jun 2026  01:08:39",48.8,GOOD,1.78,,,,UNINSTALLED
"28 Jun 2026  01:09:09",48.6,GOOD,1.78,,,,UNINSTALLED
"28 Jun 2026  01:09:39",48.6,GOOD,1.78,,,,UNINSTALLED
"28 Jun 2026  01:10:09",48.7,GOOD,1.78,,,,UNINSTALLED
"28 Jun 2026  01:10:39",48.8,GOOD,1.78,,,,UNINSTALLED
"28 Jun 2026  01:11:09",49.5,GOOD,1.78,,,,UNINSTALLED
"28 Jun 2026  01:11:39",49.7,GOOD,1.78,,,,UNINSTALLED
"28 Jun 2026  01:12:09",48.9,GOOD,1.78,,,,UNINSTALLED
"28 Jun 2026  01:12:39",49.2,GOOD,1.78,,,,UNINSTALLED
"28 Jun 2026  01:13:09",49.1,GOOD,1.78,,,,UNINSTALLED
"28 Jun 2026  01:13:39",49.6,GOOD,1.78,,,,UNINSTALLED
"28 Jun 2026  01:14:09",49.2,GOOD,1.78,,,,UNINSTALLED
"28 Jun 2026  01:14:39",49.8,GOOD,1.78,,,,UNINSTALLED
"28 Jun 2026  01:15:09",49.6,GOOD,1.78,,,,UNINSTALLED
"28 Jun 2026  01:15:39",49.2,GOOD,1.78,,,,UNINSTALLED
"28 Jun 2026  01:16:09",48.8,GOOD,1.78,,,,UNINSTALLED
"28 Jun 2026  01:16:39",48.9,GOOD,1.78,,,,UNINSTALLED
"28 Jun 2026  01:17:09",49.6,GOOD,1.78,,,,UNINSTALLED
"28 Jun 2026  01:17:39",48.8,GOOD,1.78,,,,UNINSTALLED
"28 Jun 2026  01:18:09",49.7,GOOD,1.78,,,,UNINSTALLED
"28 Jun 2026  01:18:39",48.8,GOOD,1.78,,,,UNINSTALLED
"28 Jun 2026  01:19:09",49.8,GOOD,1.78,,,,UNINSTALLED
"28 Jun 2026  01:19:39",50.1,GOOD,1.78,,,,UNINSTALLED
"28 Jun 2026  01:20:09",50.7,GOOD,1.78,,,,UNINSTALLED
"28 Jun 2026  01:20:39",49.0,GOOD,1.78,,,,UNINSTALLED
"28 Jun 2026  01:21:09",49.3,GOOD,1.78,,,,UNINSTALLED
"28 Jun 2026  01:21:39",50.1,GOOD,1.78,,,,UNINSTALLED
"28 Jun 2026  01:22:09",49.3,GOOD,1.78,,,,UNINSTALLED
"28 Jun 2026  01:22:39",49.3,GOOD,1.78,,,,UNINSTALLED
"28 Jun 2026  01:23:09",49.8,GOOD,1.78,,,,UNINSTALLED
"28 Jun 2026  01:23:39",48.9,GOOD,1.78,,,,UNINSTALLED
"28 Jun 2026  01:24:10",49.3,GOOD,1.78,,,,UNINSTALLED
"28 Jun 2026  01:24:40",49.6,GOOD,1.78,,,,UNINSTALLED
"28 Jun 2026  01:25:10",49.6,GOOD,1.78,,,,UNINSTALLED
"28 Jun 2026  01:25:40",50.1,GOOD,1.78,,,,UNINSTALLED
"28 Jun 2026  01:26:10",49.9,GOOD,1.78,,,,UNINSTALLED
"28 Jun 2026  01:26:40",50.7,GOOD,1.78,,,,UNINSTALLED
"28 Jun 2026  01:27:10",50.6,GOOD,1.78,,,,UNINSTALLED
"28 Jun 2026  01:27:40",50.9,GOOD,1.78,,,,UNINSTALLED
"28 Jun 2026  01:28:10",50.9,GOOD,1.78,,,,UNINSTALLED
"28 Jun 2026  01:28:40",50.4,GOOD,1.78,,,,UNINSTALLED
"28 Jun 2026  01:29:10",50.4,GOOD,1.78,,,,UNINSTALLED
"28 Jun 2026  01:29:40",50.7,GOOD,1.78,,,,UNINSTALLED
"28 Jun 2026  01:30:10",50.0,GOOD,1.78,,,,UNINSTALLED
"28 Jun 2026  01:30:40",51.4,GOOD,1.78,,,,UNINSTALLED
"28 Jun 2026  01:31:10",50.2,GOOD,1.78,,,,UNINSTALLED
"28 Jun 2026  01:31:40",51.1,GOOD,1.78,,,,UNINSTALLED
"28 Jun 2026  01:32:10",51.3,GOOD,1.78,,,,UNINSTALLED
"28 Jun 2026  01:32:40",50.7,GOOD,1.78,,,,UNINSTALLED
"28 Jun 2026  01:33:10",51.1,GOOD,1.78,,,,UNINSTALLED
"28 Jun 2026  01:33:40",50.7,GOOD,1.78,,,,UNINSTALLED
"28 Jun 2026  01:34:10",50.1,GOOD,1.78,,,,UNINSTALLED
"28 Jun 2026  01:34:40",50.9,GOOD,1.78,,,,UNINSTALLED
"28 Jun 2026  01:35:10",49.8,GOOD,1.78,,,,UNINSTALLED
"28 Jun 2026  01:35:40",51.0,GOOD,1.78,,,,UNINSTALLED
"28 Jun 2026  01:36:10",50.5,GOOD,1.78,,,,UNINSTALLED
"28 Jun 2026  01:36:40",51.4,GOOD,1.78,,,,UNINSTALLED
"28 Jun 2026  01:37:10",51.4,GOOD,1.78,,,,UNINSTALLED
"28 Jun 2026  01:37:40",51.3,GOOD,1.78,,,,UNINSTALLED
"28 Jun 2026  01:38:10",52.1,GOOD,1.78,,,,UNINSTALLED
"28 Jun 2026  01:38:40",51.6,GOOD,1.78,,,,UNINSTALLED
"28 Jun 2026  01:39:10",50.3,GOOD,1.78,,,,UNINSTALLED
"28 Jun 2026  01:39:40",52.0,GOOD,1.78,,,,UNINSTALLED
"28 Jun 2026  01:40:10",51.0,GOOD,1.78,,,,UNINSTALLED
"28 Jun 2026  01:40:40",51.2,GOOD,1.78,,,,UNINSTALLED
"28 Jun 2026  01:41:10",50.9,GOOD,1.78,,,,UNINSTALLED
"28 Jun 2026  01:41:40",50.5,GOOD,1.78,,,,UNINSTALLED
"28 Jun 2026  01:42:10",51.4,GOOD,1.78,,,,UNINSTALLED
"28 Jun 2026  01:42:40",50.9,GOOD,1.78,,,,UNINSTALLED
"28 Jun 2026  01:43:10",50.9,GOOD,1.78,,,,UNINSTALLED
"28 Jun 2026  01:43:40",51.0,GOOD,1.78,,,,UNINSTALLED
"28 Jun 2026  01:44:10",51.6,GOOD,1.78,,,,UNINSTALLED
"28 Jun 2026  01:44:40",52.5,GOOD,1.78,,,,UNINSTALLED
"28 Jun 2026  01:45:10",51.6,GOOD,1.78,,,,UNINSTALLED
"28 Jun 2026  01:45:40",51.3,GOOD,1.78,,,,UNINSTALLED
"28 Jun 2026  01:46:10",52.4,GOOD,1.78,,,,UNINSTALLED
"28 Jun 2026  01:46:40",52.7,GOOD,1.78,,,,UNINSTALLED
"28 Jun 2026  01:47:10",51.7,GOOD,1.78,,,,UNINSTALLED
"28 Jun 2026  01:47:40",52.2,GOOD,1.78,,,,UNINSTALLED
"28 Jun 2026  01:48:10",52.2,GOOD,1.78,,,,UNINSTALLED
"28 Jun 2026  01:48:40",52.7,GOOD,1.78,,,,UNINSTALLED
"28 Jun 2026  01:49:11",51.8,GOOD,1.78,,,,UNINSTALLED
"28 Jun 2026  01:49:41",51.7,GOOD,1.78,,,,UNINSTALLED
"28 Jun 2026  01:50:11",52.5,GOOD,1.78,,,,UNINSTALLED
"28 Jun 2026  01:50:41",51.9,GOOD,1.78,,,,UNINSTALLED
"28 Jun 2026  01:51:11",52.1,GOOD,1.78,,,,UNINSTALLED
"28 Jun 2026  01:51:41",52.1,GOOD,1.78,,,,UNINSTALLED
"28 Jun 2026  01:52:11",51.1,GOOD,1.78,,,,UNINSTALLED
"28 Jun 2026  01:52:41",51.7,GOOD,1.78,,,,UNINSTALLED
"28 Jun 2026  01:53:11",51.4,GOOD,1.78,,,,UNINSTALLED
"28 Jun 2026  01:53:41",52.5,GOOD,1.78,,,,UNINSTALLED
"28 Jun 2026  01:54:11",52.4,GOOD,1.78,,,,UNINSTALLED
"28 Jun 2026  01:54:41",52.1,GOOD,1.78,,,,UNINSTALLED
"28 Jun 2026  01:55:11",52.8,GOOD,1.78,,,,UNINSTALLED
"28 Jun 2026  01:55:41",52.0,GOOD,1.78,,,,UNINSTALLED
"28 Jun 2026  01:56:11",52.9,GOOD,1.78,,,,UNINSTALLED
"28 Jun 2026  01:56:41",53.4,GOOD,1.78,,,,UNINSTALLED
"28 Jun 2026  01:57:11",51.9,GOOD,1.78,,,,UNINSTALLED
"28 Jun 2026  01:57:41",52.7,GOOD,1.78,,,,UNINSTALLED
"28 Jun 2026  01:58:11",52.0,GOOD,1.78,,,,UNINSTALLED
"28 Jun 2026  01:58:41",53.6,GOOD,1.78,,,,UNINSTALLED
"28 Jun 2026  01:59:11",52.8,GOOD,1.78,,,,UNINSTALLED
"28 Jun 2026  01:59:41",52.7,GOOD,1.78,,,,UNINSTALLED
"28 Jun 2026  02:00:11",52.8,GOOD,1.78,,,,UNINSTALLED
"28 Jun 2026  02:00:41",52.9,GOOD,1.78,,,,UNINSTALLED
"28 Jun 2026  02:01:11",53.1,GOOD,1.78,,,,UNINSTALLED
"28 Jun 2026  02:01:41",53.0,GOOD,1.78,,,,UNINSTALLED
"28 Jun 2026  02:02:11",52.4,GOOD,1.78,,,,UNINSTALLED
"28 Jun 2026  02:02:41",53.2,GOOD,1.78,,,,UNINSTALLED
"28 Jun 2026  02:03:11",53.8,GOOD,1.78,,,,UNINSTALLED
"28 Jun 2026  02:03:41",53.4,GOOD,1.78,,,,UNINSTALLED
"28 Jun 2026  02:04:11",52.1,GOOD,1.78,,,,UNINSTALLED
"28 Jun 2026  02:04:41",52.4,GOOD,1.78,,,,UNINSTALLED
"28 Jun 2026  02:05:11",53.7,GOOD,1.78,,,,UNINSTALLED
"28 Jun 2026  02:05:41",53.5,GOOD,1.78,,,,UNINSTALLED
"28 Jun 2026  02:06:11",53.4,GOOD,1.78,,,,UNINSTALLED
"28 Jun 2026  02:06:41",54.3,GOOD,1.78,,,,UNINSTALLED
"28 Jun 2026  02:07:11",53.4,GOOD,1.78,,,,UNINSTALLED
"28 Jun 2026  02:07:41",52.3,GOOD,1.78,,,,UNINSTALLED
"28 Jun 2026  02:08:11",53.2,GOOD,1.78,,,,UNINSTALLED
"28 Jun 2026  02:08:41",53.5,GOOD,1.78,,,,UNINSTALLED
"28 Jun 2026  02:09:11",54.6,GOOD,1.78,,,,UNINSTALLED
"28 Jun 2026  02:09:41",54.1,GOOD,1.78,,,,UNINSTALLED
"28 Jun 2026  02:10:11",53.3,GOOD,1.78,,,,UNINSTALLED
"28 Jun 2026  02:10:41",51.5,GOOD,1.78,,,,UNINSTALLED
"28 Jun 2026  02:11:11",53.4,GOOD,1.78,,,,UNINSTALLED
"28 Jun 2026  02:11:42",53.6,GOOD,1.78,,,,UNINSTALLED
"28 Jun 2026  02:12:12",53.6,GOOD,1.78,,,,UNINSTALLED
"28 Jun 2026  02:12:42",54.1,GOOD,1.78,,,,UNINSTALLED
"28 Jun 2026  02:13:12",54.5,GOOD,1.78,,,,UNINSTALLED
"28 Jun 2026  02:13:42",53.6,GOOD,1.78,,,,UNINSTALLED
"28 Jun 2026  02:14:12",54.1,GOOD,1.78,,,,UNINSTALLED
"28 Jun 2026  02:14:42",52.7,GOOD,1.78,,,,UNINSTALLED
"28 Jun 2026  02:15:12",52.8,GOOD,1.78,,,,UNINSTALLED
"28 Jun 2026  02:15:42",54.5,GOOD,1.78,,,,UNINSTALLED
"28 Jun 2026  02:16:12",54.2,GOOD,1.78,,,,UNINSTALLED
"28 Jun 2026  02:16:42",54.4,GOOD,1.78,,,,UNINSTALLED
"28 Jun 2026  02:17:12",54.0,GOOD,1.78,,,,UNINSTALLED
"28 Jun 2026  02:17:42",53.1,GOOD,1.78,,,,UNINSTALLED
"28 Jun 2026  02:18:12",54.3,GOOD,1.78,,,,UNINSTALLED
"28 Jun 2026  02:18:42",53.9,GOOD,1.78,,,,UNINSTALLED
"28 Jun 2026  02:19:12",53.3,GOOD,1.78,,,,UNINSTALLED
"28 Jun 2026  02:19:42",54.5,GOOD,1.78,,,,UNINSTALLED
"28 Jun 2026  02:20:12",53.2,GOOD,1.78,,,,UNINSTALLED
"28 Jun 2026  02:20:42",55.0,GOOD,1.78,,,,UNINSTALLED
"28 Jun 2026  02:21:12",54.5,GOOD,1.78,,,,UNINSTALLED
"28 Jun 2026  02:21:42",55.0,GOOD,1.78,,,,UNINSTALLED
"28 Jun 2026  02:22:12",54.5,GOOD,1.78,,,,UNINSTALLED
"28 Jun 2026  02:22:42",54.6,GOOD,1.78,,,,UNINSTALLED
"28 Jun 2026  02:23:12",54.4,GOOD,1.78,,,,UNINSTALLED
"28 Jun 2026  02:23:42",54.7,GOOD,1.78,,,,UNINSTALLED
"28 Jun 2026  02:24:12",54.0,GOOD,1.78,,,,UNINSTALLED
"28 Jun 2026  02:24:42",54.8,GOOD,1.78,,,,UNINSTALLED
"28 Jun 2026  02:25:12",54.8,GOOD,1.78,,,,UNINSTALLED
"28 Jun 2026  02:25:42",54.8,GOOD,1.78,,,,UNINSTALLED
"28 Jun 2026  02:26:12",54.8,GOOD,1.78,,,,UNINSTALLED
"28 Jun 2026  02:26:42",55.1,GOOD,1.78,,,,UNINSTALLED
"28 Jun 2026  02:27:12",55.3,GOOD,1.78,,,,UNINSTALLED
"28 Jun 2026  02:27:42",54.0,GOOD,1.78,,,,UNINSTALLED
"28 Jun 2026  02:28:12",53.7,GOOD,1.78,,,,UNINSTALLED
"28 Jun 2026  02:28:42",54.2,GOOD,1.78,,,,UNINSTALLED
"28 Jun 2026  02:29:12",55.0,GOOD,1.78,,,,UNINSTALLED
"28 Jun 2026  02:29:42",54.8,GOOD,1.78,,,,UNINSTALLED
"28 Jun 2026  02:30:12",52.8,GOOD,1.78,,,,UNINSTALLED
"28 Jun 2026  02:30:42",55.0,GOOD,1.78,,,,UNINSTALLED
"28 Jun 2026  02:31:12",54.3,GOOD,1.78,,,,UNINSTALLED
"28 Jun 2026  02:31:42",55.9,GOOD,1.78,,,,UNINSTALLED
"28 Jun 2026  02:32:12",55.4,GOOD,1.78,,,,UNINSTALLED
"28 Jun 2026  02:32:42",55.0,GOOD,1.78,,,,UNINSTALLED
"28 Jun 2026  02:33:12",54.7,GOOD,1.78,,,,UNINSTALLED
"28 Jun 2026  02:33:42",55.2,GOOD,1.78,,,,UNINSTALLED
"28 Jun 2026  02:34:13",55.5,GOOD,1.78,,,,UNINSTALLED
"28 Jun 2026  02:34:43",55.1,GOOD,1.78,,,,UNINSTALLED
"28 Jun 2026  02:35:13",54.9,GOOD,1.78,,,,UNINSTALLED
"28 Jun 2026  02:35:43",55.0,GOOD,1.78,,,,UNINSTALLED
"28 Jun 2026  02:36:13",54.7,GOOD,1.78,,,,UNINSTALLED
"28 Jun 2026  02:36:43",55.8,GOOD,1.78,,,,UNINSTALLED
"28 Jun 2026  02:37:13",55.3,GOOD,1.78,,,,UNINSTALLED
"28 Jun 2026  02:37:43",56.0,GOOD,1.78,,,,UNINSTALLED
"28 Jun 2026  02:38:13",55.4,GOOD,1.78,,,,UNINSTALLED
"28 Jun 2026  02:38:43",55.3,GOOD,1.78,,,,UNINSTALLED
"28 Jun 2026  02:39:13",55.7,GOOD,1.78,,,,UNINSTALLED
"28 Jun 2026  02:39:43",55.3,GOOD,1.78,,,,UNINSTALLED
"28 Jun 2026  02:40:13",55.5,GOOD,1.78,,,,UNINSTALLED
"28 Jun 2026  02:40:43",56.2,GOOD,1.78,,,,UNINSTALLED
"28 Jun 2026  02:41:13",55.6,GOOD,1.78,,,,UNINSTALLED
"28 Jun 2026  02:41:43",55.7,GOOD,1.78,,,,UNINSTALLED
"28 Jun 2026  02:42:13",55.1,GOOD,1.78,,,,UNINSTALLED
"28 Jun 2026  02:42:43",56.4,GOOD,1.78,,,,UNINSTALLED
"28 Jun 2026  02:43:13",55.5,GOOD,1.78,,,,UNINSTALLED
"28 Jun 2026  02:43:43",56.5,GOOD,1.78,,,,UNINSTALLED
"28 Jun 2026  02:44:13",56.0,GOOD,1.78,,,,UNINSTALLED
"28 Jun 2026  02:44:43",54.4,GOOD,1.78,,,,UNINSTALLED
"28 Jun 2026  02:45:13",56.8,GOOD,1.78,,,,UNINSTALLED
"28 Jun 2026  02:45:43",57.0,GOOD,1.78,,,,UNINSTALLED
"28 Jun 2026  02:46:13",56.4,GOOD,1.78,,,,UNINSTALLED
"28 Jun 2026  02:46:43",56.1,GOOD,1.78,,,,UNINSTALLED
"28 Jun 2026  02:47:13",56.7,GOOD,1.78,,,,UNINSTALLED
"28 Jun 2026  02:47:43",56.2,GOOD,1.78,,,,UNINSTALLED
"28 Jun 2026  02:48:13",56.4,GOOD,1.78,,,,UNINSTALLED
"28 Jun 2026  02:48:43",55.4,GOOD,1.78,,,,UNINSTALLED
"28 Jun 2026  02:49:13",56.4,GOOD,1.78,,,,UNINSTALLED
"28 Jun 2026  02:49:43",56.4,GOOD,1.78,,,,UNINSTALLED
"28 Jun 2026  02:50:13",56.8,GOOD,1.78,,,,UNINSTALLED
"28 Jun 2026  02:50:43",56.2,GOOD,1.78,,,,UNINSTALLED
"28 Jun 2026  02:51:13",56.9,GOOD,1.78,,,,UNINSTALLED
"28 Jun 2026  02:51:43",56.7,GOOD,1.78,,,,UNINSTALLED
"28 Jun 2026  02:52:13",56.8,GOOD,1.78,,,,UNINSTALLED
"28 Jun 2026  02:52:43",56.0,GOOD,1.78,,,,UNINSTALLED
"28 Jun 2026  02:53:13",57.2,GOOD,1.78,,,,UNINSTALLED
"28 Jun 2026  02:53:43",56.0,GOOD,1.78,,,,UNINSTALLED
"28 Jun 2026  02:54:13",56.4,GOOD,1.78,,,,UNINSTALLED
"28 Jun 2026  02:54:44",57.9,GOOD,1.78,,,,UNINSTALLED
"28 Jun 2026  02:55:14",56.7,GOOD,1.78,,,,UNINSTALLED
"28 Jun 2026  02:55:44",56.3,GOOD,1.78,,,,UNINSTALLED
"28 Jun 2026  02:56:14",57.2,GOOD,1.78,,,,UNINSTALLED
"28 Jun 2026  02:56:44",57.0,GOOD,1.78,,,,UNINSTALLED
"28 Jun 2026  02:57:14",56.7,GOOD,1.78,,,,UNINSTALLED
"28 Jun 2026  02:57:44",57.3,GOOD,1.78,,,,UNINSTALLED
"28 Jun 2026  02:58:14",56.5,GOOD,1.78,,,,UNINSTALLED
"28 Jun 2026  02:58:44",58.2,GOOD,1.78,,,,UNINSTALLED
"28 Jun 2026  02:59:14",56.6,GOOD,1.78,,,,UNINSTALLED
"28 Jun 2026  02:59:44",57.0,GOOD,1.78,,,,UNINSTALLED
"28 Jun 2026  03:00:14",57.3,GOOD,1.78,,,,UNINSTALLED
"28 Jun 2026  03:00:44",57.1,GOOD,1.78,,,,UNINSTALLED
"28 Jun 2026  03:01:14",56.6,GOOD,1.78,,,,UNINSTALLED
"28 Jun 2026  03:01:44",57.1,GOOD,1.78,,,,UNINSTALLED
"28 Jun 2026  03:02:14",56.8,GOOD,1.78,,,,UNINSTALLED
"28 Jun 2026  03:02:44",56.8,GOOD,1.78,,,,UNINSTALLED
"28 Jun 2026  03:03:14",56.4,GOOD,1.78,,,,UNINSTALLED
"28 Jun 2026  03:03:44",57.1,GOOD,1.78,,,,UNINSTALLED
"28 Jun 2026  03:04:14",56.8,GOOD,1.78,,,,UNINSTALLED
"28 Jun 2026  03:04:44",57.9,GOOD,1.78,,,,UNINSTALLED
"28 Jun 2026  03:05:14",57.3,GOOD,1.78,,,,UNINSTALLED
"28 Jun 2026  03:05:44",58.8,GOOD,1.78,,,,UNINSTALLED
"28 Jun 2026  03:06:14",57.5,GOOD,1.78,,,,UNINSTALLED
"28 Jun 2026  03:06:44",59.1,GOOD,1.78,,,,UNINSTALLED
"28 Jun 2026  03:07:14",57.8,GOOD,1.78,,,,UNINSTALLED
"28 Jun 2026  03:07:44",57.4,GOOD,1.78,,,,UNINSTALLED
"28 Jun 2026  03:08:14",56.8,GOOD,1.78,,,,UNINSTALLED
"28 Jun 2026  03:08:44",58.4,GOOD,1.78,,,,UNINSTALLED
"28 Jun 2026  03:09:14",57.6,GOOD,1.78,,,,UNINSTALLED
"28 Jun 2026  03:09:44",57.6,GOOD,1.78,,,,UNINSTALLED
"28 Jun 2026  03:10:14",58.4,GOOD,1.78,,,,UNINSTALLED
"28 Jun 2026  03:10:44",57.8,GOOD,1.78,,,,UNINSTALLED
"28 Jun 2026  03:11:14",58.0,GOOD,1.78,,,,UNINSTALLED
"28 Jun 2026  03:11:44",58.1,GOOD,1.78,,,,UNINSTALLED
"28 Jun 2026  03:12:14",57.5,GOOD,1.78,,,,UNINSTALLED
"28 Jun 2026  03:12:44",57.7,GOOD,1.78,,,,UNINSTALLED
"28 Jun 2026  03:13:14",58.1,GOOD,1.78,,,,UNINSTALLED
"28 Jun 2026  03:13:44",58.3,GOOD,1.78,,,,UNINSTALLED
"28 Jun 2026  03:14:14",57.3,GOOD,1.78,,,,UNINSTALLED
"28 Jun 2026  03:14:44",58.5,GOOD,1.78,,,,UNINSTALLED
"28 Jun 2026  03:15:15",58.1,GOOD,1.78,,,,UNINSTALLED
"28 Jun 2026  03:15:45",57.7,GOOD,1.78,,,,UNINSTALLED
"28 Jun 2026  03:16:15",57.3,GOOD,1.78,,,,UNINSTALLED
"28 Jun 2026  03:16:45",57.8,GOOD,1.78,,,,UNINSTALLED
"28 Jun 2026  03:17:15",57.9,GOOD,1.78,,,,UNINSTALLED
"28 Jun 2026  03:17:45",58.0,GOOD,1.78,,,,UNINSTALLED
"28 Jun 2026  03:18:15",59.5,GOOD,1.78,,,,UNINSTALLED
"28 Jun 2026  03:18:45",58.7,GOOD,1.78,,,,UNINSTALLED
"28 Jun 2026  03:19:15",59.3,GOOD,1.78,,,,UNINSTALLED
"28 Jun 2026  03:19:45",57.9,GOOD,1.78,,,,UNINSTALLED
"28 Jun 2026  03:20:15",58.1,GOOD,1.78,,,,UNINSTALLED
"28 Jun 2026  03:20:45",58.5,GOOD,1.78,,,,UNINSTALLED
"28 Jun 2026  03:21:15",58.2,GOOD,1.78,,,,UNINSTALLED
"28 Jun 2026  03:21:45",58.2,GOOD,1.78,,,,UNINSTALLED
"28 Jun 2026  03:22:15",58.6,GOOD,1.78,,,,UNINSTALLED
"28 Jun 2026  03:22:45",59.8,GOOD,1.78,,,,UNINSTALLED
"28 Jun 2026  03:23:15",57.6,GOOD,1.78,,,,UNINSTALLED
"28 Jun 2026  03:23:45",59.1,GOOD,1.78,,,,UNINSTALLED
"28 Jun 2026  03:24:15",59.4,GOOD,1.78,,,,UNINSTALLED
"28 Jun 2026  03:24:45",59.7,GOOD,1.78,,,,UNINSTALLED
"28 Jun 2026  03:25:15",59.7,GOOD,1.78,,,,UNINSTALLED
"28 Jun 2026  03:25:45",59.3,GOOD,1.78,,,,UNINSTALLED
"28 Jun 2026  03:26:15",59.5,GOOD,1.78,,,,UNINSTALLED
"28 Jun 2026  03:26:45",58.6,GOOD,1.78,,,,UNINSTALLED
"28 Jun 2026  03:27:15",59.9,GOOD,1.78,,,,UNINSTALLED
"28 Jun 2026  03:27:45",59.3,GOOD,1.78,,,,UNINSTALLED
"28 Jun 2026  03:28:15",59.1,GOOD,1.78,,,,UNINSTALLED
"28 Jun 2026  03:28:45",59.0,GOOD,1.78,,,,UNINSTALLED
"28 Jun 2026  03:29:15",58.7,GOOD,1.78,,,,UNINSTALLED
"28 Jun 2026  03:29:45",58.5,GOOD,1.78,,,,UNINSTALLED
"28 Jun 2026  03:30:15",59.1,GOOD,1.78,,,,UNINSTALLED
"28 Jun 2026  03:30:45",60.8,GOOD,1.78,,,,UNINSTALLED
"28 Jun 2026  03:31:15",60.4,GOOD,1.78,,,,UNINSTALLED
"28 Jun 2026  03:31:45",60.4,GOOD,1.78,,,,UNINSTALLED
"28 Jun 2026  03:32:15",58.5,GOOD,1.78,,,,UNINSTALLED
"28 Jun 2026  03:32:45",59.8,GOOD,1.78,,,,UNINSTALLED
"28 Jun 2026  03:33:15",59.2,GOOD,1.78,,,,UNINSTALLED
"28 Jun 2026  03:33:45",58.5,GOOD,1.78,,,,UNINSTALLED
"28 Jun 2026  03:34:15",59.9,GOOD,1.78,,,,UNINSTALLED
"28 Jun 2026  03:34:45",59.7,GOOD,1.78,,,,UNINSTALLED
"28 Jun 2026  03:35:15",59.2,GOOD,1.78,,,,UNINSTALLED
"28 Jun 2026  03:35:45",61.0,GOOD,1.78,,,,UNINSTALLED
"28 Jun 2026  03:36:15",59.3,GOOD,1.78,,,,UNINSTALLED
"28 Jun 2026  03:36:45",60.0,GOOD,1.78,,,,UNINSTALLED
"28 Jun 2026  03:37:15",60.7,GOOD,1.78,,,,UNINSTALLED
"28 Jun 2026  03:37:45",59.7,GOOD,1.78,,,,UNINSTALLED
"28 Jun 2026  03:38:15",60.3,GOOD,1.78,,,,UNINSTALLED
"28 Jun 2026  03:38:45",59.9,GOOD,1.78,,,,UNINSTALLED
"28 Jun 2026  03:39:15",59.3,GOOD,1.78,,,,UNINSTALLED
"28 Jun 2026  03:39:45",59.5,GOOD,1.78,,,,UNINSTALLED
"28 Jun 2026  03:40:15",59.2,GOOD,1.78,,,,UNINSTALLED
"28 Jun 2026  03:40:45",61.3,GOOD,1.78,,,,UNINSTALLED
"28 Jun 2026  03:41:15",60.2,GOOD,1.78,,,,UNINSTALLED
"28 Jun 2026  03:41:45",60.5,GOOD,1.78,,,,UNINSTALLED
"28 Jun 2026  03:42:15",59.5,GOOD,1.78,,,,UNINSTALLED
"28 Jun 2026  03:42:45",59.4,GOOD,1.78,,,,UNINSTALLED
"28 Jun 2026  03:43:15",60.4,GOOD,1.78,,,,UNINSTALLED
"28 Jun 2026  03:43:45",60.6,GOOD,1.78,,,,UNINSTALLED
"28 Jun 2026  03:44:16",59.0,GOOD,1.78,,,,UNINSTALLED
"28 Jun 2026  03:44:46",60.2,GOOD,1.78,,,,UNINSTALLED
"28 Jun 2026  03:45:16",59.9,GOOD,1.78,,,,UNINSTALLED
"28 Jun 2026  03:45:46",59.7,GOOD,1.78,,,,UNINSTALLED
"28 Jun 2026  03:46:16",60.0,GOOD,1.78,,,,UNINSTALLED
"28 Jun 2026  03:46:46",60.3,GOOD,1.78,,,,UNINSTALLED
"28 Jun 2026  03:47:16",60.3,GOOD,1.78,,,,UNINSTALLED
"28 Jun 2026  03:47:46",60.5,GOOD,1.78,,,,UNINSTALLED
"28 Jun 2026  03:48:16",60.7,GOOD,1.78,,,,UNINSTALLED
"28 Jun 2026  03:48:46",59.7,GOOD,1.78,,,,UNINSTALLED
"28 Jun 2026  03:49:16",59.5,GOOD,1.78,,,,UNINSTALLED
"28 Jun 2026  03:49:46",59.5,GOOD,1.78,,,,UNINSTALLED
"28 Jun 2026  03:50:16",59.6,GOOD,1.78,,,,UNINSTALLED
"28 Jun 2026  03:50:46",60.0,GOOD,1.78,,,,UNINSTALLED
"28 Jun 2026  03:51:16",58.8,GOOD,1.78,,,,UNINSTALLED
"28 Jun 2026  03:51:46",60.7,GOOD,1.78,,,,UNINSTALLED
"28 Jun 2026  03:52:16",58.8,GOOD,1.78,,,,UNINSTALLED
"28 Jun 2026  03:52:46",60.0,GOOD,1.78,,,,UNINSTALLED
"28 Jun 2026  03:53:16",60.4,GOOD,1.78,,,,UNINSTALLED
"28 Jun 2026  03:53:46",60.2,GOOD,1.78,,,,UNINSTALLED
"28 Jun 2026  03:54:16",60.2,GOOD,1.78,,,,UNINSTALLED
"28 Jun 2026  03:54:46",59.8,GOOD,1.78,,,,UNINSTALLED
"28 Jun 2026  03:55:16",60.0,GOOD,1.78,,,,UNINSTALLED
"28 Jun 2026  03:55:46",59.9,GOOD,1.78,,,,UNINSTALLED
"28 Jun 2026  03:56:16",59.9,GOOD,1.78,,,,UNINSTALLED
"28 Jun 2026  03:56:46",61.1,GOOD,1.78,,,,UNINSTALLED
"28 Jun 2026  03:57:16",60.8,GOOD,1.78,,,,UNINSTALLED
"28 Jun 2026  03:57:46",61.0,GOOD,1.78,,,,UNINSTALLED
"28 Jun 2026  03:58:16",60.8,GOOD,1.78,,,,UNINSTALLED
"28 Jun 2026  03:58:46",60.4,GOOD,1.78,,,,UNINSTALLED
"28 Jun 2026  03:59:16",60.3,GOOD,1.78,,,,UNINSTALLED
"28 Jun 2026  03:59:46",60.6,GOOD,1.78,,,,UNINSTALLED
"28 Jun 2026  04:00:16",61.1,GOOD,1.78,,,,UNINSTALLED
"28 Jun 2026  04:00:46",60.0,GOOD,1.78,,,,UNINSTALLED
"28 Jun 2026  04:01:16",59.7,GOOD,1.78,,,,UNINSTALLED
"28 Jun 2026  04:01:46",61.4,GOOD,1.78,,,,UNINSTALLED
"28 Jun 2026  04:02:16",60.0,GOOD,1.78,,,,UNINSTALLED
"28 Jun 2026  04:02:46",60.5,GOOD,1.78,,,,UNINSTALLED
"28 Jun 2026  04:03:16",58.3,GOOD,1.78,,,,UNINSTALLED
"28 Jun 2026  04:03:46",59.8,GOOD,1.78,,,,UNINSTALLED
"28 Jun 2026  04:04:16",60.8,GOOD,1.78,,,,UNINSTALLED
"28 Jun 2026  04:04:46",60.3,GOOD,1.78,,,,UNINSTALLED
"28 Jun 2026  04:05:16",60.5,GOOD,1.78,,,,UNINSTALLED
"28 Jun 2026  04:05:46",60.8,GOOD,1.78,,,,UNINSTALLED
"28 Jun 2026  04:06:16",60.7,GOOD,1.78,,,,UNINSTALLED
"28 Jun 2026  04:06:46",60.5,GOOD,1.78,,,,UNINSTALLED
"28 Jun 2026  04:07:16",60.7,GOOD,1.78,,,,UNINSTALLED
"28 Jun 2026  04:07:46",60.2,GOOD,1.78,,,,UNINSTALLED
"28 Jun 2026  04:08:17",60.1,GOOD,1.78,,,,UNINSTALLED
"28 Jun 2026  04:08:47",59.7,GOOD,1.78,,,,UNINSTALLED
"28 Jun 2026  04:09:17",60.1,GOOD,1.78,,,,UNINSTALLED
"28 Jun 2026  04:09:47",60.3,GOOD,1.78,,,,UNINSTALLED
"28 Jun 2026  04:10:17",60.1,GOOD,1.78,,,,UNINSTALLED
"28 Jun 2026  04:10:47",61.2,GOOD,1.78,,,,UNINSTALLED
"28 Jun 2026  04:11:17",61.0,GOOD,1.78,,,,UNINSTALLED
"28 Jun 2026  04:11:47",60.3,GOOD,1.78,,,,UNINSTALLED
"28 Jun 2026  04:12:17",61.0,GOOD,1.78,,,,UNINSTALLED
"28 Jun 2026  04:12:47",60.7,GOOD,1.78,,,,UNINSTALLED
"28 Jun 2026  04:13:17",60.9,GOOD,1.78,,,,UNINSTALLED
"28 Jun 2026  04:13:47",60.1,GOOD,1.78,,,,UNINSTALLED
"28 Jun 2026  04:14:17",61.6,GOOD,1.78,,,,UNINSTALLED
"28 Jun 2026  04:14:47",62.2,GOOD,1.78,,,,UNINSTALLED
"28 Jun 2026  04:15:17",61.8,GOOD,1.78,,,,UNINSTALLED
"28 Jun 2026  04:15:47",61.2,GOOD,1.78,,,,UNINSTALLED
"28 Jun 2026  04:16:17",60.4,GOOD,1.78,,,,UNINSTALLED
"28 Jun 2026  04:16:47",61.0,GOOD,1.78,,,,UNINSTALLED
"28 Jun 2026  04:17:17",60.6,GOOD,1.78,,,,UNINSTALLED
"28 Jun 2026  04:17:47",61.1,GOOD,1.78,,,,UNINSTALLED
"28 Jun 2026  04:18:17",60.6,GOOD,1.78,,,,UNINSTALLED
"28 Jun 2026  04:18:47",61.5,GOOD,1.78,,,,UNINSTALLED
"28 Jun 2026  04:19:17",60.6,GOOD,1.78,,,,UNINSTALLED
"28 Jun 2026  04:19:47",61.2,GOOD,1.78,,,,UNINSTALLED
"28 Jun 2026  04:20:17",60.5,GOOD,1.78,,,,UNINSTALLED
"28 Jun 2026  04:20:47",60.9,GOOD,1.78,,,,UNINSTALLED
"28 Jun 2026  04:21:17",61.6,GOOD,1.78,,,,UNINSTALLED
"28 Jun 2026  04:21:47",60.8,GOOD,1.78,,,,UNINSTALLED
"28 Jun 2026  04:22:17",60.8,GOOD,1.78,,,,UNINSTALLED
"28 Jun 2026  04:22:47",60.2,GOOD,1.78,,,,UNINSTALLED
"28 Jun 2026  04:23:17",61.8,GOOD,1.78,,,,UNINSTALLED
"28 Jun 2026  04:23:47",61.6,GOOD,1.78,,,,UNINSTALLED
"28 Jun 2026  04:24:17",61.1,GOOD,1.78,,,,UNINSTALLED
"28 Jun 2026  04:24:47",61.5,GOOD,1.78,,,,UNINSTALLED
"28 Jun 2026  04:25:18",63.6,GOOD,1.78,,,,UNINSTALLED
"28 Jun 2026  04:25:48",62.0,GOOD,1.78,,,,UNINSTALLED
"28 Jun 2026  04:26:18",61.4,GOOD,1.78,,,,UNINSTALLED
"28 Jun 2026  04:26:48",61.9,GOOD,1.78,,,,UNINSTALLED
"28 Jun 2026  04:27:18",60.9,GOOD,1.78,,,,UNINSTALLED
"28 Jun 2026  04:27:48",62.6,GOOD,1.78,,,,UNINSTALLED
"28 Jun 2026  04:28:18",63.1,GOOD,1.78,,,,UNINSTALLED
"28 Jun 2026  04:28:48",61.9,GOOD,1.78,,,,UNINSTALLED
"28 Jun 2026  04:29:18",61.4,GOOD,1.78,,,,UNINSTALLED
"28 Jun 2026  04:29:48",62.4,GOOD,1.78,,,,UNINSTALLED
"28 Jun 2026  04:30:18",64.2,GOOD,1.78,,,,UNINSTALLED
"28 Jun 2026  04:30:48",63.8,GOOD,1.78,,,,UNINSTALLED
"28 Jun 2026  04:31:18",63.0,GOOD,1.78,,,,UNINSTALLED
"28 Jun 2026  04:31:48",61.7,GOOD,1.78,,,,UNINSTALLED
"28 Jun 2026  04:32:18",62.1,GOOD,1.78,,,,UNINSTALLED
"28 Jun 2026  04:32:48",63.0,GOOD,1.78,,,,UNINSTALLED
"28 Jun 2026  04:33:18",62.0,GOOD,1.78,,,,UNINSTALLED
"28 Jun 2026  04:33:48",60.4,GOOD,1.78,,,,UNINSTALLED
"28 Jun 2026  04:34:18",62.0,GOOD,1.78,,,,UNINSTALLED
"28 Jun 2026  04:34:48",61.9,GOOD,1.78,,,,UNINSTALLED
"28 Jun 2026  04:35:18",62.1,GOOD,1.78,,,,UNINSTALLED
"28 Jun 2026  04:35:48",62.4,GOOD,1.78,,,,UNINSTALLED
"28 Jun 2026  04:36:18",62.6,GOOD,1.78,,,,UNINSTALLED
"28 Jun 2026  04:36:48",62.3,GOOD,1.78,,,,UNINSTALLED
"28 Jun 2026  04:37:18",61.5,GOOD,1.78,,,,UNINSTALLED
"28 Jun 2026  04:37:48",61.2,GOOD,1.78,,,,UNINSTALLED
"28 Jun 2026  04:38:18",62.2,GOOD,1.78,,,,UNINSTALLED
"28 Jun 2026  04:38:48",62.3,GOOD,1.78,,,,UNINSTALLED
"28 Jun 2026  04:39:18",61.9,GOOD,1.78,,,,UNINSTALLED
"28 Jun 2026  04:39:48",62.6,GOOD,1.78,,,,UNINSTALLED
"28 Jun 2026  04:40:18",63.1,GOOD,1.78,,,,UNINSTALLED
"28 Jun 2026  04:40:48",62.2,GOOD,1.78,,,,UNINSTALLED
"28 Jun 2026  04:41:18",62.2,GOOD,1.78,,,,UNINSTALLED
"28 Jun 2026  04:41:48",62.4,GOOD,1.78,,,,UNINSTALLED
"28 Jun 2026  04:42:18",63.6,GOOD,1.78,,,,UNINSTALLED
"28 Jun 2026  04:42:48",63.8,GOOD,1.78,,,,UNINSTALLED
"28 Jun 2026  04:43:18",61.7,GOOD,1.78,,,,UNINSTALLED
"28 Jun 2026  04:43:48",61.7,GOOD,1.78,,,,UNINSTALLED
"28 Jun 2026  04:44:18",62.0,GOOD,1.78,,,,UNINSTALLED
"28 Jun 2026  04:44:48",62.4,GOOD,1.78,,,,UNINSTALLED
"28 Jun 2026  04:45:18",62.4,GOOD,1.78,,,,UNINSTALLED
"28 Jun 2026  04:45:48",62.4,GOOD,1.78,,,,UNINSTALLED
"28 Jun 2026  04:46:18",62.6,GOOD,1.78,,,,UNINSTALLED
"28 Jun 2026  04:46:49",62.3,GOOD,1.78,,,,UNINSTALLED
"28 Jun 2026  04:47:19",63.5,GOOD,1.78,,,,UNINSTALLED
"28 Jun 2026  04:47:49",61.6,GOOD,1.78,,,,UNINSTALLED
"28 Jun 2026  04:48:19",62.0,GOOD,1.78,,,,UNINSTALLED
"28 Jun 2026  04:48:49",62.7,GOOD,1.78,,,,UNINSTALLED
"28 Jun 2026  04:49:19",62.9,GOOD,1.78,,,,UNINSTALLED
"28 Jun 2026  04:49:49",63.1,GOOD,1.78,,,,UNINSTALLED
"28 Jun 2026  04:50:19",63.4,GOOD,1.78,,,,UNINSTALLED
"28 Jun 2026  04:50:49",61.4,GOOD,1.78,,,,UNINSTALLED
"28 Jun 2026  04:51:19",63.6,GOOD,1.78,,,,UNINSTALLED
"28 Jun 2026  04:51:49",63.5,GOOD,1.78,,,,UNINSTALLED
"28 Jun 2026  04:52:19",61.8,GOOD,1.78,,,,UNINSTALLED
"28 Jun 2026  04:52:49",62.8,GOOD,1.78,,,,UNINSTALLED
"28 Jun 2026  04:53:19",61.6,GOOD,1.78,,,,UNINSTALLED
"28 Jun 2026  04:53:49",62.4,GOOD,1.78,,,,UNINSTALLED
"28 Jun 2026  04:54:19",62.1,GOOD,1.78,,,,UNINSTALLED
"28 Jun 2026  04:54:49",63.7,GOOD,1.78,,,,UNINSTALLED
"28 Jun 2026  04:55:19",63.2,GOOD,1.78,,,,UNINSTALLED
"28 Jun 2026  04:55:49",63.2,GOOD,1.78,,,,UNINSTALLED
"28 Jun 2026  04:56:19",63.5,GOOD,1.78,,,,UNINSTALLED
"28 Jun 2026  04:56:49",63.2,GOOD,1.78,,,,UNINSTALLED
"28 Jun 2026  04:57:19",62.9,GOOD,1.78,,,,UNINSTALLED
"28 Jun 2026  04:57:49",62.9,GOOD,1.78,,,,UNINSTALLED
"28 Jun 2026  04:58:19",62.3,GOOD,1.78,,,,UNINSTALLED
"28 Jun 2026  04:58:49",62.3,GOOD,1.78,,,,UNINSTALLED
"28 Jun 2026  04:59:19",62.6,GOOD,1.78,,,,UNINSTALLED
"28 Jun 2026  04:59:49",62.9,GOOD,1.78,,,,UNINSTALLED
"28 Jun 2026  05:00:19",62.7,GOOD,1.78,,,,UNINSTALLED
"28 Jun 2026  05:00:49",63.8,GOOD,1.78,,,,UNINSTALLED
"28 Jun 2026  05:01:19",63.5,GOOD,1.78,,,,UNINSTALLED
"28 Jun 2026  05:01:49",63.0,GOOD,1.78,,,,UNINSTALLED
"28 Jun 2026  05:02:19",62.9,GOOD,1.78,,,,UNINSTALLED
"28 Jun 2026  05:02:49",62.8,GOOD,1.78,,,,UNINSTALLED
"28 Jun 2026  05:03:19",62.7,GOOD,1.78,,,,UNINSTALLED
"28 Jun 2026  05:03:49",64.3,GOOD,1.78,,,,UNINSTALLED
"28 Jun 2026  05:04:19",63.6,GOOD,1.78,,,,UNINSTALLED
"28 Jun 2026  05:04:49",63.8,GOOD,1.78,,,,UNINSTALLED
"28 Jun 2026  05:05:19",62.7,GOOD,1.78,,,,UNINSTALLED
"28 Jun 2026  05:05:49",64.3,GOOD,1.78,,,,UNINSTALLED
"28 Jun 2026  05:06:19",63.5,GOOD,1.78,,,,UNINSTALLED
"28 Jun 2026  05:06:49",63.0,GOOD,1.78,,,,UNINSTALLED
"28 Jun 2026  05:07:19",62.0,GOOD,1.78,,,,UNINSTALLED
"28 Jun 2026  05:07:49",63.8,GOOD,1.78,,,,UNINSTALLED
"28 Jun 2026  05:08:19",63.7,GOOD,1.78,,,,UNINSTALLED
"28 Jun 2026  05:08:49",63.8,GOOD,1.78,,,,UNINSTALLED
"28 Jun 2026  05:09:19",63.2,GOOD,1.78,,,,UNINSTALLED
"28 Jun 2026  05:09:49",63.3,GOOD,1.78,,,,UNINSTALLED
"28 Jun 2026  05:10:19",62.8,GOOD,1.78,,,,UNINSTALLED
"28 Jun 2026  05:10:49",63.9,GOOD,1.78,,,,UNINSTALLED
"28 Jun 2026  05:11:19",63.6,GOOD,1.78,,,,UNINSTALLED
"28 Jun 2026  05:11:49",64.4,GOOD,1.78,,,,UNINSTALLED
"28 Jun 2026  05:12:20",62.4,GOOD,1.78,,,,UNINSTALLED
"28 Jun 2026  05:12:50",63.6,GOOD,1.78,,,,UNINSTALLED
"28 Jun 2026  05:13:20",64.5,GOOD,1.78,,,,UNINSTALLED
"28 Jun 2026  05:13:50",64.1,GOOD,1.78,,,,UNINSTALLED
"28 Jun 2026  05:14:20",63.4,GOOD,1.78,,,,UNINSTALLED
"28 Jun 2026  05:14:50",63.4,GOOD,1.78,,,,UNINSTALLED
"28 Jun 2026  05:15:20",64.3,GOOD,1.78,,,,UNINSTALLED
"28 Jun 2026  05:15:50",63.5,GOOD,1.78,,,,UNINSTALLED
"28 Jun 2026  05:16:20",62.1,GOOD,1.78,,,,UNINSTALLED
"28 Jun 2026  05:16:50",62.8,GOOD,1.78,,,,UNINSTALLED
"28 Jun 2026  05:17:20",63.7,GOOD,1.78,,,,UNINSTALLED
"28 Jun 2026  05:17:50",64.0,GOOD,1.78,,,,UNINSTALLED
"28 Jun 2026  05:18:20",64.4,GOOD,1.78,,,,UNINSTALLED
"28 Jun 2026  05:18:50",63.6,GOOD,1.78,,,,UNINSTALLED
"28 Jun 2026  05:19:20",64.2,GOOD,1.78,,,,UNINSTALLED
"28 Jun 2026  05:19:50",64.9,GOOD,1.78,,,,UNINSTALLED
"28 Jun 2026  05:20:20",63.7,GOOD,1.78,,,,UNINSTALLED
"28 Jun 2026  05:20:50",63.7,GOOD,1.78,,,,UNINSTALLED
"28 Jun 2026  05:21:20",63.5,GOOD,1.78,,,,UNINSTALLED
"28 Jun 2026  05:21:50",62.0,GOOD,1.78,,,,UNINSTALLED
"28 Jun 2026  05:22:20",63.3,GOOD,1.78,,,,UNINSTALLED
"28 Jun 2026  05:22:50",63.5,GOOD,1.78,,,,UNINSTALLED
"28 Jun 2026  05:23:20",63.3,GOOD,1.78,,,,UNINSTALLED
"28 Jun 2026  05:23:50",64.7,GOOD,1.78,,,,UNINSTALLED
"28 Jun 2026  05:24:20",63.5,GOOD,1.78,,,,UNINSTALLED
"28 Jun 2026  05:24:50",63.8,GOOD,1.78,,,,UNINSTALLED
"28 Jun 2026  05:25:20",63.7,GOOD,1.78,,,,UNINSTALLED
"28 Jun 2026  05:25:50",64.2,GOOD,1.78,,,,UNINSTALLED
"28 Jun 2026  05:26:20",63.8,GOOD,1.78,,,,UNINSTALLED
"28 Jun 2026  05:26:50",63.9,GOOD,1.78,,,,UNINSTALLED
"28 Jun 2026  05:27:20",63.8,GOOD,1.78,,,,UNINSTALLED
"28 Jun 2026  05:27:50",63.3,GOOD,1.78,,,,UNINSTALLED
"28 Jun 2026  05:28:20",63.0,GOOD,1.78,,,,UNINSTALLED
"28 Jun 2026  05:28:50",64.2,GOOD,1.78,,,,UNINSTALLED
"28 Jun 2026  05:29:20",63.4,GOOD,1.78,,,,UNINSTALLED
"28 Jun 2026  05:29:50",63.4,GOOD,1.78,,,,UNINSTALLED
"28 Jun 2026  05:30:20",64.6,GOOD,1.78,,,,UNINSTALLED
"28 Jun 2026  05:30:50",63.9,GOOD,1.78,,,,UNINSTALLED
"28 Jun 2026  05:31:21",64.2,GOOD,1.78,,,,UNINSTALLED
"28 Jun 2026  05:31:51",63.0,GOOD,1.78,,,,UNINSTALLED
"28 Jun 2026  05:32:21",63.7,GOOD,1.78,,,,UNINSTALLED
"28 Jun 2026  05:32:51",63.5,GOOD,1.78,,,,UNINSTALLED
"28 Jun 2026  05:33:21",63.5,GOOD,1.78,,,,UNINSTALLED
"28 Jun 2026  05:33:51",64.5,GOOD,1.78,,,,UNINSTALLED
"28 Jun 2026  05:34:21",63.4,GOOD,1.78,,,,UNINSTALLED
"28 Jun 2026  05:34:51",63.4,GOOD,1.78,,,,UNINSTALLED
"28 Jun 2026  05:35:21",64.2,GOOD,1.78,,,,UNINSTALLED
"28 Jun 2026  05:35:51",63.5,GOOD,1.78,,,,UNINSTALLED
"28 Jun 2026  05:36:21",63.6,GOOD,1.78,,,,UNINSTALLED
"28 Jun 2026  05:36:51",62.8,GOOD,1.78,,,,UNINSTALLED
"28 Jun 2026  05:37:21",64.6,GOOD,1.78,,,,UNINSTALLED
"28 Jun 2026  05:37:51",64.3,GOOD,1.78,,,,UNINSTALLED
"28 Jun 2026  05:38:21",64.7,GOOD,1.78,,,,UNINSTALLED
"28 Jun 2026  05:38:51",63.7,GOOD,1.78,,,,UNINSTALLED
"28 Jun 2026  05:39:21",63.9,GOOD,1.78,,,,UNINSTALLED
"28 Jun 2026  05:39:51",63.7,GOOD,1.78,,,,UNINSTALLED
"28 Jun 2026  05:40:21",64.1,GOOD,1.78,,,,UNINSTALLED
"28 Jun 2026  05:40:51",64.4,GOOD,1.78,,,,UNINSTALLED
"28 Jun 2026  05:41:21",63.6,GOOD,1.78,,,,UNINSTALLED
"28 Jun 2026  05:41:51",64.6,GOOD,1.78,,,,UNINSTALLED
"28 Jun 2026  05:42:21",64.4,GOOD,1.78,,,,UNINSTALLED
"28 Jun 2026  05:42:51",65.3,GOOD,1.78,,,,UNINSTALLED
"28 Jun 2026  05:43:21",66.0,GOOD,1.78,,,,UNINSTALLED
"28 Jun 2026  05:43:51",62.8,GOOD,1.78,,,,UNINSTALLED
"28 Jun 2026  05:44:21",62.7,GOOD,1.78,,,,UNINSTALLED
"28 Jun 2026  05:44:51",63.4,GOOD,1.78,,,,UNINSTALLED
"28 Jun 2026  05:45:21",65.5,GOOD,1.78,,,,UNINSTALLED
"28 Jun 2026  05:45:51",64.7,GOOD,1.78,,,,UNINSTALLED
"28 Jun 2026  05:46:21",62.6,GOOD,1.78,,,,UNINSTALLED
"28 Jun 2026  05:46:51",63.9,GOOD,1.78,,,,UNINSTALLED
"28 Jun 2026  05:47:21",62.9,GOOD,1.78,,,,UNINSTALLED
"28 Jun 2026  05:47:51",64.2,GOOD,1.78,,,,UNINSTALLED
"28 Jun 2026  05:48:21",65.1,GOOD,1.78,,,,UNINSTALLED
"28 Jun 2026  05:48:51",64.0,GOOD,1.78,,,,UNINSTALLED
"28 Jun 2026  05:49:21",64.4,GOOD,1.78,,,,UNINSTALLED
"28 Jun 2026  05:49:51",64.1,GOOD,1.78,,,,UNINSTALLED
"28 Jun 2026  05:50:21",64.1,GOOD,1.78,,,,UNINSTALLED
"28 Jun 2026  05:50:51",63.4,GOOD,1.78,,,,UNINSTALLED
"28 Jun 2026  05:51:21",64.3,GOOD,1.78,,,,UNINSTALLED
"28 Jun 2026  05:51:51",65.8,GOOD,1.78,,,,UNINSTALLED
"28 Jun 2026  05:52:22",64.9,GOOD,1.78,,,,UNINSTALLED
"28 Jun 2026  05:52:52",64.1,GOOD,1.78,,,,UNINSTALLED
"28 Jun 2026  05:53:22",63.2,GOOD,1.78,,,,UNINSTALLED
"28 Jun 2026  05:53:52",64.7,GOOD,1.78,,,,UNINSTALLED
"28 Jun 2026  05:54:22",66.0,GOOD,1.78,,,,UNINSTALLED
"28 Jun 2026  05:54:52",64.8,GOOD,1.78,,,,UNINSTALLED
"28 Jun 2026  05:55:22",64.2,GOOD,1.78,,,,UNINSTALLED
"28 Jun 2026  05:55:52",65.3,GOOD,1.78,,,,UNINSTALLED
"28 Jun 2026  05:56:22",64.9,GOOD,1.78,,,,UNINSTALLED
"28 Jun 2026  05:56:52",64.5,GOOD,1.78,,,,UNINSTALLED
"28 Jun 2026  05:57:22",63.3,GOOD,1.78,,,,UNINSTALLED
"28 Jun 2026  05:57:52",64.3,GOOD,1.78,,,,UNINSTALLED
"28 Jun 2026  05:58:22",64.6,GOOD,1.78,,,,UNINSTALLED
"28 Jun 2026  05:58:52",64.0,GOOD,1.78,,,,UNINSTALLED
"28 Jun 2026  05:59:22",64.3,GOOD,1.78,,,,UNINSTALLED
"28 Jun 2026  05:59:52",64.5,GOOD,1.78,,,,UNINSTALLED
"28 Jun 2026  06:00:22",64.5,GOOD,1.78,,,,UNINSTALLED
"28 Jun 2026  06:00:52",64.8,GOOD,1.78,,,,UNINSTALLED
"28 Jun 2026  06:01:22",63.9,GOOD,1.78,,,,UNINSTALLED
"28 Jun 2026  06:01:52",65.0,GOOD,1.78,,,,UNINSTALLED
"28 Jun 2026  06:02:22",63.5,GOOD,1.78,,,,UNINSTALLED
"28 Jun 2026  06:02:52",63.0,GOOD,1.78,,,,UNINSTALLED
"28 Jun 2026  06:03:22",64.6,GOOD,1.78,,,,UNINSTALLED
"28 Jun 2026  06:03:52",63.1,GOOD,1.78,,,,UNINSTALLED
"28 Jun 2026  06:04:22",65.2,GOOD,1.78,,,,UNINSTALLED
"28 Jun 2026  06:04:52",64.2,GOOD,1.78,,,,UNINSTALLED
"28 Jun 2026  06:05:22",64.6,GOOD,1.78,,,,UNINSTALLED
"28 Jun 2026  06:05:52",65.4,GOOD,1.78,,,,UNINSTALLED
"28 Jun 2026  06:06:22",66.1,GOOD,1.78,,,,UNINSTALLED
"28 Jun 2026  06:06:52",65.4,GOOD,1.78,,,,UNINSTALLED
"28 Jun 2026  06:07:22",65.7,GOOD,1.78,,,,UNINSTALLED
"28 Jun 2026  06:07:52",64.3,GOOD,1.78,,,,UNINSTALLED
"28 Jun 2026  06:08:22",65.2,GOOD,1.78,,,,UNINSTALLED
"28 Jun 2026  06:08:52",64.6,GOOD,1.78,,,,UNINSTALLED
"28 Jun 2026  06:09:22",66.0,GOOD,1.78,,,,UNINSTALLED
"28 Jun 2026  06:09:52",63.5,GOOD,1.78,,,,UNINSTALLED
"28 Jun 2026  06:10:22",64.3,GOOD,1.78,,,,UNINSTALLED
"28 Jun 2026  06:10:52",64.5,GOOD,1.78,,,,UNINSTALLED
"28 Jun 2026  06:11:22",64.9,GOOD,1.78,,,,UNINSTALLED
"28 Jun 2026  06:11:52",64.8,GOOD,1.78,,,,UNINSTALLED
"28 Jun 2026  06:12:22",64.6,GOOD,1.78,,,,UNINSTALLED
"28 Jun 2026  06:12:52",64.7,GOOD,1.78,,,,UNINSTALLED
"28 Jun 2026  06:13:22",65.8,GOOD,1.78,,,,UNINSTALLED
"28 Jun 2026  06:13:52",64.2,GOOD,1.78,,,,UNINSTALLED
"28 Jun 2026  06:14:22",64.2,GOOD,1.78,,,,UNINSTALLED
"28 Jun 2026  06:14:52",66.0,GOOD,1.78,,,,UNINSTALLED
"28 Jun 2026  06:15:22",64.1,GOOD,1.78,,,,UNINSTALLED
"28 Jun 2026  06:15:52",64.9,GOOD,1.78,,,,UNINSTALLED
"28 Jun 2026  06:16:23",64.3,GOOD,1.78,,,,UNINSTALLED
"28 Jun 2026  06:16:53",64.5,GOOD,1.78,,,,UNINSTALLED
"28 Jun 2026  06:17:23",63.9,GOOD,1.78,,,,UNINSTALLED
"28 Jun 2026  06:17:53",64.9,GOOD,1.78,,,,UNINSTALLED
"28 Jun 2026  06:18:23",64.8,GOOD,1.78,,,,UNINSTALLED
"28 Jun 2026  06:18:53",65.9,GOOD,1.78,,,,UNINSTALLED
"28 Jun 2026  06:19:23",64.8,GOOD,1.78,,,,UNINSTALLED
"28 Jun 2026  06:19:53",64.3,GOOD,1.78,,,,UNINSTALLED
"28 Jun 2026  06:20:23",63.6,GOOD,1.78,,,,UNINSTALLED
"28 Jun 2026  06:20:53",64.0,GOOD,1.78,,,,UNINSTALLED
"28 Jun 2026  06:21:23",64.6,GOOD,1.78,,,,UNINSTALLED
"28 Jun 2026  06:21:53",64.9,GOOD,1.78,,,,UNINSTALLED
"28 Jun 2026  06:22:23",64.1,GOOD,1.78,,,,UNINSTALLED
"28 Jun 2026  06:22:53",64.5,GOOD,1.78,,,,UNINSTALLED
"28 Jun 2026  06:23:23",63.5,GOOD,1.78,,,,UNINSTALLED
"28 Jun 2026  06:23:53",65.1,GOOD,1.78,,,,UNINSTALLED
"28 Jun 2026  06:24:23",64.6,GOOD,1.78,,,,UNINSTALLED
"28 Jun 2026  06:24:53",64.8,GOOD,1.78,,,,UNINSTALLED
"28 Jun 2026  06:25:23",64.7,GOOD,1.78,,,,UNINSTALLED
"28 Jun 2026  06:25:53",65.6,GOOD,1.78,,,,UNINSTALLED
"28 Jun 2026  06:26:23",64.6,GOOD,1.78,,,,UNINSTALLED
"28 Jun 2026  06:26:53",65.5,GOOD,1.78,,,,UNINSTALLED
"28 Jun 2026  06:27:23",64.8,GOOD,1.78,,,,UNINSTALLED
"28 Jun 2026  06:27:53",67.4,GOOD,1.78,,,,UNINSTALLED
"28 Jun 2026  06:28:23",65.6,GOOD,1.78,,,,UNINSTALLED
"28 Jun 2026  06:28:53",65.9,GOOD,1.78,,,,UNINSTALLED
"28 Jun 2026  06:29:23",64.7,GOOD,1.78,,,,UNINSTALLED
"28 Jun 2026  06:29:53",64.2,GOOD,1.78,,,,UNINSTALLED
"28 Jun 2026  06:30:23",66.3,GOOD,1.78,,,,UNINSTALLED
"28 Jun 2026  06:30:53",66.4,GOOD,1.78,,,,UNINSTALLED
"28 Jun 2026  06:31:23",66.8,GOOD,1.78,,,,UNINSTALLED
"28 Jun 2026  06:31:53",64.8,GOOD,1.78,,,,UNINSTALLED
"28 Jun 2026  06:32:23",66.0,GOOD,1.78,,,,UNINSTALLED
"28 Jun 2026  06:32:53",65.5,GOOD,1.78,,,,UNINSTALLED
"28 Jun 2026  06:33:23",64.9,GOOD,1.78,,,,UNINSTALLED
"28 Jun 2026  06:33:53",65.5,GOOD,1.78,,,,UNINSTALLED
"28 Jun 2026  06:34:23",64.9,GOOD,1.78,,,,UNINSTALLED
"28 Jun 2026  06:34:53",66.0,GOOD,1.78,,,,UNINSTALLED
"28 Jun 2026  06:35:23",67.5,GOOD,1.78,,,,UNINSTALLED
"28 Jun 2026  06:35:53",65.9,GOOD,1.78,,,,UNINSTALLED
"28 Jun 2026  06:36:23",66.8,GOOD,1.78,,,,UNINSTALLED
"28 Jun 2026  06:36:53",67.2,GOOD,1.78,,,,UNINSTALLED
"28 Jun 2026  06:37:23",66.0,GOOD,1.78,,,,UNINSTALLED
"28 Jun 2026  06:37:53",65.4,GOOD,1.78,,,,UNINSTALLED
"28 Jun 2026  06:38:23",66.0,GOOD,1.78,,,,UNINSTALLED
"28 Jun 2026  06:38:53",66.0,GOOD,1.78,,,,UNINSTALLED
"28 Jun 2026  06:39:23",65.8,GOOD,1.78,,,,UNINSTALLED
"28 Jun 2026  06:39:53",65.8,GOOD,1.78,,,,UNINSTALLED
"28 Jun 2026  06:40:23",65.6,GOOD,1.78,,,,UNINSTALLED
"28 Jun 2026  06:40:54",64.0,GOOD,1.78,,,,UNINSTALLED
"28 Jun 2026  06:41:23",65.4,GOOD,1.78,,,,UNINSTALLED
"28 Jun 2026  06:41:53",66.0,GOOD,1.78,,,,UNINSTALLED
"28 Jun 2026  06:42:24",66.2,GOOD,1.78,,,,UNINSTALLED
"28 Jun 2026  06:42:54",66.7,GOOD,1.78,,,,UNINSTALLED
"28 Jun 2026  06:43:24",66.6,GOOD,1.78,,,,UNINSTALLED
"28 Jun 2026  06:43:54",67.5,GOOD,1.78,,,,UNINSTALLED
"28 Jun 2026  06:44:24",66.2,GOOD,1.78,,,,UNINSTALLED
"28 Jun 2026  06:44:54",66.4,GOOD,1.78,,,,UNINSTALLED
"28 Jun 2026  06:45:24",66.7,GOOD,1.78,,,,UNINSTALLED
"28 Jun 2026  06:45:54",65.6,GOOD,1.78,,,,UNINSTALLED
"28 Jun 2026  06:46:24",66.0,GOOD,1.78,,,,UNINSTALLED
"28 Jun 2026  06:46:54",66.3,GOOD,1.78,,,,UNINSTALLED
"28 Jun 2026  06:47:24",65.9,GOOD,1.78,,,,UNINSTALLED
"28 Jun 2026  06:47:54",65.6,GOOD,1.78,,,,UNINSTALLED
"28 Jun 2026  06:48:24",65.1,GOOD,1.78,,,,UNINSTALLED
"28 Jun 2026  06:48:54",65.8,GOOD,1.78,,,,UNINSTALLED
"28 Jun 2026  06:49:24",67.6,GOOD,1.78,,,,UNINSTALLED
"28 Jun 2026  06:49:54",67.2,GOOD,1.78,,,,UNINSTALLED
"28 Jun 2026  06:50:24",65.7,GOOD,1.78,,,,UNINSTALLED
"28 Jun 2026  06:50:54",66.1,GOOD,1.78,,,,UNINSTALLED
"28 Jun 2026  06:51:24",64.8,GOOD,1.78,,,,UNINSTALLED
"28 Jun 2026  06:51:54",67.1,GOOD,1.78,,,,UNINSTALLED
"28 Jun 2026  06:52:24",66.1,GOOD,1.78,,,,UNINSTALLED
"28 Jun 2026  06:52:54",65.6,GOOD,1.78,,,,UNINSTALLED
"28 Jun 2026  06:53:24",66.6,GOOD,1.78,,,,UNINSTALLED
"28 Jun 2026  06:53:54",65.9,GOOD,1.78,,,,UNINSTALLED
"28 Jun 2026  06:54:24",67.2,GOOD,1.78,,,,UNINSTALLED
"28 Jun 2026  06:54:54",66.8,GOOD,1.78,,,,UNINSTALLED
"28 Jun 2026  06:55:24",67.1,GOOD,1.78,,,,UNINSTALLED
"28 Jun 2026  06:55:54",66.3,GOOD,1.78,,,,UNINSTALLED
"28 Jun 2026  06:56:24",66.1,GOOD,1.78,,,,UNINSTALLED
"28 Jun 2026  06:56:54",66.0,GOOD,1.78,,,,UNINSTALLED
"28 Jun 2026  06:57:24",65.8,GOOD,1.78,,,,UNINSTALLED
"28 Jun 2026  06:57:54",66.0,GOOD,1.78,,,,UNINSTALLED
"28 Jun 2026  06:58:24",66.4,GOOD,1.78,,,,UNINSTALLED
"28 Jun 2026  06:58:54",66.0,GOOD,1.78,,,,UNINSTALLED
"28 Jun 2026  06:59:24",66.5,GOOD,1.78,,,,UNINSTALLED
"28 Jun 2026  06:59:54",65.3,GOOD,1.78,,,,UNINSTALLED
"28 Jun 2026  07:00:24",65.0,GOOD,1.78,,,,UNINSTALLED
"28 Jun 2026  07:00:54",65.7,GOOD,1.78,,,,UNINSTALLED
"28 Jun 2026  07:01:24",66.8,GOOD,1.78,,,,UNINSTALLED
"28 Jun 2026  07:01:54",66.5,GOOD,1.78,,,,UNINSTALLED
"28 Jun 2026  07:02:24",65.7,GOOD,1.78,,,,UNINSTALLED
"28 Jun 2026  07:02:54",66.9,GOOD,1.78,,,,UNINSTALLED
"28 Jun 2026  07:03:24",66.9,GOOD,1.78,,,,UNINSTALLED
"28 Jun 2026  07:03:54",67.2,GOOD,1.78,,,,UNINSTALLED
"28 Jun 2026  07:04:24",65.1,GOOD,1.78,,,,UNINSTALLED
"28 Jun 2026  07:04:54",66.5,GOOD,1.78,,,,UNINSTALLED
"28 Jun 2026  07:05:25",66.6,GOOD,1.78,,,,UNINSTALLED
"28 Jun 2026  07:05:55",66.9,GOOD,1.78,,,,UNINSTALLED
"28 Jun 2026  07:06:25",67.7,GOOD,1.78,,,,UNINSTALLED
"28 Jun 2026  07:06:55",66.1,GOOD,1.78,,,,UNINSTALLED
"28 Jun 2026  07:07:25",65.6,GOOD,1.78,,,,UNINSTALLED
"28 Jun 2026  07:07:55",67.1,GOOD,1.78,,,,UNINSTALLED
"28 Jun 2026  07:08:25",67.4,GOOD,1.78,,,,UNINSTALLED
"28 Jun 2026  07:08:55",65.1,GOOD,1.78,,,,UNINSTALLED
"28 Jun 2026  07:09:25",66.1,GOOD,1.78,,,,UNINSTALLED
"28 Jun 2026  07:09:55",67.4,GOOD,1.78,,,,UNINSTALLED
"28 Jun 2026  07:10:25",67.2,GOOD,1.78,,,,UNINSTALLED
"28 Jun 2026  07:10:55",66.9,GOOD,1.78,,,,UNINSTALLED
"28 Jun 2026  07:11:25",66.0,GOOD,1.78,,,,UNINSTALLED
"28 Jun 2026  07:11:55",66.6,GOOD,1.78,,,,UNINSTALLED
"28 Jun 2026  07:12:25",67.0,GOOD,1.78,,,,UNINSTALLED
"28 Jun 2026  07:12:55",68.5,GOOD,1.78,,,,UNINSTALLED
"28 Jun 2026  07:13:25",67.5,GOOD,1.78,,,,UNINSTALLED
"28 Jun 2026  07:13:55",67.0,GOOD,1.78,,,,UNINSTALLED
"28 Jun 2026  07:14:25",67.1,GOOD,1.78,,,,UNINSTALLED
"28 Jun 2026  07:14:55",67.4,GOOD,1.78,,,,UNINSTALLED
"28 Jun 2026  07:15:25",67.0,GOOD,1.78,,,,UNINSTALLED
"28 Jun 2026  07:15:55",66.6,GOOD,1.78,,,,UNINSTALLED
"28 Jun 2026  07:16:25",67.1,GOOD,1.78,,,,UNINSTALLED
"28 Jun 2026  07:16:55",66.6,GOOD,1.78,,,,UNINSTALLED
"28 Jun 2026  07:17:25",66.8,GOOD,1.78,,,,UNINSTALLED
"28 Jun 2026  07:17:55",66.6,GOOD,1.78,,,,UNINSTALLED
"28 Jun 2026  07:18:25",65.9,GOOD,1.78,,,,UNINSTALLED
"28 Jun 2026  07:18:55",68.4,GOOD,1.78,,,,UNINSTALLED
"28 Jun 2026  07:19:25",68.4,GOOD,1.78,,,,UNINSTALLED
"28 Jun 2026  07:19:55",68.7,GOOD,1.78,,,,UNINSTALLED
"28 Jun 2026  07:20:25",69.2,GOOD,1.78,,,,UNINSTALLED
"28 Jun 2026  07:20:55",67.0,GOOD,1.78,,,,UNINSTALLED
"28 Jun 2026  07:21:25",64.7,GOOD,1.78,,,,UNINSTALLED
"28 Jun 2026  07:21:55",66.5,GOOD,1.78,,,,UNINSTALLED
"28 Jun 2026  07:22:25",67.8,GOOD,1.78,,,,UNINSTALLED
"28 Jun 2026  07:22:55",69.0,GOOD,1.78,,,,UNINSTALLED
"28 Jun 2026  07:23:25",67.9,GOOD,1.78,,,,UNINSTALLED
"28 Jun 2026  07:23:55",68.5,GOOD,1.78,,,,UNINSTALLED
"28 Jun 2026  07:24:25",66.5,GOOD,1.78,,,,UNINSTALLED
"28 Jun 2026  07:24:55",65.5,GOOD,1.78,,,,UNINSTALLED
"28 Jun 2026  07:25:25",66.4,GOOD,1.78,,,,UNINSTALLED
"28 Jun 2026  07:25:55",66.0,GOOD,1.78,,,,UNINSTALLED
"28 Jun 2026  07:26:25",67.0,GOOD,1.78,,,,UNINSTALLED
"28 Jun 2026  07:26:55",66.8,GOOD,1.78,,,,UNINSTALLED
"28 Jun 2026  07:27:25",68.5,GOOD,1.78,,,,UNINSTALLED
"28 Jun 2026  07:27:55",68.1,GOOD,1.78,,,,UNINSTALLED
"28 Jun 2026  07:28:25",68.0,GOOD,1.78,,,,UNINSTALLED
"28 Jun 2026  07:28:55",67.6,GOOD,1.78,,,,UNINSTALLED
"28 Jun 2026  07:29:25",69.0,GOOD,1.78,,,,UNINSTALLED
"28 Jun 2026  07:29:56",67.4,GOOD,1.78,,,,UNINSTALLED
"28 Jun 2026  07:30:26",67.2,GOOD,1.78,,,,UNINSTALLED
"28 Jun 2026  07:30:56",67.3,GOOD,1.78,,,,UNINSTALLED
"28 Jun 2026  07:31:26",67.1,GOOD,1.78,,,,UNINSTALLED
"28 Jun 2026  07:31:56",67.8,GOOD,1.78,,,,UNINSTALLED
"28 Jun 2026  07:32:26",68.3,GOOD,1.78,,,,UNINSTALLED
"28 Jun 2026  07:32:56",67.6,GOOD,1.78,,,,UNINSTALLED
"28 Jun 2026  07:33:26",68.2,GOOD,1.78,,,,UNINSTALLED
"28 Jun 2026  07:33:56",67.8,GOOD,1.78,,,,UNINSTALLED
"28 Jun 2026  07:34:26",66.9,GOOD,1.78,,,,UNINSTALLED
"28 Jun 2026  07:34:56",68.1,GOOD,1.78,,,,UNINSTALLED
"28 Jun 2026  07:35:26",67.5,GOOD,1.78,,,,UNINSTALLED
"28 Jun 2026  07:35:56",66.5,GOOD,1.78,,,,UNINSTALLED
"28 Jun 2026  07:36:26",67.4,GOOD,1.78,,,,UNINSTALLED
"28 Jun 2026  07:36:56",68.9,GOOD,1.78,,,,UNINSTALLED
"28 Jun 2026  07:37:26",67.7,GOOD,1.78,,,,UNINSTALLED
"28 Jun 2026  07:37:56",66.9,GOOD,1.78,,,,UNINSTALLED
"28 Jun 2026  07:38:26",68.0,GOOD,1.78,,,,UNINSTALLED
"28 Jun 2026  07:38:56",68.3,GOOD,1.78,,,,UNINSTALLED
"28 Jun 2026  07:39:26",68.2,GOOD,1.78,,,,UNINSTALLED
"28 Jun 2026  07:39:56",67.2,GOOD,1.78,,,,UNINSTALLED
"28 Jun 2026  07:40:26",68.5,GOOD,1.78,,,,UNINSTALLED
"28 Jun 2026  07:40:56",68.9,GOOD,1.78,,,,UNINSTALLED
"28 Jun 2026  07:41:26",68.4,GOOD,1.78,,,,UNINSTALLED
"28 Jun 2026  07:41:56",67.5,GOOD,1.78,,,,UNINSTALLED
"28 Jun 2026  07:42:26",67.8,GOOD,1.78,,,,UNINSTALLED
"28 Jun 2026  07:42:56",68.6,GOOD,1.78,,,,UNINSTALLED
"28 Jun 2026  07:43:26",67.8,GOOD,1.78,,,,UNINSTALLED
"28 Jun 2026  07:43:56",68.1,GOOD,1.78,,,,UNINSTALLED
"28 Jun 2026  07:44:26",67.7,GOOD,1.78,,,,UNINSTALLED
"28 Jun 2026  07:44:56",66.9,GOOD,1.78,,,,UNINSTALLED
"28 Jun 2026  07:45:26",68.7,GOOD,1.78,,,,UNINSTALLED
"28 Jun 2026  07:45:56",67.9,GOOD,1.78,,,,UNINSTALLED
"28 Jun 2026  07:46:26",66.5,GOOD,1.78,,,,UNINSTALLED
"28 Jun 2026  07:46:56",68.4,GOOD,1.78,,,,UNINSTALLED
"28 Jun 2026  07:47:26",68.8,GOOD,1.78,,,,UNINSTALLED
"28 Jun 2026  07:47:56",70.0,GOOD,1.78,,,,UNINSTALLED
"28 Jun 2026  07:48:26",68.6,GOOD,1.78,,,,UNINSTALLED
"28 Jun 2026  07:48:56",67.4,GOOD,1.78,,,,UNINSTALLED
"28 Jun 2026  07:49:27",66.3,GOOD,1.78,,,,UNINSTALLED
"28 Jun 2026  07:49:57",67.3,GOOD,1.78,,,,UNINSTALLED
"28 Jun 2026  07:50:27",68.6,GOOD,1.78,,,,UNINSTALLED
"28 Jun 2026  07:50:57",68.0,GOOD,1.78,,,,UNINSTALLED
"28 Jun 2026  07:51:27",67.5,GOOD,1.78,,,,UNINSTALLED
"28 Jun 2026  07:51:57",68.7,GOOD,1.78,,,,UNINSTALLED
"28 Jun 2026  07:52:27",66.6,GOOD,1.78,,,,UNINSTALLED
"28 Jun 2026  07:52:57",66.5,GOOD,1.78,,,,UNINSTALLED
"28 Jun 2026  07:53:27",67.3,GOOD,1.78,,,,UNINSTALLED
"28 Jun 2026  07:53:57",68.4,GOOD,1.78,,,,UNINSTALLED
"28 Jun 2026  07:54:27",67.7,GOOD,1.78,,,,UNINSTALLED
"28 Jun 2026  07:54:57",68.5,GOOD,1.78,,,,UNINSTALLED
"28 Jun 2026  07:55:27",67.9,GOOD,1.78,,,,UNINSTALLED
"28 Jun 2026  07:55:57",66.9,GOOD,1.78,,,,UNINSTALLED
"28 Jun 2026  07:56:27",67.3,GOOD,1.78,,,,UNINSTALLED
"28 Jun 2026  07:56:57",69.4,GOOD,1.78,,,,UNINSTALLED
"28 Jun 2026  07:57:27",68.3,GOOD,1.78,,,,UNINSTALLED
"28 Jun 2026  07:57:57",67.4,GOOD,1.78,,,,UNINSTALLED
"28 Jun 2026  07:58:27",69.0,GOOD,1.78,,,,UNINSTALLED
"28 Jun 2026  07:58:57",67.8,GOOD,1.78,,,,UNINSTALLED
"28 Jun 2026  07:59:27",67.1,GOOD,1.78,,,,UNINSTALLED
"28 Jun 2026  07:59:57",67.9,GOOD,1.78,,,,UNINSTALLED
"28 Jun 2026  08:00:27",67.9,GOOD,1.78,,,,UNINSTALLED
"28 Jun 2026  08:00:57",67.6,GOOD,1.78,,,,UNINSTALLED
"28 Jun 2026  08:01:27",69.1,GOOD,1.78,,,,UNINSTALLED
"28 Jun 2026  08:01:57",68.6,GOOD,1.78,,,,UNINSTALLED
"28 Jun 2026  08:02:27",66.5,GOOD,1.78,,,,UNINSTALLED
"28 Jun 2026  08:02:57",67.7,GOOD,1.78,,,,UNINSTALLED
"28 Jun 2026  08:03:27",69.5,GOOD,1.78,,,,UNINSTALLED
"28 Jun 2026  08:03:57",67.4,GOOD,1.78,,,,UNINSTALLED
"28 Jun 2026  08:04:27",66.6,GOOD,1.78,,,,UNINSTALLED
"28 Jun 2026  08:04:57",67.9,GOOD,1.78,,,,UNINSTALLED
"28 Jun 2026  08:05:27",68.1,GOOD,1.78,,,,UNINSTALLED
"28 Jun 2026  08:05:57",64.4,GOOD,1.78,,,,UNINSTALLED
"28 Jun 2026  08:06:27",66.2,GOOD,1.78,,,,UNINSTALLED
"28 Jun 2026  08:06:57",65.3,GOOD,1.78,,,,UNINSTALLED
"28 Jun 2026  08:07:27",65.7,GOOD,1.78,,,,UNINSTALLED
"28 Jun 2026  08:07:58",68.8,GOOD,1.78,,,,UNINSTALLED
"28 Jun 2026  08:08:28",68.5,GOOD,1.78,,,,UNINSTALLED
"28 Jun 2026  08:08:58",67.1,GOOD,1.78,,,,UNINSTALLED
"28 Jun 2026  08:09:28",67.9,GOOD,1.78,,,,UNINSTALLED
"28 Jun 2026  08:09:58",67.3,GOOD,1.78,,,,UNINSTALLED
"28 Jun 2026  08:10:28",68.2,GOOD,1.78,,,,UNINSTALLED
"28 Jun 2026  08:10:58",66.2,GOOD,1.78,,,,UNINSTALLED
"28 Jun 2026  08:11:28",65.2,GOOD,1.78,,,,UNINSTALLED
"28 Jun 2026  08:11:58",67.3,GOOD,1.78,,,,UNINSTALLED
"28 Jun 2026  08:12:28",67.3,GOOD,1.78,,,,UNINSTALLED
"28 Jun 2026  08:12:58",67.7,GOOD,1.78,,,,UNINSTALLED
"28 Jun 2026  08:13:28",66.9,GOOD,1.78,,,,UNINSTALLED
"28 Jun 2026  08:13:58",67.1,GOOD,1.78,,,,UNINSTALLED
"28 Jun 2026  08:14:28",69.6,GOOD,1.78,,,,UNINSTALLED
"28 Jun 2026  08:14:58",66.3,GOOD,1.78,,,,UNINSTALLED
"28 Jun 2026  08:15:28",66.3,GOOD,1.78,,,,UNINSTALLED
"28 Jun 2026  08:15:58",67.2,GOOD,1.78,,,,UNINSTALLED
"28 Jun 2026  08:16:28",68.2,GOOD,1.78,,,,UNINSTALLED
"28 Jun 2026  08:16:58",68.2,GOOD,1.78,,,,UNINSTALLED
"28 Jun 2026  08:17:28",67.9,GOOD,1.78,,,,UNINSTALLED
"28 Jun 2026  08:17:58",67.2,GOOD,1.78,,,,UNINSTALLED
"28 Jun 2026  08:18:28",67.2,GOOD,1.78,,,,UNINSTALLED
"28 Jun 2026  08:18:58",68.0,GOOD,1.78,,,,UNINSTALLED
"28 Jun 2026  08:19:28",65.3,GOOD,1.78,,,,UNINSTALLED
"28 Jun 2026  08:19:58",66.5,GOOD,1.78,,,,UNINSTALLED
"28 Jun 2026  08:20:28",65.4,GOOD,1.78,,,,UNINSTALLED
"28 Jun 2026  08:20:58",66.9,GOOD,1.78,,,,UNINSTALLED
"28 Jun 2026  08:21:28",67.4,GOOD,1.78,,,,UNINSTALLED
"28 Jun 2026  08:21:58",67.6,GOOD,1.78,,,,UNINSTALLED
"28 Jun 2026  08:22:28",67.9,GOOD,1.78,,,,UNINSTALLED
"28 Jun 2026  08:22:59",69.4,GOOD,1.78,,,,UNINSTALLED
"28 Jun 2026  08:23:29",69.2,GOOD,1.78,,,,UNINSTALLED
"28 Jun 2026  08:23:59",66.0,GOOD,1.78,,,,UNINSTALLED
"28 Jun 2026  08:24:29",65.4,GOOD,1.78,,,,UNINSTALLED
"28 Jun 2026  08:24:59",67.7,GOOD,1.78,,,,UNINSTALLED
"28 Jun 2026  08:25:29",67.3,GOOD,1.78,,,,UNINSTALLED
"28 Jun 2026  08:25:59",69.2,GOOD,1.78,,,,UNINSTALLED
"28 Jun 2026  08:26:29",68.0,GOOD,1.78,,,,UNINSTALLED
"28 Jun 2026  08:26:59",66.1,GOOD,1.78,,,,UNINSTALLED
"28 Jun 2026  08:27:29",66.2,GOOD,1.78,,,,UNINSTALLED
"28 Jun 2026  08:27:59",68.9,GOOD,1.78,,,,UNINSTALLED
"28 Jun 2026  08:28:29",67.7,GOOD,1.78,,,,UNINSTALLED
"28 Jun 2026  08:28:59",67.1,GOOD,1.78,,,,UNINSTALLED
"28 Jun 2026  08:29:29",67.5,GOOD,1.78,,,,UNINSTALLED
"28 Jun 2026  08:29:59",68.1,GOOD,1.78,,,,UNINSTALLED
"28 Jun 2026  08:30:29",68.0,GOOD,1.78,,,,UNINSTALLED
"28 Jun 2026  08:30:59",67.5,GOOD,1.78,,,,UNINSTALLED
"28 Jun 2026  08:31:29",67.7,GOOD,1.78,,,,UNINSTALLED
"28 Jun 2026  08:31:59",67.8,GOOD,1.78,,,,UNINSTALLED
"28 Jun 2026  08:32:29",68.1,GOOD,1.78,,,,UNINSTALLED
"28 Jun 2026  08:32:59",67.9,GOOD,1.78,,,,UNINSTALLED
"28 Jun 2026  08:33:29",67.4,GOOD,1.78,,,,UNINSTALLED
"28 Jun 2026  08:33:59",66.7,GOOD,1.78,,,,UNINSTALLED
"28 Jun 2026  08:34:29",66.0,GOOD,1.78,,,,UNINSTALLED
"28 Jun 2026  08:34:59",67.9,GOOD,1.78,,,,UNINSTALLED
"28 Jun 2026  08:35:29",67.5,GOOD,1.78,,,,UNINSTALLED
"28 Jun 2026  08:35:59",67.9,GOOD,1.78,,,,UNINSTALLED
"28 Jun 2026  08:36:29",67.9,GOOD,1.78,,,,UNINSTALLED
"28 Jun 2026  08:36:59",66.4,GOOD,1.78,,,,UNINSTALLED
"28 Jun 2026  08:37:29",68.5,GOOD,1.78,,,,UNINSTALLED
"28 Jun 2026  08:37:59",67.6,GOOD,1.78,,,,UNINSTALLED
"28 Jun 2026  08:38:29",67.0,GOOD,1.78,,,,UNINSTALLED
"28 Jun 2026  08:38:59",66.9,GOOD,1.78,,,,UNINSTALLED
"28 Jun 2026  08:39:29",68.1,GOOD,1.78,,,,UNINSTALLED
"28 Jun 2026  08:39:59",66.5,GOOD,1.78,,,,UNINSTALLED
"28 Jun 2026  08:40:29",66.4,GOOD,1.78,,,,UNINSTALLED
"28 Jun 2026  08:40:59",67.1,GOOD,1.78,,,,UNINSTALLED
"28 Jun 2026  08:41:30",66.5,GOOD,1.78,,,,UNINSTALLED
"28 Jun 2026  08:42:00",67.7,GOOD,1.78,,,,UNINSTALLED
"28 Jun 2026  08:42:30",69.4,GOOD,1.78,,,,UNINSTALLED
"28 Jun 2026  08:43:00",67.9,GOOD,1.78,,,,UNINSTALLED
"28 Jun 2026  08:43:30",68.3,GOOD,1.78,,,,UNINSTALLED
"28 Jun 2026  08:44:00",67.8,GOOD,1.78,,,,UNINSTALLED
"28 Jun 2026  08:44:30",68.7,GOOD,1.78,,,,UNINSTALLED
"28 Jun 2026  08:45:00",69.5,GOOD,1.78,,,,UNINSTALLED
"28 Jun 2026  08:45:30",69.3,GOOD,1.78,,,,UNINSTALLED
"28 Jun 2026  08:46:00",68.1,GOOD,1.78,,,,UNINSTALLED
"28 Jun 2026  08:46:30",68.5,GOOD,1.78,,,,UNINSTALLED
"28 Jun 2026  08:47:00",68.3,GOOD,1.78,,,,UNINSTALLED
"28 Jun 2026  08:47:30",67.9,GOOD,1.78,,,,UNINSTALLED
"28 Jun 2026  08:48:00",68.0,GOOD,1.78,,,,UNINSTALLED
"28 Jun 2026  08:48:30",66.7,GOOD,1.78,,,,UNINSTALLED
"28 Jun 2026  08:49:00",69.5,GOOD,1.78,,,,UNINSTALLED
"28 Jun 2026  08:49:30",68.2,GOOD,1.78,,,,UNINSTALLED
"28 Jun 2026  08:50:00",68.2,GOOD,1.78,,,,UNINSTALLED
"28 Jun 2026  08:50:30",69.0,GOOD,1.78,,,,UNINSTALLED
"28 Jun 2026  08:51:00",68.0,GOOD,1.78,,,,UNINSTALLED
"28 Jun 2026  08:51:30",69.4,GOOD,1.78,,,,UNINSTALLED
"28 Jun 2026  08:52:00",68.3,GOOD,1.78,,,,UNINSTALLED
"28 Jun 2026  08:52:30",69.1,GOOD,1.78,,,,UNINSTALLED
"28 Jun 2026  08:53:00",66.7,GOOD,1.78,,,,UNINSTALLED
"28 Jun 2026  08:53:30",68.0,GOOD,1.78,,,,UNINSTALLED
"28 Jun 2026  08:54:00",69.3,GOOD,1.78,,,,UNINSTALLED
"28 Jun 2026  08:54:30",68.1,GOOD,1.78,,,,UNINSTALLED
"28 Jun 2026  08:55:00",69.0,GOOD,1.78,,,,UNINSTALLED
"28 Jun 2026  08:55:30",67.5,GOOD,1.78,,,,UNINSTALLED
"28 Jun 2026  08:56:00",68.3,GOOD,1.78,,,,UNINSTALLED
"28 Jun 2026  08:56:30",69.2,GOOD,1.78,,,,UNINSTALLED
"28 Jun 2026  08:57:00",68.4,GOOD,1.78,,,,UNINSTALLED
"28 Jun 2026  08:57:31",69.3,GOOD,1.78,,,,UNINSTALLED
"28 Jun 2026  08:58:01",69.6,GOOD,1.78,,,,UNINSTALLED
"28 Jun 2026  08:58:31",68.8,GOOD,1.78,,,,UNINSTALLED
"28 Jun 2026  08:59:01",69.0,GOOD,1.78,,,,UNINSTALLED
"28 Jun 2026  08:59:31",68.2,GOOD,1.78,,,,UNINSTALLED
"28 Jun 2026  09:00:01",68.4,GOOD,1.78,,,,UNINSTALLED
"28 Jun 2026  09:00:31",68.9,GOOD,1.78,,,,UNINSTALLED
"28 Jun 2026  09:01:01",68.4,GOOD,1.78,,,,UNINSTALLED
"28 Jun 2026  09:01:31",68.0,GOOD,1.78,,,,UNINSTALLED
"28 Jun 2026  09:02:01",67.1,GOOD,1.78,,,,UNINSTALLED
"28 Jun 2026  09:02:31",66.4,GOOD,1.78,,,,UNINSTALLED
"28 Jun 2026  09:03:01",67.5,GOOD,1.78,,,,UNINSTALLED
"28 Jun 2026  09:03:31",69.5,GOOD,1.78,,,,UNINSTALLED
"28 Jun 2026  09:04:01",69.7,GOOD,1.78,,,,UNINSTALLED
"28 Jun 2026  09:04:31",67.7,GOOD,1.78,,,,UNINSTALLED
"28 Jun 2026  09:05:01",68.0,GOOD,1.78,,,,UNINSTALLED
"28 Jun 2026  09:05:31",67.5,GOOD,1.78,,,,UNINSTALLED
"28 Jun 2026  09:06:01",68.5,GOOD,1.78,,,,UNINSTALLED
"28 Jun 2026  09:06:31",66.8,GOOD,1.78,,,,UNINSTALLED
"28 Jun 2026  09:07:01",67.9,GOOD,1.78,,,,UNINSTALLED
"28 Jun 2026  09:07:31",69.0,GOOD,1.78,,,,UNINSTALLED
"28 Jun 2026  09:08:01",69.7,GOOD,1.78,,,,UNINSTALLED
"28 Jun 2026  09:08:31",67.1,GOOD,1.78,,,,UNINSTALLED
"28 Jun 2026  09:09:01",67.3,GOOD,1.78,,,,UNINSTALLED
"28 Jun 2026  09:09:31",66.7,GOOD,1.78,,,,UNINSTALLED
"28 Jun 2026  09:10:01",67.7,GOOD,1.78,,,,UNINSTALLED
"28 Jun 2026  09:10:32",70.1,GOOD,1.78,,,,UNINSTALLED
"28 Jun 2026  09:11:02",69.6,GOOD,1.78,,,,UNINSTALLED
"28 Jun 2026  09:11:32",67.0,GOOD,1.78,,,,UNINSTALLED
"28 Jun 2026  09:12:02",66.5,GOOD,1.78,,,,UNINSTALLED
"28 Jun 2026  09:12:32",70.9,GOOD,1.78,,,,UNINSTALLED
"28 Jun 2026  09:13:02",69.3,GOOD,1.78,,,,UNINSTALLED
"28 Jun 2026  09:13:32",68.7,GOOD,1.78,,,,UNINSTALLED
"28 Jun 2026  09:14:02",69.7,GOOD,1.78,,,,UNINSTALLED
"28 Jun 2026  09:14:32",69.1,GOOD,1.78,,,,UNINSTALLED
"28 Jun 2026  09:15:02",70.2,GOOD,1.78,,,,UNINSTALLED
"28 Jun 2026  09:15:32",70.1,GOOD,1.78,,,,UNINSTALLED
"28 Jun 2026  09:16:02",68.2,GOOD,1.78,,,,UNINSTALLED
"28 Jun 2026  09:16:32",67.6,GOOD,1.78,,,,UNINSTALLED
"28 Jun 2026  09:17:02",69.3,GOOD,1.78,,,,UNINSTALLED
"28 Jun 2026  09:17:32",70.1,GOOD,1.78,,,,UNINSTALLED
"28 Jun 2026  09:18:02",69.4,GOOD,1.78,,,,UNINSTALLED
"28 Jun 2026  09:18:32",67.9,GOOD,1.78,,,,UNINSTALLED
"28 Jun 2026  09:19:02",68.8,GOOD,1.78,,,,UNINSTALLED
"28 Jun 2026  09:19:32",69.3,GOOD,1.78,,,,UNINSTALLED
"28 Jun 2026  09:20:02",67.4,GOOD,1.78,,,,UNINSTALLED
"28 Jun 2026  09:20:32",68.0,GOOD,1.78,,,,UNINSTALLED
"28 Jun 2026  09:21:02",69.6,GOOD,1.78,,,,UNINSTALLED
"28 Jun 2026  09:21:32",69.0,GOOD,1.78,,,,UNINSTALLED
"28 Jun 2026  09:22:02",69.0,GOOD,1.78,,,,UNINSTALLED
"28 Jun 2026  09:22:32",69.9,GOOD,1.78,,,,UNINSTALLED
"28 Jun 2026  09:23:02",69.5,GOOD,1.78,,,,UNINSTALLED
"28 Jun 2026  09:23:32",69.0,GOOD,1.78,,,,UNINSTALLED
"28 Jun 2026  09:24:02",69.0,GOOD,1.78,,,,UNINSTALLED
"28 Jun 2026  09:24:32",68.0,GOOD,1.78,,,,UNINSTALLED
"28 Jun 2026  09:25:02",69.8,GOOD,1.78,,,,UNINSTALLED
"28 Jun 2026  09:25:32",68.1,GOOD,1.78,,,,UNINSTALLED
"28 Jun 2026  09:26:03",68.5,GOOD,1.78,,,,UNINSTALLED
"28 Jun 2026  09:26:33",68.4,GOOD,1.78,,,,UNINSTALLED
"28 Jun 2026  09:27:03",69.0,GOOD,1.78,,,,UNINSTALLED
"28 Jun 2026  09:27:33",69.0,GOOD,1.78,,,,UNINSTALLED
"28 Jun 2026  09:28:03",68.6,GOOD,1.78,,,,UNINSTALLED
"28 Jun 2026  09:28:33",69.1,GOOD,1.78,,,,UNINSTALLED
"28 Jun 2026  09:29:03",70.4,GOOD,1.78,,,,UNINSTALLED
"28 Jun 2026  09:29:33",69.1,GOOD,1.78,,,,UNINSTALLED
"28 Jun 2026  09:30:03",68.6,GOOD,1.78,,,,UNINSTALLED
"28 Jun 2026  09:30:33",67.9,GOOD,1.78,,,,UNINSTALLED
"28 Jun 2026  09:31:03",68.3,GOOD,1.78,,,,UNINSTALLED
"28 Jun 2026  09:31:33",69.4,GOOD,1.78,,,,UNINSTALLED
"28 Jun 2026  09:32:03",69.8,GOOD,1.78,,,,UNINSTALLED
"28 Jun 2026  09:32:33",67.7,GOOD,1.78,,,,UNINSTALLED
"28 Jun 2026  09:33:03",69.3,GOOD,1.78,,,,UNINSTALLED
"28 Jun 2026  09:33:33",69.3,GOOD,1.78,,,,UNINSTALLED
"28 Jun 2026  09:34:03",70.2,GOOD,1.78,,,,UNINSTALLED
"28 Jun 2026  09:34:33",68.4,GOOD,1.78,,,,UNINSTALLED
"28 Jun 2026  09:35:03",68.9,GOOD,1.78,,,,UNINSTALLED
"28 Jun 2026  09:35:33",68.6,GOOD,1.78,,,,UNINSTALLED
"28 Jun 2026  09:36:03",69.1,GOOD,1.78,,,,UNINSTALLED
"28 Jun 2026  09:36:33",70.3,GOOD,1.78,,,,UNINSTALLED
"28 Jun 2026  09:37:03",70.0,GOOD,1.78,,,,UNINSTALLED
"28 Jun 2026  09:37:33",69.5,GOOD,1.78,,,,UNINSTALLED
"28 Jun 2026  09:38:03",69.9,GOOD,1.78,,,,UNINSTALLED
"28 Jun 2026  09:38:33",70.6,GOOD,1.78,,,,UNINSTALLED
"28 Jun 2026  09:39:03",68.3,GOOD,1.78,,,,UNINSTALLED
"28 Jun 2026  09:39:33",70.1,GOOD,1.78,,,,UNINSTALLED
"28 Jun 2026  09:40:03",69.8,GOOD,1.78,,,,UNINSTALLED
"28 Jun 2026  09:40:33",69.5,GOOD,1.78,,,,UNINSTALLED
"28 Jun 2026  09:41:03",68.8,GOOD,1.78,,,,UNINSTALLED
"28 Jun 2026  09:41:33",69.0,GOOD,1.78,,,,UNINSTALLED
"28 Jun 2026  09:42:03",69.9,GOOD,1.78,,,,UNINSTALLED
"28 Jun 2026  09:42:33",69.7,GOOD,1.78,,,,UNINSTALLED
"28 Jun 2026  09:43:04",69.3,GOOD,1.78,,,,UNINSTALLED
"28 Jun 2026  09:43:34",69.5,GOOD,1.78,,,,UNINSTALLED
"28 Jun 2026  09:44:04",69.0,GOOD,1.78,,,,UNINSTALLED
"28 Jun 2026  09:44:34",70.6,GOOD,1.78,,,,UNINSTALLED
"28 Jun 2026  09:45:04",69.3,GOOD,1.78,,,,UNINSTALLED
"28 Jun 2026  09:45:34",70.6,GOOD,1.78,,,,UNINSTALLED
"28 Jun 2026  09:46:04",69.0,GOOD,1.78,,,,UNINSTALLED
"28 Jun 2026  09:46:34",69.9,GOOD,1.78,,,,UNINSTALLED
"28 Jun 2026  09:47:04",70.0,GOOD,1.78,,,,UNINSTALLED
"28 Jun 2026  09:47:34",70.6,GOOD,1.78,,,,UNINSTALLED
"28 Jun 2026  09:48:04",71.1,GOOD,1.78,,,,UNINSTALLED
"28 Jun 2026  09:48:34",70.0,GOOD,1.78,,,,UNINSTALLED
"28 Jun 2026  09:49:04",69.0,GOOD,1.78,,,,UNINSTALLED
"28 Jun 2026  09:49:34",68.1,GOOD,1.78,,,,UNINSTALLED
"28 Jun 2026  09:50:04",70.5,GOOD,1.78,,,,UNINSTALLED
"28 Jun 2026  09:50:34",70.1,GOOD,1.78,,,,UNINSTALLED
"28 Jun 2026  09:51:04",71.6,GOOD,1.78,,,,UNINSTALLED
"28 Jun 2026  09:51:34",70.2,GOOD,1.78,,,,UNINSTALLED
"28 Jun 2026  09:52:04",69.7,GOOD,1.78,,,,UNINSTALLED
"28 Jun 2026  09:52:34",69.7,GOOD,1.78,,,,UNINSTALLED
"28 Jun 2026  09:53:04",69.4,GOOD,1.78,,,,UNINSTALLED
"28 Jun 2026  09:53:34",70.0,GOOD,1.78,,,,UNINSTALLED
"28 Jun 2026  09:54:04",70.1,GOOD,1.78,,,,UNINSTALLED
"28 Jun 2026  09:54:34",69.7,GOOD,1.78,,,,UNINSTALLED
"28 Jun 2026  09:55:04",69.9,GOOD,1.78,,,,UNINSTALLED
"28 Jun 2026  09:55:34",70.6,GOOD,1.78,,,,UNINSTALLED
"28 Jun 2026  09:56:04",71.7,GOOD,1.78,,,,UNINSTALLED
"28 Jun 2026  09:56:34",69.3,GOOD,1.78,,,,UNINSTALLED
"28 Jun 2026  09:57:04",68.1,GOOD,1.78,,,,UNINSTALLED
"28 Jun 2026  09:57:34",69.4,GOOD,1.78,,,,UNINSTALLED
"28 Jun 2026  09:58:04",70.1,GOOD,1.78,,,,UNINSTALLED
"28 Jun 2026  09:58:34",70.6,GOOD,1.78,,,,UNINSTALLED
"28 Jun 2026  09:59:04",71.4,GOOD,1.78,,,,UNINSTALLED
"28 Jun 2026  09:59:34",72.2,GOOD,1.78,,,,UNINSTALLED
"28 Jun 2026  10:00:05",71.8,GOOD,1.78,,,,UNINSTALLED
"28 Jun 2026  10:00:35",69.3,GOOD,1.78,,,,UNINSTALLED
"28 Jun 2026  10:01:05",70.6,GOOD,1.78,,,,UNINSTALLED
"28 Jun 2026  10:01:35",70.3,GOOD,1.78,,,,UNINSTALLED
"28 Jun 2026  10:02:05",70.0,GOOD,1.78,,,,UNINSTALLED
"28 Jun 2026  10:02:35",70.4,GOOD,1.78,,,,UNINSTALLED
"28 Jun 2026  10:03:05",70.9,GOOD,1.78,,,,UNINSTALLED
"28 Jun 2026  10:03:35",71.9,GOOD,1.78,,,,UNINSTALLED
"28 Jun 2026  10:04:05",68.7,GOOD,1.78,,,,UNINSTALLED
"28 Jun 2026  10:04:35",70.4,GOOD,1.78,,,,UNINSTALLED
"28 Jun 2026  10:05:05",71.7,GOOD,1.78,,,,UNINSTALLED
"28 Jun 2026  10:05:35",72.4,GOOD,1.78,,,,UNINSTALLED
"28 Jun 2026  10:06:05",71.2,GOOD,1.78,,,,UNINSTALLED
"28 Jun 2026  10:06:35",70.3,GOOD,1.78,,,,UNINSTALLED
"28 Jun 2026  10:07:05",70.5,GOOD,1.78,,,,UNINSTALLED
"28 Jun 2026  10:07:35",70.9,GOOD,1.78,,,,UNINSTALLED
"28 Jun 2026  10:08:05",70.3,GOOD,1.78,,,,UNINSTALLED
"28 Jun 2026  10:08:35",69.6,GOOD,1.78,,,,UNINSTALLED
"28 Jun 2026  10:09:05",69.8,GOOD,1.78,,,,UNINSTALLED
"28 Jun 2026  10:09:35",71.8,GOOD,1.78,,,,UNINSTALLED
"28 Jun 2026  10:10:05",68.5,GOOD,1.78,,,,UNINSTALLED
"28 Jun 2026  10:10:35",69.0,GOOD,1.78,,,,UNINSTALLED
"28 Jun 2026  10:11:05",69.5,GOOD,1.78,,,,UNINSTALLED
"28 Jun 2026  10:11:35",70.3,GOOD,1.78,,,,UNINSTALLED
"28 Jun 2026  10:12:05",69.8,GOOD,1.78,,,,UNINSTALLED
"28 Jun 2026  10:12:35",68.4,GOOD,1.78,,,,UNINSTALLED
"28 Jun 2026  10:13:05",69.7,GOOD,1.78,,,,UNINSTALLED
"28 Jun 2026  10:13:35",71.1,GOOD,1.78,,,,UNINSTALLED
"28 Jun 2026  10:14:05",69.9,GOOD,1.78,,,,UNINSTALLED
"28 Jun 2026  10:14:35",69.3,GOOD,1.78,,,,UNINSTALLED
"28 Jun 2026  10:15:05",70.2,GOOD,1.78,,,,UNINSTALLED
"28 Jun 2026  10:15:35",71.1,GOOD,1.78,,,,UNINSTALLED
"28 Jun 2026  10:16:06",71.5,GOOD,1.78,,,,UNINSTALLED
"28 Jun 2026  10:16:36",71.3,GOOD,1.78,,,,UNINSTALLED
"28 Jun 2026  10:17:06",71.3,GOOD,1.78,,,,UNINSTALLED
"28 Jun 2026  10:17:36",71.5,GOOD,1.78,,,,UNINSTALLED
"28 Jun 2026  10:18:06",72.0,GOOD,1.78,,,,UNINSTALLED
"28 Jun 2026  10:18:36",72.1,GOOD,1.78,,,,UNINSTALLED
"28 Jun 2026  10:19:06",71.7,GOOD,1.78,,,,UNINSTALLED
"28 Jun 2026  10:19:36",71.0,GOOD,1.78,,,,UNINSTALLED
"28 Jun 2026  10:20:06",71.4,GOOD,1.78,,,,UNINSTALLED
"28 Jun 2026  10:20:36",71.0,GOOD,1.78,,,,UNINSTALLED
"28 Jun 2026  10:21:06",71.9,GOOD,1.78,,,,UNINSTALLED
"28 Jun 2026  10:21:36",72.9,GOOD,1.78,,,,UNINSTALLED
"28 Jun 2026  10:22:06",71.8,GOOD,1.78,,,,UNINSTALLED
"28 Jun 2026  10:22:36",70.6,GOOD,1.78,,,,UNINSTALLED
"28 Jun 2026  10:23:06",71.8,GOOD,1.78,,,,UNINSTALLED
"28 Jun 2026  10:23:36",71.3,GOOD,1.78,,,,UNINSTALLED
"28 Jun 2026  10:24:06",71.2,GOOD,1.78,,,,UNINSTALLED
"28 Jun 2026  10:24:36",70.7,GOOD,1.78,,,,UNINSTALLED
"28 Jun 2026  10:25:06",72.4,GOOD,1.78,,,,UNINSTALLED
"28 Jun 2026  10:25:36",71.2,GOOD,1.78,,,,UNINSTALLED
"28 Jun 2026  10:26:06",70.5,GOOD,1.78,,,,UNINSTALLED
"28 Jun 2026  10:26:36",71.1,GOOD,1.78,,,,UNINSTALLED
"28 Jun 2026  10:27:06",73.2,GOOD,1.78,,,,UNINSTALLED
"28 Jun 2026  10:27:36",73.3,GOOD,1.78,,,,UNINSTALLED
"28 Jun 2026  10:28:06",70.0,GOOD,1.78,,,,UNINSTALLED
"28 Jun 2026  10:28:36",69.3,GOOD,1.78,,,,UNINSTALLED
"28 Jun 2026  10:29:07",71.3,GOOD,1.78,,,,UNINSTALLED
"28 Jun 2026  10:29:37",73.3,GOOD,1.78,,,,UNINSTALLED
"28 Jun 2026  10:30:07",71.9,GOOD,1.78,,,,UNINSTALLED
"28 Jun 2026  10:30:37",71.6,GOOD,1.78,,,,UNINSTALLED
"28 Jun 2026  10:31:07",71.2,GOOD,1.78,,,,UNINSTALLED
"28 Jun 2026  10:31:37",70.7,GOOD,1.78,,,,UNINSTALLED
"28 Jun 2026  10:32:07",71.3,GOOD,1.78,,,,UNINSTALLED
"28 Jun 2026  10:32:37",71.5,GOOD,1.78,,,,UNINSTALLED
"28 Jun 2026  10:33:07",73.8,GOOD,1.78,,,,UNINSTALLED
"28 Jun 2026  10:33:37",71.3,GOOD,1.78,,,,UNINSTALLED
"28 Jun 2026  10:34:07",73.6,GOOD,1.78,,,,UNINSTALLED
"28 Jun 2026  10:34:37",73.2,GOOD,1.78,,,,UNINSTALLED
"28 Jun 2026  10:35:07",72.1,GOOD,1.78,,,,UNINSTALLED
"28 Jun 2026  10:35:37",71.3,GOOD,1.78,,,,UNINSTALLED
"28 Jun 2026  10:36:07",71.2,GOOD,1.78,,,,UNINSTALLED
"28 Jun 2026  10:36:37",70.8,GOOD,1.78,,,,UNINSTALLED
"28 Jun 2026  10:37:07",72.3,GOOD,1.78,,,,UNINSTALLED
"28 Jun 2026  10:37:37",71.9,GOOD,1.78,,,,UNINSTALLED
"28 Jun 2026  10:38:07",72.7,GOOD,1.78,,,,UNINSTALLED
"28 Jun 2026  10:38:37",71.2,GOOD,1.78,,,,UNINSTALLED
"28 Jun 2026  10:39:07",73.0,GOOD,1.78,,,,UNINSTALLED
"28 Jun 2026  10:39:37",72.0,GOOD,1.78,,,,UNINSTALLED
"28 Jun 2026  10:40:07",72.5,GOOD,1.78,,,,UNINSTALLED
"28 Jun 2026  10:40:37",71.3,GOOD,1.78,,,,UNINSTALLED
"28 Jun 2026  10:41:07",73.3,GOOD,1.78,,,,UNINSTALLED
"28 Jun 2026  10:41:37",70.3,GOOD,1.78,,,,UNINSTALLED
"28 Jun 2026  10:42:07",68.7,GOOD,1.78,,,,UNINSTALLED
"28 Jun 2026  10:42:37",72.2,GOOD,1.78,,,,UNINSTALLED
"28 Jun 2026  10:43:08",74.1,GOOD,1.78,,,,UNINSTALLED
"28 Jun 2026  10:43:38",70.6,GOOD,1.78,,,,UNINSTALLED
"28 Jun 2026  10:44:08",71.5,GOOD,1.78,,,,UNINSTALLED
"28 Jun 2026  10:44:38",71.6,GOOD,1.78,,,,UNINSTALLED
"28 Jun 2026  10:45:08",73.2,GOOD,1.78,,,,UNINSTALLED
"28 Jun 2026  10:45:38",74.0,GOOD,1.78,,,,UNINSTALLED
"28 Jun 2026  10:46:08",73.4,GOOD,1.78,,,,UNINSTALLED
"28 Jun 2026  10:46:38",72.9,GOOD,1.78,,,,UNINSTALLED
"28 Jun 2026  10:47:08",71.7,GOOD,1.78,,,,UNINSTALLED
"28 Jun 2026  10:47:38",71.2,GOOD,1.78,,,,UNINSTALLED
"28 Jun 2026  10:48:08",72.3,GOOD,1.78,,,,UNINSTALLED
"28 Jun 2026  10:48:38",71.1,GOOD,1.78,,,,UNINSTALLED
"28 Jun 2026  10:49:08",71.4,GOOD,1.78,,,,UNINSTALLED
"28 Jun 2026  10:49:38",74.1,GOOD,1.78,,,,UNINSTALLED
"28 Jun 2026  10:50:08",73.2,GOOD,1.78,,,,UNINSTALLED
"28 Jun 2026  10:50:38",71.2,GOOD,1.78,,,,UNINSTALLED
"28 Jun 2026  10:51:08",72.4,GOOD,1.78,,,,UNINSTALLED
"28 Jun 2026  10:51:38",71.9,GOOD,1.78,,,,UNINSTALLED
"28 Jun 2026  10:52:08",71.3,GOOD,1.78,,,,UNINSTALLED
"28 Jun 2026  10:52:38",73.6,GOOD,1.78,,,,UNINSTALLED
"28 Jun 2026  10:53:08",73.7,GOOD,1.78,,,,UNINSTALLED
"28 Jun 2026  10:53:38",74.2,GOOD,1.78,,,,UNINSTALLED
"28 Jun 2026  10:54:08",74.4,GOOD,1.78,,,,UNINSTALLED
"28 Jun 2026  10:54:38",73.7,GOOD,1.78,,,,UNINSTALLED
"28 Jun 2026  10:55:09",73.2,GOOD,1.78,,,,UNINSTALLED
"28 Jun 2026  10:55:39",72.0,GOOD,1.78,,,,UNINSTALLED
"28 Jun 2026  10:56:09",72.7,GOOD,1.78,,,,UNINSTALLED
"28 Jun 2026  10:56:39",72.6,GOOD,1.78,,,,UNINSTALLED
"28 Jun 2026  10:57:09",72.2,GOOD,1.78,,,,UNINSTALLED
"28 Jun 2026  10:57:39",72.7,GOOD,1.78,,,,UNINSTALLED
"28 Jun 2026  10:58:09",74.3,GOOD,1.78,,,,UNINSTALLED
"28 Jun 2026  10:58:39",73.7,GOOD,1.78,,,,UNINSTALLED
"28 Jun 2026  10:59:09",73.1,GOOD,1.78,,,,UNINSTALLED
"28 Jun 2026  10:59:39",72.2,GOOD,1.78,,,,UNINSTALLED
"28 Jun 2026  11:00:09",71.6,GOOD,1.78,,,,UNINSTALLED
"28 Jun 2026  11:00:39",72.0,GOOD,1.78,,,,UNINSTALLED
"28 Jun 2026  11:01:09",73.7,GOOD,1.78,,,,UNINSTALLED
"28 Jun 2026  11:01:39",72.2,GOOD,1.78,,,,UNINSTALLED
"28 Jun 2026  11:02:09",74.7,GOOD,1.78,,,,UNINSTALLED
"28 Jun 2026  11:02:39",74.0,GOOD,1.78,,,,UNINSTALLED
"28 Jun 2026  11:03:09",73.6,GOOD,1.78,,,,UNINSTALLED
"28 Jun 2026  11:03:39",73.9,GOOD,1.78,,,,UNINSTALLED
"28 Jun 2026  11:04:09",72.8,GOOD,1.78,,,,UNINSTALLED
"28 Jun 2026  11:04:39",72.3,GOOD,1.78,,,,UNINSTALLED
"28 Jun 2026  11:05:09",71.9,GOOD,1.78,,,,UNINSTALLED
"28 Jun 2026  11:05:39",73.5,GOOD,1.78,,,,UNINSTALLED
"28 Jun 2026  11:06:09",74.0,GOOD,1.78,,,,UNINSTALLED
"28 Jun 2026  11:06:39",73.2,GOOD,1.78,,,,UNINSTALLED
"28 Jun 2026  11:07:09",73.3,GOOD,1.78,,,,UNINSTALLED
"28 Jun 2026  11:07:39",73.3,GOOD,1.78,,,,UNINSTALLED
"28 Jun 2026  11:08:09",71.5,GOOD,1.78,,,,UNINSTALLED
"28 Jun 2026  11:08:39",71.8,GOOD,1.78,,,,UNINSTALLED
"28 Jun 2026  11:09:09",71.8,GOOD,1.78,,,,UNINSTALLED
"28 Jun 2026  11:09:39",74.0,GOOD,1.78,,,,UNINSTALLED
"28 Jun 2026  11:10:09",72.3,GOOD,1.78,,,,UNINSTALLED
"28 Jun 2026  11:10:40",73.5,GOOD,1.78,,,,UNINSTALLED
"28 Jun 2026  11:11:10",73.4,GOOD,1.78,,,,UNINSTALLED
"28 Jun 2026  11:11:40",72.6,GOOD,1.78,,,,UNINSTALLED
"28 Jun 2026  11:12:10",73.2,GOOD,1.78,,,,UNINSTALLED
"28 Jun 2026  11:12:40",73.5,GOOD,1.78,,,,UNINSTALLED
"28 Jun 2026  11:13:10",72.4,GOOD,1.78,,,,UNINSTALLED
"28 Jun 2026  11:13:40",73.7,GOOD,1.78,,,,UNINSTALLED
"28 Jun 2026  11:14:10",74.0,GOOD,1.78,,,,UNINSTALLED
"28 Jun 2026  11:14:40",73.3,GOOD,1.78,,,,UNINSTALLED
"28 Jun 2026  11:15:10",73.0,GOOD,1.78,,,,UNINSTALLED
"28 Jun 2026  11:15:40",73.4,GOOD,1.78,,,,UNINSTALLED
"28 Jun 2026  11:16:10",72.4,GOOD,1.78,,,,UNINSTALLED
"28 Jun 2026  11:16:40",71.5,GOOD,1.78,,,,UNINSTALLED
"28 Jun 2026  11:17:10",72.7,GOOD,1.78,,,,UNINSTALLED
"28 Jun 2026  11:17:40",73.0,GOOD,1.78,,,,UNINSTALLED
"28 Jun 2026  11:18:10",73.9,GOOD,1.78,,,,UNINSTALLED
"28 Jun 2026  11:18:40",74.4,GOOD,1.78,,,,UNINSTALLED
"28 Jun 2026  11:19:10",73.5,GOOD,1.78,,,,UNINSTALLED
"28 Jun 2026  11:19:40",73.2,GOOD,1.78,,,,UNINSTALLED
"28 Jun 2026  11:20:10",72.6,GOOD,1.78,,,,UNINSTALLED
"28 Jun 2026  11:20:40",72.8,GOOD,1.78,,,,UNINSTALLED
"28 Jun 2026  11:21:10",73.5,GOOD,1.78,,,,UNINSTALLED
"28 Jun 2026  11:21:40",72.0,GOOD,1.78,,,,UNINSTALLED
"28 Jun 2026  11:22:10",72.6,GOOD,1.78,,,,UNINSTALLED
"28 Jun 2026  11:22:40",73.2,GOOD,1.78,,,,UNINSTALLED
"28 Jun 2026  11:23:10",72.0,GOOD,1.78,,,,UNINSTALLED
"28 Jun 2026  11:23:40",73.5,GOOD,1.78,,,,UNINSTALLED
"28 Jun 2026  11:24:10",71.3,GOOD,1.78,,,,UNINSTALLED
"28 Jun 2026  11:24:40",72.8,GOOD,1.78,,,,UNINSTALLED
"28 Jun 2026  11:25:10",74.8,GOOD,1.78,,,,UNINSTALLED
"28 Jun 2026  11:25:41",73.4,GOOD,1.78,,,,UNINSTALLED
"28 Jun 2026  11:26:11",72.7,GOOD,1.78,,,,UNINSTALLED
"28 Jun 2026  11:26:41",73.4,GOOD,1.78,,,,UNINSTALLED
"28 Jun 2026  11:27:11",72.2,GOOD,1.78,,,,UNINSTALLED
"28 Jun 2026  11:27:41",73.0,GOOD,1.78,,,,UNINSTALLED
"28 Jun 2026  11:28:11",75.3,GOOD,1.78,,,,UNINSTALLED
"28 Jun 2026  11:28:41",75.1,GOOD,1.78,,,,UNINSTALLED
"28 Jun 2026  11:29:11",71.5,GOOD,1.78,,,,UNINSTALLED
"28 Jun 2026  11:29:41",73.0,GOOD,1.78,,,,UNINSTALLED
"28 Jun 2026  11:30:11",74.2,GOOD,1.78,,,,UNINSTALLED
"28 Jun 2026  11:30:41",74.8,GOOD,1.78,,,,UNINSTALLED
"28 Jun 2026  11:31:11",73.4,GOOD,1.78,,,,UNINSTALLED
"28 Jun 2026  11:31:41",73.1,GOOD,1.78,,,,UNINSTALLED
"28 Jun 2026  11:32:11",72.4,GOOD,1.78,,,,UNINSTALLED
"28 Jun 2026  11:32:41",72.9,GOOD,1.78,,,,UNINSTALLED
"28 Jun 2026  11:33:11",74.6,GOOD,1.78,,,,UNINSTALLED
"28 Jun 2026  11:33:41",73.4,GOOD,1.78,,,,UNINSTALLED
"28 Jun 2026  11:34:11",71.0,GOOD,1.78,,,,UNINSTALLED
"28 Jun 2026  11:34:41",74.7,GOOD,1.78,,,,UNINSTALLED
"28 Jun 2026  11:35:11",73.9,GOOD,1.78,,,,UNINSTALLED
"28 Jun 2026  11:35:41",73.5,GOOD,1.78,,,,UNINSTALLED
"28 Jun 2026  11:36:11",73.7,GOOD,1.78,,,,UNINSTALLED
"28 Jun 2026  11:36:41",72.5,GOOD,1.78,,,,UNINSTALLED
"28 Jun 2026  11:37:11",71.5,GOOD,1.78,,,,UNINSTALLED
"28 Jun 2026  11:37:41",72.9,GOOD,1.78,,,,UNINSTALLED
"28 Jun 2026  12:02:29",73.1,GOOD,1.78,,,,UNINSTALLED
"28 Jun 2026  12:02:59",73.5,GOOD,1.78,,,,UNINSTALLED
"28 Jun 2026  12:03:29",74.7,GOOD,1.78,,,,UNINSTALLED
"28 Jun 2026  12:03:59",75.9,GOOD,1.78,,,,UNINSTALLED
"28 Jun 2026  12:04:29",74.7,GOOD,1.78,,,,UNINSTALLED
"28 Jun 2026  12:04:59",74.2,GOOD,1.78,,,,UNINSTALLED
"28 Jun 2026  12:05:29",75.1,GOOD,1.78,,,,UNINSTALLED
"28 Jun 2026  12:06:00",74.1,GOOD,1.78,,,,UNINSTALLED
"28 Jun 2026  12:06:30",70.6,GOOD,1.78,,,,UNINSTALLED
"28 Jun 2026  12:07:00",73.4,GOOD,1.78,,,,UNINSTALLED
"28 Jun 2026  12:07:30",73.9,GOOD,1.78,,,,UNINSTALLED
"28 Jun 2026  12:08:00",73.1,GOOD,1.78,,,,UNINSTALLED
"28 Jun 2026  12:08:30",73.7,GOOD,1.78,,,,UNINSTALLED
"28 Jun 2026  12:09:00",75.4,GOOD,1.78,,,,UNINSTALLED
"28 Jun 2026  12:09:30",73.6,GOOD,1.78,,,,UNINSTALLED
"28 Jun 2026  12:10:00",71.7,GOOD,1.78,,,,UNINSTALLED
"28 Jun 2026  12:10:30",71.8,GOOD,1.78,,,,UNINSTALLED
"28 Jun 2026  12:11:00",74.1,GOOD,1.78,,,,UNINSTALLED
"28 Jun 2026  12:11:30",75.9,GOOD,1.78,,,,UNINSTALLED
"28 Jun 2026  12:12:00",75.2,GOOD,1.78,,,,UNINSTALLED
"28 Jun 2026  12:12:30",74.4,GOOD,1.78,,,,UNINSTALLED
"28 Jun 2026  12:13:00",72.9,GOOD,1.78,,,,UNINSTALLED
"28 Jun 2026  12:13:30",72.6,GOOD,1.78,,,,UNINSTALLED
"28 Jun 2026  12:14:00",74.9,GOOD,1.78,,,,UNINSTALLED
"28 Jun 2026  12:14:30",76.8,GOOD,1.78,,,,UNINSTALLED
"28 Jun 2026  12:15:00",74.3,GOOD,1.78,,,,UNINSTALLED
"28 Jun 2026  12:15:30",72.7,GOOD,1.78,,,,UNINSTALLED
"28 Jun 2026  12:16:00",73.8,GOOD,1.78,,,,UNINSTALLED
"28 Jun 2026  12:16:30",75.2,GOOD,1.78,,,,UNINSTALLED
"28 Jun 2026  12:17:00",72.5,GOOD,1.78,,,,UNINSTALLED
"28 Jun 2026  12:17:30",72.1,GOOD,1.78,,,,UNINSTALLED
"28 Jun 2026  12:18:00",73.4,GOOD,1.78,,,,UNINSTALLED
"28 Jun 2026  12:18:30",71.5,GOOD,1.78,,,,UNINSTALLED
"28 Jun 2026  12:19:00",72.9,GOOD,1.78,,,,UNINSTALLED
"28 Jun 2026  12:19:30",73.6,GOOD,1.78,,,,UNINSTALLED
"28 Jun 2026  12:20:01",74.7,GOOD,1.78,,,,UNINSTALLED
"28 Jun 2026  12:20:31",74.7,GOOD,1.78,,,,UNINSTALLED
"28 Jun 2026  12:21:01",75.9,GOOD,1.78,,,,UNINSTALLED
"28 Jun 2026  12:21:31",75.0,GOOD,1.78,,,,UNINSTALLED
"28 Jun 2026  12:22:01",72.6,GOOD,1.78,,,,UNINSTALLED
"28 Jun 2026  12:22:31",74.2,GOOD,1.78,,,,UNINSTALLED
"28 Jun 2026  12:23:01",73.6,GOOD,1.78,,,,UNINSTALLED
"28 Jun 2026  12:23:31",74.7,GOOD,1.78,,,,UNINSTALLED
"28 Jun 2026  12:24:01",75.2,GOOD,1.78,,,,UNINSTALLED
"28 Jun 2026  12:24:31",74.8,GOOD,1.78,,,,UNINSTALLED
"28 Jun 2026  12:25:01",73.7,GOOD,1.78,,,,UNINSTALLED
"28 Jun 2026  12:25:31",73.6,GOOD,1.78,,,,UNINSTALLED
"28 Jun 2026  12:26:01",74.5,GOOD,1.78,,,,UNINSTALLED
"28 Jun 2026  12:26:31",75.4,GOOD,1.78,,,,UNINSTALLED
"28 Jun 2026  12:27:01",72.2,GOOD,1.78,,,,UNINSTALLED
"28 Jun 2026  12:27:31",73.5,GOOD,1.78,,,,UNINSTALLED
"28 Jun 2026  12:28:01",75.0,GOOD,1.78,,,,UNINSTALLED
"28 Jun 2026  12:28:31",74.4,GOOD,1.78,,,,UNINSTALLED
"28 Jun 2026  12:29:01",73.6,GOOD,1.78,,,,UNINSTALLED
"28 Jun 2026  12:29:31",74.4,GOOD,1.78,,,,UNINSTALLED
"28 Jun 2026  12:30:01",76.3,GOOD,1.78,,,,UNINSTALLED
"28 Jun 2026  12:30:31",75.5,GOOD,1.78,,,,UNINSTALLED
"28 Jun 2026  12:31:01",73.4,GOOD,1.78,,,,UNINSTALLED
"28 Jun 2026  12:31:31",73.1,GOOD,1.78,,,,UNINSTALLED
"28 Jun 2026  12:32:01",75.2,GOOD,1.78,,,,UNINSTALLED
"28 Jun 2026  12:32:31",75.3,GOOD,1.78,,,,UNINSTALLED
"28 Jun 2026  12:33:01",75.0,GOOD,1.78,,,,UNINSTALLED
"28 Jun 2026  12:33:32",74.7,GOOD,1.78,,,,UNINSTALLED
"28 Jun 2026  12:34:02",74.5,GOOD,1.78,,,,UNINSTALLED
"28 Jun 2026  12:34:32",74.5,GOOD,1.78,,,,UNINSTALLED
"28 Jun 2026  12:35:02",75.0,GOOD,1.78,,,,UNINSTALLED
"28 Jun 2026  12:35:32",75.0,GOOD,1.78,,,,UNINSTALLED
"28 Jun 2026  12:36:02",73.8,GOOD,1.78,,,,UNINSTALLED
"28 Jun 2026  12:36:32",74.1,GOOD,1.78,,,,UNINSTALLED
"28 Jun 2026  12:37:02",74.9,GOOD,1.78,,,,UNINSTALLED
"28 Jun 2026  12:37:32",74.4,GOOD,1.78,,,,UNINSTALLED
"28 Jun 2026  12:38:02",75.1,GOOD,1.78,,,,UNINSTALLED
"28 Jun 2026  12:38:32",74.6,GOOD,1.78,,,,UNINSTALLED
"28 Jun 2026  12:39:02",75.5,GOOD,1.78,,,,UNINSTALLED
"28 Jun 2026  12:39:32",74.9,GOOD,1.78,,,,UNINSTALLED
"28 Jun 2026  12:40:02",75.4,GOOD,1.78,,,,UNINSTALLED
"28 Jun 2026  12:40:32",74.9,GOOD,1.78,,,,UNINSTALLED
"28 Jun 2026  12:41:02",74.0,GOOD,1.78,,,,UNINSTALLED
"28 Jun 2026  12:41:32",74.9,GOOD,1.78,,,,UNINSTALLED
"28 Jun 2026  12:42:02",74.6,GOOD,1.78,,,,UNINSTALLED
"28 Jun 2026  12:42:32",73.3,GOOD,1.78,,,,UNINSTALLED
"28 Jun 2026  12:43:02",72.9,GOOD,1.78,,,,UNINSTALLED
"28 Jun 2026  12:43:32",75.7,GOOD,1.78,,,,UNINSTALLED
"28 Jun 2026  12:44:02",77.8,GOOD,1.78,,,,UNINSTALLED
"28 Jun 2026  12:44:32",74.9,GOOD,1.78,,,,UNINSTALLED
"28 Jun 2026  12:45:02",74.4,GOOD,1.78,,,,UNINSTALLED
"28 Jun 2026  12:45:32",74.3,GOOD,1.78,,,,UNINSTALLED
"28 Jun 2026  12:46:02",71.5,GOOD,1.78,,,,UNINSTALLED
"28 Jun 2026  12:46:33",74.4,GOOD,1.78,,,,UNINSTALLED
"28 Jun 2026  12:47:03",73.4,GOOD,1.78,,,,UNINSTALLED
"28 Jun 2026  12:47:33",74.5,GOOD,1.78,,,,UNINSTALLED
"28 Jun 2026  12:48:03",74.6,GOOD,1.78,,,,UNINSTALLED
"28 Jun 2026  12:48:33",75.9,GOOD,1.78,,,,UNINSTALLED
"28 Jun 2026  12:49:03",73.4,GOOD,1.78,,,,UNINSTALLED
"28 Jun 2026  12:49:33",74.3,GOOD,1.78,,,,UNINSTALLED
"28 Jun 2026  12:50:03",74.5,GOOD,1.78,,,,UNINSTALLED
"28 Jun 2026  12:50:33",74.8,GOOD,1.78,,,,UNINSTALLED
"28 Jun 2026  12:51:03",74.2,GOOD,1.78,,,,UNINSTALLED
"28 Jun 2026  12:51:33",72.9,GOOD,1.78,,,,UNINSTALLED
"28 Jun 2026  12:52:03",72.9,GOOD,1.78,,,,UNINSTALLED
"28 Jun 2026  12:52:33",73.7,GOOD,1.78,,,,UNINSTALLED
"28 Jun 2026  12:53:03",74.5,GOOD,1.78,,,,UNINSTALLED
"28 Jun 2026  12:53:33",71.7,GOOD,1.78,,,,UNINSTALLED
"28 Jun 2026  12:54:03",71.9,GOOD,1.78,,,,UNINSTALLED
"28 Jun 2026  12:54:33",72.1,GOOD,1.78,,,,UNINSTALLED
"28 Jun 2026  12:55:03",72.4,GOOD,1.78,,,,UNINSTALLED
"28 Jun 2026  12:55:33",74.7,GOOD,1.78,,,,UNINSTALLED
"28 Jun 2026  12:56:03",73.9,GOOD,1.78,,,,UNINSTALLED
"28 Jun 2026  12:56:33",74.0,GOOD,1.78,,,,UNINSTALLED
"28 Jun 2026  12:57:03",76.6,GOOD,1.78,,,,UNINSTALLED
"28 Jun 2026  12:57:33",71.4,GOOD,1.78,,,,UNINSTALLED
"28 Jun 2026  12:58:03",73.4,GOOD,1.78,,,,UNINSTALLED
"28 Jun 2026  12:58:33",75.8,GOOD,1.78,,,,UNINSTALLED
"28 Jun 2026  12:59:03",74.6,GOOD,1.78,,,,UNINSTALLED
"28 Jun 2026  12:59:33",73.1,GOOD,1.78,,,,UNINSTALLED
"28 Jun 2026  13:00:03",74.2,GOOD,1.78,,,,UNINSTALLED
"28 Jun 2026  13:00:33",74.5,GOOD,1.78,,,,UNINSTALLED
"28 Jun 2026  13:01:03",74.3,GOOD,1.78,,,,UNINSTALLED
"28 Jun 2026  13:01:33",73.3,GOOD,1.78,,,,UNINSTALLED
"28 Jun 2026  13:02:03",73.2,GOOD,1.78,,,,UNINSTALLED
"28 Jun 2026  13:02:33",72.9,GOOD,1.78,,,,UNINSTALLED
"28 Jun 2026  13:03:03",74.0,GOOD,1.78,,,,UNINSTALLED
"28 Jun 2026  13:03:34",73.2,GOOD,1.78,,,,UNINSTALLED
"28 Jun 2026  13:04:04",71.8,GOOD,1.78,,,,UNINSTALLED
"28 Jun 2026  13:04:34",71.8,GOOD,1.78,,,,UNINSTALLED
"28 Jun 2026  13:05:04",72.7,GOOD,1.78,,,,UNINSTALLED
"28 Jun 2026  13:05:34",72.8,GOOD,1.78,,,,UNINSTALLED
"28 Jun 2026  13:06:04",73.0,GOOD,1.78,,,,UNINSTALLED
"28 Jun 2026  13:06:34",73.2,GOOD,1.78,,,,UNINSTALLED
"28 Jun 2026  13:07:04",73.2,GOOD,1.78,,,,UNINSTALLED
"28 Jun 2026  13:07:34",73.6,GOOD,1.78,,,,UNINSTALLED
"28 Jun 2026  13:08:04",74.0,GOOD,1.78,,,,UNINSTALLED
"28 Jun 2026  13:08:34",75.2,GOOD,1.78,,,,UNINSTALLED
"28 Jun 2026  13:09:04",73.3,GOOD,1.78,,,,UNINSTALLED
"28 Jun 2026  13:09:34",72.2,GOOD,1.78,,,,UNINSTALLED
"28 Jun 2026  13:10:04",73.9,GOOD,1.78,,,,UNINSTALLED
"28 Jun 2026  13:10:34",72.9,GOOD,1.78,,,,UNINSTALLED
"28 Jun 2026  13:11:04",72.8,GOOD,1.78,,,,UNINSTALLED
"28 Jun 2026  13:11:34",74.0,GOOD,1.78,,,,UNINSTALLED
"28 Jun 2026  13:12:04",72.9,GOOD,1.78,,,,UNINSTALLED
"28 Jun 2026  13:12:34",73.6,GOOD,1.78,,,,UNINSTALLED
"28 Jun 2026  13:13:04",72.1,GOOD,1.78,,,,UNINSTALLED
"28 Jun 2026  13:13:34",74.5,GOOD,1.78,,,,UNINSTALLED
"28 Jun 2026  13:14:04",71.8,GOOD,1.78,,,,UNINSTALLED
"28 Jun 2026  13:14:34",72.1,GOOD,1.78,,,,UNINSTALLED
"28 Jun 2026  13:15:04",70.8,GOOD,1.78,,,,UNINSTALLED
"28 Jun 2026  13:15:34",72.7,GOOD,1.78,,,,UNINSTALLED
"28 Jun 2026  13:16:04",73.2,GOOD,1.78,,,,UNINSTALLED
"28 Jun 2026  13:16:34",72.8,GOOD,1.78,,,,UNINSTALLED
"28 Jun 2026  13:17:04",73.1,GOOD,1.78,,,,UNINSTALLED
"28 Jun 2026  13:17:35",72.1,GOOD,1.78,,,,UNINSTALLED
"28 Jun 2026  13:18:05",71.7,GOOD,1.78,,,,UNINSTALLED
"28 Jun 2026  13:18:35",71.3,GOOD,1.78,,,,UNINSTALLED
"28 Jun 2026  13:19:05",69.1,GOOD,1.78,,,,UNINSTALLED
"28 Jun 2026  13:19:35",70.9,GOOD,1.78,,,,UNINSTALLED
"28 Jun 2026  13:20:05",70.6,GOOD,1.78,,,,UNINSTALLED
"28 Jun 2026  13:20:35",69.2,GOOD,1.78,,,,UNINSTALLED
"28 Jun 2026  13:21:05",73.3,GOOD,1.78,,,,UNINSTALLED
"28 Jun 2026  13:21:35",73.4,GOOD,1.78,,,,UNINSTALLED
"28 Jun 2026  13:22:05",72.0,GOOD,1.78,,,,UNINSTALLED
"28 Jun 2026  13:22:35",71.6,GOOD,1.78,,,,UNINSTALLED
"28 Jun 2026  13:23:05",72.1,GOOD,1.78,,,,UNINSTALLED
"28 Jun 2026  13:23:35",72.0,GOOD,1.78,,,,UNINSTALLED
"28 Jun 2026  13:24:05",70.3,GOOD,1.78,,,,UNINSTALLED
"28 Jun 2026  13:24:35",71.2,GOOD,1.78,,,,UNINSTALLED
"28 Jun 2026  13:25:05",72.0,GOOD,1.78,,,,UNINSTALLED
"28 Jun 2026  13:25:35",70.9,GOOD,1.78,,,,UNINSTALLED
"28 Jun 2026  13:26:05",70.5,GOOD,1.78,,,,UNINSTALLED
"28 Jun 2026  13:26:35",69.3,GOOD,1.78,,,,UNINSTALLED
"28 Jun 2026  13:27:05",72.5,GOOD,1.78,,,,UNINSTALLED
"28 Jun 2026  13:27:35",72.8,GOOD,1.78,,,,UNINSTALLED
"28 Jun 2026  13:28:05",71.8,GOOD,1.78,,,,UNINSTALLED
"28 Jun 2026  13:28:35",71.6,GOOD,1.78,,,,UNINSTALLED
"28 Jun 2026  13:29:05",72.1,GOOD,1.78,,,,UNINSTALLED
"28 Jun 2026  13:29:35",69.5,GOOD,1.78,,,,UNINSTALLED
"28 Jun 2026  13:30:05",69.5,GOOD,1.78,,,,UNINSTALLED
"28 Jun 2026  13:30:35",71.8,GOOD,1.78,,,,UNINSTALLED
"28 Jun 2026  13:31:05",72.6,GOOD,1.78,,,,UNINSTALLED
"28 Jun 2026  13:31:35",70.8,GOOD,1.78,,,,UNINSTALLED
"28 Jun 2026  13:32:05",70.3,GOOD,1.78,,,,UNINSTALLED
"28 Jun 2026  13:32:35",71.8,GOOD,1.78,,,,UNINSTALLED
"28 Jun 2026  13:33:06",70.8,GOOD,1.78,,,,UNINSTALLED
"28 Jun 2026  13:33:36",70.6,GOOD,1.78,,,,UNINSTALLED
"28 Jun 2026  13:34:06",69.5,GOOD,1.78,,,,UNINSTALLED
"28 Jun 2026  13:34:36",72.7,GOOD,1.78,,,,UNINSTALLED
"28 Jun 2026  13:35:06",73.6,GOOD,1.78,,,,UNINSTALLED
"28 Jun 2026  13:35:36",72.4,GOOD,1.78,,,,UNINSTALLED
"28 Jun 2026  13:36:06",71.4,GOOD,1.78,,,,UNINSTALLED
"28 Jun 2026  13:36:36",70.5,GOOD,1.78,,,,UNINSTALLED
"28 Jun 2026  13:37:06",72.5,GOOD,1.78,,,,UNINSTALLED
"28 Jun 2026  13:37:36",71.2,GOOD,1.78,,,,UNINSTALLED
"28 Jun 2026  13:38:06",72.0,GOOD,1.78,,,,UNINSTALLED
"28 Jun 2026  13:38:36",70.6,GOOD,1.78,,,,UNINSTALLED
"28 Jun 2026  13:39:06",72.2,GOOD,1.78,,,,UNINSTALLED
"28 Jun 2026  13:39:36",70.9,GOOD,1.78,,,,UNINSTALLED
"28 Jun 2026  13:40:06",71.7,GOOD,1.78,,,,UNINSTALLED
"28 Jun 2026  13:40:36",70.8,GOOD,1.78,,,,UNINSTALLED
"28 Jun 2026  13:41:06",73.0,GOOD,1.78,,,,UNINSTALLED
"28 Jun 2026  13:41:36",69.1,GOOD,1.78,,,,UNINSTALLED
"28 Jun 2026  13:42:06",71.2,GOOD,1.78,,,,UNINSTALLED
"28 Jun 2026  13:42:36",71.3,GOOD,1.78,,,,UNINSTALLED
"28 Jun 2026  13:43:06",72.2,GOOD,1.78,,,,UNINSTALLED
"28 Jun 2026  13:43:36",71.2,GOOD,1.78,,,,UNINSTALLED
"28 Jun 2026  13:44:06",70.7,GOOD,1.78,,,,UNINSTALLED
"28 Jun 2026  13:44:36",71.1,GOOD,1.78,,,,UNINSTALLED
"28 Jun 2026  13:45:06",70.4,GOOD,1.78,,,,UNINSTALLED
"28 Jun 2026  13:45:36",69.0,GOOD,1.78,,,,UNINSTALLED
"28 Jun 2026  13:46:07",70.8,GOOD,1.78,,,,UNINSTALLED
"28 Jun 2026  13:46:37",72.6,GOOD,1.78,,,,UNINSTALLED
"28 Jun 2026  13:47:07",71.3,GOOD,1.78,,,,UNINSTALLED
"28 Jun 2026  13:47:37",70.8,GOOD,1.78,,,,UNINSTALLED
"28 Jun 2026  13:48:07",70.5,GOOD,1.78,,,,UNINSTALLED
"28 Jun 2026  13:48:37",70.7,GOOD,1.78,,,,UNINSTALLED
"28 Jun 2026  13:49:07",73.1,GOOD,1.78,,,,UNINSTALLED
"28 Jun 2026  13:49:37",71.5,GOOD,1.78,,,,UNINSTALLED
"28 Jun 2026  13:50:07",70.2,GOOD,1.78,,,,UNINSTALLED
"28 Jun 2026  13:50:37",72.0,GOOD,1.78,,,,UNINSTALLED
"28 Jun 2026  13:51:07",72.5,GOOD,1.78,,,,UNINSTALLED
"28 Jun 2026  13:51:37",71.6,GOOD,1.78,,,,UNINSTALLED
"28 Jun 2026  13:52:07",70.6,GOOD,1.78,,,,UNINSTALLED
"28 Jun 2026  13:52:37",70.8,GOOD,1.78,,,,UNINSTALLED
"28 Jun 2026  13:53:07",70.3,GOOD,1.78,,,,UNINSTALLED
"28 Jun 2026  13:53:37",71.5,GOOD,1.78,,,,UNINSTALLED
"28 Jun 2026  13:54:07",70.9,GOOD,1.78,,,,UNINSTALLED
"28 Jun 2026  13:54:37",70.9,GOOD,1.78,,,,UNINSTALLED
"28 Jun 2026  13:55:07",70.7,GOOD,1.78,,,,UNINSTALLED
"28 Jun 2026  13:55:37",68.8,GOOD,1.78,,,,UNINSTALLED
"28 Jun 2026  13:56:07",69.2,GOOD,1.78,,,,UNINSTALLED
"28 Jun 2026  13:56:37",68.8,GOOD,1.78,,,,UNINSTALLED
"28 Jun 2026  13:57:07",72.3,GOOD,1.78,,,,UNINSTALLED
"28 Jun 2026  13:57:37",70.7,GOOD,1.78,,,,UNINSTALLED
"28 Jun 2026  13:58:07",72.6,GOOD,1.78,,,,UNINSTALLED
"28 Jun 2026  13:58:37",71.0,GOOD,1.78,,,,UNINSTALLED
"28 Jun 2026  13:59:07",71.6,GOOD,1.78,,,,UNINSTALLED
"28 Jun 2026  13:59:38",71.2,GOOD,1.78,,,,UNINSTALLED
"28 Jun 2026  14:00:08",71.1,GOOD,1.78,,,,UNINSTALLED
"28 Jun 2026  14:00:38",70.2,GOOD,1.78,,,,UNINSTALLED
"28 Jun 2026  14:01:08",71.5,GOOD,1.78,,,,UNINSTALLED
"28 Jun 2026  14:01:38",71.0,GOOD,1.78,,,,UNINSTALLED
"28 Jun 2026  14:02:08",69.8,GOOD,1.78,,,,UNINSTALLED
"28 Jun 2026  14:02:38",71.6,GOOD,1.78,,,,UNINSTALLED
"28 Jun 2026  14:03:08",71.8,GOOD,1.78,,,,UNINSTALLED
"28 Jun 2026  14:03:38",70.9,GOOD,1.78,,,,UNINSTALLED
"28 Jun 2026  14:04:08",72.3,GOOD,1.78,,,,UNINSTALLED
"28 Jun 2026  14:04:38",69.1,GOOD,1.78,,,,UNINSTALLED
"28 Jun 2026  14:05:08",72.1,GOOD,1.78,,,,UNINSTALLED
"28 Jun 2026  14:05:38",71.2,GOOD,1.78,,,,UNINSTALLED
"28 Jun 2026  14:06:08",70.5,GOOD,1.78,,,,UNINSTALLED
"28 Jun 2026  14:06:38",70.5,GOOD,1.78,,,,UNINSTALLED
"28 Jun 2026  14:07:08",70.6,GOOD,1.78,,,,UNINSTALLED
"28 Jun 2026  14:07:38",71.3,GOOD,1.78,,,,UNINSTALLED
"28 Jun 2026  14:08:08",71.1,GOOD,1.78,,,,UNINSTALLED
"28 Jun 2026  14:08:38",69.5,GOOD,1.78,,,,UNINSTALLED
"28 Jun 2026  14:09:08",68.6,GOOD,1.78,,,,UNINSTALLED
"28 Jun 2026  14:09:38",70.2,GOOD,1.78,,,,UNINSTALLED
"28 Jun 2026  14:10:08",71.5,GOOD,1.78,,,,UNINSTALLED
"28 Jun 2026  14:10:38",71.2,GOOD,1.78,,,,UNINSTALLED
"28 Jun 2026  14:11:08",69.6,GOOD,1.78,,,,UNINSTALLED
"28 Jun 2026  14:11:38",72.2,GOOD,1.78,,,,UNINSTALLED
"28 Jun 2026  14:12:08",72.8,GOOD,1.78,,,,UNINSTALLED
"28 Jun 2026  14:12:38",71.5,GOOD,1.78,,,,UNINSTALLED
"28 Jun 2026  14:13:08",71.2,GOOD,1.78,,,,UNINSTALLED
"28 Jun 2026  14:13:38",69.4,GOOD,1.78,,,,UNINSTALLED
"28 Jun 2026  14:14:08",71.8,GOOD,1.78,,,,UNINSTALLED
"28 Jun 2026  14:14:38",71.5,GOOD,1.78,,,,UNINSTALLED
"28 Jun 2026  14:15:09",71.6,GOOD,1.78,,,,UNINSTALLED
"28 Jun 2026  14:15:39",70.6,GOOD,1.78,,,,UNINSTALLED
"28 Jun 2026  14:16:09",69.5,GOOD,1.78,,,,UNINSTALLED
"28 Jun 2026  14:16:39",70.8,GOOD,1.78,,,,UNINSTALLED
"28 Jun 2026  14:17:09",70.2,GOOD,1.78,,,,UNINSTALLED
"28 Jun 2026  14:17:39",71.7,GOOD,1.78,,,,UNINSTALLED
"28 Jun 2026  14:18:09",72.6,GOOD,1.78,,,,UNINSTALLED
"28 Jun 2026  14:18:39",70.6,GOOD,1.78,,,,UNINSTALLED
"28 Jun 2026  14:19:09",69.6,GOOD,1.78,,,,UNINSTALLED
"28 Jun 2026  14:19:39",69.1,GOOD,1.78,,,,UNINSTALLED
"28 Jun 2026  14:20:09",69.0,GOOD,1.78,,,,UNINSTALLED
"28 Jun 2026  14:20:39",73.0,GOOD,1.78,,,,UNINSTALLED
"28 Jun 2026  14:21:09",72.2,GOOD,1.78,,,,UNINSTALLED
"28 Jun 2026  14:21:39",72.4,GOOD,1.78,,,,UNINSTALLED
"28 Jun 2026  14:22:09",72.0,GOOD,1.78,,,,UNINSTALLED
"28 Jun 2026  14:22:39",69.5,GOOD,1.78,,,,UNINSTALLED
"28 Jun 2026  14:23:09",69.6,GOOD,1.78,,,,UNINSTALLED
"28 Jun 2026  14:23:39",70.4,GOOD,1.78,,,,UNINSTALLED
"28 Jun 2026  14:24:09",71.8,GOOD,1.78,,,,UNINSTALLED
"28 Jun 2026  14:24:39",70.4,GOOD,1.78,,,,UNINSTALLED
"28 Jun 2026  14:25:09",70.0,GOOD,1.78,,,,UNINSTALLED
"28 Jun 2026  14:25:39",72.9,GOOD,1.78,,,,UNINSTALLED
"28 Jun 2026  14:26:09",73.1,GOOD,1.78,,,,UNINSTALLED
"28 Jun 2026  14:26:39",71.6,GOOD,1.78,,,,UNINSTALLED
"28 Jun 2026  14:27:09",72.3,GOOD,1.78,,,,UNINSTALLED
"28 Jun 2026  14:27:39",72.5,GOOD,1.78,,,,UNINSTALLED
"28 Jun 2026  14:28:09",70.2,GOOD,1.78,,,,UNINSTALLED
"28 Jun 2026  14:28:39",69.8,GOOD,1.78,,,,UNINSTALLED
"28 Jun 2026  14:29:09",70.7,GOOD,1.78,,,,UNINSTALLED
"28 Jun 2026  14:29:39",70.9,GOOD,1.78,,,,UNINSTALLED
"28 Jun 2026  14:30:09",70.9,GOOD,1.78,,,,UNINSTALLED
"28 Jun 2026  14:30:40",72.1,GOOD,1.78,,,,UNINSTALLED
"28 Jun 2026  14:31:10",72.7,GOOD,1.78,,,,UNINSTALLED
"28 Jun 2026  14:31:40",71.2,GOOD,1.78,,,,UNINSTALLED
"28 Jun 2026  14:32:10",71.5,GOOD,1.78,,,,UNINSTALLED
"28 Jun 2026  14:32:40",72.9,GOOD,1.78,,,,UNINSTALLED
"28 Jun 2026  14:33:10",71.5,GOOD,1.78,,,,UNINSTALLED
"28 Jun 2026  14:33:40",69.6,GOOD,1.78,,,,UNINSTALLED
"28 Jun 2026  14:34:10",69.9,GOOD,1.78,,,,UNINSTALLED
"28 Jun 2026  14:34:40",71.0,GOOD,1.78,,,,UNINSTALLED
"28 Jun 2026  14:35:10",72.5,GOOD,1.78,,,,UNINSTALLED
"28 Jun 2026  14:35:40",75.0,GOOD,1.78,,,,UNINSTALLED
"28 Jun 2026  14:36:10",74.7,GOOD,1.78,,,,UNINSTALLED
"28 Jun 2026  14:36:40",71.4,GOOD,1.78,,,,UNINSTALLED
"28 Jun 2026  14:37:10",71.3,GOOD,1.78,,,,UNINSTALLED
"28 Jun 2026  14:37:40",72.1,GOOD,1.78,,,,UNINSTALLED
"28 Jun 2026  14:38:10",71.8,GOOD,1.78,,,,UNINSTALLED
"28 Jun 2026  14:38:40",71.8,GOOD,1.78,,,,UNINSTALLED
"28 Jun 2026  14:39:10",73.3,GOOD,1.78,,,,UNINSTALLED
"28 Jun 2026  14:39:40",73.4,GOOD,1.78,,,,UNINSTALLED
"28 Jun 2026  14:40:10",76.1,GOOD,1.78,,,,UNINSTALLED
"28 Jun 2026  14:40:40",72.4,GOOD,1.78,,,,UNINSTALLED
"28 Jun 2026  14:41:10",70.3,GOOD,1.78,,,,UNINSTALLED
"28 Jun 2026  14:41:40",71.7,GOOD,1.78,,,,UNINSTALLED
"28 Jun 2026  14:42:10",72.6,GOOD,1.78,,,,UNINSTALLED
"28 Jun 2026  14:42:40",72.5,GOOD,1.78,,,,UNINSTALLED
"28 Jun 2026  14:43:10",72.2,GOOD,1.78,,,,UNINSTALLED
"28 Jun 2026  14:43:40",70.1,GOOD,1.78,,,,UNINSTALLED
"28 Jun 2026  14:44:10",71.6,GOOD,1.78,,,,UNINSTALLED
"28 Jun 2026  14:44:40",72.5,GOOD,1.78,,,,UNINSTALLED
"28 Jun 2026  14:45:10",72.2,GOOD,1.78,,,,UNINSTALLED
"28 Jun 2026  14:45:40",72.2,GOOD,1.78,,,,UNINSTALLED
"28 Jun 2026  14:46:10",73.2,GOOD,1.78,,,,UNINSTALLED
"28 Jun 2026  14:46:40",72.0,GOOD,1.78,,,,UNINSTALLED
"28 Jun 2026  14:47:10",73.9,GOOD,1.78,,,,UNINSTALLED
"28 Jun 2026  14:47:40",73.2,GOOD,1.78,,,,UNINSTALLED
"28 Jun 2026  14:48:11",72.9,GOOD,1.78,,,,UNINSTALLED
"28 Jun 2026  14:48:41",73.8,GOOD,1.78,,,,UNINSTALLED
"28 Jun 2026  14:49:11",73.7,GOOD,1.78,,,,UNINSTALLED
"28 Jun 2026  14:49:41",74.5,GOOD,1.78,,,,UNINSTALLED
"28 Jun 2026  14:50:11",72.5,GOOD,1.78,,,,UNINSTALLED
"28 Jun 2026  14:50:41",70.1,GOOD,1.78,,,,UNINSTALLED
"28 Jun 2026  14:51:11",70.5,GOOD,1.78,,,,UNINSTALLED
"28 Jun 2026  14:51:41",72.5,GOOD,1.78,,,,UNINSTALLED
"28 Jun 2026  14:52:11",73.0,GOOD,1.78,,,,UNINSTALLED
"28 Jun 2026  14:52:41",74.0,GOOD,1.78,,,,UNINSTALLED
"28 Jun 2026  14:53:11",72.8,GOOD,1.78,,,,UNINSTALLED
"28 Jun 2026  14:53:41",70.5,GOOD,1.78,,,,UNINSTALLED
"28 Jun 2026  14:54:11",72.7,GOOD,1.78,,,,UNINSTALLED
"28 Jun 2026  14:54:41",73.1,GOOD,1.78,,,,UNINSTALLED
"28 Jun 2026  14:55:11",73.7,GOOD,1.78,,,,UNINSTALLED
"28 Jun 2026  14:55:41",73.9,GOOD,1.78,,,,UNINSTALLED
"28 Jun 2026  14:56:11",75.8,GOOD,1.78,,,,UNINSTALLED
"28 Jun 2026  14:56:41",72.7,GOOD,1.78,,,,UNINSTALLED
"28 Jun 2026  14:57:11",73.1,GOOD,1.78,,,,UNINSTALLED
"28 Jun 2026  14:57:41",74.9,GOOD,1.78,,,,UNINSTALLED
"28 Jun 2026  14:58:11",74.1,GOOD,1.78,,,,UNINSTALLED
"28 Jun 2026  14:58:41",72.8,GOOD,1.78,,,,UNINSTALLED
"28 Jun 2026  14:59:11",73.1,GOOD,1.78,,,,UNINSTALLED
"28 Jun 2026  14:59:41",74.2,GOOD,1.78,,,,UNINSTALLED
"28 Jun 2026  15:00:11",69.7,GOOD,1.78,,,,UNINSTALLED
"28 Jun 2026  15:00:41",71.3,GOOD,1.78,,,,UNINSTALLED
"28 Jun 2026  15:01:11",73.0,GOOD,1.78,,,,UNINSTALLED
"28 Jun 2026  15:01:41",74.6,GOOD,1.78,,,,UNINSTALLED
"28 Jun 2026  15:02:11",74.4,GOOD,1.78,,,,UNINSTALLED
"28 Jun 2026  15:02:41",74.0,GOOD,1.78,,,,UNINSTALLED
"28 Jun 2026  15:03:11",74.6,GOOD,1.78,,,,UNINSTALLED
"28 Jun 2026  15:03:41",73.5,GOOD,1.78,,,,UNINSTALLED
"28 Jun 2026  15:04:11",73.8,GOOD,1.78,,,,UNINSTALLED
"28 Jun 2026  15:04:42",74.2,GOOD,1.78,,,,UNINSTALLED
"28 Jun 2026  15:05:12",72.0,GOOD,1.78,,,,UNINSTALLED
"28 Jun 2026  15:05:42",73.9,GOOD,1.78,,,,UNINSTALLED
"28 Jun 2026  15:06:12",73.0,GOOD,1.78,,,,UNINSTALLED
"28 Jun 2026  15:06:42",73.0,GOOD,1.78,,,,UNINSTALLED
"28 Jun 2026  15:07:12",73.3,GOOD,1.78,,,,UNINSTALLED
"28 Jun 2026  15:07:42",74.2,GOOD,1.78,,,,UNINSTALLED
"28 Jun 2026  15:08:12",70.4,GOOD,1.78,,,,UNINSTALLED
"28 Jun 2026  15:08:42",71.9,GOOD,1.78,,,,UNINSTALLED
"28 Jun 2026  15:09:12",73.5,GOOD,1.78,,,,UNINSTALLED
"28 Jun 2026  15:09:42",74.7,GOOD,1.78,,,,UNINSTALLED
"28 Jun 2026  15:10:12",74.4,GOOD,1.78,,,,UNINSTALLED
"28 Jun 2026  15:10:42",75.9,GOOD,1.78,,,,UNINSTALLED
"28 Jun 2026  15:11:12",75.3,GOOD,1.78,,,,UNINSTALLED
"28 Jun 2026  15:11:42",72.8,GOOD,1.78,,,,UNINSTALLED
"28 Jun 2026  15:12:12",73.4,GOOD,1.78,,,,UNINSTALLED
"28 Jun 2026  15:12:42",74.0,GOOD,1.78,,,,UNINSTALLED
"28 Jun 2026  15:13:12",74.7,GOOD,1.78,,,,UNINSTALLED
"28 Jun 2026  15:13:42",75.2,GOOD,1.78,,,,UNINSTALLED
"28 Jun 2026  15:14:12",73.6,GOOD,1.78,,,,UNINSTALLED
"28 Jun 2026  15:14:42",75.7,GOOD,1.78,,,,UNINSTALLED
"28 Jun 2026  15:15:12",75.7,GOOD,1.78,,,,UNINSTALLED
"28 Jun 2026  15:15:42",74.1,GOOD,1.78,,,,UNINSTALLED
"28 Jun 2026  15:16:12",73.9,GOOD,1.78,,,,UNINSTALLED
"28 Jun 2026  15:16:42",74.4,GOOD,1.78,,,,UNINSTALLED
"28 Jun 2026  15:17:12",73.4,GOOD,1.78,,,,UNINSTALLED
"28 Jun 2026  15:17:42",74.1,GOOD,1.78,,,,UNINSTALLED
"28 Jun 2026  15:18:12",73.6,GOOD,1.78,,,,UNINSTALLED
"28 Jun 2026  15:18:42",74.4,GOOD,1.78,,,,UNINSTALLED
"28 Jun 2026  15:19:12",72.6,GOOD,1.78,,,,UNINSTALLED
"28 Jun 2026  15:19:42",74.7,GOOD,1.78,,,,UNINSTALLED
"28 Jun 2026  15:20:12",75.5,GOOD,1.78,,,,UNINSTALLED
"28 Jun 2026  15:20:42",74.4,GOOD,1.78,,,,UNINSTALLED
"28 Jun 2026  15:21:12",73.9,GOOD,1.78,,,,UNINSTALLED
"28 Jun 2026  15:21:42",74.1,GOOD,1.78,,,,UNINSTALLED
"28 Jun 2026  15:22:12",74.6,GOOD,1.78,,,,UNINSTALLED
"28 Jun 2026  15:22:42",75.8,GOOD,1.78,,,,UNINSTALLED
"28 Jun 2026  15:23:13",74.1,GOOD,1.78,,,,UNINSTALLED
"28 Jun 2026  15:23:43",72.1,GOOD,1.78,,,,UNINSTALLED
"28 Jun 2026  15:24:13",72.8,GOOD,1.78,,,,UNINSTALLED
"28 Jun 2026  15:24:43",73.9,GOOD,1.78,,,,UNINSTALLED
"28 Jun 2026  15:25:13",77.3,GOOD,1.78,,,,UNINSTALLED
"28 Jun 2026  15:25:43",75.7,GOOD,1.78,,,,UNINSTALLED
"28 Jun 2026  15:26:13",76.1,GOOD,1.78,,,,UNINSTALLED
"28 Jun 2026  15:26:43",75.5,GOOD,1.78,,,,UNINSTALLED
"28 Jun 2026  15:27:13",73.2,GOOD,1.78,,,,UNINSTALLED
"28 Jun 2026  15:27:43",75.3,GOOD,1.78,,,,UNINSTALLED
"28 Jun 2026  15:28:13",73.5,GOOD,1.78,,,,UNINSTALLED
"28 Jun 2026  15:28:43",74.1,GOOD,1.78,,,,UNINSTALLED
"28 Jun 2026  15:29:13",73.5,GOOD,1.78,,,,UNINSTALLED
"28 Jun 2026  15:29:43",74.1,GOOD,1.78,,,,UNINSTALLED
"28 Jun 2026  15:30:13",74.8,GOOD,1.78,,,,UNINSTALLED
"28 Jun 2026  15:30:43",73.2,GOOD,1.78,,,,UNINSTALLED
"28 Jun 2026  15:31:13",72.6,GOOD,1.78,,,,UNINSTALLED
"28 Jun 2026  15:31:43",75.7,GOOD,1.78,,,,UNINSTALLED
"28 Jun 2026  15:32:13",74.8,GOOD,1.78,,,,UNINSTALLED
"28 Jun 2026  15:32:43",76.0,GOOD,1.78,,,,UNINSTALLED
"28 Jun 2026  15:33:13",75.2,GOOD,1.78,,,,UNINSTALLED
"28 Jun 2026  15:33:43",75.0,GOOD,1.78,,,,UNINSTALLED
"28 Jun 2026  15:34:13",74.8,GOOD,1.78,,,,UNINSTALLED
"28 Jun 2026  15:34:43",76.1,GOOD,1.78,,,,UNINSTALLED
"28 Jun 2026  15:35:13",76.7,GOOD,1.78,,,,UNINSTALLED
"28 Jun 2026  15:35:43",76.7,GOOD,1.78,,,,UNINSTALLED
"28 Jun 2026  15:36:13",75.1,GOOD,1.78,,,,UNINSTALLED
"28 Jun 2026  15:36:43",75.4,GOOD,1.78,,,,UNINSTALLED
"28 Jun 2026  15:37:13",76.0,GOOD,1.78,,,,UNINSTALLED
"28 Jun 2026  15:37:43",77.0,GOOD,1.78,,,,UNINSTALLED
"28 Jun 2026  15:38:13",77.0,GOOD,1.78,,,,UNINSTALLED
"28 Jun 2026  15:38:43",75.6,GOOD,1.78,,,,UNINSTALLED
"28 Jun 2026  15:39:13",74.8,GOOD,1.78,,,,UNINSTALLED
"28 Jun 2026  15:39:43",75.5,GOOD,1.78,,,,UNINSTALLED
"28 Jun 2026  15:40:14",74.4,GOOD,1.78,,,,UNINSTALLED
"28 Jun 2026  15:40:44",76.4,GOOD,1.78,,,,UNINSTALLED
"28 Jun 2026  15:41:14",76.6,GOOD,1.78,,,,UNINSTALLED
"28 Jun 2026  15:41:44",75.8,GOOD,1.78,,,,UNINSTALLED
"28 Jun 2026  15:42:14",74.2,GOOD,1.78,,,,UNINSTALLED
"28 Jun 2026  15:42:44",73.2,GOOD,1.78,,,,UNINSTALLED
"28 Jun 2026  15:43:14",74.6,GOOD,1.78,,,,UNINSTALLED
"28 Jun 2026  15:43:44",75.9,GOOD,1.78,,,,UNINSTALLED
"28 Jun 2026  15:44:14",76.7,GOOD,1.78,,,,UNINSTALLED
"28 Jun 2026  15:44:44",75.7,GOOD,1.78,,,,UNINSTALLED
"28 Jun 2026  15:45:14",76.5,GOOD,1.78,,,,UNINSTALLED
"28 Jun 2026  15:45:44",76.3,GOOD,1.78,,,,UNINSTALLED
"28 Jun 2026  15:46:14",76.8,GOOD,1.78,,,,UNINSTALLED
"28 Jun 2026  15:46:44",76.7,GOOD,1.78,,,,UNINSTALLED
"28 Jun 2026  15:47:14",77.3,GOOD,1.78,,,,UNINSTALLED
"28 Jun 2026  15:47:44",75.9,GOOD,1.78,,,,UNINSTALLED
"28 Jun 2026  15:48:14",76.4,GOOD,1.78,,,,UNINSTALLED
"28 Jun 2026  15:48:44",75.5,GOOD,1.78,,,,UNINSTALLED
"28 Jun 2026  15:49:14",74.2,GOOD,1.78,,,,UNINSTALLED
"28 Jun 2026  15:49:44",72.1,GOOD,1.78,,,,UNINSTALLED
"28 Jun 2026  15:50:14",71.2,GOOD,1.78,,,,UNINSTALLED
"28 Jun 2026  15:50:44",72.8,GOOD,1.78,,,,UNINSTALLED
"28 Jun 2026  15:51:14",75.7,GOOD,1.78,,,,UNINSTALLED
"28 Jun 2026  15:51:44",73.3,GOOD,1.78,,,,UNINSTALLED
"28 Jun 2026  15:52:14",72.6,GOOD,1.78,,,,UNINSTALLED
"28 Jun 2026  15:52:44",73.1,GOOD,1.78,,,,UNINSTALLED
"28 Jun 2026  15:53:14",74.1,GOOD,1.78,,,,UNINSTALLED
"28 Jun 2026  15:53:44",76.2,GOOD,1.78,,,,UNINSTALLED
"28 Jun 2026  15:54:14",76.5,GOOD,1.78,,,,UNINSTALLED
"28 Jun 2026  15:54:44",75.9,GOOD,1.78,,,,UNINSTALLED
"28 Jun 2026  15:55:15",74.5,GOOD,1.78,,,,UNINSTALLED
"28 Jun 2026  15:55:45",74.7,GOOD,1.78,,,,UNINSTALLED
"28 Jun 2026  15:56:15",75.1,GOOD,1.78,,,,UNINSTALLED
"28 Jun 2026  15:56:45",76.5,GOOD,1.78,,,,UNINSTALLED
"28 Jun 2026  15:57:15",76.0,GOOD,1.78,,,,UNINSTALLED
"28 Jun 2026  15:57:45",73.8,GOOD,1.78,,,,UNINSTALLED
"28 Jun 2026  15:58:15",73.0,GOOD,1.78,,,,UNINSTALLED
"28 Jun 2026  15:58:45",74.0,GOOD,1.78,,,,UNINSTALLED
"28 Jun 2026  15:59:15",75.6,GOOD,1.78,,,,UNINSTALLED
"28 Jun 2026  15:59:45",76.6,GOOD,1.78,,,,UNINSTALLED
"28 Jun 2026  16:00:15",76.3,GOOD,1.78,,,,UNINSTALLED
"28 Jun 2026  16:00:45",75.3,GOOD,1.78,,,,UNINSTALLED
"28 Jun 2026  16:01:15",76.1,GOOD,1.78,,,,UNINSTALLED
"28 Jun 2026  16:01:45",76.5,GOOD,1.78,,,,UNINSTALLED
"28 Jun 2026  16:02:15",74.6,GOOD,1.78,,,,UNINSTALLED
"28 Jun 2026  16:02:45",73.9,GOOD,1.78,,,,UNINSTALLED
"28 Jun 2026  16:03:15",74.0,GOOD,1.78,,,,UNINSTALLED
"28 Jun 2026  16:03:45",76.0,GOOD,1.78,,,,UNINSTALLED
"28 Jun 2026  16:04:15",76.3,GOOD,1.78,,,,UNINSTALLED
"28 Jun 2026  16:04:45",75.1,GOOD,1.78,,,,UNINSTALLED
"28 Jun 2026  16:05:15",75.4,GOOD,1.78,,,,UNINSTALLED
"28 Jun 2026  16:05:45",76.0,GOOD,1.78,,,,UNINSTALLED
"28 Jun 2026  16:06:15",74.7,GOOD,1.78,,,,UNINSTALLED
"28 Jun 2026  16:06:45",75.2,GOOD,1.78,,,,UNINSTALLED
"28 Jun 2026  16:07:15",76.6,GOOD,1.78,,,,UNINSTALLED
"28 Jun 2026  16:07:45",76.0,GOOD,1.78,,,,UNINSTALLED
"28 Jun 2026  16:08:15",73.8,GOOD,1.78,,,,UNINSTALLED
"28 Jun 2026  16:08:45",73.6,GOOD,1.78,,,,UNINSTALLED
"28 Jun 2026  16:09:15",74.0,GOOD,1.78,,,,UNINSTALLED
"28 Jun 2026  16:09:46",73.0,GOOD,1.78,,,,UNINSTALLED
"28 Jun 2026  16:10:16",74.1,GOOD,1.78,,,,UNINSTALLED
"28 Jun 2026  16:10:46",74.9,GOOD,1.78,,,,UNINSTALLED
"28 Jun 2026  16:11:16",74.3,GOOD,1.78,,,,UNINSTALLED
"28 Jun 2026  16:11:46",75.3,GOOD,1.78,,,,UNINSTALLED
"28 Jun 2026  16:12:16",74.1,GOOD,1.78,,,,UNINSTALLED
"28 Jun 2026  16:12:46",73.1,GOOD,1.78,,,,UNINSTALLED
"28 Jun 2026  16:13:16",75.0,GOOD,1.78,,,,UNINSTALLED
"28 Jun 2026  16:13:46",75.3,GOOD,1.78,,,,UNINSTALLED
"28 Jun 2026  16:14:16",76.0,GOOD,1.78,,,,UNINSTALLED
"28 Jun 2026  16:14:46",73.8,GOOD,1.78,,,,UNINSTALLED
"28 Jun 2026  16:15:16",74.7,GOOD,1.78,,,,UNINSTALLED
"28 Jun 2026  16:15:46",74.6,GOOD,1.78,,,,UNINSTALLED
"28 Jun 2026  16:16:16",75.1,GOOD,1.78,,,,UNINSTALLED
"28 Jun 2026  16:16:46",76.6,GOOD,1.78,,,,UNINSTALLED
"28 Jun 2026  16:17:16",73.2,GOOD,1.78,,,,UNINSTALLED
"28 Jun 2026  16:17:46",71.7,GOOD,1.78,,,,UNINSTALLED
"28 Jun 2026  16:18:16",73.6,GOOD,1.78,,,,UNINSTALLED
"28 Jun 2026  16:18:46",75.4,GOOD,1.78,,,,UNINSTALLED
"28 Jun 2026  16:19:16",76.0,GOOD,1.78,,,,UNINSTALLED
"28 Jun 2026  16:19:46",74.9,GOOD,1.78,,,,UNINSTALLED
"28 Jun 2026  16:20:16",75.6,GOOD,1.78,,,,UNINSTALLED
"28 Jun 2026  16:20:46",75.4,GOOD,1.78,,,,UNINSTALLED
"28 Jun 2026  16:21:16",75.5,GOOD,1.78,,,,UNINSTALLED
"28 Jun 2026  16:21:46",75.7,GOOD,1.78,,,,UNINSTALLED
"28 Jun 2026  16:22:16",73.6,GOOD,1.78,,,,UNINSTALLED
"28 Jun 2026  16:22:46",73.1,GOOD,1.78,,,,UNINSTALLED
"28 Jun 2026  16:23:16",71.9,GOOD,1.78,,,,UNINSTALLED
"28 Jun 2026  16:23:47",73.5,GOOD,1.78,,,,UNINSTALLED
"28 Jun 2026  16:24:17",73.5,GOOD,1.78,,,,UNINSTALLED
"28 Jun 2026  16:24:47",75.3,GOOD,1.78,,,,UNINSTALLED
"28 Jun 2026  16:25:17",76.5,GOOD,1.78,,,,UNINSTALLED
"28 Jun 2026  16:25:47",73.0,GOOD,1.78,,,,UNINSTALLED
"28 Jun 2026  16:26:17",72.9,GOOD,1.78,,,,UNINSTALLED
"28 Jun 2026  16:26:47",73.9,GOOD,1.78,,,,UNINSTALLED
"28 Jun 2026  16:27:17",74.1,GOOD,1.78,,,,UNINSTALLED
"28 Jun 2026  16:27:47",75.0,GOOD,1.78,,,,UNINSTALLED
"28 Jun 2026  16:28:17",75.3,GOOD,1.78,,,,UNINSTALLED
"28 Jun 2026  16:28:47",73.9,GOOD,1.78,,,,UNINSTALLED
"28 Jun 2026  16:29:17",72.5,GOOD,1.78,,,,UNINSTALLED
"28 Jun 2026  16:29:47",72.7,GOOD,1.78,,,,UNINSTALLED
"28 Jun 2026  16:30:17",75.0,GOOD,1.78,,,,UNINSTALLED
"28 Jun 2026  16:30:47",75.0,GOOD,1.78,,,,UNINSTALLED
"28 Jun 2026  16:31:17",72.8,GOOD,1.78,,,,UNINSTALLED
"28 Jun 2026  16:31:47",71.8,GOOD,1.78,,,,UNINSTALLED
"28 Jun 2026  16:32:17",73.3,GOOD,1.78,,,,UNINSTALLED
"28 Jun 2026  16:32:47",73.3,GOOD,1.78,,,,UNINSTALLED
"28 Jun 2026  16:33:17",71.8,GOOD,1.78,,,,UNINSTALLED
"28 Jun 2026  16:33:47",72.9,GOOD,1.78,,,,UNINSTALLED
"28 Jun 2026  16:34:17",74.3,GOOD,1.78,,,,UNINSTALLED
"28 Jun 2026  16:34:47",74.5,GOOD,1.78,,,,UNINSTALLED
"28 Jun 2026  16:35:17",73.3,GOOD,1.78,,,,UNINSTALLED
"28 Jun 2026  16:35:47",73.0,GOOD,1.78,,,,UNINSTALLED
"28 Jun 2026  16:36:17",73.9,GOOD,1.78,,,,UNINSTALLED
"28 Jun 2026  16:36:47",74.2,GOOD,1.78,,,,UNINSTALLED
"28 Jun 2026  16:37:17",75.9,GOOD,1.78,,,,UNINSTALLED
"28 Jun 2026  16:37:47",73.9,GOOD,1.78,,,,UNINSTALLED
"28 Jun 2026  16:38:17",72.6,GOOD,1.78,,,,UNINSTALLED
"28 Jun 2026  16:38:47",72.1,GOOD,1.78,,,,UNINSTALLED
"28 Jun 2026  16:39:17",72.1,GOOD,1.78,,,,UNINSTALLED
"28 Jun 2026  16:39:47",73.7,GOOD,1.78,,,,UNINSTALLED
"28 Jun 2026  16:40:17",73.7,GOOD,1.78,,,,UNINSTALLED
"28 Jun 2026  16:40:47",73.1,GOOD,1.78,,,,UNINSTALLED
"28 Jun 2026  16:41:17",73.3,GOOD,1.78,,,,UNINSTALLED
"28 Jun 2026  16:41:47",71.9,GOOD,1.78,,,,UNINSTALLED
"28 Jun 2026  16:42:18",74.0,GOOD,1.78,,,,UNINSTALLED
"28 Jun 2026  16:42:47",73.8,GOOD,1.78,,,,UNINSTALLED
"28 Jun 2026  16:43:18",73.7,GOOD,1.78,,,,UNINSTALLED
"28 Jun 2026  16:43:48",72.1,GOOD,1.78,,,,UNINSTALLED
"28 Jun 2026  16:44:18",71.1,GOOD,1.78,,,,UNINSTALLED
"28 Jun 2026  16:44:48",74.4,GOOD,1.78,,,,UNINSTALLED
"28 Jun 2026  16:45:18",73.1,GOOD,1.78,,,,UNINSTALLED
"28 Jun 2026  16:45:48",72.6,GOOD,1.78,,,,UNINSTALLED
"28 Jun 2026  16:46:18",71.9,GOOD,1.78,,,,UNINSTALLED
"28 Jun 2026  16:46:48",73.6,GOOD,1.78,,,,UNINSTALLED
"28 Jun 2026  16:47:18",75.5,GOOD,1.78,,,,UNINSTALLED
"28 Jun 2026  16:47:48",75.2,GOOD,1.78,,,,UNINSTALLED
"28 Jun 2026  16:48:18",73.6,GOOD,1.78,,,,UNINSTALLED
"28 Jun 2026  16:48:48",74.3,GOOD,1.78,,,,UNINSTALLED
"28 Jun 2026  16:49:18",72.6,GOOD,1.78,,,,UNINSTALLED
"28 Jun 2026  16:49:48",73.1,GOOD,1.78,,,,UNINSTALLED
"28 Jun 2026  16:50:18",74.0,GOOD,1.78,,,,UNINSTALLED
"28 Jun 2026  16:50:48",74.6,GOOD,1.78,,,,UNINSTALLED
"28 Jun 2026  16:51:18",73.0,GOOD,1.78,,,,UNINSTALLED
"28 Jun 2026  16:51:48",73.5,GOOD,1.78,,,,UNINSTALLED
"28 Jun 2026  16:52:18",73.8,GOOD,1.78,,,,UNINSTALLED
"28 Jun 2026  16:52:48",72.5,GOOD,1.78,,,,UNINSTALLED
"28 Jun 2026  16:53:18",74.6,GOOD,1.78,,,,UNINSTALLED
"28 Jun 2026  16:53:48",73.8,GOOD,1.78,,,,UNINSTALLED
"28 Jun 2026  16:54:18",73.9,GOOD,1.78,,,,UNINSTALLED
"28 Jun 2026  16:54:48",75.1,GOOD,1.78,,,,UNINSTALLED
"28 Jun 2026  16:55:18",74.5,GOOD,1.78,,,,UNINSTALLED
"28 Jun 2026  16:55:48",74.8,GOOD,1.78,,,,UNINSTALLED
"28 Jun 2026  16:56:18",74.0,GOOD,1.78,,,,UNINSTALLED
"28 Jun 2026  16:56:48",74.5,GOOD,1.78,,,,UNINSTALLED
"28 Jun 2026  16:57:18",74.5,GOOD,1.78,,,,UNINSTALLED
"28 Jun 2026  16:57:48",73.0,GOOD,1.78,,,,UNINSTALLED
"28 Jun 2026  16:58:18",74.3,GOOD,1.78,,,,UNINSTALLED
"28 Jun 2026  16:58:48",73.7,GOOD,1.78,,,,UNINSTALLED
"28 Jun 2026  16:59:18",73.8,GOOD,1.78,,,,UNINSTALLED
"28 Jun 2026  16:59:48",72.1,GOOD,1.78,,,,UNINSTALLED
"28 Jun 2026  17:00:18",72.9,GOOD,1.78,,,,UNINSTALLED
"28 Jun 2026  17:00:48",73.7,GOOD,1.78,,,,UNINSTALLED
"28 Jun 2026  17:01:18",76.3,GOOD,1.78,,,,UNINSTALLED
"28 Jun 2026  17:01:49",76.0,GOOD,1.78,,,,UNINSTALLED
"28 Jun 2026  17:02:19",74.8,GOOD,1.78,,,,UNINSTALLED
"28 Jun 2026  17:02:49",76.0,GOOD,1.78,,,,UNINSTALLED
"28 Jun 2026  17:03:19",75.3,GOOD,1.78,,,,UNINSTALLED
"28 Jun 2026  17:03:49",74.5,GOOD,1.78,,,,UNINSTALLED
"28 Jun 2026  17:04:19",73.6,GOOD,1.78,,,,UNINSTALLED
"28 Jun 2026  17:04:49",73.0,GOOD,1.78,,,,UNINSTALLED
"28 Jun 2026  17:05:19",75.5,GOOD,1.78,,,,UNINSTALLED
"28 Jun 2026  17:05:49",75.5,GOOD,1.78,,,,UNINSTALLED
"28 Jun 2026  17:06:19",74.2,GOOD,1.78,,,,UNINSTALLED
"28 Jun 2026  17:06:49",74.1,GOOD,1.78,,,,UNINSTALLED
"28 Jun 2026  17:07:19",75.0,GOOD,1.78,,,,UNINSTALLED
"28 Jun 2026  17:07:49",74.8,GOOD,1.78,,,,UNINSTALLED
"28 Jun 2026  17:08:19",73.7,GOOD,1.78,,,,UNINSTALLED
"28 Jun 2026  17:08:49",73.1,GOOD,1.78,,,,UNINSTALLED
"28 Jun 2026  17:09:19",74.8,GOOD,1.78,,,,UNINSTALLED
"28 Jun 2026  17:09:49",75.3,GOOD,1.78,,,,UNINSTALLED
"28 Jun 2026  17:10:19",74.8,GOOD,1.78,,,,UNINSTALLED
"28 Jun 2026  17:10:49",74.5,GOOD,1.78,,,,UNINSTALLED
"28 Jun 2026  17:11:19",76.4,GOOD,1.78,,,,UNINSTALLED
"28 Jun 2026  17:11:49",75.6,GOOD,1.78,,,,UNINSTALLED
"28 Jun 2026  17:12:19",73.2,GOOD,1.78,,,,UNINSTALLED
"28 Jun 2026  17:12:49",73.9,GOOD,1.78,,,,UNINSTALLED
"28 Jun 2026  17:13:19",75.0,GOOD,1.78,,,,UNINSTALLED
"28 Jun 2026  17:13:49",74.7,GOOD,1.78,,,,UNINSTALLED
"28 Jun 2026  17:14:19",71.8,GOOD,1.78,,,,UNINSTALLED
"28 Jun 2026  17:14:49",72.8,GOOD,1.78,,,,UNINSTALLED
"28 Jun 2026  17:15:19",74.4,GOOD,1.78,,,,UNINSTALLED
"28 Jun 2026  17:15:49",75.3,GOOD,1.78,,,,UNINSTALLED
"28 Jun 2026  17:16:19",74.4,GOOD,1.78,,,,UNINSTALLED
"28 Jun 2026  17:16:49",75.5,GOOD,1.78,,,,UNINSTALLED
"28 Jun 2026  17:17:20",77.0,GOOD,1.78,,,,UNINSTALLED
"28 Jun 2026  17:17:50",75.9,GOOD,1.78,,,,UNINSTALLED
"28 Jun 2026  17:18:20",74.2,GOOD,1.78,,,,UNINSTALLED
"28 Jun 2026  17:18:50",75.9,GOOD,1.78,,,,UNINSTALLED
"28 Jun 2026  17:19:20",74.3,GOOD,1.78,,,,UNINSTALLED
"28 Jun 2026  17:19:50",74.5,GOOD,1.78,,,,UNINSTALLED
"28 Jun 2026  17:20:20",75.6,GOOD,1.78,,,,UNINSTALLED
"28 Jun 2026  17:20:50",75.0,GOOD,1.78,,,,UNINSTALLED
"28 Jun 2026  17:21:20",74.9,GOOD,1.78,,,,UNINSTALLED
"28 Jun 2026  17:21:50",76.2,GOOD,1.78,,,,UNINSTALLED
"28 Jun 2026  17:22:20",77.2,GOOD,1.78,,,,UNINSTALLED
"28 Jun 2026  17:22:50",74.7,GOOD,1.78,,,,UNINSTALLED
"28 Jun 2026  17:23:20",74.6,GOOD,1.78,,,,UNINSTALLED
"28 Jun 2026  17:23:50",74.5,GOOD,1.78,,,,UNINSTALLED
"28 Jun 2026  17:24:20",76.9,GOOD,1.78,,,,UNINSTALLED
"28 Jun 2026  17:24:50",76.6,GOOD,1.78,,,,UNINSTALLED
"28 Jun 2026  17:25:20",74.6,GOOD,1.78,,,,UNINSTALLED
"28 Jun 2026  17:25:50",74.6,GOOD,1.78,,,,UNINSTALLED
"28 Jun 2026  17:26:20",75.0,GOOD,1.78,,,,UNINSTALLED
"28 Jun 2026  17:26:50",75.3,GOOD,1.78,,,,UNINSTALLED
"28 Jun 2026  17:27:20",74.4,GOOD,1.78,,,,UNINSTALLED
"28 Jun 2026  17:27:50",75.8,GOOD,1.78,,,,UNINSTALLED
"28 Jun 2026  17:28:20",76.7,GOOD,1.78,,,,UNINSTALLED
"28 Jun 2026  17:28:50",74.4,GOOD,1.78,,,,UNINSTALLED
"28 Jun 2026  17:29:20",75.9,GOOD,1.78,,,,UNINSTALLED
"28 Jun 2026  17:29:51",74.4,GOOD,1.78,,,,UNINSTALLED
"28 Jun 2026  17:30:21",73.7,GOOD,1.78,,,,UNINSTALLED
"28 Jun 2026  17:30:51",76.6,GOOD,1.78,,,,UNINSTALLED
"28 Jun 2026  17:31:21",75.4,GOOD,1.78,,,,UNINSTALLED
"28 Jun 2026  17:31:51",75.1,GOOD,1.78,,,,UNINSTALLED
"28 Jun 2026  17:32:21",77.4,GOOD,1.78,,,,UNINSTALLED
"28 Jun 2026  17:32:51",74.9,GOOD,1.78,,,,UNINSTALLED
"28 Jun 2026  17:33:21",73.6,GOOD,1.78,,,,UNINSTALLED
"28 Jun 2026  17:33:51",76.0,GOOD,1.78,,,,UNINSTALLED
"28 Jun 2026  17:34:21",76.2,GOOD,1.78,,,,UNINSTALLED
"28 Jun 2026  17:34:51",77.0,GOOD,1.78,,,,UNINSTALLED
"28 Jun 2026  17:35:21",75.7,GOOD,1.78,,,,UNINSTALLED
"28 Jun 2026  17:35:51",75.1,GOOD,1.78,,,,UNINSTALLED
"28 Jun 2026  17:36:21",74.5,GOOD,1.78,,,,UNINSTALLED
"28 Jun 2026  17:36:51",76.3,GOOD,1.78,,,,UNINSTALLED
"28 Jun 2026  17:37:21",75.7,GOOD,1.78,,,,UNINSTALLED
"28 Jun 2026  17:37:51",75.3,GOOD,1.78,,,,UNINSTALLED
"28 Jun 2026  17:38:21",76.0,GOOD,1.78,,,,UNINSTALLED
"28 Jun 2026  17:38:51",75.8,GOOD,1.78,,,,UNINSTALLED
"28 Jun 2026  17:39:21",76.8,GOOD,1.78,,,,UNINSTALLED
"28 Jun 2026  17:39:51",75.8,GOOD,1.78,,,,UNINSTALLED
"28 Jun 2026  17:40:21",74.4,GOOD,1.78,,,,UNINSTALLED
"28 Jun 2026  17:40:51",74.1,GOOD,1.78,,,,UNINSTALLED
"28 Jun 2026  17:41:21",75.1,GOOD,1.78,,,,UNINSTALLED
"28 Jun 2026  17:41:51",77.0,GOOD,1.78,,,,UNINSTALLED
"28 Jun 2026  17:42:21",76.6,GOOD,1.78,,,,UNINSTALLED
"28 Jun 2026  17:42:51",75.9,GOOD,1.78,,,,UNINSTALLED
"28 Jun 2026  17:43:21",76.7,GOOD,1.78,,,,UNINSTALLED
"28 Jun 2026  17:43:51",75.5,GOOD,1.78,,,,UNINSTALLED
"28 Jun 2026  17:44:21",75.8,GOOD,1.78,,,,UNINSTALLED
"28 Jun 2026  17:44:51",79.1,GOOD,1.78,,,,UNINSTALLED
"28 Jun 2026  17:45:21",77.5,GOOD,1.78,,,,UNINSTALLED
"28 Jun 2026  17:45:51",78.1,GOOD,1.78,,,,UNINSTALLED
"28 Jun 2026  17:46:21",78.6,GOOD,1.78,,,,UNINSTALLED
"28 Jun 2026  17:46:52",76.8,GOOD,1.78,,,,UNINSTALLED
"28 Jun 2026  17:47:22",76.5,GOOD,1.78,,,,UNINSTALLED
"28 Jun 2026  17:47:52",77.8,GOOD,1.78,,,,UNINSTALLED
"28 Jun 2026  17:48:22",76.3,GOOD,1.78,,,,UNINSTALLED
"28 Jun 2026  17:48:52",77.8,GOOD,1.78,,,,UNINSTALLED
"28 Jun 2026  17:49:22",78.5,GOOD,1.78,,,,UNINSTALLED
"28 Jun 2026  17:49:52",76.5,GOOD,1.78,,,,UNINSTALLED
"28 Jun 2026  17:50:22",76.0,GOOD,1.78,,,,UNINSTALLED
"28 Jun 2026  17:50:52",76.2,GOOD,1.78,,,,UNINSTALLED
"28 Jun 2026  17:51:22",76.9,GOOD,1.78,,,,UNINSTALLED
"28 Jun 2026  17:51:52",76.8,GOOD,1.78,,,,UNINSTALLED
"28 Jun 2026  17:52:22",78.4,GOOD,1.78,,,,UNINSTALLED
"28 Jun 2026  17:52:52",79.3,GOOD,1.78,,,,UNINSTALLED
"28 Jun 2026  17:53:22",77.4,GOOD,1.78,,,,UNINSTALLED
"28 Jun 2026  17:53:52",78.2,GOOD,1.78,,,,UNINSTALLED
"28 Jun 2026  17:54:22",76.7,GOOD,1.78,,,,UNINSTALLED
"28 Jun 2026  17:54:52",76.5,GOOD,1.78,,,,UNINSTALLED
"28 Jun 2026  17:55:22",77.5,GOOD,1.78,,,,UNINSTALLED
"28 Jun 2026  17:55:52",76.8,GOOD,1.78,,,,UNINSTALLED
"28 Jun 2026  17:56:22",78.6,GOOD,1.78,,,,UNINSTALLED
"28 Jun 2026  17:56:52",79.7,GOOD,1.78,,,,UNINSTALLED
"28 Jun 2026  17:57:22",77.4,GOOD,1.78,,,,UNINSTALLED
"28 Jun 2026  17:57:52",74.8,GOOD,1.78,,,,UNINSTALLED
"28 Jun 2026  17:58:22",75.4,GOOD,1.78,,,,UNINSTALLED
"28 Jun 2026  17:58:52",76.3,GOOD,1.78,,,,UNINSTALLED
"28 Jun 2026  17:59:22",76.3,GOOD,1.78,,,,UNINSTALLED
"28 Jun 2026  17:59:52",77.1,GOOD,1.78,,,,UNINSTALLED
"28 Jun 2026  18:00:22",78.0,GOOD,1.78,,,,UNINSTALLED
"28 Jun 2026  18:00:52",77.8,GOOD,1.78,,,,UNINSTALLED
"28 Jun 2026  18:01:23",78.7,GOOD,1.78,,,,UNINSTALLED
"28 Jun 2026  18:01:53",77.5,GOOD,1.78,,,,UNINSTALLED
"28 Jun 2026  18:02:23",76.6,GOOD,1.78,,,,UNINSTALLED
"28 Jun 2026  18:02:53",76.0,GOOD,1.78,,,,UNINSTALLED
"28 Jun 2026  18:03:23",76.4,GOOD,1.78,,,,UNINSTALLED
"28 Jun 2026  18:03:53",78.1,GOOD,1.78,,,,UNINSTALLED
"28 Jun 2026  18:04:23",78.9,GOOD,1.78,,,,UNINSTALLED
"28 Jun 2026  18:04:53",78.7,GOOD,1.78,,,,UNINSTALLED
"28 Jun 2026  18:05:23",78.3,GOOD,1.78,,,,UNINSTALLED
"28 Jun 2026  18:05:53",78.4,GOOD,1.78,,,,UNINSTALLED
"28 Jun 2026  18:06:23",77.3,GOOD,1.78,,,,UNINSTALLED
"28 Jun 2026  18:06:53",77.8,GOOD,1.78,,,,UNINSTALLED
"28 Jun 2026  18:07:23",77.1,GOOD,1.78,,,,UNINSTALLED
"28 Jun 2026  18:07:53",77.2,GOOD,1.78,,,,UNINSTALLED
"28 Jun 2026  18:08:23",78.3,GOOD,1.78,,,,UNINSTALLED
"28 Jun 2026  18:08:53",78.7,GOOD,1.78,,,,UNINSTALLED
"28 Jun 2026  18:09:23",77.9,GOOD,1.78,,,,UNINSTALLED
"28 Jun 2026  18:09:53",77.6,GOOD,1.78,,,,UNINSTALLED
"28 Jun 2026  18:10:23",77.6,GOOD,1.78,,,,UNINSTALLED
"28 Jun 2026  18:10:53",79.4,GOOD,1.78,,,,UNINSTALLED
"28 Jun 2026  18:11:23",76.9,GOOD,1.78,,,,UNINSTALLED
"28 Jun 2026  18:11:53",76.5,GOOD,1.78,,,,UNINSTALLED
"28 Jun 2026  18:12:23",76.9,GOOD,1.78,,,,UNINSTALLED
"28 Jun 2026  18:12:53",79.1,GOOD,1.78,,,,UNINSTALLED
"28 Jun 2026  18:13:23",78.4,GOOD,1.78,,,,UNINSTALLED
"28 Jun 2026  18:13:53",79.6,GOOD,1.78,,,,UNINSTALLED
"28 Jun 2026  18:14:23",78.5,GOOD,1.78,,,,UNINSTALLED
"28 Jun 2026  18:14:53",78.8,GOOD,1.78,,,,UNINSTALLED
"28 Jun 2026  18:15:23",76.8,GOOD,1.78,,,,UNINSTALLED
"28 Jun 2026  18:15:53",76.3,GOOD,1.78,,,,UNINSTALLED
"28 Jun 2026  18:16:23",77.7,GOOD,1.78,,,,UNINSTALLED
"28 Jun 2026  18:16:53",76.6,GOOD,1.78,,,,UNINSTALLED
"28 Jun 2026  18:17:23",77.0,GOOD,1.78,,,,UNINSTALLED
"28 Jun 2026  18:17:53",78.0,GOOD,1.78,,,,UNINSTALLED
"28 Jun 2026  18:18:23",79.7,GOOD,1.78,,,,UNINSTALLED
"28 Jun 2026  18:18:53",79.9,GOOD,1.78,,,,UNINSTALLED
"28 Jun 2026  18:19:23",80.7,GOOD,1.78,,,,UNINSTALLED
"28 Jun 2026  18:19:53",78.4,GOOD,1.78,,,,UNINSTALLED
"28 Jun 2026  18:20:24",78.2,GOOD,1.78,,,,UNINSTALLED
"28 Jun 2026  18:20:54",77.4,GOOD,1.78,,,,UNINSTALLED
"28 Jun 2026  18:21:24",77.8,GOOD,1.78,,,,UNINSTALLED
"28 Jun 2026  18:21:54",76.9,GOOD,1.78,,,,UNINSTALLED
"28 Jun 2026  18:22:24",77.8,GOOD,1.78,,,,UNINSTALLED
"28 Jun 2026  18:22:54",77.2,GOOD,1.78,,,,UNINSTALLED
"28 Jun 2026  18:23:24",78.2,GOOD,1.78,,,,UNINSTALLED
"28 Jun 2026  18:23:54",77.5,GOOD,1.78,,,,UNINSTALLED
"28 Jun 2026  18:24:24",77.9,GOOD,1.78,,,,UNINSTALLED
"28 Jun 2026  18:24:54",80.2,GOOD,1.78,,,,UNINSTALLED
"28 Jun 2026  18:25:24",81.1,GOOD,1.78,,,,UNINSTALLED
"28 Jun 2026  18:25:54",80.5,GOOD,1.78,,,,UNINSTALLED
"28 Jun 2026  18:26:24",78.6,GOOD,1.78,,,,UNINSTALLED
"28 Jun 2026  18:26:54",78.5,GOOD,1.78,,,,UNINSTALLED
"28 Jun 2026  18:27:24",79.5,GOOD,1.78,,,,UNINSTALLED
"28 Jun 2026  18:27:54",77.7,GOOD,1.78,,,,UNINSTALLED
"28 Jun 2026  18:28:24",79.0,GOOD,1.78,,,,UNINSTALLED
"28 Jun 2026  18:28:54",77.6,GOOD,1.78,,,,UNINSTALLED
"28 Jun 2026  18:29:24",79.3,GOOD,1.78,,,,UNINSTALLED
"28 Jun 2026  18:29:54",79.3,GOOD,1.78,,,,UNINSTALLED
"28 Jun 2026  18:30:24",78.9,GOOD,1.78,,,,UNINSTALLED
"28 Jun 2026  18:30:54",78.3,GOOD,1.78,,,,UNINSTALLED
"28 Jun 2026  18:31:24",79.1,GOOD,1.78,,,,UNINSTALLED
"28 Jun 2026  18:31:54",78.1,GOOD,1.78,,,,UNINSTALLED
"28 Jun 2026  18:32:24",78.7,GOOD,1.78,,,,UNINSTALLED
"28 Jun 2026  18:32:54",80.0,GOOD,1.78,,,,UNINSTALLED
"28 Jun 2026  18:33:24",79.2,GOOD,1.78,,,,UNINSTALLED
"28 Jun 2026  18:33:54",77.9,GOOD,1.78,,,,UNINSTALLED
"28 Jun 2026  18:34:24",79.0,GOOD,1.78,,,,UNINSTALLED
"28 Jun 2026  18:34:54",81.3,GOOD,1.78,,,,UNINSTALLED
"28 Jun 2026  18:35:24",80.5,GOOD,1.78,,,,UNINSTALLED
"28 Jun 2026  18:35:54",81.0,GOOD,1.78,,,,UNINSTALLED
"28 Jun 2026  18:36:24",79.0,GOOD,1.78,,,,UNINSTALLED
"28 Jun 2026  18:36:54",80.6,GOOD,1.78,,,,UNINSTALLED
"28 Jun 2026  18:37:24",80.0,GOOD,1.78,,,,UNINSTALLED
"28 Jun 2026  18:37:54",79.7,GOOD,1.78,,,,UNINSTALLED
"28 Jun 2026  18:38:24",80.7,GOOD,1.78,,,,UNINSTALLED
"28 Jun 2026  18:38:55",81.6,GOOD,1.78,,,,UNINSTALLED
"28 Jun 2026  18:39:25",80.8,GOOD,1.78,,,,UNINSTALLED
"28 Jun 2026  18:39:55",79.4,GOOD,1.78,,,,UNINSTALLED
"28 Jun 2026  18:40:25",77.2,GOOD,1.78,,,,UNINSTALLED
"28 Jun 2026  18:40:55",79.3,GOOD,1.78,,,,UNINSTALLED
"28 Jun 2026  18:41:25",80.0,GOOD,1.78,,,,UNINSTALLED
"28 Jun 2026  18:41:55",80.8,GOOD,1.78,,,,UNINSTALLED
"28 Jun 2026  18:42:25",81.2,GOOD,1.78,,,,UNINSTALLED
"28 Jun 2026  18:42:55",80.9,GOOD,1.78,,,,UNINSTALLED
"28 Jun 2026  18:43:25",81.6,GOOD,1.78,,,,UNINSTALLED
"28 Jun 2026  18:43:55",81.9,GOOD,1.78,,,,UNINSTALLED
"28 Jun 2026  18:44:25",81.0,GOOD,1.78,,,,UNINSTALLED
"28 Jun 2026  18:44:55",79.9,GOOD,1.78,,,,UNINSTALLED
"28 Jun 2026  18:45:25",79.6,GOOD,1.78,,,,UNINSTALLED
"28 Jun 2026  18:45:55",80.1,GOOD,1.78,,,,UNINSTALLED
"28 Jun 2026  18:46:25",79.2,GOOD,1.78,,,,UNINSTALLED
"28 Jun 2026  18:46:55",79.5,GOOD,1.78,,,,UNINSTALLED
"28 Jun 2026  18:47:25",80.9,GOOD,1.78,,,,UNINSTALLED
"28 Jun 2026  18:47:55",81.4,GOOD,1.78,,,,UNINSTALLED
"28 Jun 2026  18:48:25",80.6,GOOD,1.78,,,,UNINSTALLED
"28 Jun 2026  18:48:55",80.0,GOOD,1.78,,,,UNINSTALLED
"28 Jun 2026  18:49:25",79.7,GOOD,1.78,,,,UNINSTALLED
"28 Jun 2026  18:49:55",81.9,GOOD,1.78,,,,UNINSTALLED
"28 Jun 2026  18:50:25",79.9,GOOD,1.78,,,,UNINSTALLED
"28 Jun 2026  18:50:55",80.8,GOOD,1.78,,,,UNINSTALLED
"28 Jun 2026  18:51:25",81.1,GOOD,1.78,,,,UNINSTALLED
"28 Jun 2026  18:51:55",80.4,GOOD,1.78,,,,UNINSTALLED
"28 Jun 2026  18:52:25",79.8,GOOD,1.78,,,,UNINSTALLED
"28 Jun 2026  18:52:55",80.5,GOOD,1.78,,,,UNINSTALLED
"28 Jun 2026  18:53:25",79.4,GOOD,1.78,,,,UNINSTALLED
"28 Jun 2026  18:53:55",81.3,GOOD,1.78,,,,UNINSTALLED
"28 Jun 2026  18:54:26",80.6,GOOD,1.78,,,,UNINSTALLED
"28 Jun 2026  18:54:56",81.2,GOOD,1.78,,,,UNINSTALLED
"28 Jun 2026  18:55:26",79.4,GOOD,1.78,,,,UNINSTALLED
"28 Jun 2026  18:55:56",81.7,GOOD,1.78,,,,UNINSTALLED
"28 Jun 2026  18:56:26",81.9,GOOD,1.78,,,,UNINSTALLED
"28 Jun 2026  18:56:56",80.7,GOOD,1.78,,,,UNINSTALLED
"28 Jun 2026  18:57:26",82.3,GOOD,1.78,,,,UNINSTALLED
"28 Jun 2026  18:57:56",80.2,GOOD,1.78,,,,UNINSTALLED
"28 Jun 2026  18:58:26",80.5,GOOD,1.78,,,,UNINSTALLED
"28 Jun 2026  18:58:56",81.7,GOOD,1.78,,,,UNINSTALLED
"28 Jun 2026  18:59:26",82.1,GOOD,1.78,,,,UNINSTALLED
"28 Jun 2026  18:59:56",79.1,GOOD,1.78,,,,UNINSTALLED
"28 Jun 2026  19:00:26",79.2,GOOD,1.78,,,,UNINSTALLED
"28 Jun 2026  19:00:56",81.2,GOOD,1.78,,,,UNINSTALLED
"28 Jun 2026  19:01:26",81.2,GOOD,1.78,,,,UNINSTALLED
"28 Jun 2026  19:01:56",80.8,GOOD,1.78,,,,UNINSTALLED
"28 Jun 2026  19:02:26",80.7,GOOD,1.78,,,,UNINSTALLED
"28 Jun 2026  19:02:56",80.8,GOOD,1.78,,,,UNINSTALLED
"28 Jun 2026  19:03:26",82.3,GOOD,1.78,,,,UNINSTALLED
"28 Jun 2026  19:03:56",80.5,GOOD,1.78,,,,UNINSTALLED
"28 Jun 2026  19:04:26",79.2,GOOD,1.78,,,,UNINSTALLED
"28 Jun 2026  19:04:56",80.4,GOOD,1.78,,,,UNINSTALLED
"28 Jun 2026  19:05:26",81.6,GOOD,1.78,,,,UNINSTALLED
"28 Jun 2026  19:05:56",80.7,GOOD,1.78,,,,UNINSTALLED
"28 Jun 2026  19:06:26",78.3,GOOD,1.78,,,,UNINSTALLED
"28 Jun 2026  19:06:56",79.9,GOOD,1.78,,,,UNINSTALLED
"28 Jun 2026  19:07:27",80.7,GOOD,1.78,,,,UNINSTALLED
"28 Jun 2026  19:07:57",80.1,GOOD,1.78,,,,UNINSTALLED
"28 Jun 2026  19:08:27",80.6,GOOD,1.78,,,,UNINSTALLED
"28 Jun 2026  19:08:57",80.5,GOOD,1.78,,,,UNINSTALLED
"28 Jun 2026  19:09:27",82.0,GOOD,1.78,,,,UNINSTALLED
"28 Jun 2026  19:09:57",84.0,GOOD,1.78,,,,UNINSTALLED
"28 Jun 2026  19:10:27",83.1,GOOD,1.78,,,,UNINSTALLED
"28 Jun 2026  19:10:57",82.0,GOOD,1.78,,,,UNINSTALLED
"28 Jun 2026  19:11:27",79.5,GOOD,1.78,,,,UNINSTALLED
"28 Jun 2026  19:11:57",80.9,GOOD,1.78,,,,UNINSTALLED
"28 Jun 2026  19:12:27",81.2,GOOD,1.78,,,,UNINSTALLED
"28 Jun 2026  19:12:57",81.5,GOOD,1.78,,,,UNINSTALLED
"28 Jun 2026  19:13:27",82.1,GOOD,1.78,,,,UNINSTALLED
"28 Jun 2026  19:13:57",81.8,GOOD,1.78,,,,UNINSTALLED
"28 Jun 2026  19:14:27",82.4,GOOD,1.78,,,,UNINSTALLED
"28 Jun 2026  19:14:57",81.6,GOOD,1.78,,,,UNINSTALLED
"28 Jun 2026  19:15:27",81.5,GOOD,1.78,,,,UNINSTALLED
"28 Jun 2026  19:15:57",81.3,GOOD,1.78,,,,UNINSTALLED
"28 Jun 2026  19:16:27",81.1,GOOD,1.78,,,,UNINSTALLED
"28 Jun 2026  19:16:57",83.6,GOOD,1.78,,,,UNINSTALLED
"28 Jun 2026  19:17:27",81.7,GOOD,1.78,,,,UNINSTALLED
"28 Jun 2026  19:17:57",81.4,GOOD,1.78,,,,UNINSTALLED
"28 Jun 2026  19:18:27",80.9,GOOD,1.78,,,,UNINSTALLED
"28 Jun 2026  19:18:57",83.2,GOOD,1.78,,,,UNINSTALLED
"28 Jun 2026  19:19:27",82.2,GOOD,1.78,,,,UNINSTALLED
"28 Jun 2026  19:19:57",82.4,GOOD,1.78,,,,UNINSTALLED
"28 Jun 2026  19:20:27",83.4,GOOD,1.78,,,,UNINSTALLED
"28 Jun 2026  19:20:57",82.1,GOOD,1.78,,,,UNINSTALLED
"28 Jun 2026  19:21:27",82.4,GOOD,1.78,,,,UNINSTALLED
"28 Jun 2026  19:21:57",82.5,GOOD,1.78,,,,UNINSTALLED
"28 Jun 2026  19:22:28",82.9,GOOD,1.78,,,,UNINSTALLED
"28 Jun 2026  19:22:58",82.6,GOOD,1.78,,,,UNINSTALLED
"28 Jun 2026  19:23:28",82.2,GOOD,1.78,,,,UNINSTALLED
"28 Jun 2026  19:23:58",81.1,GOOD,1.78,,,,UNINSTALLED
"28 Jun 2026  19:24:28",82.8,GOOD,1.78,,,,UNINSTALLED
"28 Jun 2026  19:24:58",83.4,GOOD,1.78,,,,UNINSTALLED
"28 Jun 2026  19:25:28",80.8,GOOD,1.78,,,,UNINSTALLED
"28 Jun 2026  19:25:58",82.3,GOOD,1.78,,,,UNINSTALLED
"28 Jun 2026  19:26:28",82.8,GOOD,1.78,,,,UNINSTALLED
"28 Jun 2026  19:26:58",83.0,GOOD,1.78,,,,UNINSTALLED
"28 Jun 2026  19:27:28",81.8,GOOD,1.78,,,,UNINSTALLED
"28 Jun 2026  19:27:58",82.9,GOOD,1.78,,,,UNINSTALLED
"28 Jun 2026  19:28:28",82.3,GOOD,1.78,,,,UNINSTALLED
"28 Jun 2026  19:28:58",82.5,GOOD,1.78,,,,UNINSTALLED
"28 Jun 2026  19:29:28",82.4,GOOD,1.78,,,,UNINSTALLED
"28 Jun 2026  19:29:58",81.9,GOOD,1.78,,,,UNINSTALLED
"28 Jun 2026  19:30:28",81.3,GOOD,1.78,,,,UNINSTALLED
"28 Jun 2026  19:30:58",82.1,GOOD,1.78,,,,UNINSTALLED
"28 Jun 2026  19:31:28",81.5,GOOD,1.78,,,,UNINSTALLED
"28 Jun 2026  19:31:58",81.7,GOOD,1.78,,,,UNINSTALLED
"28 Jun 2026  19:32:28",81.6,GOOD,1.78,,,,UNINSTALLED
"28 Jun 2026  19:32:58",83.0,GOOD,1.78,,,,UNINSTALLED
"28 Jun 2026  19:33:28",82.7,GOOD,1.78,,,,UNINSTALLED
"28 Jun 2026  19:33:58",83.5,GOOD,1.78,,,,UNINSTALLED
"28 Jun 2026  19:34:28",83.2,GOOD,1.78,,,,UNINSTALLED
"28 Jun 2026  19:34:58",82.4,GOOD,1.78,,,,UNINSTALLED
"28 Jun 2026  19:35:28",81.8,GOOD,1.78,,,,UNINSTALLED
"28 Jun 2026  19:35:58",80.8,GOOD,1.78,,,,UNINSTALLED
"28 Jun 2026  19:36:28",80.1,GOOD,1.78,,,,UNINSTALLED
"28 Jun 2026  19:36:58",81.2,GOOD,1.78,,,,UNINSTALLED
"28 Jun 2026  19:37:28",82.6,GOOD,1.78,,,,UNINSTALLED
"28 Jun 2026  19:37:59",83.5,GOOD,1.78,,,,UNINSTALLED
"28 Jun 2026  19:38:29",83.7,GOOD,1.78,,,,UNINSTALLED
"28 Jun 2026  19:38:59",82.7,GOOD,1.78,,,,UNINSTALLED
"28 Jun 2026  19:39:29",82.8,GOOD,1.78,,,,UNINSTALLED
"28 Jun 2026  19:39:59",82.5,GOOD,1.78,,,,UNINSTALLED
"28 Jun 2026  19:40:29",82.2,GOOD,1.78,,,,UNINSTALLED
"28 Jun 2026  19:40:59",80.4,GOOD,1.78,,,,UNINSTALLED
"28 Jun 2026  19:41:29",80.6,GOOD,1.78,,,,UNINSTALLED
"28 Jun 2026  19:41:59",82.3,GOOD,1.78,,,,UNINSTALLED
"28 Jun 2026  19:42:29",83.7,GOOD,1.78,,,,UNINSTALLED
"28 Jun 2026  19:42:59",83.1,GOOD,1.78,,,,UNINSTALLED
"28 Jun 2026  19:43:29",83.0,GOOD,1.78,,,,UNINSTALLED
"28 Jun 2026  19:43:59",82.9,GOOD,1.78,,,,UNINSTALLED
"28 Jun 2026  19:44:29",83.0,GOOD,1.78,,,,UNINSTALLED
"28 Jun 2026  19:44:59",84.6,GOOD,1.78,,,,UNINSTALLED
"28 Jun 2026  19:45:29",82.4,GOOD,1.78,,,,UNINSTALLED
"28 Jun 2026  19:45:59",81.1,GOOD,1.78,,,,UNINSTALLED
"28 Jun 2026  19:46:29",80.7,GOOD,1.78,,,,UNINSTALLED
"28 Jun 2026  19:46:59",81.9,GOOD,1.78,,,,UNINSTALLED
"28 Jun 2026  19:47:29",82.6,GOOD,1.78,,,,UNINSTALLED
"28 Jun 2026  19:47:59",80.9,GOOD,1.78,,,,UNINSTALLED
"28 Jun 2026  19:48:29",81.5,GOOD,1.78,,,,UNINSTALLED
"28 Jun 2026  19:48:59",82.7,GOOD,1.78,,,,UNINSTALLED
"28 Jun 2026  19:49:29",82.0,GOOD,1.78,,,,UNINSTALLED
"28 Jun 2026  19:49:59",83.2,GOOD,1.78,,,,UNINSTALLED
"28 Jun 2026  19:50:29",82.3,GOOD,1.78,,,,UNINSTALLED
"28 Jun 2026  19:50:59",82.4,GOOD,1.78,,,,UNINSTALLED
"28 Jun 2026  19:51:29",83.7,GOOD,1.78,,,,UNINSTALLED
"28 Jun 2026  19:51:59",81.2,GOOD,1.78,,,,UNINSTALLED
"28 Jun 2026  19:52:30",81.2,GOOD,1.78,,,,UNINSTALLED
"28 Jun 2026  19:53:00",82.8,GOOD,1.78,,,,UNINSTALLED
"28 Jun 2026  19:53:30",83.6,GOOD,1.78,,,,UNINSTALLED
"28 Jun 2026  19:54:00",83.4,GOOD,1.78,,,,UNINSTALLED
"28 Jun 2026  19:54:30",83.3,GOOD,1.78,,,,UNINSTALLED
"28 Jun 2026  19:55:00",82.8,GOOD,1.78,,,,UNINSTALLED
"28 Jun 2026  19:55:30",81.6,GOOD,1.78,,,,UNINSTALLED
"28 Jun 2026  19:56:00",84.1,GOOD,1.78,,,,UNINSTALLED
"28 Jun 2026  19:56:30",83.5,GOOD,1.78,,,,UNINSTALLED
"28 Jun 2026  19:57:00",80.5,GOOD,1.78,,,,UNINSTALLED
"28 Jun 2026  19:57:30",81.8,GOOD,1.78,,,,UNINSTALLED
"28 Jun 2026  19:58:00",81.8,GOOD,1.78,,,,UNINSTALLED
"28 Jun 2026  19:58:30",83.5,GOOD,1.78,,,,UNINSTALLED
"28 Jun 2026  19:59:00",84.7,GOOD,1.78,,,,UNINSTALLED
"28 Jun 2026  19:59:30",84.4,GOOD,1.78,,,,UNINSTALLED
"28 Jun 2026  20:00:00",84.6,GOOD,1.78,,,,UNINSTALLED
"28 Jun 2026  20:00:30",81.8,GOOD,1.78,,,,UNINSTALLED
"28 Jun 2026  20:01:00",83.5,GOOD,1.78,,,,UNINSTALLED
"28 Jun 2026  20:01:30",83.0,GOOD,1.78,,,,UNINSTALLED
"28 Jun 2026  20:02:00",83.2,GOOD,1.78,,,,UNINSTALLED
"28 Jun 2026  20:02:30",82.5,GOOD,1.78,,,,UNINSTALLED
"28 Jun 2026  20:03:00",81.0,GOOD,1.78,,,,UNINSTALLED
"28 Jun 2026  20:03:30",82.4,GOOD,1.78,,,,UNINSTALLED
"28 Jun 2026  20:04:00",82.4,GOOD,1.78,,,,UNINSTALLED
"28 Jun 2026  20:04:30",83.8,GOOD,1.78,,,,UNINSTALLED
"28 Jun 2026  20:05:00",84.3,GOOD,1.78,,,,UNINSTALLED
"28 Jun 2026  20:05:30",83.9,GOOD,1.78,,,,UNINSTALLED
"28 Jun 2026  20:06:00",83.1,GOOD,1.78,,,,UNINSTALLED
"28 Jun 2026  20:06:31",83.0,GOOD,1.78,,,,UNINSTALLED
"28 Jun 2026  20:07:01",84.7,GOOD,1.78,,,,UNINSTALLED
"28 Jun 2026  20:07:31",84.3,GOOD,1.78,,,,UNINSTALLED
"28 Jun 2026  20:08:01",83.7,GOOD,1.78,,,,UNINSTALLED
"28 Jun 2026  20:08:31",82.9,GOOD,1.78,,,,UNINSTALLED
"28 Jun 2026  20:09:01",81.8,GOOD,1.78,,,,UNINSTALLED
"28 Jun 2026  20:09:31",82.5,GOOD,1.78,,,,UNINSTALLED
"28 Jun 2026  20:10:01",82.5,GOOD,1.78,,,,UNINSTALLED
"28 Jun 2026  20:10:31",82.9,GOOD,1.78,,,,UNINSTALLED
"28 Jun 2026  20:11:01",83.6,GOOD,1.78,,,,UNINSTALLED
"28 Jun 2026  20:11:31",83.6,GOOD,1.78,,,,UNINSTALLED
"28 Jun 2026  20:12:01",83.7,GOOD,1.78,,,,UNINSTALLED
"28 Jun 2026  20:12:31",83.1,GOOD,1.78,,,,UNINSTALLED
"28 Jun 2026  20:13:01",81.1,GOOD,1.78,,,,UNINSTALLED
"28 Jun 2026  20:13:31",81.3,GOOD,1.78,,,,UNINSTALLED
"28 Jun 2026  20:14:01",83.2,GOOD,1.78,,,,UNINSTALLED
"28 Jun 2026  20:14:31",83.4,GOOD,1.78,,,,UNINSTALLED
"28 Jun 2026  20:15:01",82.4,GOOD,1.78,,,,UNINSTALLED
"28 Jun 2026  20:15:31",81.8,GOOD,1.78,,,,UNINSTALLED
"28 Jun 2026  20:16:01",82.1,GOOD,1.78,,,,UNINSTALLED
"28 Jun 2026  20:16:31",83.5,GOOD,1.78,,,,UNINSTALLED
"28 Jun 2026  20:17:01",82.8,GOOD,1.78,,,,UNINSTALLED
"28 Jun 2026  20:17:31",83.5,GOOD,1.78,,,,UNINSTALLED
"28 Jun 2026  20:18:01",83.8,GOOD,1.78,,,,UNINSTALLED
"28 Jun 2026  20:18:31",82.9,GOOD,1.78,,,,UNINSTALLED
"28 Jun 2026  20:19:01",84.0,GOOD,1.78,,,,UNINSTALLED
"28 Jun 2026  20:19:31",83.5,GOOD,1.78,,,,UNINSTALLED
"28 Jun 2026  20:20:01",81.2,GOOD,1.78,,,,UNINSTALLED
"28 Jun 2026  20:20:31",83.2,GOOD,1.78,,,,UNINSTALLED
"28 Jun 2026  20:21:01",84.4,GOOD,1.78,,,,UNINSTALLED
"28 Jun 2026  20:21:31",83.7,GOOD,1.78,,,,UNINSTALLED
"28 Jun 2026  20:22:02",85.1,GOOD,1.78,,,,UNINSTALLED
"28 Jun 2026  20:22:32",85.2,GOOD,1.78,,,,UNINSTALLED
"28 Jun 2026  20:23:02",84.6,GOOD,1.78,,,,UNINSTALLED
"28 Jun 2026  20:23:32",84.5,GOOD,1.78,,,,UNINSTALLED
"28 Jun 2026  20:24:02",83.7,GOOD,1.78,,,,UNINSTALLED
"28 Jun 2026  20:24:32",83.7,GOOD,1.78,,,,UNINSTALLED
"28 Jun 2026  20:25:02",82.5,GOOD,1.78,,,,UNINSTALLED
"28 Jun 2026  20:25:32",82.4,GOOD,1.78,,,,UNINSTALLED
"28 Jun 2026  20:26:02",82.0,GOOD,1.78,,,,UNINSTALLED
"28 Jun 2026  20:26:32",83.5,GOOD,1.78,,,,UNINSTALLED
"28 Jun 2026  20:27:02",84.7,GOOD,1.78,,,,UNINSTALLED
"28 Jun 2026  20:27:32",85.3,GOOD,1.78,,,,UNINSTALLED
"28 Jun 2026  20:28:02",86.8,GOOD,1.78,,,,UNINSTALLED
"28 Jun 2026  20:28:32",84.1,GOOD,1.78,,,,UNINSTALLED
"28 Jun 2026  20:29:02",83.0,GOOD,1.78,,,,UNINSTALLED
"28 Jun 2026  20:29:32",82.1,GOOD,1.78,,,,UNINSTALLED
"28 Jun 2026  20:30:02",83.4,GOOD,1.78,,,,UNINSTALLED
"28 Jun 2026  20:30:32",84.9,GOOD,1.78,,,,UNINSTALLED
"28 Jun 2026  20:31:02",85.6,GOOD,1.78,,,,UNINSTALLED
"28 Jun 2026  20:31:32",85.5,GOOD,1.78,,,,UNINSTALLED
"28 Jun 2026  20:32:02",82.5,GOOD,1.78,,,,UNINSTALLED
"28 Jun 2026  20:32:32",81.0,GOOD,1.78,,,,UNINSTALLED
"28 Jun 2026  20:33:02",82.8,GOOD,1.78,,,,UNINSTALLED
"28 Jun 2026  20:33:32",83.8,GOOD,1.78,,,,UNINSTALLED
"28 Jun 2026  20:34:02",86.6,GOOD,1.78,,,,UNINSTALLED
"28 Jun 2026  20:34:32",85.9,GOOD,1.78,,,,UNINSTALLED
"28 Jun 2026  20:35:02",85.8,GOOD,1.78,,,,UNINSTALLED
"28 Jun 2026  20:35:32",84.7,GOOD,1.78,,,,UNINSTALLED
"28 Jun 2026  20:36:02",84.1,GOOD,1.78,,,,UNINSTALLED
"28 Jun 2026  20:36:32",83.0,GOOD,1.78,,,,UNINSTALLED
"28 Jun 2026  20:37:02",83.9,GOOD,1.78,,,,UNINSTALLED
"28 Jun 2026  20:37:32",85.1,GOOD,1.78,,,,UNINSTALLED
"28 Jun 2026  20:38:02",84.0,GOOD,1.78,,,,UNINSTALLED
"28 Jun 2026  20:38:32",83.5,GOOD,1.78,,,,UNINSTALLED
"28 Jun 2026  20:39:02",84.6,GOOD,1.78,,,,UNINSTALLED
"28 Jun 2026  20:39:32",83.7,GOOD,1.78,,,,UNINSTALLED
"28 Jun 2026  20:40:02",85.2,GOOD,1.78,,,,UNINSTALLED
"28 Jun 2026  20:40:32",85.7,GOOD,1.78,,,,UNINSTALLED
"28 Jun 2026  20:41:03",84.8,GOOD,1.78,,,,UNINSTALLED
"28 Jun 2026  20:41:33",82.7,GOOD,1.78,,,,UNINSTALLED
"28 Jun 2026  20:42:03",83.6,GOOD,1.78,,,,UNINSTALLED
"28 Jun 2026  20:42:33",84.3,GOOD,1.78,,,,UNINSTALLED
"28 Jun 2026  20:43:03",85.5,GOOD,1.78,,,,UNINSTALLED
"28 Jun 2026  20:43:33",85.7,GOOD,1.78,,,,UNINSTALLED
"28 Jun 2026  20:44:03",84.6,GOOD,1.78,,,,UNINSTALLED
"28 Jun 2026  20:44:33",84.1,GOOD,1.78,,,,UNINSTALLED
"28 Jun 2026  20:45:03",82.2,GOOD,1.78,,,,UNINSTALLED
"28 Jun 2026  20:45:33",84.0,GOOD,1.78,,,,UNINSTALLED
"28 Jun 2026  20:46:03",84.3,GOOD,1.78,,,,UNINSTALLED
"28 Jun 2026  20:46:33",85.2,GOOD,1.78,,,,UNINSTALLED
"28 Jun 2026  20:47:03",85.6,GOOD,1.78,,,,UNINSTALLED
"28 Jun 2026  20:47:33",85.1,GOOD,1.78,,,,UNINSTALLED
"28 Jun 2026  20:48:03",84.0,GOOD,1.78,,,,UNINSTALLED
"28 Jun 2026  20:48:33",84.4,GOOD,1.78,,,,UNINSTALLED
"28 Jun 2026  20:49:03",83.3,GOOD,1.78,,,,UNINSTALLED
"28 Jun 2026  20:49:33",83.8,GOOD,1.78,,,,UNINSTALLED
"28 Jun 2026  20:50:03",84.1,GOOD,1.78,,,,UNINSTALLED
"28 Jun 2026  20:50:33",84.8,GOOD,1.78,,,,UNINSTALLED
"28 Jun 2026  20:51:03",85.9,GOOD,1.78,,,,UNINSTALLED
"28 Jun 2026  20:51:33",84.9,GOOD,1.78,,,,UNINSTALLED
"28 Jun 2026  20:52:03",84.8,GOOD,1.78,,,,UNINSTALLED
"28 Jun 2026  20:52:33",85.5,GOOD,1.78,,,,UNINSTALLED
"28 Jun 2026  20:53:03",86.7,GOOD,1.78,,,,UNINSTALLED
"28 Jun 2026  20:53:33",84.6,GOOD,1.78,,,,UNINSTALLED
"28 Jun 2026  20:54:03",84.5,GOOD,1.78,,,,UNINSTALLED
"28 Jun 2026  20:54:33",86.3,GOOD,1.78,,,,UNINSTALLED
"28 Jun 2026  20:55:03",86.5,GOOD,1.78,,,,UNINSTALLED
"28 Jun 2026  20:55:33",86.3,GOOD,1.78,,,,UNINSTALLED
"28 Jun 2026  20:56:03",85.5,GOOD,1.78,,,,UNINSTALLED
"28 Jun 2026  20:56:33",85.7,GOOD,1.78,,,,UNINSTALLED
"28 Jun 2026  20:57:04",86.6,GOOD,1.78,,,,UNINSTALLED
"28 Jun 2026  20:57:34",85.7,GOOD,1.78,,,,UNINSTALLED
"28 Jun 2026  20:58:04",86.2,GOOD,1.78,,,,UNINSTALLED
"28 Jun 2026  20:58:34",86.3,GOOD,1.78,,,,UNINSTALLED
"28 Jun 2026  20:59:04",84.2,GOOD,1.78,,,,UNINSTALLED
"28 Jun 2026  20:59:34",84.1,GOOD,1.78,,,,UNINSTALLED
"28 Jun 2026  21:00:04",85.5,GOOD,1.78,,,,UNINSTALLED
"28 Jun 2026  21:00:34",85.4,GOOD,1.78,,,,UNINSTALLED
"28 Jun 2026  21:01:04",86.1,GOOD,1.78,,,,UNINSTALLED
"28 Jun 2026  21:01:34",85.7,GOOD,1.78,,,,UNINSTALLED
"28 Jun 2026  21:02:04",85.3,GOOD,1.78,,,,UNINSTALLED
"28 Jun 2026  21:02:34",86.5,GOOD,1.78,,,,UNINSTALLED
"28 Jun 2026  21:03:04",83.9,GOOD,1.78,,,,UNINSTALLED
"28 Jun 2026  21:03:34",84.4,GOOD,1.78,,,,UNINSTALLED
"28 Jun 2026  21:04:04",86.4,GOOD,1.78,,,,UNINSTALLED
"28 Jun 2026  21:04:34",85.5,GOOD,1.78,,,,UNINSTALLED
"28 Jun 2026  21:05:04",85.2,GOOD,1.78,,,,UNINSTALLED
"28 Jun 2026  21:05:34",86.7,GOOD,1.78,,,,UNINSTALLED
"28 Jun 2026  21:06:04",86.4,GOOD,1.78,,,,UNINSTALLED
"28 Jun 2026  21:06:34",86.6,GOOD,1.78,,,,UNINSTALLED
"28 Jun 2026  21:07:04",86.4,GOOD,1.78,,,,UNINSTALLED
"28 Jun 2026  21:07:34",87.0,GOOD,1.78,,,,UNINSTALLED
"28 Jun 2026  21:08:04",86.8,GOOD,1.78,,,,UNINSTALLED
"28 Jun 2026  21:08:34",84.3,GOOD,1.78,,,,UNINSTALLED
"28 Jun 2026  21:09:04",83.5,GOOD,1.78,,,,UNINSTALLED
"28 Jun 2026  21:09:34",85.6,GOOD,1.78,,,,UNINSTALLED
"28 Jun 2026  21:10:04",86.0,GOOD,1.78,,,,UNINSTALLED
"28 Jun 2026  21:10:34",86.0,GOOD,1.78,,,,UNINSTALLED
"28 Jun 2026  21:11:04",85.7,GOOD,1.78,,,,UNINSTALLED
"28 Jun 2026  21:11:34",85.7,GOOD,1.78,,,,UNINSTALLED
"28 Jun 2026  21:12:04",86.7,GOOD,1.78,,,,UNINSTALLED
"28 Jun 2026  21:12:35",85.4,GOOD,1.78,,,,UNINSTALLED
"28 Jun 2026  21:13:05",86.7,GOOD,1.78,,,,UNINSTALLED
"28 Jun 2026  21:13:35",86.1,GOOD,1.78,,,,UNINSTALLED
"28 Jun 2026  21:14:05",85.2,GOOD,1.78,,,,UNINSTALLED
"28 Jun 2026  21:14:35",85.4,GOOD,1.78,,,,UNINSTALLED
"28 Jun 2026  21:15:05",84.7,GOOD,1.78,,,,UNINSTALLED
"28 Jun 2026  21:15:35",85.0,GOOD,1.78,,,,UNINSTALLED
"28 Jun 2026  21:16:05",87.3,GOOD,1.78,,,,UNINSTALLED
"28 Jun 2026  21:16:35",87.2,GOOD,1.78,,,,UNINSTALLED
"28 Jun 2026  21:17:05",86.4,GOOD,1.78,,,,UNINSTALLED
"28 Jun 2026  21:17:35",85.3,GOOD,1.78,,,,UNINSTALLED
"28 Jun 2026  21:18:05",87.2,GOOD,1.78,,,,UNINSTALLED
"28 Jun 2026  21:18:35",87.8,GOOD,1.78,,,,UNINSTALLED
"28 Jun 2026  21:19:05",87.1,GOOD,1.78,,,,UNINSTALLED
"28 Jun 2026  21:19:35",86.9,GOOD,1.78,,,,UNINSTALLED
"28 Jun 2026  21:20:05",86.7,GOOD,1.78,,,,UNINSTALLED
"28 Jun 2026  21:20:35",85.1,GOOD,1.78,,,,UNINSTALLED
"28 Jun 2026  21:21:05",85.2,GOOD,1.78,,,,UNINSTALLED
"28 Jun 2026  21:21:35",85.7,GOOD,1.78,,,,UNINSTALLED
"28 Jun 2026  21:22:05",86.9,GOOD,1.78,,,,UNINSTALLED
"28 Jun 2026  21:22:35",87.6,GOOD,1.78,,,,UNINSTALLED
"28 Jun 2026  21:23:05",86.9,GOOD,1.78,,,,UNINSTALLED
"28 Jun 2026  21:23:35",88.8,GOOD,1.78,,,,UNINSTALLED
"28 Jun 2026  21:24:05",88.3,GOOD,1.78,,,,UNINSTALLED
"28 Jun 2026  21:24:35",87.1,GOOD,1.78,,,,UNINSTALLED
"28 Jun 2026  21:25:05",88.4,GOOD,1.78,,,,UNINSTALLED
"28 Jun 2026  21:25:36",88.7,GOOD,1.78,,,,UNINSTALLED
"28 Jun 2026  21:26:06",87.3,GOOD,1.78,,,,UNINSTALLED
"28 Jun 2026  21:26:36",87.6,GOOD,1.78,,,,UNINSTALLED
"28 Jun 2026  21:27:06",88.5,GOOD,1.78,,,,UNINSTALLED
"28 Jun 2026  21:27:36",87.4,GOOD,1.78,,,,UNINSTALLED
"28 Jun 2026  21:28:06",86.3,GOOD,1.78,,,,UNINSTALLED
"28 Jun 2026  21:28:36",88.6,GOOD,1.78,,,,UNINSTALLED
"28 Jun 2026  21:29:06",87.2,GOOD,1.78,,,,UNINSTALLED
"28 Jun 2026  21:29:36",88.4,GOOD,1.78,,,,UNINSTALLED
"28 Jun 2026  21:30:06",88.0,GOOD,1.78,,,,UNINSTALLED
"28 Jun 2026  21:30:36",88.8,GOOD,1.78,,,,UNINSTALLED
"28 Jun 2026  21:31:06",88.4,GOOD,1.78,,,,UNINSTALLED
"28 Jun 2026  21:31:36",87.3,GOOD,1.78,,,,UNINSTALLED
"28 Jun 2026  21:32:06",87.9,GOOD,1.78,,,,UNINSTALLED
"28 Jun 2026  21:32:36",87.1,GOOD,1.78,,,,UNINSTALLED
"28 Jun 2026  21:33:06",87.4,GOOD,1.78,,,,UNINSTALLED
"28 Jun 2026  21:33:36",86.8,GOOD,1.78,,,,UNINSTALLED
"28 Jun 2026  21:34:06",86.9,GOOD,1.78,,,,UNINSTALLED
"28 Jun 2026  21:34:36",87.8,GOOD,1.78,,,,UNINSTALLED
"28 Jun 2026  21:35:06",88.0,GOOD,1.78,,,,UNINSTALLED
"28 Jun 2026  21:35:36",87.5,GOOD,1.78,,,,UNINSTALLED
"28 Jun 2026  21:36:06",89.1,GOOD,1.78,,,,UNINSTALLED
"28 Jun 2026  21:36:36",88.2,GOOD,1.78,,,,UNINSTALLED
"28 Jun 2026  21:37:06",90.1,GOOD,1.78,,,,UNINSTALLED
"28 Jun 2026  21:37:36",90.2,GOOD,1.78,,,,UNINSTALLED
"28 Jun 2026  21:38:06",90.0,GOOD,1.78,,,,UNINSTALLED
"28 Jun 2026  21:38:36",87.4,GOOD,1.78,,,,UNINSTALLED
"28 Jun 2026  21:39:06",87.7,GOOD,1.78,,,,UNINSTALLED
"28 Jun 2026  21:39:36",90.6,GOOD,1.78,,,,UNINSTALLED
"28 Jun 2026  21:40:06",88.4,GOOD,1.78,,,,UNINSTALLED
"28 Jun 2026  21:40:36",88.0,GOOD,1.78,,,,UNINSTALLED
"28 Jun 2026  21:41:06",89.2,GOOD,1.78,,,,UNINSTALLED
"28 Jun 2026  21:41:36",88.2,GOOD,1.78,,,,UNINSTALLED
"28 Jun 2026  21:42:06",89.7,GOOD,1.78,,,,UNINSTALLED
"28 Jun 2026  21:42:37",90.9,GOOD,1.78,,,,UNINSTALLED
"28 Jun 2026  21:43:06",89.0,GOOD,1.78,,,,UNINSTALLED
"28 Jun 2026  21:43:36",91.0,GOOD,1.78,,,,UNINSTALLED
"28 Jun 2026  21:44:07",89.6,GOOD,1.78,,,,UNINSTALLED
"28 Jun 2026  21:44:37",90.8,GOOD,1.78,,,,UNINSTALLED
"28 Jun 2026  21:45:07",91.0,GOOD,1.78,,,,UNINSTALLED
"28 Jun 2026  21:45:37",89.1,GOOD,1.78,,,,UNINSTALLED
"28 Jun 2026  21:46:07",90.3,GOOD,1.78,,,,UNINSTALLED
"28 Jun 2026  21:46:37",90.4,GOOD,1.78,,,,UNINSTALLED
"28 Jun 2026  21:47:07",90.7,GOOD,1.78,,,,UNINSTALLED
"28 Jun 2026  21:47:37",89.7,GOOD,1.78,,,,UNINSTALLED
"28 Jun 2026  21:48:07",88.9,GOOD,1.78,,,,UNINSTALLED
"28 Jun 2026  21:48:37",91.4,GOOD,1.78,,,,UNINSTALLED
"28 Jun 2026  21:49:07",90.6,GOOD,1.78,,,,UNINSTALLED
"28 Jun 2026  21:49:37",90.3,GOOD,1.78,,,,UNINSTALLED
"28 Jun 2026  21:50:07",90.2,GOOD,1.78,,,,UNINSTALLED
"28 Jun 2026  21:50:37",89.6,GOOD,1.78,,,,UNINSTALLED
"28 Jun 2026  21:51:07",90.0,GOOD,1.78,,,,UNINSTALLED
"28 Jun 2026  21:51:37",93.0,GOOD,1.78,,,,UNINSTALLED
"28 Jun 2026  21:52:07",90.2,GOOD,1.78,,,,UNINSTALLED
"28 Jun 2026  21:52:37",90.3,GOOD,1.78,,,,UNINSTALLED
"28 Jun 2026  21:53:07",90.7,GOOD,1.78,,,,UNINSTALLED
"28 Jun 2026  21:53:37",90.7,GOOD,1.78,,,,UNINSTALLED
"28 Jun 2026  21:54:07",91.3,GOOD,1.78,,,,UNINSTALLED
"28 Jun 2026  21:54:37",92.2,GOOD,1.78,,,,UNINSTALLED
"28 Jun 2026  21:55:07",89.3,GOOD,1.78,,,,UNINSTALLED
"28 Jun 2026  21:55:37",90.9,GOOD,1.78,,,,UNINSTALLED
"28 Jun 2026  21:56:07",91.3,GOOD,1.78,,,,UNINSTALLED
"28 Jun 2026  21:56:37",90.8,GOOD,1.78,,,,UNINSTALLED
"28 Jun 2026  21:57:07",87.3,GOOD,1.78,,,,UNINSTALLED
"28 Jun 2026  21:57:37",89.3,GOOD,1.78,,,,UNINSTALLED
"28 Jun 2026  21:58:07",89.0,GOOD,1.78,,,,UNINSTALLED
"28 Jun 2026  21:58:37",92.2,GOOD,1.78,,,,UNINSTALLED
"28 Jun 2026  21:59:07",91.8,GOOD,1.78,,,,UNINSTALLED
"28 Jun 2026  21:59:37",93.0,GOOD,1.78,,,,UNINSTALLED
"28 Jun 2026  22:00:08",89.1,GOOD,1.78,,,,UNINSTALLED
"28 Jun 2026  22:00:38",90.5,GOOD,1.78,,,,UNINSTALLED
"28 Jun 2026  22:01:08",91.2,GOOD,1.78,,,,UNINSTALLED
"28 Jun 2026  22:01:38",93.4,GOOD,1.78,,,,UNINSTALLED
"28 Jun 2026  22:02:08",91.7,GOOD,1.78,,,,UNINSTALLED
"28 Jun 2026  22:02:38",90.2,GOOD,1.78,,,,UNINSTALLED
"28 Jun 2026  22:03:08",90.8,GOOD,1.78,,,,UNINSTALLED
"28 Jun 2026  22:03:38",91.5,GOOD,1.78,,,,UNINSTALLED
"28 Jun 2026  22:04:08",93.3,GOOD,1.78,,,,UNINSTALLED
"28 Jun 2026  22:04:38",91.3,GOOD,1.78,,,,UNINSTALLED
"28 Jun 2026  22:05:08",92.4,GOOD,1.78,,,,UNINSTALLED
"28 Jun 2026  22:05:38",93.5,GOOD,1.78,,,,UNINSTALLED
"28 Jun 2026  22:06:08",91.7,GOOD,1.78,,,,UNINSTALLED
"28 Jun 2026  22:06:38",91.4,GOOD,1.78,,,,UNINSTALLED
"28 Jun 2026  22:07:08",92.9,GOOD,1.78,,,,UNINSTALLED
"28 Jun 2026  22:07:38",91.6,GOOD,1.78,,,,UNINSTALLED
"28 Jun 2026  22:08:08",91.8,GOOD,1.78,,,,UNINSTALLED
"28 Jun 2026  22:08:38",89.9,GOOD,1.78,,,,UNINSTALLED
"28 Jun 2026  22:09:08",93.0,GOOD,1.78,,,,UNINSTALLED
"28 Jun 2026  22:09:38",93.6,GOOD,1.78,,,,UNINSTALLED
"28 Jun 2026  22:10:08",91.8,GOOD,1.78,,,,UNINSTALLED
"28 Jun 2026  22:10:38",91.9,GOOD,1.78,,,,UNINSTALLED
"28 Jun 2026  22:11:08",92.1,GOOD,1.78,,,,UNINSTALLED
"28 Jun 2026  22:11:38",92.7,GOOD,1.78,,,,UNINSTALLED
"28 Jun 2026  22:12:08",91.0,GOOD,1.78,,,,UNINSTALLED
"28 Jun 2026  22:12:38",92.0,GOOD,1.78,,,,UNINSTALLED
"28 Jun 2026  22:13:08",92.1,GOOD,1.78,,,,UNINSTALLED
"28 Jun 2026  22:13:38",92.7,GOOD,1.78,,,,UNINSTALLED
"28 Jun 2026  22:14:08",93.4,GOOD,1.78,,,,UNINSTALLED
"28 Jun 2026  22:14:38",93.4,GOOD,1.78,,,,UNINSTALLED
"28 Jun 2026  22:15:08",94.5,GOOD,1.78,,,,UNINSTALLED
"28 Jun 2026  22:15:38",93.1,GOOD,1.78,,,,UNINSTALLED
"28 Jun 2026  22:16:08",91.7,GOOD,1.78,,,,UNINSTALLED
"28 Jun 2026  22:16:39",92.2,GOOD,1.78,,,,UNINSTALLED
"28 Jun 2026  22:17:09",92.5,GOOD,1.78,,,,UNINSTALLED
"28 Jun 2026  22:17:39",92.9,GOOD,1.78,,,,UNINSTALLED
"28 Jun 2026  22:18:09",92.9,GOOD,1.78,,,,UNINSTALLED
"28 Jun 2026  22:18:39",93.9,GOOD,1.78,,,,UNINSTALLED
"28 Jun 2026  22:19:09",93.8,GOOD,1.78,,,,UNINSTALLED
"28 Jun 2026  22:19:39",94.5,GOOD,1.78,,,,UNINSTALLED
"28 Jun 2026  22:20:09",93.3,GOOD,1.78,,,,UNINSTALLED
"28 Jun 2026  22:20:39",92.8,GOOD,1.78,,,,UNINSTALLED
"28 Jun 2026  22:21:09",94.3,GOOD,1.78,,,,UNINSTALLED
"28 Jun 2026  22:21:39",94.0,GOOD,1.78,,,,UNINSTALLED
"28 Jun 2026  22:22:09",92.5,GOOD,1.78,,,,UNINSTALLED
"28 Jun 2026  22:22:39",92.9,GOOD,1.78,,,,UNINSTALLED
"28 Jun 2026  22:23:09",93.9,GOOD,1.78,,,,UNINSTALLED
"28 Jun 2026  22:23:39",94.0,GOOD,1.78,,,,UNINSTALLED
"28 Jun 2026  22:24:09",94.4,GOOD,1.78,,,,UNINSTALLED
"28 Jun 2026  22:24:39",93.3,GOOD,1.78,,,,UNINSTALLED
"28 Jun 2026  22:25:09",93.7,GOOD,1.78,,,,UNINSTALLED
"28 Jun 2026  22:25:39",92.7,GOOD,1.78,,,,UNINSTALLED
"28 Jun 2026  22:26:09",92.5,GOOD,1.78,,,,UNINSTALLED
"28 Jun 2026  22:26:39",93.7,GOOD,1.78,,,,UNINSTALLED
"28 Jun 2026  22:27:09",93.5,GOOD,1.78,,,,UNINSTALLED
"28 Jun 2026  22:27:39",94.1,GOOD,1.78,,,,UNINSTALLED
"28 Jun 2026  22:28:09",94.1,GOOD,1.78,,,,UNINSTALLED
"28 Jun 2026  22:28:39",94.2,GOOD,1.78,,,,UNINSTALLED
"28 Jun 2026  22:29:09",94.6,GOOD,1.78,,,,UNINSTALLED
"28 Jun 2026  22:29:39",93.5,GOOD,1.78,,,,UNINSTALLED
"28 Jun 2026  22:30:09",95.5,GOOD,1.78,,,,UNINSTALLED
"28 Jun 2026  22:30:39",95.5,GOOD,1.78,,,,UNINSTALLED
"28 Jun 2026  22:31:10",94.3,GOOD,1.78,,,,UNINSTALLED
"28 Jun 2026  22:31:40",93.1,GOOD,1.78,,,,UNINSTALLED
"28 Jun 2026  22:32:10",94.6,GOOD,1.78,,,,UNINSTALLED
"28 Jun 2026  22:32:40",95.6,GOOD,1.78,,,,UNINSTALLED
"28 Jun 2026  22:33:10",95.4,GOOD,1.78,,,,UNINSTALLED
"28 Jun 2026  22:33:40",95.0,GOOD,1.78,,,,UNINSTALLED
"28 Jun 2026  22:34:10",94.3,GOOD,1.78,,,,UNINSTALLED
"28 Jun 2026  22:34:40",95.5,GOOD,1.78,,,,UNINSTALLED
"28 Jun 2026  22:35:10",94.3,GOOD,1.78,,,,UNINSTALLED
"28 Jun 2026  22:35:40",94.8,GOOD,1.78,,,,UNINSTALLED
"28 Jun 2026  22:36:10",95.0,GOOD,1.78,,,,UNINSTALLED
"28 Jun 2026  22:36:40",94.3,GOOD,1.78,,,,UNINSTALLED
"28 Jun 2026  22:37:10",93.7,GOOD,1.78,,,,UNINSTALLED
"28 Jun 2026  22:37:40",94.9,GOOD,1.78,,,,UNINSTALLED
"28 Jun 2026  22:38:10",95.3,GOOD,1.78,,,,UNINSTALLED
"28 Jun 2026  22:38:40",94.5,GOOD,1.78,,,,UNINSTALLED
"28 Jun 2026  22:39:10",94.3,GOOD,1.78,,,,UNINSTALLED
"28 Jun 2026  22:39:40",94.7,GOOD,1.78,,,,UNINSTALLED
"28 Jun 2026  22:40:10",93.0,GOOD,1.78,,,,UNINSTALLED
"28 Jun 2026  22:40:40",93.1,GOOD,1.78,,,,UNINSTALLED
"28 Jun 2026  22:41:10",94.1,GOOD,1.78,,,,UNINSTALLED
"28 Jun 2026  22:41:40",93.8,GOOD,1.78,,,,UNINSTALLED
"28 Jun 2026  22:42:10",95.1,GOOD,1.78,,,,UNINSTALLED
"28 Jun 2026  22:42:40",94.2,GOOD,1.78,,,,UNINSTALLED
"28 Jun 2026  22:43:10",96.4,GOOD,1.78,,,,UNINSTALLED
"28 Jun 2026  22:43:40",96.2,GOOD,1.78,,,,UNINSTALLED
"28 Jun 2026  22:44:10",95.6,GOOD,1.78,,,,UNINSTALLED
"28 Jun 2026  22:44:40",93.8,GOOD,1.78,,,,UNINSTALLED
"28 Jun 2026  22:45:10",95.4,GOOD,1.78,,,,UNINSTALLED
"28 Jun 2026  22:45:40",95.2,GOOD,1.78,,,,UNINSTALLED
"28 Jun 2026  22:46:10",94.5,GOOD,1.78,,,,UNINSTALLED
"28 Jun 2026  22:46:40",95.4,GOOD,1.78,,,,UNINSTALLED
"28 Jun 2026  22:47:11",95.1,GOOD,1.78,,,,UNINSTALLED
"28 Jun 2026  22:47:41",97.1,GOOD,1.78,,,,UNINSTALLED
"28 Jun 2026  22:48:11",95.5,GOOD,1.78,,,,UNINSTALLED
"28 Jun 2026  22:48:41",96.2,GOOD,1.78,,,,UNINSTALLED
"28 Jun 2026  22:49:11",95.9,GOOD,1.78,,,,UNINSTALLED
"28 Jun 2026  22:49:41",94.7,GOOD,1.78,,,,UNINSTALLED
"28 Jun 2026  22:50:11",95.5,GOOD,1.78,,,,UNINSTALLED
"28 Jun 2026  22:50:41",96.5,GOOD,1.78,,,,UNINSTALLED
"28 Jun 2026  22:51:11",94.6,GOOD,1.78,,,,UNINSTALLED
"28 Jun 2026  22:51:41",96.1,GOOD,1.78,,,,UNINSTALLED
"28 Jun 2026  22:52:11",96.2,GOOD,1.78,,,,UNINSTALLED
"28 Jun 2026  22:52:41",96.6,GOOD,1.78,,,,UNINSTALLED
"28 Jun 2026  22:53:11",96.3,GOOD,1.78,,,,UNINSTALLED
"28 Jun 2026  22:53:41",98.1,GOOD,1.78,,,,UNINSTALLED
"28 Jun 2026  22:54:11",97.2,GOOD,1.78,,,,UNINSTALLED
"28 Jun 2026  22:54:41",96.6,GOOD,1.78,,,,UNINSTALLED
"28 Jun 2026  22:55:11",95.9,GOOD,1.78,,,,UNINSTALLED
"28 Jun 2026  22:55:41",96.2,GOOD,1.78,,,,UNINSTALLED
"28 Jun 2026  22:56:11",95.4,GOOD,1.78,,,,UNINSTALLED
"28 Jun 2026  22:56:41",95.5,GOOD,1.78,,,,UNINSTALLED
"28 Jun 2026  22:57:11",97.8,GOOD,1.78,,,,UNINSTALLED
"28 Jun 2026  22:57:41",97.5,GOOD,1.78,,,,UNINSTALLED
"28 Jun 2026  22:58:11",95.6,GOOD,1.78,,,,UNINSTALLED
"28 Jun 2026  22:58:41",96.3,GOOD,1.78,,,,UNINSTALLED
"28 Jun 2026  22:59:11",96.6,GOOD,1.78,,,,UNINSTALLED
"28 Jun 2026  22:59:41",98.2,GOOD,1.78,,,,UNINSTALLED
"28 Jun 2026  23:00:11",97.7,GOOD,1.78,,,,UNINSTALLED
"28 Jun 2026  23:00:41",96.9,GOOD,1.78,,,,UNINSTALLED
"28 Jun 2026  23:01:11",96.7,GOOD,1.78,,,,UNINSTALLED
"28 Jun 2026  23:01:41",95.9,GOOD,1.78,,,,UNINSTALLED
"28 Jun 2026  23:02:11",96.6,GOOD,1.78,,,,UNINSTALLED
"28 Jun 2026  23:02:42",97.1,GOOD,1.78,,,,UNINSTALLED
"28 Jun 2026  23:03:12",97.6,GOOD,1.78,,,,UNINSTALLED
"28 Jun 2026  23:03:42",98.7,GOOD,1.78,,,,UNINSTALLED
"28 Jun 2026  23:04:12",96.3,GOOD,1.78,,,,UNINSTALLED
"28 Jun 2026  23:04:42",96.2,GOOD,1.78,,,,UNINSTALLED
"28 Jun 2026  23:05:12",95.6,GOOD,1.78,,,,UNINSTALLED
"28 Jun 2026  23:05:42",96.3,GOOD,1.78,,,,UNINSTALLED
"28 Jun 2026  23:06:12",96.2,GOOD,1.78,,,,UNINSTALLED
"28 Jun 2026  23:06:42",96.3,GOOD,1.78,,,,UNINSTALLED
"28 Jun 2026  23:07:12",96.0,GOOD,1.78,,,,UNINSTALLED
"28 Jun 2026  23:07:42",98.0,GOOD,1.78,,,,UNINSTALLED
"28 Jun 2026  23:08:12",96.8,GOOD,1.78,,,,UNINSTALLED
"28 Jun 2026  23:08:42",97.6,GOOD,1.78,,,,UNINSTALLED
"28 Jun 2026  23:09:12",97.5,GOOD,1.78,,,,UNINSTALLED
"28 Jun 2026  23:09:42",97.2,GOOD,1.78,,,,UNINSTALLED
"28 Jun 2026  23:10:12",96.2,GOOD,1.78,,,,UNINSTALLED
"28 Jun 2026  23:10:42",96.8,GOOD,1.78,,,,UNINSTALLED
"28 Jun 2026  23:11:12",97.0,GOOD,1.78,,,,UNINSTALLED
"28 Jun 2026  23:11:42",96.9,GOOD,1.78,,,,UNINSTALLED
"28 Jun 2026  23:12:12",97.8,GOOD,1.78,,,,UNINSTALLED
"28 Jun 2026  23:12:42",97.0,GOOD,1.78,,,,UNINSTALLED
"28 Jun 2026  23:13:12",97.4,GOOD,1.78,,,,UNINSTALLED
"28 Jun 2026  23:13:42",98.0,GOOD,1.78,,,,UNINSTALLED
"28 Jun 2026  23:14:12",98.4,GOOD,1.78,,,,UNINSTALLED
"28 Jun 2026  23:14:42",98.7,GOOD,1.78,,,,UNINSTALLED
"28 Jun 2026  23:15:12",98.1,GOOD,1.78,,,,UNINSTALLED
"28 Jun 2026  23:15:42",96.6,GOOD,1.78,,,,UNINSTALLED
"28 Jun 2026  23:16:12",95.9,GOOD,1.78,,,,UNINSTALLED
"28 Jun 2026  23:16:43",98.6,GOOD,1.78,,,,UNINSTALLED
"28 Jun 2026  23:17:13",98.9,GOOD,1.78,,,,UNINSTALLED
"28 Jun 2026  23:17:43",98.3,GOOD,1.78,,,,UNINSTALLED
"28 Jun 2026  23:18:13",99.8,GOOD,1.78,,,,UNINSTALLED
"28 Jun 2026  23:18:43",99.4,GOOD,1.78,,,,UNINSTALLED
"28 Jun 2026  23:19:13",97.0,GOOD,1.78,,,,UNINSTALLED
"28 Jun 2026  23:19:43",97.9,GOOD,1.78,,,,UNINSTALLED
"28 Jun 2026  23:20:13",97.9,GOOD,1.78,,,,UNINSTALLED
"28 Jun 2026  23:20:43",97.7,GOOD,1.78,,,,UNINSTALLED
"28 Jun 2026  23:21:13",97.4,GOOD,1.78,,,,UNINSTALLED
"28 Jun 2026  23:21:43",97.8,GOOD,1.78,,,,UNINSTALLED
"28 Jun 2026  23:22:13",99.8,GOOD,1.78,,,,UNINSTALLED
"28 Jun 2026  23:22:43",97.8,GOOD,1.78,,,,UNINSTALLED
"28 Jun 2026  23:23:13",99.1,GOOD,1.78,,,,UNINSTALLED
"28 Jun 2026  23:23:43",98.0,GOOD,1.78,,,,UNINSTALLED
"28 Jun 2026  23:24:13",99.6,GOOD,1.78,,,,UNINSTALLED
"28 Jun 2026  23:24:43",97.1,GOOD,1.78,,,,UNINSTALLED
"28 Jun 2026  23:25:13",98.4,GOOD,1.78,,,,UNINSTALLED
"28 Jun 2026  23:25:43",95.8,GOOD,1.78,,,,UNINSTALLED
"28 Jun 2026  23:26:13",97.7,GOOD,1.78,,,,UNINSTALLED
"28 Jun 2026  23:26:43",98.9,GOOD,1.78,,,,UNINSTALLED
"28 Jun 2026  23:27:13",98.1,GOOD,1.78,,,,UNINSTALLED
"28 Jun 2026  23:27:43",97.9,GOOD,1.78,,,,UNINSTALLED
"28 Jun 2026  23:28:13",98.9,GOOD,1.78,,,,UNINSTALLED
"28 Jun 2026  23:28:43",99.4,GOOD,1.78,,,,UNINSTALLED
"28 Jun 2026  23:29:13",98.6,GOOD,1.78,,,,UNINSTALLED
"28 Jun 2026  23:29:43",98.8,GOOD,1.78,,,,UNINSTALLED
"28 Jun 2026  23:30:13",98.3,GOOD,1.78,,,,UNINSTALLED
"28 Jun 2026  23:30:43",99.7,GOOD,1.78,,,,UNINSTALLED
"28 Jun 2026  23:31:14",98.1,GOOD,1.78,,,,UNINSTALLED
"28 Jun 2026  23:31:44",97.8,GOOD,1.78,,,,UNINSTALLED
"28 Jun 2026  23:32:14",99.2,GOOD,1.78,,,,UNINSTALLED
"28 Jun 2026  23:32:44",99.1,GOOD,1.78,,,,UNINSTALLED
"28 Jun 2026  23:33:14",99.6,GOOD,1.78,,,,UNINSTALLED
"28 Jun 2026  23:33:44",99.6,GOOD,1.78,,,,UNINSTALLED
"28 Jun 2026  23:34:14",98.8,GOOD,1.78,,,,UNINSTALLED
"28 Jun 2026  23:34:44",98.4,GOOD,1.78,,,,UNINSTALLED
"28 Jun 2026  23:35:14",98.4,GOOD,1.78,,,,UNINSTALLED
"28 Jun 2026  23:35:44",96.7,GOOD,1.78,,,,UNINSTALLED
"28 Jun 2026  23:36:14",98.7,GOOD,1.78,,,,UNINSTALLED
"28 Jun 2026  23:36:44",96.5,GOOD,1.78,,,,UNINSTALLED
"28 Jun 2026  23:37:14",98.2,GOOD,1.78,,,,UNINSTALLED
"28 Jun 2026  23:37:44",99.6,GOOD,1.78,,,,UNINSTALLED
"28 Jun 2026  23:38:14",99.9,GOOD,1.78,,,,UNINSTALLED
"28 Jun 2026  23:38:44",98.9,GOOD,1.78,,,,UNINSTALLED
"28 Jun 2026  23:39:14",98.5,GOOD,1.78,,,,UNINSTALLED
"28 Jun 2026  23:39:44",98.3,GOOD,1.78,,,,UNINSTALLED
"28 Jun 2026  23:40:14",99.6,GOOD,1.78,,,,UNINSTALLED
"28 Jun 2026  23:40:44",98.6,GOOD,1.78,,,,UNINSTALLED
"28 Jun 2026  23:41:14",98.1,GOOD,1.78,,,,UNINSTALLED
"28 Jun 2026  23:41:44",99.1,GOOD,1.78,,,,UNINSTALLED
"28 Jun 2026  23:42:14",98.5,GOOD,1.78,,,,UNINSTALLED
"28 Jun 2026  23:42:44",98.4,GOOD,1.78,,,,UNINSTALLED
"28 Jun 2026  23:43:14",99.7,GOOD,1.78,,,,UNINSTALLED
"28 Jun 2026  23:43:44",102.3,GOOD,1.78,,,,UNINSTALLED
"28 Jun 2026  23:44:14",101.9,GOOD,1.78,,,,UNINSTALLED
"28 Jun 2026  23:44:44",98.9,GOOD,1.78,,,,UNINSTALLED
"28 Jun 2026  23:45:14",98.4,GOOD,1.78,,,,UNINSTALLED
"28 Jun 2026  23:45:44",99.3,GOOD,1.78,,,,UNINSTALLED
"28 Jun 2026  23:46:14",101.1,GOOD,1.78,,,,UNINSTALLED
"28 Jun 2026  23:46:45",98.8,GOOD,1.78,,,,UNINSTALLED
"28 Jun 2026  23:47:15",93.0,GOOD,1.78,,,,UNINSTALLED
"28 Jun 2026  23:47:45",99.8,GOOD,1.78,,,,UNINSTALLED
"28 Jun 2026  23:48:15",99.4,GOOD,1.78,,,,UNINSTALLED
"28 Jun 2026  23:48:45",99.5,GOOD,1.78,,,,UNINSTALLED
"28 Jun 2026  23:49:15",99.8,GOOD,1.78,,,,UNINSTALLED
"28 Jun 2026  23:49:45",99.3,GOOD,1.78,,,,UNINSTALLED
"28 Jun 2026  23:50:15",99.5,GOOD,1.78,,,,UNINSTALLED
"28 Jun 2026  23:50:45",101.4,GOOD,1.78,,,,UNINSTALLED
"28 Jun 2026  23:51:15",101.1,GOOD,1.78,,,,UNINSTALLED
"28 Jun 2026  23:51:45",101.7,GOOD,1.78,,,,UNINSTALLED
"28 Jun 2026  23:52:15",99.1,GOOD,1.78,,,,UNINSTALLED
"28 Jun 2026  23:52:45",100.3,GOOD,1.78,,,,UNINSTALLED
"28 Jun 2026  23:53:15",101.6,GOOD,1.78,,,,UNINSTALLED
"28 Jun 2026  23:53:45",100.4,GOOD,1.78,,,,UNINSTALLED
"28 Jun 2026  23:54:15",101.8,GOOD,1.78,,,,UNINSTALLED
"28 Jun 2026  23:54:45",100.5,GOOD,1.78,,,,UNINSTALLED
"28 Jun 2026  23:55:15",101.6,GOOD,1.78,,,,UNINSTALLED
"28 Jun 2026  23:55:45",101.4,GOOD,1.78,,,,UNINSTALLED
"28 Jun 2026  23:56:15",101.1,GOOD,1.78,,,,UNINSTALLED
"28 Jun 2026  23:56:45",101.3,GOOD,1.78,,,,UNINSTALLED
"28 Jun 2026  23:57:15",102.1,GOOD,1.78,,,,UNINSTALLED
"28 Jun 2026  23:57:45",100.3,GOOD,1.78,,,,UNINSTALLED
"28 Jun 2026  23:58:15",101.9,GOOD,1.78,,,,UNINSTALLED
"28 Jun 2026  23:58:45",102.1,GOOD,1.78,,,,UNINSTALLED
"28 Jun 2026  23:59:15",101.2,GOOD,1.78,,,,UNINSTALLED
"28 Jun 2026  23:59:45",100.5,GOOD,1.78,,,,UNINSTALLED
"29 Jun 2026  00:00:16",101.0,GOOD,1.78,,,,UNINSTALLED
"29 Jun 2026  00:00:46",100.6,GOOD,1.78,,,,UNINSTALLED
"29 Jun 2026  00:01:16",103.0,GOOD,1.78,,,,UNINSTALLED
"29 Jun 2026  00:01:46",102.6,GOOD,1.78,,,,UNINSTALLED
"29 Jun 2026  00:02:16",98.4,GOOD,1.78,,,,UNINSTALLED
"29 Jun 2026  00:02:46",100.0,GOOD,1.78,,,,UNINSTALLED
"29 Jun 2026  00:03:16",101.7,GOOD,1.78,,,,UNINSTALLED
"29 Jun 2026  00:03:46",101.6,GOOD,1.78,,,,UNINSTALLED
"29 Jun 2026  00:04:16",101.9,GOOD,1.78,,,,UNINSTALLED
"29 Jun 2026  00:04:46",102.7,GOOD,1.78,,,,UNINSTALLED
"29 Jun 2026  00:05:16",102.3,GOOD,1.78,,,,UNINSTALLED
"29 Jun 2026  00:05:46",102.1,GOOD,1.78,,,,UNINSTALLED
"29 Jun 2026  00:06:16",102.9,GOOD,1.78,,,,UNINSTALLED
"29 Jun 2026  00:06:46",101.6,GOOD,1.78,,,,UNINSTALLED
"29 Jun 2026  00:07:16",101.2,GOOD,1.78,,,,UNINSTALLED
"29 Jun 2026  00:07:46",101.3,GOOD,1.78,,,,UNINSTALLED
"29 Jun 2026  00:08:16",101.0,GOOD,1.78,,,,UNINSTALLED
"29 Jun 2026  00:08:46",100.1,GOOD,1.78,,,,UNINSTALLED
"29 Jun 2026  00:09:16",100.9,GOOD,1.78,,,,UNINSTALLED
"29 Jun 2026  00:09:46",100.6,GOOD,1.78,,,,UNINSTALLED
"29 Jun 2026  00:10:16",102.3,GOOD,1.78,,,,UNINSTALLED
"29 Jun 2026  00:10:46",101.9,GOOD,1.78,,,,UNINSTALLED
"29 Jun 2026  00:11:16",102.6,GOOD,1.78,,,,UNINSTALLED
"29 Jun 2026  00:11:46",101.9,GOOD,1.78,,,,UNINSTALLED
"29 Jun 2026  00:12:16",102.9,GOOD,1.78,,,,UNINSTALLED
"29 Jun 2026  00:12:46",101.4,GOOD,1.78,,,,UNINSTALLED
"29 Jun 2026  00:13:16",101.9,GOOD,1.78,,,,UNINSTALLED
"29 Jun 2026  00:13:46",102.7,GOOD,1.78,,,,UNINSTALLED
"29 Jun 2026  00:14:17",102.2,GOOD,1.78,,,,UNINSTALLED
"29 Jun 2026  00:14:47",102.2,GOOD,1.78,,,,UNINSTALLED
"29 Jun 2026  00:15:17",100.2,GOOD,1.78,,,,UNINSTALLED
"29 Jun 2026  00:15:47",101.8,GOOD,1.78,,,,UNINSTALLED
"29 Jun 2026  00:16:17",103.2,GOOD,1.78,,,,UNINSTALLED
"29 Jun 2026  00:16:47",103.0,GOOD,1.78,,,,UNINSTALLED
"29 Jun 2026  00:17:17",104.1,GOOD,1.78,,,,UNINSTALLED
"29 Jun 2026  00:17:47",104.1,GOOD,1.78,,,,UNINSTALLED
"29 Jun 2026  00:18:17",103.2,GOOD,1.78,,,,UNINSTALLED
"29 Jun 2026  00:18:47",102.6,GOOD,1.78,,,,UNINSTALLED
"29 Jun 2026  00:19:17",104.9,GOOD,1.78,,,,UNINSTALLED
"29 Jun 2026  00:19:47",102.9,GOOD,1.78,,,,UNINSTALLED
"29 Jun 2026  00:20:17",102.4,GOOD,1.78,,,,UNINSTALLED
"29 Jun 2026  00:20:47",102.4,GOOD,1.78,,,,UNINSTALLED
"29 Jun 2026  00:21:17",102.9,GOOD,1.78,,,,UNINSTALLED
"29 Jun 2026  00:21:47",102.9,GOOD,1.78,,,,UNINSTALLED
"29 Jun 2026  00:22:17",103.3,GOOD,1.78,,,,UNINSTALLED
"29 Jun 2026  00:22:47",102.9,GOOD,1.78,,,,UNINSTALLED
"29 Jun 2026  00:23:17",104.5,GOOD,1.78,,,,UNINSTALLED
"29 Jun 2026  00:23:47",103.7,GOOD,1.78,,,,UNINSTALLED
"29 Jun 2026  00:24:17",103.5,GOOD,1.78,,,,UNINSTALLED
"29 Jun 2026  00:24:47",102.9,GOOD,1.78,,,,UNINSTALLED
"29 Jun 2026  00:25:17",102.3,GOOD,1.78,,,,UNINSTALLED
"29 Jun 2026  00:25:47",103.6,GOOD,1.78,,,,UNINSTALLED
"29 Jun 2026  00:26:17",104.2,GOOD,1.78,,,,UNINSTALLED
"29 Jun 2026  00:26:47",104.3,GOOD,1.78,,,,UNINSTALLED
"29 Jun 2026  00:27:17",104.6,GOOD,1.78,,,,UNINSTALLED
"29 Jun 2026  00:27:47",104.4,GOOD,1.78,,,,UNINSTALLED
"29 Jun 2026  00:28:17",103.4,GOOD,1.78,,,,UNINSTALLED
"29 Jun 2026  00:28:47",102.9,GOOD,1.78,,,,UNINSTALLED
"29 Jun 2026  00:29:17",103.6,GOOD,1.78,,,,UNINSTALLED
"29 Jun 2026  00:29:48",103.8,GOOD,1.78,,,,UNINSTALLED
"29 Jun 2026  00:30:18",103.4,GOOD,1.78,,,,UNINSTALLED
"29 Jun 2026  00:30:48",103.5,GOOD,1.78,,,,UNINSTALLED
"29 Jun 2026  00:31:18",102.9,GOOD,1.78,,,,UNINSTALLED
"29 Jun 2026  00:31:48",104.2,GOOD,1.78,,,,UNINSTALLED
"29 Jun 2026  00:32:18",101.6,GOOD,1.78,,,,UNINSTALLED
"29 Jun 2026  00:32:48",105.7,GOOD,1.78,,,,UNINSTALLED
"29 Jun 2026  00:33:18",103.7,GOOD,1.78,,,,UNINSTALLED
"29 Jun 2026  00:33:48",105.8,GOOD,1.78,,,,UNINSTALLED
"29 Jun 2026  00:34:18",105.6,GOOD,1.78,,,,UNINSTALLED
"29 Jun 2026  00:34:48",104.7,GOOD,1.78,,,,UNINSTALLED
"29 Jun 2026  00:35:18",103.8,GOOD,1.78,,,,UNINSTALLED
"29 Jun 2026  00:35:48",104.3,GOOD,1.78,,,,UNINSTALLED
"29 Jun 2026  00:36:18",105.8,GOOD,1.78,,,,UNINSTALLED
"29 Jun 2026  00:36:48",104.4,GOOD,1.78,,,,UNINSTALLED
"29 Jun 2026  00:37:18",103.9,GOOD,1.78,,,,UNINSTALLED
"29 Jun 2026  00:37:48",104.2,GOOD,1.78,,,,UNINSTALLED
"29 Jun 2026  00:38:18",104.4,GOOD,1.78,,,,UNINSTALLED
"29 Jun 2026  00:38:48",104.2,GOOD,1.78,,,,UNINSTALLED
"29 Jun 2026  00:39:18",104.6,GOOD,1.78,,,,UNINSTALLED
"29 Jun 2026  00:39:48",103.7,GOOD,1.78,,,,UNINSTALLED
"29 Jun 2026  00:40:18",105.9,GOOD,1.78,,,,UNINSTALLED
"29 Jun 2026  00:40:48",104.2,GOOD,1.78,,,,UNINSTALLED
"29 Jun 2026  00:41:18",104.0,GOOD,1.78,,,,UNINSTALLED
"29 Jun 2026  00:41:48",104.8,GOOD,1.78,,,,UNINSTALLED
"29 Jun 2026  00:42:18",105.3,GOOD,1.78,,,,UNINSTALLED
"29 Jun 2026  00:42:48",103.5,GOOD,1.78,,,,UNINSTALLED
"29 Jun 2026  00:43:18",103.8,GOOD,1.78,,,,UNINSTALLED
"29 Jun 2026  00:43:48",105.0,GOOD,1.78,,,,UNINSTALLED
"29 Jun 2026  00:44:18",105.2,GOOD,1.78,,,,UNINSTALLED
"29 Jun 2026  00:44:49",105.3,GOOD,1.78,,,,UNINSTALLED
"29 Jun 2026  00:45:19",104.6,GOOD,1.78,,,,UNINSTALLED
"29 Jun 2026  00:45:49",105.1,GOOD,1.78,,,,UNINSTALLED
"29 Jun 2026  00:46:19",106.6,GOOD,1.78,,,,UNINSTALLED
"29 Jun 2026  00:46:49",104.9,GOOD,1.78,,,,UNINSTALLED
"29 Jun 2026  00:47:19",105.6,GOOD,1.78,,,,UNINSTALLED
"29 Jun 2026  00:47:49",106.1,GOOD,1.78,,,,UNINSTALLED
"29 Jun 2026  00:48:19",105.1,GOOD,1.78,,,,UNINSTALLED
"29 Jun 2026  00:48:49",104.2,GOOD,1.78,,,,UNINSTALLED
"29 Jun 2026  00:49:19",106.7,GOOD,1.78,,,,UNINSTALLED
"29 Jun 2026  00:49:49",107.4,GOOD,1.78,,,,UNINSTALLED
"29 Jun 2026  00:50:19",105.2,GOOD,1.78,,,,UNINSTALLED
"29 Jun 2026  00:50:49",105.5,GOOD,1.78,,,,UNINSTALLED
"29 Jun 2026  00:51:19",105.1,GOOD,1.78,,,,UNINSTALLED
"29 Jun 2026  00:51:49",104.6,GOOD,1.78,,,,UNINSTALLED
"29 Jun 2026  00:52:19",105.2,GOOD,1.78,,,,UNINSTALLED
"29 Jun 2026  00:52:49",106.2,GOOD,1.78,,,,UNINSTALLED
"29 Jun 2026  00:53:19",105.7,GOOD,1.78,,,,UNINSTALLED
"29 Jun 2026  00:53:49",104.4,GOOD,1.78,,,,UNINSTALLED
"29 Jun 2026  00:54:19",105.7,GOOD,1.78,,,,UNINSTALLED
"29 Jun 2026  00:54:49",106.3,GOOD,1.78,,,,UNINSTALLED
"29 Jun 2026  00:55:19",105.4,GOOD,1.78,,,,UNINSTALLED
"29 Jun 2026  00:55:49",107.0,GOOD,1.78,,,,UNINSTALLED
"29 Jun 2026  00:56:19",106.0,GOOD,1.78,,,,UNINSTALLED
"29 Jun 2026  00:56:49",106.0,GOOD,1.78,,,,UNINSTALLED
"29 Jun 2026  00:57:19",106.6,GOOD,1.78,,,,UNINSTALLED
"29 Jun 2026  00:57:49",105.9,GOOD,1.78,,,,UNINSTALLED
"29 Jun 2026  00:58:19",106.6,GOOD,1.78,,,,UNINSTALLED
"29 Jun 2026  00:58:49",106.6,GOOD,1.78,,,,UNINSTALLED
"29 Jun 2026  00:59:19",105.0,GOOD,1.78,,,,UNINSTALLED
"29 Jun 2026  00:59:49",103.6,GOOD,1.78,,,,UNINSTALLED
"29 Jun 2026  01:00:19",105.5,GOOD,1.78,,,,UNINSTALLED
"29 Jun 2026  01:00:50",107.5,GOOD,1.78,,,,UNINSTALLED
"29 Jun 2026  01:01:20",106.7,GOOD,1.78,,,,UNINSTALLED
"29 Jun 2026  01:01:50",106.2,GOOD,1.78,,,,UNINSTALLED
"29 Jun 2026  01:02:20",106.3,GOOD,1.78,,,,UNINSTALLED
"29 Jun 2026  01:02:50",105.6,GOOD,1.78,,,,UNINSTALLED
"29 Jun 2026  01:03:20",108.5,GOOD,1.78,,,,UNINSTALLED
"29 Jun 2026  01:03:50",107.9,GOOD,1.78,,,,UNINSTALLED
"29 Jun 2026  01:04:20",107.4,GOOD,1.78,,,,UNINSTALLED
"29 Jun 2026  01:04:50",107.8,GOOD,1.78,,,,UNINSTALLED
"29 Jun 2026  01:05:20",106.3,GOOD,1.78,,,,UNINSTALLED
"29 Jun 2026  01:05:50",106.8,GOOD,1.78,,,,UNINSTALLED
"29 Jun 2026  01:06:20",106.8,GOOD,1.78,,,,UNINSTALLED
"29 Jun 2026  01:06:50",107.6,GOOD,1.78,,,,UNINSTALLED
"29 Jun 2026  01:07:20",109.3,GOOD,1.78,,,,UNINSTALLED
"29 Jun 2026  01:07:50",107.7,GOOD,1.78,,,,UNINSTALLED
"29 Jun 2026  01:08:20",105.9,GOOD,1.78,,,,UNINSTALLED
"29 Jun 2026  01:08:50",109.2,GOOD,1.78,,,,UNINSTALLED
"29 Jun 2026  01:09:20",108.2,GOOD,1.78,,,,UNINSTALLED
"29 Jun 2026  01:09:50",107.9,GOOD,1.78,,,,UNINSTALLED
"29 Jun 2026  01:10:20",107.3,GOOD,1.78,,,,UNINSTALLED
"29 Jun 2026  01:10:50",107.5,GOOD,1.78,,,,UNINSTALLED
"29 Jun 2026  01:11:20",106.1,GOOD,1.78,,,,UNINSTALLED
"29 Jun 2026  01:11:50",107.8,GOOD,1.78,,,,UNINSTALLED
"29 Jun 2026  01:12:20",106.9,GOOD,1.78,,,,UNINSTALLED
"29 Jun 2026  01:12:50",106.3,GOOD,1.78,,,,UNINSTALLED
"29 Jun 2026  01:13:20",107.9,GOOD,1.78,,,,UNINSTALLED
"29 Jun 2026  01:13:50",107.1,GOOD,1.78,,,,UNINSTALLED
"29 Jun 2026  01:14:21",105.8,GOOD,1.78,,,,UNINSTALLED
"29 Jun 2026  01:14:51",106.1,GOOD,1.78,,,,UNINSTALLED
"29 Jun 2026  01:15:21",107.4,GOOD,1.78,,,,UNINSTALLED
"29 Jun 2026  01:15:51",108.6,GOOD,1.78,,,,UNINSTALLED
"29 Jun 2026  01:16:21",108.6,GOOD,1.78,,,,UNINSTALLED
"29 Jun 2026  01:16:51",108.3,GOOD,1.78,,,,UNINSTALLED
"29 Jun 2026  01:17:21",107.2,GOOD,1.78,,,,UNINSTALLED
"29 Jun 2026  01:17:51",108.1,GOOD,1.78,,,,UNINSTALLED
"29 Jun 2026  01:18:21",108.0,GOOD,1.78,,,,UNINSTALLED
"29 Jun 2026  01:18:51",106.2,GOOD,1.78,,,,UNINSTALLED
"29 Jun 2026  01:19:21",106.3,GOOD,1.78,,,,UNINSTALLED
"29 Jun 2026  01:19:51",106.4,GOOD,1.78,,,,UNINSTALLED
"29 Jun 2026  01:20:21",108.0,GOOD,1.78,,,,UNINSTALLED
"29 Jun 2026  01:20:51",107.6,GOOD,1.78,,,,UNINSTALLED
"29 Jun 2026  01:21:21",106.8,GOOD,1.78,,,,UNINSTALLED
"29 Jun 2026  01:21:51",108.6,GOOD,1.78,,,,UNINSTALLED
"29 Jun 2026  01:22:21",108.9,GOOD,1.78,,,,UNINSTALLED
"29 Jun 2026  01:22:51",108.6,GOOD,1.78,,,,UNINSTALLED
"29 Jun 2026  01:23:21",109.2,GOOD,1.78,,,,UNINSTALLED
"29 Jun 2026  01:23:51",107.8,GOOD,1.78,,,,UNINSTALLED
"29 Jun 2026  01:24:21",108.5,GOOD,1.78,,,,UNINSTALLED
"29 Jun 2026  01:24:51",108.7,GOOD,1.78,,,,UNINSTALLED
"29 Jun 2026  01:25:21",108.8,GOOD,1.78,,,,UNINSTALLED
"29 Jun 2026  01:25:51",109.3,GOOD,1.78,,,,UNINSTALLED
"29 Jun 2026  01:26:21",108.8,GOOD,1.78,,,,UNINSTALLED
"29 Jun 2026  01:26:51",107.7,GOOD,1.78,,,,UNINSTALLED
"29 Jun 2026  01:27:21",109.3,GOOD,1.78,,,,UNINSTALLED
"29 Jun 2026  01:27:51",108.0,GOOD,1.78,,,,UNINSTALLED
"29 Jun 2026  01:28:21",109.0,GOOD,1.78,,,,UNINSTALLED
"29 Jun 2026  01:28:51",109.4,GOOD,1.78,,,,UNINSTALLED
"29 Jun 2026  01:29:21",107.1,GOOD,1.78,,,,UNINSTALLED
"29 Jun 2026  01:29:51",109.0,GOOD,1.78,,,,UNINSTALLED
"29 Jun 2026  01:30:22",107.1,GOOD,1.78,,,,UNINSTALLED
"29 Jun 2026  01:30:52",110.5,GOOD,1.78,,,,UNINSTALLED
"29 Jun 2026  01:31:22",109.1,GOOD,1.78,,,,UNINSTALLED
"29 Jun 2026  01:31:52",108.4,GOOD,1.78,,,,UNINSTALLED
"29 Jun 2026  01:32:22",107.2,GOOD,1.78,,,,UNINSTALLED
"29 Jun 2026  01:32:52",109.6,GOOD,1.78,,,,UNINSTALLED
"29 Jun 2026  01:33:22",108.4,GOOD,1.78,,,,UNINSTALLED
"29 Jun 2026  01:33:52",106.9,GOOD,1.78,,,,UNINSTALLED
"29 Jun 2026  01:34:22",109.0,GOOD,1.78,,,,UNINSTALLED
"29 Jun 2026  01:34:52",110.2,GOOD,1.78,,,,UNINSTALLED
"29 Jun 2026  01:35:22",110.0,GOOD,1.78,,,,UNINSTALLED
"29 Jun 2026  01:35:52",108.6,GOOD,1.78,,,,UNINSTALLED
"29 Jun 2026  01:36:22",111.2,GOOD,1.78,,,,UNINSTALLED
"29 Jun 2026  01:36:52",108.9,GOOD,1.78,,,,UNINSTALLED
"29 Jun 2026  01:37:22",109.8,GOOD,1.78,,,,UNINSTALLED
"29 Jun 2026  01:37:52",108.4,GOOD,1.78,,,,UNINSTALLED
"29 Jun 2026  01:38:22",108.9,GOOD,1.78,,,,UNINSTALLED
"29 Jun 2026  01:38:52",109.4,GOOD,1.78,,,,UNINSTALLED
"29 Jun 2026  01:39:22",107.7,GOOD,1.78,,,,UNINSTALLED
"29 Jun 2026  01:39:52",108.1,GOOD,1.78,,,,UNINSTALLED
"29 Jun 2026  01:40:22",109.4,GOOD,1.78,,,,UNINSTALLED
"29 Jun 2026  01:40:52",108.1,GOOD,1.78,,,,UNINSTALLED
"29 Jun 2026  01:41:22",109.3,GOOD,1.78,,,,UNINSTALLED
"29 Jun 2026  01:41:52",110.0,GOOD,1.78,,,,UNINSTALLED
"29 Jun 2026  01:42:22",109.7,GOOD,1.78,,,,UNINSTALLED
"29 Jun 2026  01:42:52",108.9,GOOD,1.78,,,,UNINSTALLED
"29 Jun 2026  01:43:22",109.0,GOOD,1.78,,,,UNINSTALLED
"29 Jun 2026  01:43:52",108.7,GOOD,1.78,,,,UNINSTALLED
"29 Jun 2026  01:44:23",108.1,GOOD,1.78,,,,UNINSTALLED
"29 Jun 2026  01:44:53",109.7,GOOD,1.78,,,,UNINSTALLED
"29 Jun 2026  01:45:23",108.7,GOOD,1.78,,,,UNINSTALLED
"29 Jun 2026  01:45:53",109.9,GOOD,1.78,,,,UNINSTALLED
"29 Jun 2026  01:46:23",109.2,GOOD,1.78,,,,UNINSTALLED
"29 Jun 2026  01:46:53",110.4,GOOD,1.78,,,,UNINSTALLED
"29 Jun 2026  01:47:23",109.5,GOOD,1.78,,,,UNINSTALLED
"29 Jun 2026  01:47:53",109.0,GOOD,1.78,,,,UNINSTALLED
"29 Jun 2026  01:48:23",109.0,GOOD,1.78,,,,UNINSTALLED
"29 Jun 2026  01:48:53",108.9,GOOD,1.78,,,,UNINSTALLED
"29 Jun 2026  01:49:23",108.8,GOOD,1.78,,,,UNINSTALLED
"29 Jun 2026  01:49:53",107.8,GOOD,1.78,,,,UNINSTALLED
"29 Jun 2026  01:50:23",110.4,GOOD,1.78,,,,UNINSTALLED
"29 Jun 2026  01:50:53",110.7,GOOD,1.78,,,,UNINSTALLED
"29 Jun 2026  01:51:23",110.4,GOOD,1.78,,,,UNINSTALLED
"29 Jun 2026  01:51:53",108.8,GOOD,1.78,,,,UNINSTALLED
"29 Jun 2026  01:52:23",110.4,GOOD,1.78,,,,UNINSTALLED
"29 Jun 2026  01:52:53",110.1,GOOD,1.78,,,,UNINSTALLED
"29 Jun 2026  01:53:23",110.4,GOOD,1.78,,,,UNINSTALLED
"29 Jun 2026  01:53:53",111.4,GOOD,1.78,,,,UNINSTALLED
"29 Jun 2026  01:54:23",109.8,GOOD,1.78,,,,UNINSTALLED
"29 Jun 2026  01:54:53",109.9,GOOD,1.78,,,,UNINSTALLED
"29 Jun 2026  01:55:23",108.9,GOOD,1.78,,,,UNINSTALLED
"29 Jun 2026  01:55:53",112.0,GOOD,1.78,,,,UNINSTALLED
"29 Jun 2026  01:56:23",110.7,GOOD,1.78,,,,UNINSTALLED
"29 Jun 2026  01:56:53",110.4,GOOD,1.78,,,,UNINSTALLED
"29 Jun 2026  01:57:23",109.4,GOOD,1.78,,,,UNINSTALLED
"29 Jun 2026  01:57:54",109.1,GOOD,1.78,,,,UNINSTALLED
"29 Jun 2026  01:58:24",108.6,GOOD,1.78,,,,UNINSTALLED
"29 Jun 2026  01:58:54",110.7,GOOD,1.78,,,,UNINSTALLED
"29 Jun 2026  01:59:24",112.3,GOOD,1.78,,,,UNINSTALLED
"29 Jun 2026  01:59:54",107.3,GOOD,1.78,,,,UNINSTALLED
"29 Jun 2026  02:00:24",108.2,GOOD,1.78,,,,UNINSTALLED
"29 Jun 2026  02:00:54",109.9,GOOD,1.78,,,,UNINSTALLED
"29 Jun 2026  02:01:24",109.9,GOOD,1.78,,,,UNINSTALLED
"29 Jun 2026  02:01:54",111.1,GOOD,1.78,,,,UNINSTALLED
"29 Jun 2026  02:02:24",109.3,GOOD,1.78,,,,UNINSTALLED
"29 Jun 2026  02:02:54",110.4,GOOD,1.78,,,,UNINSTALLED
"29 Jun 2026  02:03:24",108.8,GOOD,1.78,,,,UNINSTALLED
"29 Jun 2026  02:03:54",108.8,GOOD,1.78,,,,UNINSTALLED
"29 Jun 2026  02:04:24",111.0,GOOD,1.78,,,,UNINSTALLED
"29 Jun 2026  02:04:54",109.2,GOOD,1.78,,,,UNINSTALLED
"29 Jun 2026  02:05:24",109.2,GOOD,1.78,,,,UNINSTALLED
"29 Jun 2026  02:05:54",111.3,GOOD,1.78,,,,UNINSTALLED
"29 Jun 2026  02:06:24",109.8,GOOD,1.78,,,,UNINSTALLED
"29 Jun 2026  02:06:54",111.0,GOOD,1.78,,,,UNINSTALLED
"29 Jun 2026  02:07:24",111.8,GOOD,1.78,,,,UNINSTALLED
"29 Jun 2026  02:07:54",110.4,GOOD,1.78,,,,UNINSTALLED
"29 Jun 2026  02:08:24",111.5,GOOD,1.78,,,,UNINSTALLED
"29 Jun 2026  02:08:54",110.7,GOOD,1.78,,,,UNINSTALLED
"29 Jun 2026  02:09:24",111.2,GOOD,1.78,,,,UNINSTALLED
"29 Jun 2026  02:09:54",110.7,GOOD,1.78,,,,UNINSTALLED
"29 Jun 2026  02:10:24",107.9,GOOD,1.78,,,,UNINSTALLED
"29 Jun 2026  02:10:55",108.1,GOOD,1.78,,,,UNINSTALLED
"29 Jun 2026  02:11:25",109.3,GOOD,1.78,,,,UNINSTALLED
"29 Jun 2026  02:11:55",111.3,GOOD,1.78,,,,UNINSTALLED
"29 Jun 2026  02:12:25",111.1,GOOD,1.78,,,,UNINSTALLED
"29 Jun 2026  02:12:55",109.7,GOOD,1.78,,,,UNINSTALLED
"29 Jun 2026  02:13:25",109.6,GOOD,1.78,,,,UNINSTALLED
"29 Jun 2026  02:13:55",109.1,GOOD,1.78,,,,UNINSTALLED
"29 Jun 2026  02:14:25",111.6,GOOD,1.78,,,,UNINSTALLED
"29 Jun 2026  02:14:55",111.7,GOOD,1.78,,,,UNINSTALLED
"29 Jun 2026  02:15:25",110.2,GOOD,1.78,,,,UNINSTALLED
"29 Jun 2026  02:15:55",112.1,GOOD,1.78,,,,UNINSTALLED
"29 Jun 2026  02:16:25",111.3,GOOD,1.78,,,,UNINSTALLED
"29 Jun 2026  02:16:55",111.2,GOOD,1.78,,,,UNINSTALLED
"29 Jun 2026  02:17:25",111.4,GOOD,1.78,,,,UNINSTALLED
"29 Jun 2026  02:17:55",111.3,GOOD,1.78,,,,UNINSTALLED
"29 Jun 2026  02:18:25",109.1,GOOD,1.78,,,,UNINSTALLED
"29 Jun 2026  02:18:55",111.4,GOOD,1.78,,,,UNINSTALLED
"29 Jun 2026  02:19:25",109.2,GOOD,1.78,,,,UNINSTALLED
"29 Jun 2026  02:19:55",110.6,GOOD,1.78,,,,UNINSTALLED
"29 Jun 2026  02:20:25",111.1,GOOD,1.78,,,,UNINSTALLED
"29 Jun 2026  02:20:55",111.2,GOOD,1.78,,,,UNINSTALLED
"29 Jun 2026  02:21:25",111.4,GOOD,1.78,,,,UNINSTALLED
"29 Jun 2026  02:21:55",109.6,GOOD,1.78,,,,UNINSTALLED
"29 Jun 2026  02:22:25",110.1,GOOD,1.78,,,,UNINSTALLED
"29 Jun 2026  02:22:56",110.2,GOOD,1.78,,,,UNINSTALLED
"29 Jun 2026  02:23:26",112.1,GOOD,1.78,,,,UNINSTALLED
"29 Jun 2026  02:23:56",111.7,GOOD,1.78,,,,UNINSTALLED
"29 Jun 2026  02:24:26",111.0,GOOD,1.78,,,,UNINSTALLED
"29 Jun 2026  02:24:56",110.9,GOOD,1.78,,,,UNINSTALLED
"29 Jun 2026  02:25:26",111.1,GOOD,1.78,,,,UNINSTALLED
"29 Jun 2026  02:25:56",109.2,GOOD,1.78,,,,UNINSTALLED
"29 Jun 2026  02:26:26",110.1,GOOD,1.78,,,,UNINSTALLED
"29 Jun 2026  02:26:56",111.4,GOOD,1.78,,,,UNINSTALLED
"29 Jun 2026  02:27:26",111.2,GOOD,1.78,,,,UNINSTALLED
"29 Jun 2026  02:27:56",111.4,GOOD,1.78,,,,UNINSTALLED
"29 Jun 2026  02:28:26",111.2,GOOD,1.78,,,,UNINSTALLED
"29 Jun 2026  02:28:56",110.7,GOOD,1.78,,,,UNINSTALLED
"29 Jun 2026  02:29:26",111.1,GOOD,1.78,,,,UNINSTALLED
"29 Jun 2026  02:29:56",111.2,GOOD,1.78,,,,UNINSTALLED
"29 Jun 2026  02:30:26",110.1,GOOD,1.78,,,,UNINSTALLED
"29 Jun 2026  02:30:56",110.4,GOOD,1.78,,,,UNINSTALLED
"29 Jun 2026  02:31:26",110.5,GOOD,1.78,,,,UNINSTALLED
"29 Jun 2026  02:31:56",111.4,GOOD,1.78,,,,UNINSTALLED
"29 Jun 2026  02:32:26",111.1,GOOD,1.78,,,,UNINSTALLED
"29 Jun 2026  02:32:56",111.8,GOOD,1.78,,,,UNINSTALLED
"29 Jun 2026  02:33:26",110.2,GOOD,1.78,,,,UNINSTALLED
"29 Jun 2026  02:33:56",112.6,GOOD,1.78,,,,UNINSTALLED
"29 Jun 2026  02:34:26",112.2,GOOD,1.78,,,,UNINSTALLED
"29 Jun 2026  02:34:56",112.2,GOOD,1.78,,,,UNINSTALLED
"29 Jun 2026  02:35:27",110.3,GOOD,1.78,,,,UNINSTALLED
"29 Jun 2026  02:35:57",110.7,GOOD,1.78,,,,UNINSTALLED
"29 Jun 2026  02:36:27",110.3,GOOD,1.78,,,,UNINSTALLED
"29 Jun 2026  02:36:57",113.0,GOOD,1.78,,,,UNINSTALLED
"29 Jun 2026  02:37:27",112.6,GOOD,1.78,,,,UNINSTALLED
"29 Jun 2026  02:37:57",109.2,GOOD,1.78,,,,UNINSTALLED
"29 Jun 2026  02:38:27",110.8,GOOD,1.78,,,,UNINSTALLED
"29 Jun 2026  02:38:57",112.1,GOOD,1.78,,,,UNINSTALLED
"29 Jun 2026  02:39:27",112.5,GOOD,1.78,,,,UNINSTALLED
"29 Jun 2026  02:39:57",111.4,GOOD,1.78,,,,UNINSTALLED
"29 Jun 2026  02:40:27",112.2,GOOD,1.78,,,,UNINSTALLED
"29 Jun 2026  02:40:57",108.8,GOOD,1.78,,,,UNINSTALLED
"29 Jun 2026  02:41:27",110.9,GOOD,1.78,,,,UNINSTALLED
"29 Jun 2026  02:41:57",113.4,GOOD,1.78,,,,UNINSTALLED
"29 Jun 2026  02:42:27",109.7,GOOD,1.78,,,,UNINSTALLED
"29 Jun 2026  02:42:57",109.4,GOOD,1.78,,,,UNINSTALLED
"29 Jun 2026  02:43:27",112.7,GOOD,1.78,,,,UNINSTALLED
"29 Jun 2026  02:43:57",112.7,GOOD,1.78,,,,UNINSTALLED
"29 Jun 2026  02:44:27",112.3,GOOD,1.78,,,,UNINSTALLED
"29 Jun 2026  02:44:57",112.2,GOOD,1.78,,,,UNINSTALLED
"29 Jun 2026  02:45:27",112.4,GOOD,1.78,,,,UNINSTALLED
"29 Jun 2026  02:45:57",111.2,GOOD,1.78,,,,UNINSTALLED
"29 Jun 2026  02:46:27",112.3,GOOD,1.78,,,,UNINSTALLED
"29 Jun 2026  02:46:57",113.3,GOOD,1.78,,,,UNINSTALLED
"29 Jun 2026  02:47:27",111.6,GOOD,1.78,,,,UNINSTALLED
"29 Jun 2026  02:47:57",111.9,GOOD,1.78,,,,UNINSTALLED
"29 Jun 2026  02:48:27",110.9,GOOD,1.78,,,,UNINSTALLED
"29 Jun 2026  02:48:57",110.8,GOOD,1.78,,,,UNINSTALLED
"29 Jun 2026  02:49:28",110.9,GOOD,1.78,,,,UNINSTALLED
"29 Jun 2026  02:49:58",112.7,GOOD,1.78,,,,UNINSTALLED
"29 Jun 2026  02:50:28",111.8,GOOD,1.78,,,,UNINSTALLED
"29 Jun 2026  02:50:58",109.8,GOOD,1.78,,,,UNINSTALLED
"29 Jun 2026  02:51:28",111.6,GOOD,1.78,,,,UNINSTALLED
"29 Jun 2026  02:51:58",113.3,GOOD,1.78,,,,UNINSTALLED
"29 Jun 2026  02:52:28",111.9,GOOD,1.78,,,,UNINSTALLED
"29 Jun 2026  02:52:58",111.9,GOOD,1.78,,,,UNINSTALLED
"29 Jun 2026  02:53:28",111.2,GOOD,1.78,,,,UNINSTALLED
"29 Jun 2026  02:53:58",111.5,GOOD,1.78,,,,UNINSTALLED
"29 Jun 2026  02:54:28",111.8,GOOD,1.78,,,,UNINSTALLED
"29 Jun 2026  02:54:58",112.1,GOOD,1.78,,,,UNINSTALLED
"29 Jun 2026  02:55:28",111.3,GOOD,1.78,,,,UNINSTALLED
"29 Jun 2026  02:55:58",111.6,GOOD,1.78,,,,UNINSTALLED
"29 Jun 2026  02:56:28",112.9,GOOD,1.78,,,,UNINSTALLED
"29 Jun 2026  02:56:58",111.1,GOOD,1.78,,,,UNINSTALLED
"29 Jun 2026  02:57:28",111.9,GOOD,1.78,,,,UNINSTALLED
"29 Jun 2026  02:57:58",110.9,GOOD,1.78,,,,UNINSTALLED
"29 Jun 2026  02:58:28",110.4,GOOD,1.78,,,,UNINSTALLED
"29 Jun 2026  02:58:58",113.1,GOOD,1.78,,,,UNINSTALLED
"29 Jun 2026  02:59:28",114.5,GOOD,1.78,,,,UNINSTALLED
"29 Jun 2026  02:59:58",113.5,GOOD,1.78,,,,UNINSTALLED
"29 Jun 2026  03:00:28",112.3,GOOD,1.78,,,,UNINSTALLED
"29 Jun 2026  03:00:58",110.7,GOOD,1.78,,,,UNINSTALLED
"29 Jun 2026  03:01:28",111.3,GOOD,1.78,,,,UNINSTALLED
"29 Jun 2026  03:01:58",113.7,GOOD,1.78,,,,UNINSTALLED
"29 Jun 2026  03:02:29",112.1,GOOD,1.78,,,,UNINSTALLED
"29 Jun 2026  03:02:59",113.6,GOOD,1.78,,,,UNINSTALLED
"29 Jun 2026  03:03:29",114.2,GOOD,1.78,,,,UNINSTALLED
"29 Jun 2026  03:03:59",112.5,GOOD,1.78,,,,UNINSTALLED
"29 Jun 2026  03:04:29",111.9,GOOD,1.78,,,,UNINSTALLED
"29 Jun 2026  03:04:59",114.0,GOOD,1.78,,,,UNINSTALLED
"29 Jun 2026  03:05:29",113.7,GOOD,1.78,,,,UNINSTALLED
"29 Jun 2026  03:05:59",112.7,GOOD,1.78,,,,UNINSTALLED
"29 Jun 2026  03:06:29",113.3,GOOD,1.78,,,,UNINSTALLED
"29 Jun 2026  03:06:59",111.8,GOOD,1.78,,,,UNINSTALLED
"29 Jun 2026  03:07:29",112.1,GOOD,1.78,,,,UNINSTALLED
"29 Jun 2026  03:07:59",109.8,GOOD,1.78,,,,UNINSTALLED
"29 Jun 2026  03:08:29",113.4,GOOD,1.78,,,,UNINSTALLED
"29 Jun 2026  03:08:59",112.8,GOOD,1.78,,,,UNINSTALLED
"29 Jun 2026  03:09:29",112.6,GOOD,1.78,,,,UNINSTALLED
"29 Jun 2026  03:09:59",113.1,GOOD,1.78,,,,UNINSTALLED
"29 Jun 2026  03:10:29",113.0,GOOD,1.78,,,,UNINSTALLED
"29 Jun 2026  03:10:59",111.0,GOOD,1.78,,,,UNINSTALLED
"29 Jun 2026  03:11:29",111.3,GOOD,1.78,,,,UNINSTALLED
"29 Jun 2026  03:11:59",112.3,GOOD,1.78,,,,UNINSTALLED
"29 Jun 2026  03:12:29",111.1,GOOD,1.78,,,,UNINSTALLED
"29 Jun 2026  03:12:59",112.8,GOOD,1.78,,,,UNINSTALLED
"29 Jun 2026  03:13:29",111.4,GOOD,1.78,,,,UNINSTALLED
"29 Jun 2026  03:13:59",112.9,GOOD,1.78,,,,UNINSTALLED
"29 Jun 2026  03:14:29",112.8,GOOD,1.78,,,,UNINSTALLED
"29 Jun 2026  03:14:59",111.9,GOOD,1.78,,,,UNINSTALLED
"29 Jun 2026  03:15:29",111.9,GOOD,1.78,,,,UNINSTALLED
"29 Jun 2026  03:15:59",114.0,GOOD,1.78,,,,UNINSTALLED
"29 Jun 2026  03:16:29",113.7,GOOD,1.78,,,,UNINSTALLED
"29 Jun 2026  03:16:59",115.0,GOOD,1.78,,,,UNINSTALLED
"29 Jun 2026  03:17:29",112.0,GOOD,1.78,,,,UNINSTALLED
"29 Jun 2026  03:17:59",111.3,GOOD,1.78,,,,UNINSTALLED
"29 Jun 2026  03:18:30",111.7,GOOD,1.78,,,,UNINSTALLED
"29 Jun 2026  03:19:00",112.2,GOOD,1.78,,,,UNINSTALLED
"29 Jun 2026  03:19:30",114.7,GOOD,1.78,,,,UNINSTALLED
"29 Jun 2026  03:20:00",113.2,GOOD,1.78,,,,UNINSTALLED
"29 Jun 2026  03:20:30",113.3,GOOD,1.78,,,,UNINSTALLED
"29 Jun 2026  03:21:00",112.7,GOOD,1.78,,,,UNINSTALLED
"29 Jun 2026  03:21:30",114.2,GOOD,1.78,,,,UNINSTALLED
"29 Jun 2026  03:22:00",113.0,GOOD,1.78,,,,UNINSTALLED
"29 Jun 2026  03:22:30",112.8,GOOD,1.78,,,,UNINSTALLED
"29 Jun 2026  03:23:00",112.3,GOOD,1.78,,,,UNINSTALLED
"29 Jun 2026  03:23:30",112.4,GOOD,1.78,,,,UNINSTALLED
"29 Jun 2026  03:24:00",112.7,GOOD,1.78,,,,UNINSTALLED
"29 Jun 2026  03:24:30",114.9,GOOD,1.78,,,,UNINSTALLED
"29 Jun 2026  03:25:00",113.6,GOOD,1.78,,,,UNINSTALLED
"29 Jun 2026  03:25:30",115.0,GOOD,1.78,,,,UNINSTALLED
"29 Jun 2026  03:26:00",114.6,GOOD,1.78,,,,UNINSTALLED
"29 Jun 2026  03:26:30",113.6,GOOD,1.78,,,,UNINSTALLED
"29 Jun 2026  03:27:00",114.0,GOOD,1.78,,,,UNINSTALLED
"29 Jun 2026  03:27:30",113.2,GOOD,1.78,,,,UNINSTALLED
"29 Jun 2026  03:28:00",113.1,GOOD,1.78,,,,UNINSTALLED
"29 Jun 2026  03:28:30",111.5,GOOD,1.78,,,,UNINSTALLED
"29 Jun 2026  03:29:00",114.0,GOOD,1.78,,,,UNINSTALLED
"29 Jun 2026  03:29:30",111.3,GOOD,1.78,,,,UNINSTALLED
"29 Jun 2026  03:30:00",114.2,GOOD,1.78,,,,UNINSTALLED
"29 Jun 2026  03:30:30",115.4,GOOD,1.78,,,,UNINSTALLED
"29 Jun 2026  03:31:01",115.1,GOOD,1.78,,,,UNINSTALLED
"29 Jun 2026  03:31:31",115.4,GOOD,1.78,,,,UNINSTALLED
"29 Jun 2026  03:32:01",116.3,GOOD,1.78,,,,UNINSTALLED
"29 Jun 2026  03:32:31",115.3,GOOD,1.78,,,,UNINSTALLED
"29 Jun 2026  03:33:01",113.8,GOOD,1.78,,,,UNINSTALLED
"29 Jun 2026  03:33:31",113.8,GOOD,1.78,,,,UNINSTALLED
"29 Jun 2026  03:34:01",115.3,GOOD,1.78,,,,UNINSTALLED
"29 Jun 2026  03:34:31",114.4,GOOD,1.78,,,,UNINSTALLED
"29 Jun 2026  03:35:01",114.9,GOOD,1.78,,,,UNINSTALLED
"29 Jun 2026  03:35:31",115.0,GOOD,1.78,,,,UNINSTALLED
"29 Jun 2026  03:36:01",113.3,GOOD,1.78,,,,UNINSTALLED
"29 Jun 2026  03:36:31",114.2,GOOD,1.78,,,,UNINSTALLED
"29 Jun 2026  03:37:01",114.5,GOOD,1.78,,,,UNINSTALLED
"29 Jun 2026  03:37:31",114.0,GOOD,1.78,,,,UNINSTALLED
"29 Jun 2026  03:38:01",114.8,GOOD,1.78,,,,UNINSTALLED
"29 Jun 2026  03:38:31",112.3,GOOD,1.78,,,,UNINSTALLED
"29 Jun 2026  03:39:01",114.1,GOOD,1.78,,,,UNINSTALLED
"29 Jun 2026  03:39:31",114.5,GOOD,1.78,,,,UNINSTALLED
"29 Jun 2026  03:40:01",114.8,GOOD,1.78,,,,UNINSTALLED
"29 Jun 2026  03:40:31",115.1,GOOD,1.78,,,,UNINSTALLED
"29 Jun 2026  03:41:01",114.5,GOOD,1.78,,,,UNINSTALLED
"29 Jun 2026  03:41:31",113.9,GOOD,1.78,,,,UNINSTALLED
"29 Jun 2026  03:42:01",112.8,GOOD,1.78,,,,UNINSTALLED
"29 Jun 2026  03:42:31",115.4,GOOD,1.78,,,,UNINSTALLED
"29 Jun 2026  03:43:01",112.1,GOOD,1.78,,,,UNINSTALLED
"29 Jun 2026  03:43:32",115.4,GOOD,1.78,,,,UNINSTALLED
"29 Jun 2026  03:44:02",114.0,GOOD,1.78,,,,UNINSTALLED
"29 Jun 2026  03:44:32",113.5,GOOD,1.78,,,,UNINSTALLED
"29 Jun 2026  03:45:02",114.7,GOOD,1.78,,,,UNINSTALLED
"29 Jun 2026  03:45:32",113.0,GOOD,1.78,,,,UNINSTALLED
"29 Jun 2026  03:46:02",112.5,GOOD,1.78,,,,UNINSTALLED
"29 Jun 2026  03:46:32",114.7,GOOD,1.78,,,,UNINSTALLED
"29 Jun 2026  03:47:02",114.2,GOOD,1.78,,,,UNINSTALLED
"29 Jun 2026  03:47:32",115.8,GOOD,1.78,,,,UNINSTALLED
"29 Jun 2026  03:48:02",115.8,GOOD,1.78,,,,UNINSTALLED
"29 Jun 2026  03:48:32",113.6,GOOD,1.78,,,,UNINSTALLED
"29 Jun 2026  03:49:02",115.2,GOOD,1.78,,,,UNINSTALLED
"29 Jun 2026  03:49:32",115.1,GOOD,1.78,,,,UNINSTALLED
"29 Jun 2026  03:50:02",117.3,GOOD,1.78,,,,UNINSTALLED
"29 Jun 2026  03:50:32",114.0,GOOD,1.78,,,,UNINSTALLED
"29 Jun 2026  03:51:02",113.8,GOOD,1.78,,,,UNINSTALLED
"29 Jun 2026  03:51:32",114.9,GOOD,1.78,,,,UNINSTALLED
"29 Jun 2026  03:52:02",113.0,GOOD,1.78,,,,UNINSTALLED
"29 Jun 2026  03:52:32",113.8,GOOD,1.78,,,,UNINSTALLED
"29 Jun 2026  03:53:02",114.2,GOOD,1.78,,,,UNINSTALLED
"29 Jun 2026  03:53:32",114.7,GOOD,1.78,,,,UNINSTALLED
"29 Jun 2026  03:54:02",114.8,GOOD,1.78,,,,UNINSTALLED
"29 Jun 2026  03:54:32",113.2,GOOD,1.78,,,,UNINSTALLED
"29 Jun 2026  03:55:02",117.0,GOOD,1.78,,,,UNINSTALLED
"29 Jun 2026  03:55:32",116.3,GOOD,1.78,,,,UNINSTALLED
"29 Jun 2026  03:56:02",114.8,GOOD,1.78,,,,UNINSTALLED
"29 Jun 2026  03:56:32",113.9,GOOD,1.78,,,,UNINSTALLED
"29 Jun 2026  03:57:02",117.2,GOOD,1.78,,,,UNINSTALLED
"29 Jun 2026  03:57:32",115.8,GOOD,1.78,,,,UNINSTALLED
"29 Jun 2026  03:58:03",116.3,GOOD,1.78,,,,UNINSTALLED
"29 Jun 2026  03:58:33",115.9,GOOD,1.78,,,,UNINSTALLED
"29 Jun 2026  03:59:03",117.0,GOOD,1.78,,,,UNINSTALLED
"29 Jun 2026  03:59:33",115.3,GOOD,1.78,,,,UNINSTALLED
"29 Jun 2026  04:00:03",114.1,GOOD,1.78,,,,UNINSTALLED
"29 Jun 2026  04:00:33",114.2,GOOD,1.78,,,,UNINSTALLED
"29 Jun 2026  04:01:03",116.8,GOOD,1.78,,,,UNINSTALLED
"29 Jun 2026  04:01:33",116.7,GOOD,1.78,,,,UNINSTALLED
"29 Jun 2026  04:02:03",114.6,GOOD,1.78,,,,UNINSTALLED
"29 Jun 2026  04:02:33",116.4,GOOD,1.78,,,,UNINSTALLED
"29 Jun 2026  04:03:03",113.5,GOOD,1.78,,,,UNINSTALLED
"29 Jun 2026  04:03:33",114.7,GOOD,1.78,,,,UNINSTALLED
"29 Jun 2026  04:04:03",115.7,GOOD,1.78,,,,UNINSTALLED
"29 Jun 2026  04:04:33",114.5,GOOD,1.78,,,,UNINSTALLED
"29 Jun 2026  04:05:03",114.4,GOOD,1.78,,,,UNINSTALLED
"29 Jun 2026  04:05:33",115.5,GOOD,1.78,,,,UNINSTALLED
"29 Jun 2026  04:06:03",116.0,GOOD,1.78,,,,UNINSTALLED
"29 Jun 2026  04:06:33",115.6,GOOD,1.78,,,,UNINSTALLED
"29 Jun 2026  04:07:03",114.8,GOOD,1.78,,,,UNINSTALLED
"29 Jun 2026  04:07:33",114.8,GOOD,1.78,,,,UNINSTALLED
"29 Jun 2026  04:08:03",114.4,GOOD,1.78,,,,UNINSTALLED
"29 Jun 2026  04:08:33",113.7,GOOD,1.78,,,,UNINSTALLED
"29 Jun 2026  04:09:03",115.3,GOOD,1.78,,,,UNINSTALLED
"29 Jun 2026  04:09:33",116.6,GOOD,1.78,,,,UNINSTALLED
"29 Jun 2026  04:10:03",116.0,GOOD,1.78,,,,UNINSTALLED
"29 Jun 2026  04:10:33",116.7,GOOD,1.78,,,,UNINSTALLED
"29 Jun 2026  04:11:03",115.4,GOOD,1.78,,,,UNINSTALLED
"29 Jun 2026  04:11:33",117.2,GOOD,1.78,,,,UNINSTALLED
"29 Jun 2026  04:12:04",113.1,GOOD,1.78,,,,UNINSTALLED
"29 Jun 2026  04:12:34",116.2,GOOD,1.78,,,,UNINSTALLED
"29 Jun 2026  04:13:04",115.3,GOOD,1.78,,,,UNINSTALLED
"29 Jun 2026  04:13:34",116.3,GOOD,1.78,,,,UNINSTALLED
"29 Jun 2026  04:14:04",115.4,GOOD,1.78,,,,UNINSTALLED
"29 Jun 2026  04:14:34",116.0,GOOD,1.78,,,,UNINSTALLED
"29 Jun 2026  04:15:04",115.2,GOOD,1.78,,,,UNINSTALLED
"29 Jun 2026  04:15:34",115.4,GOOD,1.78,,,,UNINSTALLED
"29 Jun 2026  04:16:04",115.5,GOOD,1.78,,,,UNINSTALLED
"29 Jun 2026  04:16:34",115.4,GOOD,1.78,,,,UNINSTALLED
"29 Jun 2026  04:17:04",117.8,GOOD,1.78,,,,UNINSTALLED
"29 Jun 2026  04:17:34",119.2,GOOD,1.78,,,,UNINSTALLED
"29 Jun 2026  04:18:04",115.9,GOOD,1.78,,,,UNINSTALLED
"29 Jun 2026  04:18:34",116.6,GOOD,1.78,,,,UNINSTALLED
"29 Jun 2026  04:19:04",114.5,GOOD,1.78,,,,UNINSTALLED
"29 Jun 2026  04:19:34",116.3,GOOD,1.78,,,,UNINSTALLED
"29 Jun 2026  04:20:04",117.4,GOOD,1.78,,,,UNINSTALLED
"29 Jun 2026  04:20:34",117.4,GOOD,1.78,,,,UNINSTALLED
"29 Jun 2026  04:21:04",115.4,GOOD,1.78,,,,UNINSTALLED
"29 Jun 2026  04:21:34",115.9,GOOD,1.78,,,,UNINSTALLED
"29 Jun 2026  04:22:04",115.9,GOOD,1.78,,,,UNINSTALLED
"29 Jun 2026  04:22:34",115.6,GOOD,1.78,,,,UNINSTALLED
"29 Jun 2026  04:23:04",117.6,GOOD,1.78,,,,UNINSTALLED
"29 Jun 2026  04:23:34",117.3,GOOD,1.78,,,,UNINSTALLED
"29 Jun 2026  04:24:04",117.3,GOOD,1.78,,,,UNINSTALLED
"29 Jun 2026  04:24:34",117.4,GOOD,1.78,,,,UNINSTALLED
"29 Jun 2026  04:25:04",118.0,GOOD,1.78,,,,UNINSTALLED
"29 Jun 2026  04:25:34",117.8,GOOD,1.78,,,,UNINSTALLED
"29 Jun 2026  04:26:05",117.7,GOOD,1.78,,,,UNINSTALLED
"29 Jun 2026  04:26:35",118.0,GOOD,1.78,,,,UNINSTALLED
"29 Jun 2026  04:27:05",118.0,GOOD,1.78,,,,UNINSTALLED
"29 Jun 2026  04:27:35",116.0,GOOD,1.78,,,,UNINSTALLED
"29 Jun 2026  04:28:05",117.4,GOOD,1.78,,,,UNINSTALLED
"29 Jun 2026  04:28:35",116.8,GOOD,1.78,,,,UNINSTALLED
"29 Jun 2026  04:29:05",117.5,GOOD,1.78,,,,UNINSTALLED
"29 Jun 2026  04:29:35",116.2,GOOD,1.78,,,,UNINSTALLED
"29 Jun 2026  04:30:05",117.3,GOOD,1.78,,,,UNINSTALLED
"29 Jun 2026  04:30:35",116.2,GOOD,1.78,,,,UNINSTALLED
"29 Jun 2026  04:31:05",115.8,GOOD,1.78,,,,UNINSTALLED
"29 Jun 2026  04:31:35",116.5,GOOD,1.78,,,,UNINSTALLED
"29 Jun 2026  04:32:05",117.0,GOOD,1.78,,,,UNINSTALLED
"29 Jun 2026  04:32:35",117.8,GOOD,1.78,,,,UNINSTALLED
"29 Jun 2026  04:33:05",115.5,GOOD,1.78,,,,UNINSTALLED
"29 Jun 2026  04:33:35",116.8,GOOD,1.78,,,,UNINSTALLED
"29 Jun 2026  04:34:05",116.7,GOOD,1.78,,,,UNINSTALLED
"29 Jun 2026  04:34:35",116.8,GOOD,1.78,,,,UNINSTALLED
"29 Jun 2026  04:35:05",117.6,GOOD,1.78,,,,UNINSTALLED
"29 Jun 2026  04:35:35",114.2,GOOD,1.78,,,,UNINSTALLED
"29 Jun 2026  04:36:05",117.4,GOOD,1.78,,,,UNINSTALLED
"29 Jun 2026  04:36:35",119.0,GOOD,1.78,,,,UNINSTALLED
"29 Jun 2026  04:37:05",118.4,GOOD,1.78,,,,UNINSTALLED
"29 Jun 2026  04:37:35",118.4,GOOD,1.78,,,,UNINSTALLED
"29 Jun 2026  04:38:05",120.1,GOOD,1.78,,,,UNINSTALLED
"29 Jun 2026  04:38:36",118.9,GOOD,1.78,,,,UNINSTALLED
"29 Jun 2026  04:39:06",116.2,GOOD,1.78,,,,UNINSTALLED
"29 Jun 2026  04:39:36",118.1,GOOD,1.78,,,,UNINSTALLED
"29 Jun 2026  04:40:06",119.5,GOOD,1.78,,,,UNINSTALLED
"29 Jun 2026  04:40:36",118.4,GOOD,1.78,,,,UNINSTALLED
"29 Jun 2026  04:41:06",115.7,GOOD,1.78,,,,UNINSTALLED
"29 Jun 2026  04:41:36",115.0,GOOD,1.78,,,,UNINSTALLED
"29 Jun 2026  04:42:06",117.5,GOOD,1.78,,,,UNINSTALLED
"29 Jun 2026  04:42:36",120.4,GOOD,1.78,,,,UNINSTALLED
"29 Jun 2026  04:43:06",119.6,GOOD,1.78,,,,UNINSTALLED
"29 Jun 2026  04:43:36",116.5,GOOD,1.78,,,,UNINSTALLED
"29 Jun 2026  04:44:06",116.1,GOOD,1.78,,,,UNINSTALLED
"29 Jun 2026  04:44:36",119.9,GOOD,1.78,,,,UNINSTALLED
"29 Jun 2026  04:45:06",115.8,GOOD,1.78,,,,UNINSTALLED
"29 Jun 2026  04:45:36",119.0,GOOD,1.78,,,,UNINSTALLED
"29 Jun 2026  04:46:06",118.6,GOOD,1.78,,,,UNINSTALLED
"29 Jun 2026  04:46:36",119.9,GOOD,1.78,,,,UNINSTALLED
"29 Jun 2026  04:47:06",118.8,GOOD,1.78,,,,UNINSTALLED
"29 Jun 2026  04:47:36",116.0,GOOD,1.78,,,,UNINSTALLED
"29 Jun 2026  04:48:06",119.6,GOOD,1.78,,,,UNINSTALLED
"29 Jun 2026  04:48:36",120.1,GOOD,1.78,,,,UNINSTALLED
"29 Jun 2026  04:49:06",118.5,GOOD,1.78,,,,UNINSTALLED
"29 Jun 2026  04:49:36",120.3,GOOD,1.78,,,,UNINSTALLED
"29 Jun 2026  04:50:06",116.9,GOOD,1.78,,,,UNINSTALLED
"29 Jun 2026  04:50:36",118.5,GOOD,1.78,,,,UNINSTALLED
"29 Jun 2026  04:51:06",116.9,GOOD,1.78,,,,UNINSTALLED
"29 Jun 2026  04:51:37",118.5,GOOD,1.78,,,,UNINSTALLED
"29 Jun 2026  04:52:07",119.0,GOOD,1.78,,,,UNINSTALLED
"29 Jun 2026  04:52:37",120.1,GOOD,1.78,,,,UNINSTALLED
"29 Jun 2026  04:53:07",118.9,GOOD,1.78,,,,UNINSTALLED
"29 Jun 2026  04:53:37",116.8,GOOD,1.78,,,,UNINSTALLED
"29 Jun 2026  04:54:07",118.6,GOOD,1.78,,,,UNINSTALLED
"29 Jun 2026  04:54:37",119.6,GOOD,1.78,,,,UNINSTALLED
"29 Jun 2026  04:55:07",119.3,GOOD,1.78,,,,UNINSTALLED
"29 Jun 2026  04:55:37",118.6,GOOD,1.78,,,,UNINSTALLED
"29 Jun 2026  04:56:07",119.5,GOOD,1.78,,,,UNINSTALLED
"29 Jun 2026  04:56:37",120.6,GOOD,1.78,,,,UNINSTALLED
"29 Jun 2026  04:57:07",118.8,GOOD,1.78,,,,UNINSTALLED
"29 Jun 2026  04:57:37",121.0,GOOD,1.78,,,,UNINSTALLED
"29 Jun 2026  04:58:07",120.7,GOOD,1.78,,,,UNINSTALLED
"29 Jun 2026  04:58:37",120.5,GOOD,1.78,,,,UNINSTALLED
"29 Jun 2026  04:59:07",119.4,GOOD,1.78,,,,UNINSTALLED
"29 Jun 2026  04:59:37",118.7,GOOD,1.78,,,,UNINSTALLED
"29 Jun 2026  05:00:07",118.0,GOOD,1.78,,,,UNINSTALLED
"29 Jun 2026  05:00:37",117.4,GOOD,1.78,,,,UNINSTALLED
"29 Jun 2026  05:01:07",119.1,GOOD,1.78,,,,UNINSTALLED
"29 Jun 2026  05:01:37",116.8,GOOD,1.78,,,,UNINSTALLED
"29 Jun 2026  05:02:07",119.6,GOOD,1.78,,,,UNINSTALLED
"29 Jun 2026  05:02:37",121.2,GOOD,1.78,,,,UNINSTALLED
"29 Jun 2026  05:03:07",120.3,GOOD,1.78,,,,UNINSTALLED
"29 Jun 2026  05:03:37",121.1,GOOD,1.78,,,,UNINSTALLED
"29 Jun 2026  05:04:07",122.0,GOOD,1.78,,,,UNINSTALLED
"29 Jun 2026  05:04:37",120.9,GOOD,1.78,,,,UNINSTALLED
"29 Jun 2026  05:05:07",116.7,GOOD,1.78,,,,UNINSTALLED
"29 Jun 2026  05:05:37",120.2,GOOD,1.78,,,,UNINSTALLED
"29 Jun 2026  05:06:07",117.0,GOOD,1.78,,,,UNINSTALLED
"29 Jun 2026  05:06:37",119.8,GOOD,1.78,,,,UNINSTALLED
"29 Jun 2026  05:07:08",120.9,GOOD,1.78,,,,UNINSTALLED
"29 Jun 2026  05:07:38",119.8,GOOD,1.78,,,,UNINSTALLED
"29 Jun 2026  05:08:08",119.8,GOOD,1.78,,,,UNINSTALLED
"29 Jun 2026  05:08:38",119.5,GOOD,1.78,,,,UNINSTALLED
"29 Jun 2026  05:09:08",119.6,GOOD,1.78,,,,UNINSTALLED
"29 Jun 2026  05:09:38",120.6,GOOD,1.78,,,,UNINSTALLED
"29 Jun 2026  05:10:08",120.7,GOOD,1.78,,,,UNINSTALLED
"29 Jun 2026  05:10:38",121.9,GOOD,1.78,,,,UNINSTALLED
"29 Jun 2026  05:11:08",121.4,GOOD,1.78,,,,UNINSTALLED
"29 Jun 2026  05:11:38",119.7,GOOD,1.78,,,,UNINSTALLED
"29 Jun 2026  05:12:08",120.5,GOOD,1.78,,,,UNINSTALLED
"29 Jun 2026  05:12:38",121.6,GOOD,1.78,,,,UNINSTALLED
"29 Jun 2026  05:13:08",122.5,GOOD,1.78,,,,UNINSTALLED
"29 Jun 2026  05:13:38",121.5,GOOD,1.78,,,,UNINSTALLED
"29 Jun 2026  05:14:08",120.8,GOOD,1.78,,,,UNINSTALLED
"29 Jun 2026  05:14:38",118.0,GOOD,1.78,,,,UNINSTALLED
"29 Jun 2026  05:15:08",119.0,GOOD,1.78,,,,UNINSTALLED
"29 Jun 2026  05:15:38",122.0,GOOD,1.78,,,,UNINSTALLED
"29 Jun 2026  05:16:08",120.4,GOOD,1.78,,,,UNINSTALLED
"29 Jun 2026  05:16:38",122.2,GOOD,1.78,,,,UNINSTALLED
"29 Jun 2026  05:17:08",120.6,GOOD,1.78,,,,UNINSTALLED
"29 Jun 2026  05:17:38",121.4,GOOD,1.78,,,,UNINSTALLED
"29 Jun 2026  05:18:08",122.8,GOOD,1.78,,,,UNINSTALLED
"29 Jun 2026  05:18:38",121.4,GOOD,1.78,,,,UNINSTALLED
"29 Jun 2026  05:19:08",119.8,GOOD,1.78,,,,UNINSTALLED
"29 Jun 2026  05:19:38",120.4,GOOD,1.78,,,,UNINSTALLED
"29 Jun 2026  05:20:08",121.6,GOOD,1.78,,,,UNINSTALLED
"29 Jun 2026  05:20:39",119.4,GOOD,1.78,,,,UNINSTALLED
"29 Jun 2026  05:21:09",122.0,GOOD,1.78,,,,UNINSTALLED
"29 Jun 2026  05:21:39",119.3,GOOD,1.78,,,,UNINSTALLED
"29 Jun 2026  05:22:09",121.0,GOOD,1.78,,,,UNINSTALLED
"29 Jun 2026  05:22:39",120.1,GOOD,1.78,,,,UNINSTALLED
"29 Jun 2026  05:23:09",120.3,GOOD,1.78,,,,UNINSTALLED
"29 Jun 2026  05:23:39",119.7,GOOD,1.78,,,,UNINSTALLED
"29 Jun 2026  05:24:09",122.2,GOOD,1.78,,,,UNINSTALLED
"29 Jun 2026  05:24:39",123.3,GOOD,1.78,,,,UNINSTALLED
"29 Jun 2026  05:25:09",121.3,GOOD,1.78,,,,UNINSTALLED
"29 Jun 2026  05:25:39",120.9,GOOD,1.78,,,,UNINSTALLED
"29 Jun 2026  05:26:09",122.6,GOOD,1.78,,,,UNINSTALLED
"29 Jun 2026  05:26:39",121.5,GOOD,1.78,,,,UNINSTALLED
"29 Jun 2026  05:27:09",120.8,GOOD,1.78,,,,UNINSTALLED
"29 Jun 2026  05:27:39",123.1,GOOD,1.78,,,,UNINSTALLED
"29 Jun 2026  05:28:09",121.5,GOOD,1.78,,,,UNINSTALLED
"29 Jun 2026  05:28:39",121.1,GOOD,1.78,,,,UNINSTALLED
"29 Jun 2026  05:29:09",122.9,GOOD,1.78,,,,UNINSTALLED
"29 Jun 2026  05:29:39",120.9,GOOD,1.78,,,,UNINSTALLED
"29 Jun 2026  05:30:09",120.0,GOOD,1.78,,,,UNINSTALLED
"29 Jun 2026  05:30:39",121.6,GOOD,1.78,,,,UNINSTALLED
"29 Jun 2026  05:31:09",124.2,GOOD,1.78,,,,UNINSTALLED
"29 Jun 2026  05:31:39",119.1,GOOD,1.78,,,,UNINSTALLED
"29 Jun 2026  05:32:09",123.1,GOOD,1.78,,,,UNINSTALLED
"29 Jun 2026  05:32:39",124.6,GOOD,1.78,,,,UNINSTALLED
"29 Jun 2026  05:33:09",122.7,GOOD,1.78,,,,UNINSTALLED
"29 Jun 2026  05:33:39",122.1,GOOD,1.78,,,,UNINSTALLED
"29 Jun 2026  05:34:09",124.9,GOOD,1.78,,,,UNINSTALLED
"29 Jun 2026  05:34:39",125.6,GOOD,1.78,,,,UNINSTALLED
"29 Jun 2026  05:35:09",125.3,GOOD,1.78,,,,UNINSTALLED
"29 Jun 2026  05:35:40",124.3,GOOD,1.78,,,,UNINSTALLED
"29 Jun 2026  05:36:10",123.8,GOOD,1.78,,,,UNINSTALLED
"29 Jun 2026  05:36:40",123.9,GOOD,1.78,,,,UNINSTALLED
"29 Jun 2026  05:37:10",124.2,GOOD,1.78,,,,UNINSTALLED
"29 Jun 2026  05:37:40",123.6,GOOD,1.78,,,,UNINSTALLED
"29 Jun 2026  05:38:10",122.9,GOOD,1.78,,,,UNINSTALLED
"29 Jun 2026  05:38:40",122.9,GOOD,1.78,,,,UNINSTALLED
"29 Jun 2026  05:39:10",122.8,GOOD,1.78,,,,UNINSTALLED
"29 Jun 2026  05:39:40",122.9,GOOD,1.78,,,,UNINSTALLED
"29 Jun 2026  05:40:10",123.0,GOOD,1.78,,,,UNINSTALLED
"29 Jun 2026  05:40:40",122.9,GOOD,1.78,,,,UNINSTALLED
"29 Jun 2026  05:41:10",123.8,GOOD,1.78,,,,UNINSTALLED
"29 Jun 2026  05:41:40",122.0,GOOD,1.78,,,,UNINSTALLED
"29 Jun 2026  05:42:10",122.2,GOOD,1.78,,,,UNINSTALLED
"29 Jun 2026  05:42:40",122.2,GOOD,1.78,,,,UNINSTALLED
"29 Jun 2026  05:43:10",122.8,GOOD,1.78,,,,UNINSTALLED
"29 Jun 2026  05:43:40",120.6,GOOD,1.78,,,,UNINSTALLED
"29 Jun 2026  05:44:10",123.1,GOOD,1.78,,,,UNINSTALLED
"29 Jun 2026  05:44:40",123.9,GOOD,1.78,,,,UNINSTALLED
"29 Jun 2026  05:45:10",124.3,GOOD,1.78,,,,UNINSTALLED
"29 Jun 2026  05:45:40",124.1,GOOD,1.78,,,,UNINSTALLED
"29 Jun 2026  05:46:10",123.7,GOOD,1.78,,,,UNINSTALLED
"29 Jun 2026  05:46:40",123.9,GOOD,1.78,,,,UNINSTALLED
"29 Jun 2026  05:47:10",124.2,GOOD,1.78,,,,UNINSTALLED
"29 Jun 2026  05:47:40",123.8,GOOD,1.78,,,,UNINSTALLED
"29 Jun 2026  05:48:10",124.1,GOOD,1.78,,,,UNINSTALLED
"29 Jun 2026  05:48:40",126.8,GOOD,1.78,,,,UNINSTALLED
"29 Jun 2026  05:49:10",125.5,GOOD,1.78,,,,UNINSTALLED
"29 Jun 2026  05:49:41",125.4,GOOD,1.78,,,,UNINSTALLED
"29 Jun 2026  05:50:11",125.3,GOOD,1.78,,,,UNINSTALLED
"29 Jun 2026  05:50:41",124.6,GOOD,1.78,,,,UNINSTALLED
"29 Jun 2026  05:51:11",124.7,GOOD,1.78,,,,UNINSTALLED
"29 Jun 2026  05:51:41",124.5,GOOD,1.78,,,,UNINSTALLED
"29 Jun 2026  05:52:11",123.5,GOOD,1.78,,,,UNINSTALLED
"29 Jun 2026  05:52:41",122.8,GOOD,1.78,,,,UNINSTALLED
"29 Jun 2026  05:53:11",122.8,GOOD,1.78,,,,UNINSTALLED
"29 Jun 2026  05:53:41",124.8,GOOD,1.78,,,,UNINSTALLED
"29 Jun 2026  05:54:11",124.6,GOOD,1.78,,,,UNINSTALLED
"29 Jun 2026  05:54:41",125.6,GOOD,1.78,,,,UNINSTALLED
"29 Jun 2026  05:55:11",125.3,GOOD,1.78,,,,UNINSTALLED
"29 Jun 2026  05:55:41",124.9,GOOD,1.78,,,,UNINSTALLED
"29 Jun 2026  05:56:11",125.0,GOOD,1.78,,,,UNINSTALLED
"29 Jun 2026  05:56:41",123.7,GOOD,1.78,,,,UNINSTALLED
"29 Jun 2026  05:57:11",125.4,GOOD,1.78,,,,UNINSTALLED
"29 Jun 2026  05:57:41",125.8,GOOD,1.78,,,,UNINSTALLED
"29 Jun 2026  05:58:11",126.9,GOOD,1.78,,,,UNINSTALLED
"29 Jun 2026  05:58:41",125.8,GOOD,1.78,,,,UNINSTALLED
"29 Jun 2026  05:59:11",123.0,GOOD,1.78,,,,UNINSTALLED
"29 Jun 2026  05:59:41",125.4,GOOD,1.78,,,,UNINSTALLED
"29 Jun 2026  06:00:11",125.1,GOOD,1.78,,,,UNINSTALLED
"29 Jun 2026  06:00:41",124.4,GOOD,1.78,,,,UNINSTALLED
"29 Jun 2026  06:01:11",123.6,GOOD,1.78,,,,UNINSTALLED
"29 Jun 2026  06:01:41",125.6,GOOD,1.78,,,,UNINSTALLED
"29 Jun 2026  06:02:12",126.8,GOOD,1.78,,,,UNINSTALLED
"29 Jun 2026  06:02:42",124.7,GOOD,1.78,,,,UNINSTALLED
"29 Jun 2026  06:03:12",122.3,GOOD,1.78,,,,UNINSTALLED
"29 Jun 2026  06:03:42",125.3,GOOD,1.78,,,,UNINSTALLED
"29 Jun 2026  06:04:12",126.1,GOOD,1.78,,,,UNINSTALLED
"29 Jun 2026  06:04:42",126.7,GOOD,1.78,,,,UNINSTALLED
"29 Jun 2026  06:05:12",125.0,GOOD,1.78,,,,UNINSTALLED
"29 Jun 2026  06:05:42",124.3,GOOD,1.78,,,,UNINSTALLED
"29 Jun 2026  06:06:12",126.1,GOOD,1.78,,,,UNINSTALLED
"29 Jun 2026  06:06:42",122.3,GOOD,1.78,,,,UNINSTALLED
"29 Jun 2026  06:07:12",127.1,GOOD,1.78,,,,UNINSTALLED
"29 Jun 2026  06:07:42",128.5,GOOD,1.78,,,,UNINSTALLED
"29 Jun 2026  06:08:12",127.2,GOOD,1.78,,,,UNINSTALLED
"29 Jun 2026  06:08:42",124.5,GOOD,1.78,,,,UNINSTALLED
"29 Jun 2026  06:09:12",127.0,GOOD,1.78,,,,UNINSTALLED
"29 Jun 2026  06:09:42",126.2,GOOD,1.78,,,,UNINSTALLED
"29 Jun 2026  06:10:12",125.4,GOOD,1.78,,,,UNINSTALLED
"29 Jun 2026  06:10:42",126.8,GOOD,1.78,,,,UNINSTALLED
"29 Jun 2026  06:11:12",126.1,GOOD,1.78,,,,UNINSTALLED
"29 Jun 2026  06:11:42",126.5,GOOD,1.78,,,,UNINSTALLED
"29 Jun 2026  06:12:12",128.0,GOOD,1.78,,,,UNINSTALLED
"29 Jun 2026  06:12:42",127.6,GOOD,1.78,,,,UNINSTALLED
"29 Jun 2026  06:13:12",126.2,GOOD,1.78,,,,UNINSTALLED
"29 Jun 2026  06:13:42",127.1,GOOD,1.78,,,,UNINSTALLED
"29 Jun 2026  06:14:12",130.5,GOOD,1.78,,,,UNINSTALLED
"29 Jun 2026  06:14:43",128.1,GOOD,1.78,,,,UNINSTALLED
"29 Jun 2026  06:15:13",129.0,GOOD,1.78,,,,UNINSTALLED
"29 Jun 2026  06:15:43",128.1,GOOD,1.78,,,,UNINSTALLED
"29 Jun 2026  06:16:13",126.6,GOOD,1.78,,,,UNINSTALLED
"29 Jun 2026  06:16:43",127.5,GOOD,1.78,,,,UNINSTALLED
"29 Jun 2026  06:17:13",127.3,GOOD,1.78,,,,UNINSTALLED
"29 Jun 2026  06:17:43",127.5,GOOD,1.78,,,,UNINSTALLED
"29 Jun 2026  06:18:13",127.9,GOOD,1.78,,,,UNINSTALLED
"29 Jun 2026  06:18:43",127.5,GOOD,1.78,,,,UNINSTALLED
"29 Jun 2026  06:19:13",125.9,GOOD,1.78,,,,UNINSTALLED
"29 Jun 2026  06:19:43",127.5,GOOD,1.78,,,,UNINSTALLED
"29 Jun 2026  06:20:13",128.0,GOOD,1.78,,,,UNINSTALLED
"29 Jun 2026  06:20:43",127.3,GOOD,1.78,,,,UNINSTALLED
"29 Jun 2026  06:21:13",127.5,GOOD,1.78,,,,UNINSTALLED
"29 Jun 2026  06:21:43",127.1,GOOD,1.78,,,,UNINSTALLED
"29 Jun 2026  06:22:13",125.9,GOOD,1.78,,,,UNINSTALLED
"29 Jun 2026  06:22:43",127.3,GOOD,1.78,,,,UNINSTALLED
"29 Jun 2026  06:23:13",127.3,GOOD,1.78,,,,UNINSTALLED
"29 Jun 2026  06:23:43",125.2,GOOD,1.78,,,,UNINSTALLED
"29 Jun 2026  06:24:13",125.6,GOOD,1.78,,,,UNINSTALLED
"29 Jun 2026  06:24:43",126.0,GOOD,1.78,,,,UNINSTALLED
"29 Jun 2026  06:25:13",127.4,GOOD,1.78,,,,UNINSTALLED
"29 Jun 2026  06:25:43",126.7,GOOD,1.78,,,,UNINSTALLED
"29 Jun 2026  06:26:13",126.3,GOOD,1.78,,,,UNINSTALLED
"29 Jun 2026  06:26:43",127.9,GOOD,1.78,,,,UNINSTALLED
"29 Jun 2026  06:27:13",126.2,GOOD,1.78,,,,UNINSTALLED
"29 Jun 2026  06:27:43",126.9,GOOD,1.78,,,,UNINSTALLED
"29 Jun 2026  06:28:13",126.8,GOOD,1.78,,,,UNINSTALLED
"29 Jun 2026  06:28:43",127.0,GOOD,1.78,,,,UNINSTALLED
"29 Jun 2026  06:29:13",125.5,GOOD,1.78,,,,UNINSTALLED
"29 Jun 2026  06:29:43",129.7,GOOD,1.78,,,,UNINSTALLED
"29 Jun 2026  06:30:14",130.2,GOOD,1.78,,,,UNINSTALLED
"29 Jun 2026  06:30:44",129.7,GOOD,1.78,,,,UNINSTALLED
"29 Jun 2026  06:31:14",129.2,GOOD,1.78,,,,UNINSTALLED
"29 Jun 2026  06:31:44",127.9,GOOD,1.78,,,,UNINSTALLED
"29 Jun 2026  06:32:14",128.3,GOOD,1.78,,,,UNINSTALLED
"29 Jun 2026  06:32:44",128.9,GOOD,1.78,,,,UNINSTALLED
"29 Jun 2026  06:33:14",128.3,GOOD,1.78,,,,UNINSTALLED
"29 Jun 2026  06:33:44",126.5,GOOD,1.78,,,,UNINSTALLED
"29 Jun 2026  06:34:14",128.0,GOOD,1.78,,,,UNINSTALLED
"29 Jun 2026  06:34:44",127.0,GOOD,1.78,,,,UNINSTALLED
"29 Jun 2026  06:35:14",126.1,GOOD,1.78,,,,UNINSTALLED
"29 Jun 2026  06:35:44",129.0,GOOD,1.78,,,,UNINSTALLED
"29 Jun 2026  06:36:14",129.0,GOOD,1.78,,,,UNINSTALLED
"29 Jun 2026  06:36:44",127.0,GOOD,1.78,,,,UNINSTALLED
"29 Jun 2026  06:37:14",127.8,GOOD,1.78,,,,UNINSTALLED
"29 Jun 2026  06:37:44",127.9,GOOD,1.78,,,,UNINSTALLED
"29 Jun 2026  06:38:14",127.0,GOOD,1.78,,,,UNINSTALLED
"29 Jun 2026  06:38:44",124.6,GOOD,1.78,,,,UNINSTALLED
"29 Jun 2026  06:39:14",127.6,GOOD,1.78,,,,UNINSTALLED
"29 Jun 2026  06:39:44",130.6,GOOD,1.78,,,,UNINSTALLED
"29 Jun 2026  06:40:14",127.8,GOOD,1.78,,,,UNINSTALLED
"29 Jun 2026  06:40:44",127.7,GOOD,1.78,,,,UNINSTALLED
"29 Jun 2026  06:41:14",127.1,GOOD,1.78,,,,UNINSTALLED
"29 Jun 2026  06:41:44",128.1,GOOD,1.78,,,,UNINSTALLED
"29 Jun 2026  06:42:14",128.5,GOOD,1.78,,,,UNINSTALLED
"29 Jun 2026  06:42:44",129.0,GOOD,1.78,,,,UNINSTALLED
"29 Jun 2026  06:43:14",129.4,GOOD,1.78,,,,UNINSTALLED
"29 Jun 2026  06:43:44",128.7,GOOD,1.78,,,,UNINSTALLED
"29 Jun 2026  06:44:14",128.3,GOOD,1.78,,,,UNINSTALLED
"29 Jun 2026  06:44:44",126.5,GOOD,1.78,,,,UNINSTALLED
"29 Jun 2026  06:45:15",128.2,GOOD,1.78,,,,UNINSTALLED
"29 Jun 2026  06:45:45",128.5,GOOD,1.78,,,,UNINSTALLED
"29 Jun 2026  06:46:15",126.1,GOOD,1.78,,,,UNINSTALLED
"29 Jun 2026  06:46:45",126.6,GOOD,1.78,,,,UNINSTALLED
"29 Jun 2026  06:47:15",125.4,GOOD,1.78,,,,UNINSTALLED
"29 Jun 2026  06:47:45",127.9,GOOD,1.78,,,,UNINSTALLED
"29 Jun 2026  06:48:15",129.5,GOOD,1.78,,,,UNINSTALLED
"29 Jun 2026  06:48:45",128.8,GOOD,1.78,,,,UNINSTALLED
"29 Jun 2026  06:49:15",128.7,GOOD,1.78,,,,UNINSTALLED
"29 Jun 2026  06:49:45",128.7,GOOD,1.78,,,,UNINSTALLED
"29 Jun 2026  06:50:15",128.1,GOOD,1.78,,,,UNINSTALLED
"29 Jun 2026  06:50:45",126.7,GOOD,1.78,,,,UNINSTALLED
"29 Jun 2026  06:51:15",126.2,GOOD,1.78,,,,UNINSTALLED
"29 Jun 2026  06:51:45",127.8,GOOD,1.78,,,,UNINSTALLED
"29 Jun 2026  06:52:15",126.4,GOOD,1.78,,,,UNINSTALLED
"29 Jun 2026  06:52:45",128.2,GOOD,1.78,,,,UNINSTALLED
"29 Jun 2026  06:53:15",127.1,GOOD,1.78,,,,UNINSTALLED
"29 Jun 2026  06:53:45",127.6,GOOD,1.78,,,,UNINSTALLED
"29 Jun 2026  06:54:15",127.8,GOOD,1.78,,,,UNINSTALLED
"29 Jun 2026  06:54:45",125.7,GOOD,1.78,,,,UNINSTALLED
"29 Jun 2026  06:55:15",127.6,GOOD,1.78,,,,UNINSTALLED
"29 Jun 2026  06:55:45",127.8,GOOD,1.78,,,,UNINSTALLED
"29 Jun 2026  06:56:15",128.9,GOOD,1.78,,,,UNINSTALLED
"29 Jun 2026  06:56:45",126.9,GOOD,1.78,,,,UNINSTALLED
"29 Jun 2026  06:57:15",129.1,GOOD,1.78,,,,UNINSTALLED
"29 Jun 2026  06:57:45",127.0,GOOD,1.78,,,,UNINSTALLED
"29 Jun 2026  06:58:15",128.5,GOOD,1.78,,,,UNINSTALLED
"29 Jun 2026  06:58:45",128.2,GOOD,1.78,,,,UNINSTALLED
"29 Jun 2026  06:59:15",128.8,GOOD,1.78,,,,UNINSTALLED
"29 Jun 2026  06:59:46",127.7,GOOD,1.78,,,,UNINSTALLED
"29 Jun 2026  07:00:16",127.4,GOOD,1.78,,,,UNINSTALLED
"29 Jun 2026  07:00:46",127.6,GOOD,1.78,,,,UNINSTALLED
"29 Jun 2026  07:01:16",127.0,GOOD,1.78,,,,UNINSTALLED
"29 Jun 2026  07:01:46",124.8,GOOD,1.78,,,,UNINSTALLED
"29 Jun 2026  07:02:16",130.7,GOOD,1.78,,,,UNINSTALLED
"29 Jun 2026  07:02:46",130.2,GOOD,1.78,,,,UNINSTALLED
"29 Jun 2026  07:03:16",130.3,GOOD,1.78,,,,UNINSTALLED
"29 Jun 2026  07:03:46",130.1,GOOD,1.78,,,,UNINSTALLED
"29 Jun 2026  07:04:16",130.1,GOOD,1.78,,,,UNINSTALLED
"29 Jun 2026  07:04:46",128.3,GOOD,1.78,,,,UNINSTALLED
"29 Jun 2026  07:05:16",127.4,GOOD,1.78,,,,UNINSTALLED
"29 Jun 2026  07:05:46",130.8,GOOD,1.78,,,,UNINSTALLED
"29 Jun 2026  07:06:16",131.0,GOOD,1.78,,,,UNINSTALLED
"29 Jun 2026  07:06:46",128.1,GOOD,1.78,,,,UNINSTALLED
"29 Jun 2026  07:07:16",128.9,GOOD,1.78,,,,UNINSTALLED
"29 Jun 2026  07:07:46",127.5,GOOD,1.78,,,,UNINSTALLED
"29 Jun 2026  07:08:16",128.6,GOOD,1.78,,,,UNINSTALLED
"29 Jun 2026  07:08:46",130.5,GOOD,1.78,,,,UNINSTALLED
"29 Jun 2026  07:09:16",128.8,GOOD,1.78,,,,UNINSTALLED
"29 Jun 2026  07:09:46",128.5,GOOD,1.78,,,,UNINSTALLED
"29 Jun 2026  07:10:16",130.1,GOOD,1.78,,,,UNINSTALLED
"29 Jun 2026  07:10:46",129.4,GOOD,1.78,,,,UNINSTALLED
"29 Jun 2026  07:11:16",128.2,GOOD,1.78,,,,UNINSTALLED
"29 Jun 2026  07:11:46",127.5,GOOD,1.78,,,,UNINSTALLED
"29 Jun 2026  07:12:16",128.7,GOOD,1.78,,,,UNINSTALLED
"29 Jun 2026  07:12:46",126.9,GOOD,1.78,,,,UNINSTALLED
"29 Jun 2026  07:13:16",130.4,GOOD,1.78,,,,UNINSTALLED
"29 Jun 2026  07:13:46",129.0,GOOD,1.78,,,,UNINSTALLED
"29 Jun 2026  07:14:17",131.1,GOOD,1.78,,,,UNINSTALLED
"29 Jun 2026  07:14:47",130.7,GOOD,1.78,,,,UNINSTALLED
"29 Jun 2026  07:15:17",131.3,GOOD,1.78,,,,UNINSTALLED
"29 Jun 2026  07:15:47",131.3,GOOD,1.78,,,,UNINSTALLED
"29 Jun 2026  07:16:17",128.6,GOOD,1.78,,,,UNINSTALLED
"29 Jun 2026  07:16:47",131.3,GOOD,1.78,,,,UNINSTALLED
"29 Jun 2026  07:17:17",129.3,GOOD,1.78,,,,UNINSTALLED
"29 Jun 2026  07:17:47",128.5,GOOD,1.78,,,,UNINSTALLED
"29 Jun 2026  07:18:17",128.7,GOOD,1.78,,,,UNINSTALLED
"29 Jun 2026  07:18:47",130.0,GOOD,1.78,,,,UNINSTALLED
"29 Jun 2026  07:19:17",130.3,GOOD,1.78,,,,UNINSTALLED
"29 Jun 2026  07:19:47",127.8,GOOD,1.78,,,,UNINSTALLED
"29 Jun 2026  07:20:17",128.4,GOOD,1.78,,,,UNINSTALLED
"29 Jun 2026  07:20:47",130.7,GOOD,1.78,,,,UNINSTALLED
"29 Jun 2026  07:21:17",129.2,GOOD,1.78,,,,UNINSTALLED
"29 Jun 2026  07:21:47",127.2,GOOD,1.78,,,,UNINSTALLED
"29 Jun 2026  07:22:17",130.5,GOOD,1.78,,,,UNINSTALLED
"29 Jun 2026  07:22:47",130.9,GOOD,1.78,,,,UNINSTALLED
"29 Jun 2026  07:23:17",129.9,GOOD,1.78,,,,UNINSTALLED
"29 Jun 2026  07:23:47",127.9,GOOD,1.78,,,,UNINSTALLED
"29 Jun 2026  07:24:17",129.7,GOOD,1.78,,,,UNINSTALLED
"29 Jun 2026  07:24:47",130.6,GOOD,1.78,,,,UNINSTALLED
"29 Jun 2026  07:25:17",131.0,GOOD,1.78,,,,UNINSTALLED
"29 Jun 2026  07:25:47",130.5,GOOD,1.78,,,,UNINSTALLED
"29 Jun 2026  07:26:17",128.7,GOOD,1.78,,,,UNINSTALLED
"29 Jun 2026  07:26:47",128.6,GOOD,1.78,,,,UNINSTALLED
"29 Jun 2026  07:27:17",129.8,GOOD,1.78,,,,UNINSTALLED
"29 Jun 2026  07:27:47",129.3,GOOD,1.78,,,,UNINSTALLED
"29 Jun 2026  07:28:17",131.1,GOOD,1.78,,,,UNINSTALLED
"29 Jun 2026  07:28:47",129.8,GOOD,1.78,,,,UNINSTALLED
"29 Jun 2026  07:29:17",129.6,GOOD,1.78,,,,UNINSTALLED
"29 Jun 2026  07:29:47",131.2,GOOD,1.78,,,,UNINSTALLED
"29 Jun 2026  07:30:18",131.0,GOOD,1.78,,,,UNINSTALLED
"29 Jun 2026  07:30:48",132.4,GOOD,1.78,,,,UNINSTALLED
"29 Jun 2026  07:31:18",132.1,GOOD,1.78,,,,UNINSTALLED
"29 Jun 2026  07:31:48",129.6,GOOD,1.78,,,,UNINSTALLED
"29 Jun 2026  07:32:18",129.2,GOOD,1.78,,,,UNINSTALLED
"29 Jun 2026  07:32:48",129.0,GOOD,1.78,,,,UNINSTALLED
"29 Jun 2026  07:33:18",130.2,GOOD,1.78,,,,UNINSTALLED
"29 Jun 2026  07:33:48",129.8,GOOD,1.78,,,,UNINSTALLED
"29 Jun 2026  07:34:18",128.3,GOOD,1.78,,,,UNINSTALLED
"29 Jun 2026  07:34:48",132.2,GOOD,1.78,,,,UNINSTALLED
"29 Jun 2026  07:35:18",130.7,GOOD,1.78,,,,UNINSTALLED
"29 Jun 2026  07:35:48",129.2,GOOD,1.78,,,,UNINSTALLED
"29 Jun 2026  07:36:18",131.6,GOOD,1.78,,,,UNINSTALLED
"29 Jun 2026  07:36:48",131.4,GOOD,1.78,,,,UNINSTALLED
"29 Jun 2026  07:37:18",133.3,GOOD,1.78,,,,UNINSTALLED
"29 Jun 2026  07:37:48",131.9,GOOD,1.78,,,,UNINSTALLED
"29 Jun 2026  07:38:18",130.9,GOOD,1.78,,,,UNINSTALLED
"29 Jun 2026  07:38:48",128.7,GOOD,1.78,,,,UNINSTALLED
"29 Jun 2026  07:39:18",130.6,GOOD,1.78,,,,UNINSTALLED
"29 Jun 2026  07:39:48",129.3,GOOD,1.78,,,,UNINSTALLED
"29 Jun 2026  07:40:18",133.9,GOOD,1.78,,,,UNINSTALLED
"29 Jun 2026  07:40:48",129.6,GOOD,1.78,,,,UNINSTALLED
"29 Jun 2026  07:41:18",130.7,GOOD,1.78,,,,UNINSTALLED
"29 Jun 2026  07:41:48",132.7,GOOD,1.78,,,,UNINSTALLED
"29 Jun 2026  07:42:18",131.5,GOOD,1.78,,,,UNINSTALLED
"29 Jun 2026  07:42:48",132.2,GOOD,1.78,,,,UNINSTALLED
"29 Jun 2026  07:43:18",131.5,GOOD,1.78,,,,UNINSTALLED
"29 Jun 2026  07:43:48",132.2,GOOD,1.78,,,,UNINSTALLED
"29 Jun 2026  07:44:18",130.4,GOOD,1.78,,,,UNINSTALLED
"29 Jun 2026  07:44:48",130.3,GOOD,1.78,,,,UNINSTALLED
"29 Jun 2026  07:45:18",130.9,GOOD,1.78,,,,UNINSTALLED
"29 Jun 2026  07:45:49",131.4,GOOD,1.78,,,,UNINSTALLED
"29 Jun 2026  07:46:19",128.9,GOOD,1.78,,,,UNINSTALLED
"29 Jun 2026  07:46:49",131.9,GOOD,1.78,,,,UNINSTALLED
"29 Jun 2026  07:47:19",130.6,GOOD,1.78,,,,UNINSTALLED
"29 Jun 2026  07:47:49",130.5,GOOD,1.78,,,,UNINSTALLED
"29 Jun 2026  07:48:19",131.4,GOOD,1.78,,,,UNINSTALLED
"29 Jun 2026  07:48:49",129.8,GOOD,1.78,,,,UNINSTALLED
"29 Jun 2026  07:49:19",130.6,GOOD,1.78,,,,UNINSTALLED
"29 Jun 2026  07:49:49",129.6,GOOD,1.78,,,,UNINSTALLED
"29 Jun 2026  07:50:19",130.0,GOOD,1.78,,,,UNINSTALLED
"29 Jun 2026  07:50:49",130.2,GOOD,1.78,,,,UNINSTALLED
"29 Jun 2026  07:51:19",131.8,GOOD,1.78,,,,UNINSTALLED
"29 Jun 2026  07:51:49",133.2,GOOD,1.78,,,,UNINSTALLED
"29 Jun 2026  07:52:19",132.5,GOOD,1.78,,,,UNINSTALLED
"29 Jun 2026  07:52:49",131.2,GOOD,1.78,,,,UNINSTALLED
"29 Jun 2026  07:53:19",129.6,GOOD,1.78,,,,UNINSTALLED
"29 Jun 2026  07:53:49",129.1,GOOD,1.78,,,,UNINSTALLED
"29 Jun 2026  07:54:19",131.6,GOOD,1.78,,,,UNINSTALLED
"29 Jun 2026  07:54:49",129.7,GOOD,1.78,,,,UNINSTALLED
"29 Jun 2026  07:55:19",129.0,GOOD,1.78,,,,UNINSTALLED
"29 Jun 2026  07:55:49",131.5,GOOD,1.78,,,,UNINSTALLED
"29 Jun 2026  07:56:19",131.7,GOOD,1.78,,,,UNINSTALLED
"29 Jun 2026  07:56:49",131.8,GOOD,1.78,,,,UNINSTALLED
"29 Jun 2026  07:57:19",132.2,GOOD,1.78,,,,UNINSTALLED
"29 Jun 2026  07:57:49",131.5,GOOD,1.78,,,,UNINSTALLED
"29 Jun 2026  07:58:19",131.4,GOOD,1.78,,,,UNINSTALLED
"29 Jun 2026  07:58:49",132.1,GOOD,1.78,,,,UNINSTALLED
"29 Jun 2026  07:59:19",130.9,GOOD,1.78,,,,UNINSTALLED
"29 Jun 2026  07:59:49",131.5,GOOD,1.78,,,,UNINSTALLED
"29 Jun 2026  08:00:19",130.8,GOOD,1.78,,,,UNINSTALLED
"29 Jun 2026  08:00:49",131.3,GOOD,1.78,,,,UNINSTALLED
"29 Jun 2026  08:01:19",130.4,GOOD,1.78,,,,UNINSTALLED
"29 Jun 2026  08:01:50",130.9,GOOD,1.78,,,,UNINSTALLED
"29 Jun 2026  08:02:20",130.4,GOOD,1.78,,,,UNINSTALLED
"29 Jun 2026  08:02:50",131.6,GOOD,1.78,,,,UNINSTALLED
"29 Jun 2026  08:03:20",130.5,GOOD,1.78,,,,UNINSTALLED
"29 Jun 2026  08:03:50",132.1,GOOD,1.78,,,,UNINSTALLED
"29 Jun 2026  08:04:20",133.5,GOOD,1.78,,,,UNINSTALLED
"29 Jun 2026  08:04:50",129.4,GOOD,1.78,,,,UNINSTALLED
"29 Jun 2026  08:05:20",137.3,GOOD,1.78,,,,UNINSTALLED
"29 Jun 2026  08:05:50",147.6,GOOD,1.78,,,,UNINSTALLED
"29 Jun 2026  08:06:20",154.2,GOOD,1.78,,,,UNINSTALLED
"29 Jun 2026  08:06:50",165.1,GOOD,1.78,,,,UNINSTALLED
"29 Jun 2026  08:07:20",165.0,GOOD,1.78,,,,UNINSTALLED
"29 Jun 2026  08:07:50",167.1,GOOD,1.78,,,,UNINSTALLED
"29 Jun 2026  08:08:20",184.4,GOOD,1.78,,,,UNINSTALLED
"29 Jun 2026  08:08:50",184.7,GOOD,1.78,,,,UNINSTALLED
"29 Jun 2026  08:09:20",205.5,GOOD,1.78,,,,UNINSTALLED
"29 Jun 2026  08:09:50",226.5,GOOD,1.78,,,,UNINSTALLED
"29 Jun 2026  08:10:20",238.8,GOOD,1.78,,,,UNINSTALLED
"29 Jun 2026  08:10:50",234.4,GOOD,1.78,,,,UNINSTALLED
"29 Jun 2026  08:11:20",251.4,GOOD,1.78,,,,UNINSTALLED
"29 Jun 2026  08:11:50",249.8,GOOD,1.78,,,,UNINSTALLED
"29 Jun 2026  08:12:20",244.4,GOOD,1.78,,,,UNINSTALLED
"29 Jun 2026  08:12:50",257.7,GOOD,1.78,,,,UNINSTALLED
"29 Jun 2026  08:13:20",275.3,GOOD,1.78,,,,UNINSTALLED
"29 Jun 2026  08:13:50",288.2,GOOD,1.78,,,,UNINSTALLED
"29 Jun 2026  08:14:20",267.9,GOOD,1.78,,,,UNINSTALLED
"29 Jun 2026  08:14:50",269.9,GOOD,1.78,,,,UNINSTALLED
"29 Jun 2026  08:15:20",351.4,GOOD,1.78,,,,UNINSTALLED
"29 Jun 2026  08:15:50",349.9,GOOD,1.78,,,,UNINSTALLED
"29 Jun 2026  08:16:20",337.7,GOOD,1.78,,,,UNINSTALLED
"29 Jun 2026  08:16:50",330.2,GOOD,1.78,,,,UNINSTALLED
"29 Jun 2026  08:17:20",326.2,GOOD,1.78,,,,UNINSTALLED
"29 Jun 2026  08:17:50",321.9,GOOD,1.78,,,,UNINSTALLED
"29 Jun 2026  08:18:20",347.2,GOOD,1.78,,,,UNINSTALLED
"29 Jun 2026  08:18:50",350.7,GOOD,1.78,,,,UNINSTALLED
"29 Jun 2026  08:19:20",339.8,GOOD,1.78,,,,UNINSTALLED
"29 Jun 2026  08:19:50",389.1,GOOD,1.78,,,,UNINSTALLED
"29 Jun 2026  08:20:20",413.0,GOOD,1.78,,,,UNINSTALLED
"29 Jun 2026  08:20:50",389.3,GOOD,1.78,,,,UNINSTALLED
"29 Jun 2026  08:21:20",399.5,GOOD,1.78,,,,UNINSTALLED
"29 Jun 2026  08:21:50",355.1,GOOD,1.78,,,,UNINSTALLED
"29 Jun 2026  08:22:20",382.4,GOOD,1.78,,,,UNINSTALLED
"29 Jun 2026  08:22:51",389.0,GOOD,1.78,,,,UNINSTALLED
"29 Jun 2026  08:23:21",429.7,GOOD,1.78,,,,UNINSTALLED
"29 Jun 2026  08:23:51",433.2,GOOD,1.78,,,,UNINSTALLED
"29 Jun 2026  08:24:21",450.6,GOOD,1.78,,,,UNINSTALLED
"29 Jun 2026  08:24:51",416.8,GOOD,1.78,,,,UNINSTALLED
"29 Jun 2026  08:25:21",430.8,GOOD,1.78,,,,UNINSTALLED
"29 Jun 2026  08:25:51",453.1,GOOD,1.78,,,,UNINSTALLED
"29 Jun 2026  08:26:21",450.5,GOOD,1.78,,,,UNINSTALLED
"29 Jun 2026  08:26:51",440.4,GOOD,1.78,,,,UNINSTALLED
"29 Jun 2026  08:27:21",467.8,GOOD,1.78,,,,UNINSTALLED
"29 Jun 2026  08:27:51",470.6,GOOD,1.78,,,,UNINSTALLED
"29 Jun 2026  08:28:21",425.9,GOOD,1.78,,,,UNINSTALLED
"29 Jun 2026  08:28:51",463.9,GOOD,1.78,,,,UNINSTALLED
"29 Jun 2026  08:29:21",444.6,GOOD,1.78,,,,UNINSTALLED
"29 Jun 2026  08:29:51",426.4,GOOD,1.78,,,,UNINSTALLED
"29 Jun 2026  08:30:21",496.3,GOOD,1.78,,,,UNINSTALLED
"29 Jun 2026  08:30:51",496.4,GOOD,1.78,,,,UNINSTALLED
"29 Jun 2026  08:31:21",462.3,GOOD,1.78,,,,UNINSTALLED
"29 Jun 2026  08:31:51",446.8,GOOD,1.78,,,,UNINSTALLED
"29 Jun 2026  08:32:21",435.4,GOOD,1.78,,,,UNINSTALLED
"29 Jun 2026  08:32:52",480.4,GOOD,1.78,,,,UNINSTALLED
"29 Jun 2026  08:33:22",524.5,GOOD,1.78,,,,UNINSTALLED
"29 Jun 2026  08:33:52",520.3,GOOD,1.78,,,,UNINSTALLED
"29 Jun 2026  08:34:22",532.6,GOOD,1.78,,,,UNINSTALLED
"29 Jun 2026  08:34:52",522.4,GOOD,1.78,,,,UNINSTALLED
"29 Jun 2026  08:35:22",510.2,GOOD,1.78,,,,UNINSTALLED
"29 Jun 2026  08:35:52",491.4,GOOD,1.78,,,,UNINSTALLED
"29 Jun 2026  08:36:22",480.4,GOOD,1.78,,,,UNINSTALLED
"29 Jun 2026  08:36:52",496.2,GOOD,1.78,,,,UNINSTALLED
"29 Jun 2026  08:37:22",510.7,GOOD,1.78,,,,UNINSTALLED
"29 Jun 2026  08:37:52",516.5,GOOD,1.78,,,,UNINSTALLED
"29 Jun 2026  08:38:23",517.0,GOOD,1.78,,,,UNINSTALLED
"29 Jun 2026  08:38:53",477.8,GOOD,1.78,,,,UNINSTALLED
"29 Jun 2026  08:39:23",508.4,GOOD,1.78,,,,UNINSTALLED
"29 Jun 2026  08:39:53",476.8,GOOD,1.78,,,,UNINSTALLED
"29 Jun 2026  08:40:23",466.4,GOOD,1.78,,,,UNINSTALLED
"29 Jun 2026  08:40:53",473.0,GOOD,1.78,,,,UNINSTALLED
"29 Jun 2026  08:41:23",481.9,GOOD,1.78,,,,UNINSTALLED
"29 Jun 2026  08:41:53",483.7,GOOD,1.78,,,,UNINSTALLED
"29 Jun 2026  08:42:23",492.4,GOOD,1.78,,,,UNINSTALLED
"29 Jun 2026  08:42:53",512.6,GOOD,1.78,,,,UNINSTALLED
"29 Jun 2026  08:43:23",479.7,GOOD,1.78,,,,UNINSTALLED
"29 Jun 2026  08:43:54",472.2,GOOD,1.78,,,,UNINSTALLED
"29 Jun 2026  08:44:24",468.0,GOOD,1.78,,,,UNINSTALLED
"29 Jun 2026  08:44:54",462.2,GOOD,1.78,,,,UNINSTALLED
"29 Jun 2026  08:45:24",445.9,GOOD,1.78,,,,UNINSTALLED
"29 Jun 2026  08:45:54",468.6,GOOD,1.78,,,,UNINSTALLED
"29 Jun 2026  08:46:24",455.8,GOOD,1.78,,,,UNINSTALLED
"29 Jun 2026  08:46:54",459.3,GOOD,1.78,,,,UNINSTALLED
"29 Jun 2026  08:47:24",497.4,GOOD,1.78,,,,UNINSTALLED
"29 Jun 2026  08:47:54",499.3,GOOD,1.78,,,,UNINSTALLED
"29 Jun 2026  08:48:24",500.1,GOOD,1.78,,,,UNINSTALLED
"29 Jun 2026  08:48:54",498.9,GOOD,1.78,,,,UNINSTALLED
"29 Jun 2026  08:49:24",514.6,GOOD,1.78,,,,UNINSTALLED
"29 Jun 2026  08:49:55",532.2,GOOD,1.78,,,,UNINSTALLED
"29 Jun 2026  08:50:25",508.0,GOOD,1.78,,,,UNINSTALLED
"29 Jun 2026  08:50:55",487.1,GOOD,1.78,,,,UNINSTALLED
"29 Jun 2026  08:51:25",464.1,GOOD,1.78,,,,UNINSTALLED
"29 Jun 2026  08:51:55",458.5,GOOD,1.78,,,,UNINSTALLED
"29 Jun 2026  08:52:25",484.6,GOOD,1.78,,,,UNINSTALLED
"29 Jun 2026  08:52:55",487.6,GOOD,1.78,,,,UNINSTALLED
"29 Jun 2026  08:53:25",465.3,GOOD,1.78,,,,UNINSTALLED
"29 Jun 2026  08:53:55",471.5,GOOD,1.78,,,,UNINSTALLED
"29 Jun 2026  08:54:25",478.9,GOOD,1.78,,,,UNINSTALLED
"29 Jun 2026  08:54:56",488.5,GOOD,1.78,,,,UNINSTALLED
"29 Jun 2026  08:55:26",482.6,GOOD,1.78,,,,UNINSTALLED
"29 Jun 2026  08:55:56",461.2,GOOD,1.78,,,,UNINSTALLED
"29 Jun 2026  08:56:26",443.7,GOOD,1.78,,,,UNINSTALLED
"29 Jun 2026  08:56:56",453.2,GOOD,1.78,,,,UNINSTALLED
"29 Jun 2026  08:57:26",453.7,GOOD,1.78,,,,UNINSTALLED
"29 Jun 2026  08:57:56",464.3,GOOD,1.78,,,,UNINSTALLED
"29 Jun 2026  08:58:26",471.7,GOOD,1.78,,,,UNINSTALLED
"29 Jun 2026  08:58:56",495.2,GOOD,1.78,,,,UNINSTALLED
"29 Jun 2026  08:59:26",506.7,GOOD,1.78,,,,UNINSTALLED
"29 Jun 2026  08:59:56",480.9,GOOD,1.78,,,,UNINSTALLED
"29 Jun 2026  09:00:27",476.1,GOOD,1.78,,,,UNINSTALLED
"29 Jun 2026  09:00:57",475.4,GOOD,1.78,,,,UNINSTALLED
"29 Jun 2026  09:01:27",480.1,GOOD,1.78,,,,UNINSTALLED
"29 Jun 2026  09:01:57",485.7,GOOD,1.78,,,,UNINSTALLED
"29 Jun 2026  09:02:27",492.7,GOOD,1.78,,,,UNINSTALLED
"29 Jun 2026  09:02:57",480.0,GOOD,1.78,,,,UNINSTALLED
"29 Jun 2026  09:03:27",474.4,GOOD,1.78,,,,UNINSTALLED
"29 Jun 2026  09:03:57",481.1,GOOD,1.78,,,,UNINSTALLED
"29 Jun 2026  09:04:27",481.2,GOOD,1.78,,,,UNINSTALLED
"29 Jun 2026  09:04:57",499.5,GOOD,1.78,,,,UNINSTALLED
"29 Jun 2026  09:05:27",487.0,GOOD,1.78,,,,UNINSTALLED
"29 Jun 2026  09:05:57",469.5,GOOD,1.78,,,,UNINSTALLED
"29 Jun 2026  09:06:28",449.4,GOOD,1.78,,,,UNINSTALLED
"29 Jun 2026  09:06:58",424.0,GOOD,1.78,,,,UNINSTALLED
"29 Jun 2026  09:07:28",415.9,GOOD,1.78,,,,UNINSTALLED
"29 Jun 2026  09:07:58",412.6,GOOD,1.78,,,,UNINSTALLED
"29 Jun 2026  09:08:28",400.8,GOOD,1.78,,,,UNINSTALLED
"29 Jun 2026  09:08:58",394.8,GOOD,1.78,,,,UNINSTALLED
"29 Jun 2026  09:09:28",384.2,GOOD,1.78,,,,UNINSTALLED
"29 Jun 2026  09:09:58",385.5,GOOD,1.78,,,,UNINSTALLED
"29 Jun 2026  09:10:28",380.8,GOOD,1.78,,,,UNINSTALLED
"29 Jun 2026  09:10:58",376.6,GOOD,1.78,,,,UNINSTALLED
"29 Jun 2026  09:11:29",370.7,GOOD,1.78,,,,UNINSTALLED
"29 Jun 2026  09:11:59",367.3,GOOD,1.78,,,,UNINSTALLED
"29 Jun 2026  09:12:29",364.5,GOOD,1.78,,,,UNINSTALLED
"29 Jun 2026  09:12:59",360.4,GOOD,1.78,,,,UNINSTALLED
"29 Jun 2026  09:13:29",355.7,GOOD,1.78,,,,UNINSTALLED
"29 Jun 2026  09:13:59",352.1,GOOD,1.78,,,,UNINSTALLED
"29 Jun 2026  09:14:29",346.4,GOOD,1.78,,,,UNINSTALLED
"29 Jun 2026  09:14:59",343.5,GOOD,1.78,,,,UNINSTALLED
"29 Jun 2026  09:15:29",340.5,GOOD,1.78,,,,UNINSTALLED
"29 Jun 2026  09:15:59",339.2,GOOD,1.78,,,,UNINSTALLED
"29 Jun 2026  09:16:29",334.5,GOOD,1.78,,,,UNINSTALLED
"29 Jun 2026  09:17:00",330.2,GOOD,1.78,,,,UNINSTALLED
"29 Jun 2026  09:17:30",317.3,GOOD,1.78,,,,UNINSTALLED
"29 Jun 2026  09:18:00",313.2,GOOD,1.78,,,,UNINSTALLED
"29 Jun 2026  09:18:30",308.8,GOOD,1.78,,,,UNINSTALLED
"29 Jun 2026  09:19:00",307.6,GOOD,1.78,,,,UNINSTALLED
"29 Jun 2026  09:19:30",305.6,GOOD,1.78,,,,UNINSTALLED
"29 Jun 2026  09:20:00",288.6,GOOD,1.78,,,,UNINSTALLED
"29 Jun 2026  09:20:30",276.4,GOOD,1.78,,,,UNINSTALLED
"29 Jun 2026  09:21:00",240.9,GOOD,1.78,,,,UNINSTALLED
"29 Jun 2026  09:21:30",226.6,GOOD,1.78,,,,UNINSTALLED
"29 Jun 2026  09:22:00",250.6,GOOD,1.78,,,,UNINSTALLED
"29 Jun 2026  09:22:30",263.4,GOOD,1.78,,,,UNINSTALLED
"29 Jun 2026  09:23:00",251.1,GOOD,1.78,,,,UNINSTALLED
"29 Jun 2026  09:23:30",262.0,GOOD,1.78,,,,UNINSTALLED
"29 Jun 2026  09:24:00",268.6,GOOD,1.78,,,,UNINSTALLED
"29 Jun 2026  09:24:30",266.3,GOOD,1.78,,,,UNINSTALLED
"29 Jun 2026  09:25:00",267.6,GOOD,1.78,,,,UNINSTALLED
"29 Jun 2026  09:25:30",266.5,GOOD,1.78,,,,UNINSTALLED
"29 Jun 2026  09:26:00",259.8,GOOD,1.78,,,,UNINSTALLED
"29 Jun 2026  09:26:30",258.8,GOOD,1.78,,,,UNINSTALLED
"29 Jun 2026  09:27:00",255.9,GOOD,1.78,,,,UNINSTALLED
"29 Jun 2026  09:27:31",255.2,GOOD,1.78,,,,UNINSTALLED
"29 Jun 2026  09:28:01",122.2,GOOD,1.78,,,,UNINSTALLED
"29 Jun 2026  09:28:31",154.9,GOOD,1.78,,,,UNINSTALLED
"29 Jun 2026  09:29:01",163.7,GOOD,1.78,,,,UNINSTALLED
"29 Jun 2026  09:29:31",162.6,GOOD,1.78,,,,UNINSTALLED
"29 Jun 2026  09:30:01",157.9,GOOD,1.78,,,,UNINSTALLED
"29 Jun 2026  09:30:31",156.5,GOOD,1.78,,,,UNINSTALLED
"29 Jun 2026  09:31:01",163.6,GOOD,1.78,,,,UNINSTALLED
"29 Jun 2026  09:31:31",157.6,GOOD,1.78,,,,UNINSTALLED
"29 Jun 2026  09:32:01",156.0,GOOD,1.78,,,,UNINSTALLED
"29 Jun 2026  09:32:32",155.8,GOOD,1.78,,,,UNINSTALLED
"29 Jun 2026  09:33:02",153.8,GOOD,1.78,,,,UNINSTALLED
"29 Jun 2026  09:33:32",151.1,GOOD,1.78,,,,UNINSTALLED
"29 Jun 2026  09:34:02",149.8,GOOD,1.78,,,,UNINSTALLED
"29 Jun 2026  09:34:32",153.9,GOOD,1.78,,,,UNINSTALLED
"29 Jun 2026  09:35:02",152.0,GOOD,1.78,,,,UNINSTALLED
"29 Jun 2026  09:35:32",151.1,GOOD,1.78,,,,UNINSTALLED
"29 Jun 2026  09:36:02",148.3,GOOD,1.78,,,,UNINSTALLED
"29 Jun 2026  09:36:32",139.9,GOOD,1.78,,,,UNINSTALLED
"29 Jun 2026  09:37:02",128.3,GOOD,1.78,,,,UNINSTALLED
"29 Jun 2026  09:37:32",119.3,GOOD,1.78,,,,UNINSTALLED
"29 Jun 2026  09:38:02",109.1,GOOD,1.78,,,,UNINSTALLED
"29 Jun 2026  09:38:33",103.8,GOOD,1.78,,,,UNINSTALLED
"29 Jun 2026  09:39:03",100.6,GOOD,1.78,,,,UNINSTALLED
"29 Jun 2026  09:39:33",97.7,GOOD,1.78,,,,UNINSTALLED
"29 Jun 2026  09:40:03",116.4,GOOD,1.78,,,,UNINSTALLED
"29 Jun 2026  09:40:33",127.7,GOOD,1.78,,,,UNINSTALLED
"29 Jun 2026  09:41:03",133.6,GOOD,1.78,,,,UNINSTALLED
"29 Jun 2026  09:41:33",156.6,GOOD,1.78,,,,UNINSTALLED
"29 Jun 2026  09:42:03",170.2,GOOD,1.78,,,,UNINSTALLED
"29 Jun 2026  09:42:33",192.2,GOOD,1.78,,,,UNINSTALLED
"29 Jun 2026  09:43:03",202.2,GOOD,1.78,,,,UNINSTALLED
"29 Jun 2026  09:43:33",206.1,GOOD,1.78,,,,UNINSTALLED
"29 Jun 2026  09:44:03",207.8,GOOD,1.78,,,,UNINSTALLED
"29 Jun 2026  09:44:33",213.8,GOOD,1.78,,,,UNINSTALLED
"29 Jun 2026  09:45:03",227.5,GOOD,1.78,,,,UNINSTALLED
"29 Jun 2026  09:45:33",234.6,GOOD,1.78,,,,UNINSTALLED
"29 Jun 2026  09:46:03",244.2,GOOD,1.78,,,,UNINSTALLED
"29 Jun 2026  09:46:33",246.2,GOOD,1.78,,,,UNINSTALLED
"29 Jun 2026  09:47:03",250.3,GOOD,1.78,,,,UNINSTALLED
"29 Jun 2026  09:47:33",257.1,GOOD,1.78,,,,UNINSTALLED
"29 Jun 2026  09:48:03",256.6,GOOD,1.78,,,,UNINSTALLED
"29 Jun 2026  09:48:33",266.9,GOOD,1.78,,,,UNINSTALLED
"29 Jun 2026  09:49:03",280.1,GOOD,1.78,,,,UNINSTALLED
"29 Jun 2026  09:49:33",284.4,GOOD,1.78,,,,UNINSTALLED
"29 Jun 2026  09:50:04",280.2,GOOD,1.78,,,,UNINSTALLED
"29 Jun 2026  09:50:34",281.1,GOOD,1.78,,,,UNINSTALLED
"29 Jun 2026  09:51:04",277.8,GOOD,1.78,,,,UNINSTALLED
"29 Jun 2026  09:51:34",298.8,GOOD,1.78,,,,UNINSTALLED
"29 Jun 2026  09:52:04",298.1,GOOD,1.78,,,,UNINSTALLED
"29 Jun 2026  09:52:34",306.5,GOOD,1.78,,,,UNINSTALLED
"29 Jun 2026  09:53:04",306.9,GOOD,1.78,,,,UNINSTALLED
"29 Jun 2026  09:53:34",298.0,GOOD,1.78,,,,UNINSTALLED
"29 Jun 2026  09:54:04",312.9,GOOD,1.78,,,,UNINSTALLED
"29 Jun 2026  09:54:34",314.3,GOOD,1.78,,,,UNINSTALLED
"29 Jun 2026  09:55:04",330.4,GOOD,1.78,,,,UNINSTALLED
"29 Jun 2026  09:55:35",228.0,GOOD,1.78,,,,UNINSTALLED
"29 Jun 2026  09:56:05",9.6,GOOD,1.78,,,,UNINSTALLED
"29 Jun 2026  09:56:35",6.4,GOOD,1.78,,,,UNINSTALLED
"29 Jun 2026  09:57:05",43.8,GOOD,1.78,,,,UNINSTALLED
"29 Jun 2026  09:57:35",21.3,GOOD,1.78,,,,UNINSTALLED
"29 Jun 2026  09:58:05",-12.0,GOOD,1.78,,,,UNINSTALLED
"29 Jun 2026  09:58:35",139.8,GOOD,1.78,,,,UNINSTALLED
"29 Jun 2026  09:59:05",158.8,GOOD,1.78,,,,UNINSTALLED
"29 Jun 2026  09:59:35",155.2,GOOD,1.78,,,,UNINSTALLED
"29 Jun 2026  10:00:05",370.0,GOOD,1.78,,,,UNINSTALLED
"29 Jun 2026  10:00:36",145.8,GOOD,1.78,,,,UNINSTALLED
"29 Jun 2026  10:01:05",130.8,GOOD,1.78,,,,UNINSTALLED
"29 Jun 2026  10:01:36",121.2,GOOD,1.78,,,,UNINSTALLED
"29 Jun 2026  10:02:06",132.5,GOOD,1.78,,,,UNINSTALLED
"29 Jun 2026  10:02:36",131.0,GOOD,1.78,,,,UNINSTALLED
"29 Jun 2026  10:03:06",130.3,GOOD,1.78,,,,UNINSTALLED
"29 Jun 2026  10:03:36",131.8,GOOD,1.78,,,,UNINSTALLED
"29 Jun 2026  10:04:06",122.0,GOOD,1.78,,,,UNINSTALLED
"29 Jun 2026  10:04:36",107.6,GOOD,1.78,,,,UNINSTALLED
"29 Jun 2026  10:05:06",114.0,GOOD,1.78,,,,UNINSTALLED
"29 Jun 2026  10:05:36",142.6,GOOD,1.78,,,,UNINSTALLED
"29 Jun 2026  10:06:06",181.7,GOOD,1.78,,,,UNINSTALLED
"29 Jun 2026  10:06:36",189.7,GOOD,1.78,,,,UNINSTALLED
"29 Jun 2026  10:07:06",194.9,GOOD,1.78,,,,UNINSTALLED
"29 Jun 2026  10:07:36",204.6,GOOD,1.78,,,,UNINSTALLED
"29 Jun 2026  10:08:06",219.9,GOOD,1.78,,,,UNINSTALLED
"29 Jun 2026  10:08:37",226.9,GOOD,1.78,,,,UNINSTALLED
"29 Jun 2026  10:09:07",229.9,GOOD,1.78,,,,UNINSTALLED
"29 Jun 2026  10:09:37",232.2,GOOD,1.78,,,,UNINSTALLED
"29 Jun 2026  10:10:07",236.1,GOOD,1.78,,,,UNINSTALLED
"29 Jun 2026  10:10:37",241.0,GOOD,1.78,,,,UNINSTALLED
"29 Jun 2026  10:11:07",236.5,GOOD,1.78,,,,UNINSTALLED
"29 Jun 2026  10:11:37",274.5,GOOD,1.78,,,,UNINSTALLED
"29 Jun 2026  10:12:07",281.1,GOOD,1.78,,,,UNINSTALLED
"29 Jun 2026  10:12:37",257.5,GOOD,1.78,,,,UNINSTALLED
"29 Jun 2026  10:13:07",245.3,GOOD,1.78,,,,UNINSTALLED
"29 Jun 2026  10:13:37",260.7,GOOD,1.78,,,,UNINSTALLED
"29 Jun 2026  10:14:07",272.1,GOOD,1.78,,,,UNINSTALLED
"29 Jun 2026  10:14:37",258.2,GOOD,1.78,,,,UNINSTALLED
"29 Jun 2026  10:15:07",256.6,GOOD,1.78,,,,UNINSTALLED
"29 Jun 2026  10:15:37",257.4,GOOD,1.78,,,,UNINSTALLED
"29 Jun 2026  10:16:07",263.4,GOOD,1.78,,,,UNINSTALLED
"29 Jun 2026  10:16:37",260.9,GOOD,1.78,,,,UNINSTALLED
"29 Jun 2026  10:17:07",273.0,GOOD,1.78,,,,UNINSTALLED
"29 Jun 2026  10:17:37",277.3,GOOD,1.78,,,,UNINSTALLED
"29 Jun 2026  10:18:07",273.7,GOOD,1.78,,,,UNINSTALLED
"29 Jun 2026  10:18:37",250.7,GOOD,1.78,,,,UNINSTALLED
"29 Jun 2026  10:19:07",270.5,GOOD,1.78,,,,UNINSTALLED
"29 Jun 2026  10:19:37",266.7,GOOD,1.78,,,,UNINSTALLED
"29 Jun 2026  10:20:07",278.4,GOOD,1.78,,,,UNINSTALLED
"29 Jun 2026  10:20:37",291.9,GOOD,1.78,,,,UNINSTALLED
"29 Jun 2026  10:21:07",287.0,GOOD,1.78,,,,UNINSTALLED
"29 Jun 2026  10:21:37",288.6,GOOD,1.78,,,,UNINSTALLED
"29 Jun 2026  10:22:07",278.2,GOOD,1.78,,,,UNINSTALLED
"29 Jun 2026  10:22:37",272.2,GOOD,1.78,,,,UNINSTALLED
"29 Jun 2026  10:23:07",281.0,GOOD,1.78,,,,UNINSTALLED
"29 Jun 2026  10:23:37",256.1,GOOD,1.78,,,,UNINSTALLED
"29 Jun 2026  10:24:07",257.6,GOOD,1.78,,,,UNINSTALLED
"29 Jun 2026  10:24:37",275.3,GOOD,1.78,,,,UNINSTALLED
"29 Jun 2026  10:25:07",283.9,GOOD,1.78,,,,UNINSTALLED
"29 Jun 2026  10:25:37",312.5,GOOD,1.78,,,,UNINSTALLED
"29 Jun 2026  10:26:07",278.0,GOOD,1.78,,,,UNINSTALLED
"29 Jun 2026  10:26:37",260.9,GOOD,1.78,,,,UNINSTALLED
"29 Jun 2026  10:27:07",298.8,GOOD,1.78,,,,UNINSTALLED
"29 Jun 2026  10:27:37",302.7,GOOD,1.78,,,,UNINSTALLED
"29 Jun 2026  10:28:07",258.9,GOOD,1.78,,,,UNINSTALLED
"29 Jun 2026  10:28:37",275.6,GOOD,1.78,,,,UNINSTALLED
"29 Jun 2026  10:29:07",295.8,GOOD,1.78,,,,UNINSTALLED
"29 Jun 2026  10:29:37",275.8,GOOD,1.78,,,,UNINSTALLED
"29 Jun 2026  10:30:07",271.9,GOOD,1.78,,,,UNINSTALLED
"29 Jun 2026  10:30:37",251.0,GOOD,1.78,,,,UNINSTALLED
"29 Jun 2026  10:31:07",255.9,GOOD,1.78,,,,UNINSTALLED
"29 Jun 2026  10:31:37",242.4,GOOD,1.78,,,,UNINSTALLED
"29 Jun 2026  10:32:07",238.5,GOOD,1.78,,,,UNINSTALLED
"29 Jun 2026  10:32:37",249.2,GOOD,1.78,,,,UNINSTALLED
"29 Jun 2026  10:33:07",235.5,GOOD,1.78,,,,UNINSTALLED
"29 Jun 2026  10:33:37",214.4,GOOD,1.78,,,,UNINSTALLED
"29 Jun 2026  10:34:08",176.3,GOOD,1.78,,,,UNINSTALLED
"29 Jun 2026  10:34:38",170.4,GOOD,1.78,,,,UNINSTALLED
"29 Jun 2026  10:35:08",163.9,GOOD,1.78,,,,UNINSTALLED
"29 Jun 2026  10:35:38",149.4,GOOD,1.78,,,,UNINSTALLED
"29 Jun 2026  10:36:08",149.0,GOOD,1.78,,,,UNINSTALLED
"29 Jun 2026  10:36:38",135.4,GOOD,1.78,,,,UNINSTALLED
"29 Jun 2026  10:37:08",133.0,GOOD,1.78,,,,UNINSTALLED
"29 Jun 2026  10:37:38",128.6,GOOD,1.78,,,,UNINSTALLED
"29 Jun 2026  10:38:08",121.7,GOOD,1.78,,,,UNINSTALLED
"29 Jun 2026  10:38:38",127.5,GOOD,1.78,,,,UNINSTALLED
"29 Jun 2026  10:39:08",126.0,GOOD,1.78,,,,UNINSTALLED
"29 Jun 2026  10:39:38",125.1,GOOD,1.78,,,,UNINSTALLED
"29 Jun 2026  10:40:08",120.2,GOOD,1.78,,,,UNINSTALLED
"29 Jun 2026  10:40:38",111.6,GOOD,1.78,,,,UNINSTALLED
"29 Jun 2026  10:41:08",117.9,GOOD,1.78,,,,UNINSTALLED
"29 Jun 2026  10:41:38",126.5,GOOD,1.78,,,,UNINSTALLED
"29 Jun 2026  10:42:08",144.0,GOOD,1.78,,,,UNINSTALLED
"29 Jun 2026  10:42:38",158.9,GOOD,1.78,,,,UNINSTALLED
"29 Jun 2026  10:43:08",162.4,GOOD,1.78,,,,UNINSTALLED
"29 Jun 2026  10:43:38",157.7,GOOD,1.78,,,,UNINSTALLED
"29 Jun 2026  10:44:08",182.2,GOOD,1.78,,,,UNINSTALLED
"29 Jun 2026  10:44:38",171.9,GOOD,1.78,,,,UNINSTALLED
"29 Jun 2026  10:45:08",169.0,GOOD,1.78,,,,UNINSTALLED
"29 Jun 2026  10:45:38",175.3,GOOD,1.78,,,,UNINSTALLED
"29 Jun 2026  10:46:08",174.5,GOOD,1.78,,,,UNINSTALLED
"29 Jun 2026  10:46:38",173.7,GOOD,1.78,,,,UNINSTALLED
"29 Jun 2026  10:47:08",176.2,GOOD,1.78,,,,UNINSTALLED
"29 Jun 2026  10:47:38",164.9,GOOD,1.78,,,,UNINSTALLED
"29 Jun 2026  10:48:08",155.6,GOOD,1.78,,,,UNINSTALLED
"29 Jun 2026  10:48:38",164.4,GOOD,1.78,,,,UNINSTALLED
"29 Jun 2026  10:49:08",158.9,GOOD,1.78,,,,UNINSTALLED
"29 Jun 2026  10:49:38",159.5,GOOD,1.78,,,,UNINSTALLED
"29 Jun 2026  10:50:08",159.1,GOOD,1.78,,,,UNINSTALLED
"29 Jun 2026  10:50:38",161.7,GOOD,1.78,,,,UNINSTALLED
"29 Jun 2026  10:51:08",154.6,GOOD,1.78,,,,UNINSTALLED
"29 Jun 2026  10:51:38",157.2,GOOD,1.78,,,,UNINSTALLED
"29 Jun 2026  10:52:08",159.3,GOOD,1.78,,,,UNINSTALLED
"29 Jun 2026  10:52:38",160.9,GOOD,1.78,,,,UNINSTALLED
"29 Jun 2026  10:53:08",174.8,GOOD,1.78,,,,UNINSTALLED
"29 Jun 2026  10:53:38",170.2,GOOD,1.78,,,,UNINSTALLED
"29 Jun 2026  10:54:08",171.9,GOOD,1.78,,,,UNINSTALLED
"29 Jun 2026  10:54:38",168.3,GOOD,1.78,,,,UNINSTALLED
"29 Jun 2026  10:55:09",180.6,GOOD,1.78,,,,UNINSTALLED
"29 Jun 2026  10:55:39",169.8,GOOD,1.78,,,,UNINSTALLED
"29 Jun 2026  10:56:09",176.4,GOOD,1.78,,,,UNINSTALLED
"29 Jun 2026  10:56:39",174.6,GOOD,1.78,,,,UNINSTALLED
"29 Jun 2026  10:57:09",174.0,GOOD,1.78,,,,UNINSTALLED
"29 Jun 2026  10:57:39",175.8,GOOD,1.78,,,,UNINSTALLED
"29 Jun 2026  10:58:09",176.7,GOOD,1.78,,,,UNINSTALLED
"29 Jun 2026  10:58:39",184.3,GOOD,1.78,,,,UNINSTALLED
"29 Jun 2026  10:59:09",162.7,GOOD,1.78,,,,UNINSTALLED
"29 Jun 2026  10:59:39",167.2,GOOD,1.78,,,,UNINSTALLED
"29 Jun 2026  11:00:09",165.7,GOOD,1.78,,,,UNINSTALLED
"29 Jun 2026  11:00:39",161.0,GOOD,1.78,,,,UNINSTALLED
"29 Jun 2026  11:01:10",162.9,GOOD,1.78,,,,UNINSTALLED
"29 Jun 2026  11:01:40",150.7,GOOD,1.78,,,,UNINSTALLED
"29 Jun 2026  11:02:10",147.0,GOOD,1.78,,,,UNINSTALLED
"29 Jun 2026  11:02:40",81.5,GOOD,1.78,,,,UNINSTALLED
"29 Jun 2026  11:04:24",102.3,GOOD,1.78,,,,UNINSTALLED
"29 Jun 2026  11:04:54",110.5,GOOD,1.78,,,,UNINSTALLED
"29 Jun 2026  11:05:24",110.0,GOOD,1.78,,,,UNINSTALLED
"29 Jun 2026  11:05:54",118.9,GOOD,1.78,,,,UNINSTALLED
"29 Jun 2026  11:06:25",119.6,GOOD,1.78,,,,UNINSTALLED
"29 Jun 2026  11:06:55",118.9,GOOD,1.78,,,,UNINSTALLED
"29 Jun 2026  11:07:25",123.2,GOOD,1.78,,,,UNINSTALLED
"29 Jun 2026  11:07:55",124.7,GOOD,1.78,,,,UNINSTALLED
"29 Jun 2026  11:08:25",130.3,GOOD,1.78,,,,UNINSTALLED
"29 Jun 2026  11:08:55",122.4,GOOD,1.78,,,,UNINSTALLED
"29 Jun 2026  11:09:25",131.7,GOOD,1.78,,,,UNINSTALLED
"29 Jun 2026  11:09:55",127.9,GOOD,1.78,,,,UNINSTALLED
"29 Jun 2026  11:10:25",125.9,GOOD,1.78,,,,UNINSTALLED
"29 Jun 2026  11:10:55",132.0,GOOD,1.78,,,,UNINSTALLED
"29 Jun 2026  11:11:26",136.4,GOOD,1.78,,,,UNINSTALLED
"29 Jun 2026  11:11:56",128.9,GOOD,1.78,,,,UNINSTALLED
"29 Jun 2026  11:12:26",122.0,GOOD,1.78,,,,UNINSTALLED
"29 Jun 2026  11:12:56",121.2,GOOD,1.78,,,,UNINSTALLED
"29 Jun 2026  11:13:26",121.9,GOOD,1.78,,,,UNINSTALLED
"29 Jun 2026  11:13:56",123.0,GOOD,1.78,,,,UNINSTALLED
"29 Jun 2026  11:14:26",121.8,GOOD,1.78,,,,UNINSTALLED
"29 Jun 2026  11:14:56",125.4,GOOD,1.78,,,,UNINSTALLED
"29 Jun 2026  11:15:26",121.3,GOOD,1.78,,,,UNINSTALLED
"29 Jun 2026  11:15:56",124.5,GOOD,1.78,,,,UNINSTALLED
"29 Jun 2026  11:16:26",120.6,GOOD,1.78,,,,UNINSTALLED
"29 Jun 2026  11:16:56",123.7,GOOD,1.78,,,,UNINSTALLED
"29 Jun 2026  11:17:26",120.3,GOOD,1.78,,,,UNINSTALLED
"29 Jun 2026  11:17:57",122.5,GOOD,1.78,,,,UNINSTALLED
"29 Jun 2026  11:18:27",123.1,GOOD,1.78,,,,UNINSTALLED
"29 Jun 2026  11:18:57",121.1,GOOD,1.78,,,,UNINSTALLED
"29 Jun 2026  11:19:27",123.6,GOOD,1.78,,,,UNINSTALLED
"29 Jun 2026  11:19:57",127.4,GOOD,1.78,,,,UNINSTALLED
"29 Jun 2026  11:20:27",127.7,GOOD,1.78,,,,UNINSTALLED
"29 Jun 2026  11:20:57",136.0,GOOD,1.78,,,,UNINSTALLED
"29 Jun 2026  11:21:27",129.4,GOOD,1.78,,,,UNINSTALLED
"29 Jun 2026  11:21:57",130.0,GOOD,1.78,,,,UNINSTALLED
"29 Jun 2026  11:22:27",142.2,GOOD,1.78,,,,UNINSTALLED
"29 Jun 2026  11:22:57",136.2,GOOD,1.78,,,,UNINSTALLED
"29 Jun 2026  11:23:28",136.0,GOOD,1.78,,,,UNINSTALLED
"29 Jun 2026  11:23:58",134.7,GOOD,1.78,,,,UNINSTALLED
"29 Jun 2026  11:24:28",139.9,GOOD,1.78,,,,UNINSTALLED
"29 Jun 2026  11:24:58",134.3,GOOD,1.78,,,,UNINSTALLED
"29 Jun 2026  11:25:28",145.0,GOOD,1.78,,,,UNINSTALLED
"29 Jun 2026  11:25:58",119.8,GOOD,1.78,,,,UNINSTALLED
"29 Jun 2026  11:26:28",118.7,GOOD,1.78,,,,UNINSTALLED
"29 Jun 2026  11:26:58",130.5,GOOD,1.78,,,,UNINSTALLED
"29 Jun 2026  11:27:28",122.0,GOOD,1.78,,,,UNINSTALLED
"29 Jun 2026  11:27:58",118.9,GOOD,1.78,,,,UNINSTALLED
"29 Jun 2026  11:28:28",124.5,GOOD,1.78,,,,UNINSTALLED
"29 Jun 2026  11:28:58",130.5,GOOD,1.78,,,,UNINSTALLED
"29 Jun 2026  11:29:29",118.6,GOOD,1.78,,,,UNINSTALLED
"29 Jun 2026  11:29:59",129.5,GOOD,1.78,,,,UNINSTALLED
"29 Jun 2026  11:30:29",115.2,GOOD,1.78,,,,UNINSTALLED
"29 Jun 2026  11:30:59",117.0,GOOD,1.78,,,,UNINSTALLED
"29 Jun 2026  11:31:29",115.7,GOOD,1.78,,,,UNINSTALLED
"29 Jun 2026  11:31:59",117.8,GOOD,1.78,,,,UNINSTALLED
"29 Jun 2026  11:32:29",110.6,GOOD,1.78,,,,UNINSTALLED
"29 Jun 2026  11:32:59",110.9,GOOD,1.78,,,,UNINSTALLED
"29 Jun 2026  11:33:29",109.9,GOOD,1.78,,,,UNINSTALLED
"29 Jun 2026  11:33:59",114.6,GOOD,1.78,,,,UNINSTALLED
"29 Jun 2026  11:34:30",119.9,GOOD,1.78,,,,UNINSTALLED
"29 Jun 2026  11:35:00",120.1,GOOD,1.78,,,,UNINSTALLED
"29 Jun 2026  11:35:30",125.8,GOOD,1.78,,,,UNINSTALLED
"29 Jun 2026  11:36:00",119.6,GOOD,1.78,,,,UNINSTALLED
"29 Jun 2026  11:36:30",119.6,GOOD,1.78,,,,UNINSTALLED
"29 Jun 2026  11:37:00",126.1,GOOD,1.78,,,,UNINSTALLED
"29 Jun 2026  11:37:30",124.1,GOOD,1.78,,,,UNINSTALLED
"29 Jun 2026  11:38:00",119.7,GOOD,1.78,,,,UNINSTALLED
"29 Jun 2026  11:38:30",126.5,GOOD,1.78,,,,UNINSTALLED
"29 Jun 2026  11:39:00",133.5,GOOD,1.78,,,,UNINSTALLED
"29 Jun 2026  11:39:30",128.3,GOOD,1.78,,,,UNINSTALLED
"29 Jun 2026  11:40:00",126.6,GOOD,1.78,,,,UNINSTALLED
"29 Jun 2026  11:40:30",144.9,GOOD,1.78,,,,UNINSTALLED
"29 Jun 2026  11:41:00",117.4,GOOD,1.78,,,,UNINSTALLED
"29 Jun 2026  11:41:30",117.4,GOOD,1.78,,,,UNINSTALLED
"29 Jun 2026  11:42:01",108.8,GOOD,1.78,,,,UNINSTALLED
"29 Jun 2026  11:42:31",108.8,GOOD,1.78,,,,UNINSTALLED
"29 Jun 2026  11:43:01",113.1,GOOD,1.78,,,,UNINSTALLED
"29 Jun 2026  11:43:31",115.7,GOOD,1.78,,,,UNINSTALLED
"29 Jun 2026  11:44:01",121.2,GOOD,1.78,,,,UNINSTALLED
"29 Jun 2026  11:44:31",112.9,GOOD,1.78,,,,UNINSTALLED
"29 Jun 2026  11:45:01",117.9,GOOD,1.78,,,,UNINSTALLED
"29 Jun 2026  11:45:31",107.7,GOOD,1.78,,,,UNINSTALLED
"29 Jun 2026  11:46:01",112.1,GOOD,1.78,,,,UNINSTALLED
"29 Jun 2026  11:46:31",109.1,GOOD,1.78,,,,UNINSTALLED
"29 Jun 2026  11:47:01",118.3,GOOD,1.78,,,,UNINSTALLED
"29 Jun 2026  11:47:32",120.2,GOOD,1.78,,,,UNINSTALLED
"29 Jun 2026  11:48:02",115.9,GOOD,1.78,,,,UNINSTALLED
"29 Jun 2026  11:48:32",117.3,GOOD,1.78,,,,UNINSTALLED
"29 Jun 2026  11:49:02",121.5,GOOD,1.78,,,,UNINSTALLED
"29 Jun 2026  11:49:32",121.6,GOOD,1.78,,,,UNINSTALLED
"29 Jun 2026  11:50:02",117.3,GOOD,1.78,,,,UNINSTALLED
"29 Jun 2026  11:50:32",125.4,GOOD,1.78,,,,UNINSTALLED
"29 Jun 2026  11:51:02",111.2,GOOD,1.78,,,,UNINSTALLED
"29 Jun 2026  11:51:32",129.8,GOOD,1.78,,,,UNINSTALLED
"29 Jun 2026  11:52:02",130.4,GOOD,1.78,,,,UNINSTALLED
"29 Jun 2026  11:52:32",129.1,GOOD,1.78,,,,UNINSTALLED
"29 Jun 2026  11:53:02",117.7,GOOD,1.78,,,,UNINSTALLED
"29 Jun 2026  11:53:32",122.8,GOOD,1.78,,,,UNINSTALLED
"29 Jun 2026  11:54:02",123.1,GOOD,1.78,,,,UNINSTALLED
"29 Jun 2026  11:54:32",129.7,GOOD,1.78,,,,UNINSTALLED
"29 Jun 2026  11:55:02",132.5,GOOD,1.78,,,,UNINSTALLED
"29 Jun 2026  11:55:32",131.8,GOOD,1.78,,,,UNINSTALLED
"29 Jun 2026  11:56:02",137.4,GOOD,1.78,,,,UNINSTALLED
"29 Jun 2026  11:56:32",139.0,GOOD,1.78,,,,UNINSTALLED
"29 Jun 2026  11:57:03",127.0,GOOD,1.78,,,,UNINSTALLED
"29 Jun 2026  11:57:33",125.4,GOOD,1.78,,,,UNINSTALLED
"29 Jun 2026  11:58:03",111.7,GOOD,1.78,,,,UNINSTALLED
"29 Jun 2026  11:58:33",119.4,GOOD,1.78,,,,UNINSTALLED
"29 Jun 2026  11:59:03",116.8,GOOD,1.78,,,,UNINSTALLED
"29 Jun 2026  11:59:33",117.1,GOOD,1.78,,,,UNINSTALLED
"29 Jun 2026  12:00:03",109.1,GOOD,1.78,,,,UNINSTALLED
"29 Jun 2026  12:00:33",119.7,GOOD,1.78,,,,UNINSTALLED
"29 Jun 2026  12:01:03",126.7,GOOD,1.78,,,,UNINSTALLED
"29 Jun 2026  12:01:33",116.1,GOOD,1.78,,,,UNINSTALLED
"29 Jun 2026  12:02:03",116.5,GOOD,1.78,,,,UNINSTALLED
"29 Jun 2026  12:02:34",108.9,GOOD,1.78,,,,UNINSTALLED
"29 Jun 2026  12:03:04",111.2,GOOD,1.78,,,,UNINSTALLED
"29 Jun 2026  12:03:34",110.8,GOOD,1.78,,,,UNINSTALLED
"29 Jun 2026  12:04:04",112.0,GOOD,1.78,,,,UNINSTALLED
"29 Jun 2026  12:04:34",105.8,GOOD,1.78,,,,UNINSTALLED
"29 Jun 2026  12:05:04",114.4,GOOD,1.78,,,,UNINSTALLED
"29 Jun 2026  12:05:34",124.4,GOOD,1.78,,,,UNINSTALLED
"29 Jun 2026  12:06:04",119.8,GOOD,1.78,,,,UNINSTALLED
"29 Jun 2026  12:06:34",112.4,GOOD,1.78,,,,UNINSTALLED
"29 Jun 2026  12:07:04",135.6,GOOD,1.78,,,,UNINSTALLED
"29 Jun 2026  12:07:34",123.2,GOOD,1.78,,,,UNINSTALLED
"29 Jun 2026  12:08:04",136.0,GOOD,1.78,,,,UNINSTALLED
"29 Jun 2026  12:08:34",141.9,GOOD,1.78,,,,UNINSTALLED
"29 Jun 2026  12:09:05",117.1,GOOD,1.78,,,,UNINSTALLED
"29 Jun 2026  12:09:35",121.6,GOOD,1.78,,,,UNINSTALLED
"29 Jun 2026  12:10:05",124.2,GOOD,1.78,,,,UNINSTALLED
"29 Jun 2026  12:10:35",125.4,GOOD,1.78,,,,UNINSTALLED
"29 Jun 2026  12:11:05",123.7,GOOD,1.78,,,,UNINSTALLED
"29 Jun 2026  12:11:35",124.6,GOOD,1.78,,,,UNINSTALLED
"29 Jun 2026  12:12:05",115.5,GOOD,1.78,,,,UNINSTALLED
"29 Jun 2026  12:12:35",126.1,GOOD,1.78,,,,UNINSTALLED
"29 Jun 2026  12:13:05",117.5,GOOD,1.78,,,,UNINSTALLED
"29 Jun 2026  12:13:35",116.6,GOOD,1.78,,,,UNINSTALLED
"29 Jun 2026  12:14:05",106.7,GOOD,1.78,,,,UNINSTALLED
"29 Jun 2026  12:14:36",108.4,GOOD,1.78,,,,UNINSTALLED
"29 Jun 2026  12:15:06",109.6,GOOD,1.78,,,,UNINSTALLED
"29 Jun 2026  12:15:36",113.9,GOOD,1.78,,,,UNINSTALLED
"29 Jun 2026  12:16:06",102.7,GOOD,1.78,,,,UNINSTALLED
"29 Jun 2026  12:16:36",102.7,GOOD,1.78,,,,UNINSTALLED
"29 Jun 2026  12:17:06",108.9,GOOD,1.78,,,,UNINSTALLED
"29 Jun 2026  12:17:36",102.0,GOOD,1.78,,,,UNINSTALLED
"29 Jun 2026  12:18:06",105.0,GOOD,1.78,,,,UNINSTALLED
"29 Jun 2026  12:18:36",107.1,GOOD,1.78,,,,UNINSTALLED
"29 Jun 2026  12:19:06",106.3,GOOD,1.78,,,,UNINSTALLED
"29 Jun 2026  12:19:36",126.2,GOOD,1.78,,,,UNINSTALLED
"29 Jun 2026  12:20:07",127.3,GOOD,1.78,,,,UNINSTALLED
"29 Jun 2026  12:20:37",123.5,GOOD,1.78,,,,UNINSTALLED
"29 Jun 2026  12:21:07",114.1,GOOD,1.78,,,,UNINSTALLED
"29 Jun 2026  12:21:37",115.6,GOOD,1.78,,,,UNINSTALLED
"29 Jun 2026  12:22:07",117.0,GOOD,1.78,,,,UNINSTALLED
"29 Jun 2026  12:22:37",119.2,GOOD,1.78,,,,UNINSTALLED
"29 Jun 2026  12:23:07",120.2,GOOD,1.78,,,,UNINSTALLED
"29 Jun 2026  12:23:37",117.7,GOOD,1.78,,,,UNINSTALLED
"29 Jun 2026  12:24:07",118.5,GOOD,1.78,,,,UNINSTALLED
"29 Jun 2026  12:24:37",119.0,GOOD,1.78,,,,UNINSTALLED
"29 Jun 2026  12:25:07",121.8,GOOD,1.78,,,,UNINSTALLED
"29 Jun 2026  12:25:37",117.9,GOOD,1.78,,,,UNINSTALLED
"29 Jun 2026  12:26:07",126.7,GOOD,1.78,,,,UNINSTALLED
"29 Jun 2026  12:26:38",121.4,GOOD,1.78,,,,UNINSTALLED
"29 Jun 2026  12:27:08",121.7,GOOD,1.78,,,,UNINSTALLED
"29 Jun 2026  12:27:38",116.5,GOOD,1.78,,,,UNINSTALLED
"29 Jun 2026  12:28:08",117.0,GOOD,1.78,,,,UNINSTALLED
"29 Jun 2026  12:28:38",111.7,GOOD,1.78,,,,UNINSTALLED
"29 Jun 2026  12:29:08",99.3,GOOD,1.78,,,,UNINSTALLED
"29 Jun 2026  12:29:38",106.4,GOOD,1.78,,,,UNINSTALLED
